algorithm,arrival_load,policy_id,trace_id,trace_number,causal_provider,causal_completed,zero_completed,both_completed,causal_failure_type,zero_failure_type,causal_mission_elapsed_time_s,zero_mission_elapsed_time_s,mission_delta_s,causal_mean_release_to_first_assignment_latency_s,zero_mean_release_to_first_assignment_latency_s,assignment_latency_delta_s,causal_mean_release_to_completion_latency_s,zero_mean_release_to_completion_latency_s,completion_latency_delta_s,causal_max_robot_steps,zero_max_robot_steps,max_robot_steps_delta,causal_allocator_call_count,zero_allocator_call_count,allocator_calls_delta,causal_allocation_epoch_count,zero_allocation_epoch_count,allocation_epochs_delta,allocation_attributable_mission_fraction,causal_allocator_processor_work_s
ACBBA,high,bounded_b4_w5,trace_0000,0,agx_host_proxy,True,True,True,,,95.58701290583437,104.45310679345415,-8.866093887619783,10.20892470360159,9.35089832912947,0.8580263744721215,32.903462724484264,35.7296003001946,-2.8261375757103337,54.0,58.0,-4.0,255.0,279.0,-24.0,57.0,57.0,0.0,-0.09275416835500486,0.43469800000000003
ACBBA,high,bounded_b4_w5,trace_0001,1,agx_host_proxy,True,True,True,,,95.36392392038088,90.29095936935838,5.072964551022508,6.018214276814241,5.965812880635888,0.05240139617835293,30.460957880488277,29.965647729464337,0.49531015102393994,53.0,51.0,2.0,230.0,217.0,13.0,58.0,58.0,0.0,0.05319584537290972,0.35482600000000003
ACBBA,high,bounded_b4_w5,trace_0002,2,agx_host_proxy,True,True,True,,,98.3889760446419,100.4049836030399,-2.0160075583980017,11.50825039829155,14.053177933829652,-2.5449275355381022,31.29713352716153,36.2656067011428,-4.96847317398127,53.0,56.0,-3.0,290.0,262.0,28.0,57.0,61.0,-4.0,-0.02049017724793966,0.445052
ACBBA,high,bounded_b4_w5,trace_0003,3,agx_host_proxy,True,True,True,,,110.19242016110782,97.38379319426862,12.8086269668392,11.13053218426643,11.54774573680466,-0.41721355253823056,34.05394113094437,35.63256410365573,-1.578622972711365,61.0,54.0,7.0,302.0,265.0,37.0,59.0,61.0,-2.0,0.11623872992454681,0.425335
ACBBA,high,bounded_b4_w5,trace_0004,4,agx_host_proxy,True,True,True,,,109.44750253411677,101.71286461374272,7.734637920374041,9.401794168470323,9.305116810308197,0.09667735816212542,33.21818488890116,32.31816411021323,0.9000207786879315,61.0,56.0,5.0,327.0,261.0,66.0,56.0,56.0,0.0,0.0706698439095311,0.432719
ACBBA,high,bounded_b4_w5,trace_0005,5,agx_host_proxy,True,True,True,,,105.83794408627395,106.8316691657691,-0.9937250794951495,7.124735028847606,6.863709437044663,0.2610255918029436,31.476086437153413,31.0413517756139,0.4347346615395118,58.0,60.0,-2.0,276.0,292.0,-16.0,57.0,57.0,0.0,-0.00938911926222899,0.38534199999999996
ACBBA,high,bounded_b4_w5,trace_0006,6,agx_host_proxy,True,True,True,,,123.51737744171004,111.98522843443865,11.532149007271386,8.68010555606087,9.235451757859705,-0.5553462017988355,35.35071770425217,35.24569617196352,0.10502153228864586,69.0,62.0,7.0,336.0,332.0,4.0,57.0,57.0,0.0,0.093364587608036,0.472051
ACBBA,high,bounded_b4_w5,trace_0007,7,agx_host_proxy,True,True,True,,,106.61149962598115,92.20134915684383,14.41015046913732,8.388538550484691,9.92967128763209,-1.5411327371473984,33.68179057812008,33.183262045831476,0.49852853228860283,59.0,51.0,8.0,301.0,230.0,71.0,58.0,59.0,-1.0,0.13516506680509704,0.427469
ACBBA,high,bounded_b4_w5,trace_0008,8,agx_host_proxy,True,True,True,,,99.20697886817017,124.24007093684186,-25.033092068671692,19.343825758758115,16.14395287267911,3.199872886079003,40.56396655333225,41.56712996097911,-1.0031634076468592,55.0,69.0,-14.0,251.0,363.0,-112.0,60.0,65.0,-5.0,-0.2523319665034511,0.502755
ACBBA,high,bounded_b4_w5,trace_0009,9,agx_host_proxy,True,True,True,,,83.05582846129954,124.48354164559058,-41.427713184291036,9.987935542489089,12.084910835328404,-2.096975292839316,28.268657102962486,35.391165396972376,-7.12250829400989,46.0,68.0,-22.0,252.0,340.0,-88.0,56.0,62.0,-6.0,-0.49879356996113255,0.407347
ACBBA,high,bounded_b4_w5,trace_0010,10,agx_host_proxy,True,True,True,,,97.45305452877884,97.73961124225035,-0.2865567134715121,9.935466283190367,9.960514829272617,-0.0250485460822496,29.967791335906917,29.189248722256096,0.7785426136508207,54.0,54.0,0.0,324.0,319.0,5.0,56.0,56.0,0.0,-0.0029404590226249825,0.468042
ACBBA,high,bounded_b4_w5,trace_0011,11,agx_host_proxy,True,True,True,,,96.88585361060208,123.09996067510016,-26.21410706449808,8.002397888099173,6.5441718263337725,1.4582260617654006,33.346902990033975,30.42305857851447,2.9238444115195037,54.0,67.0,-13.0,257.0,414.0,-157.0,59.0,59.0,0.0,-0.2705669206348357,0.463732
ACBBA,high,bounded_b4_w5,trace_0012,12,agx_host_proxy,True,True,True,,,83.58417916643624,87.56213673919255,-3.97795757275631,7.345314663801896,8.842239685380678,-1.4969250215787815,27.094166754948937,29.482368926318262,-2.3882021713693256,46.0,48.0,-2.0,223.0,242.0,-19.0,59.0,59.0,0.0,-0.04759223111870534,0.391679
ACBBA,high,bounded_b4_w5,trace_0013,13,agx_host_proxy,True,True,True,,,111.94929031043647,84.236988159364,27.712302151072464,11.345214251412475,13.692712873158875,-2.3474986217464,32.585897070171896,30.91397747928082,1.6719195908910756,60.0,46.0,14.0,349.0,241.0,108.0,57.0,58.0,-1.0,0.24754334819118531,0.494394
ACBBA,high,bounded_b4_w5,trace_0014,14,agx_host_proxy,True,True,True,,,88.42616064421601,104.89741277820693,-16.471252133990916,8.83918884182518,6.689052307879274,2.150136533945906,30.555757554021557,28.374342352629075,2.1814152013924826,49.0,55.0,-6.0,217.0,321.0,-104.0,55.0,56.0,-1.0,-0.18627125744227715,0.370515
ACBBA,high,bounded_b4_w5,trace_0015,15,agx_host_proxy,True,True,True,,,107.59523914010535,91.019869639035,16.575369501070355,12.575317475298572,11.251428820888853,1.3238886544097195,34.46856762021033,31.40244276651106,3.066124853699268,60.0,50.0,10.0,334.0,244.0,90.0,60.0,56.0,4.0,0.15405300116937987,0.5012
ACBBA,high,bounded_b4_w5,trace_0016,16,agx_host_proxy,True,True,True,,,90.96775984647975,96.04408606168015,-5.076326215200396,13.940176920569568,15.439807460719358,-1.4996305401497896,32.95543069340193,34.261685422177294,-1.3062547287753645,50.0,54.0,-4.0,271.0,268.0,3.0,60.0,61.0,-1.0,-0.05580357506623638,0.463012
ACBBA,high,bounded_b4_w5,trace_0017,17,agx_host_proxy,True,True,True,,,101.84284248392119,108.26269050499026,-6.419848021069072,11.922851142929549,9.439131347531653,2.483719795397896,38.400141325344805,33.34023265710166,5.059908668243146,57.0,59.0,-2.0,234.0,324.0,-90.0,57.0,57.0,0.0,-0.06303681107567898,0.43579
ACBBA,high,bounded_b4_w5,trace_0018,18,agx_host_proxy,True,True,True,,,111.51314859356754,107.11709024598113,4.396058347586404,15.562414001678928,11.594321900408069,3.9680921012708588,37.337815054440505,31.145160777167852,6.192654277272652,63.0,59.0,4.0,311.0,282.0,29.0,56.0,60.0,-4.0,0.03942188345527519,0.506614
ACBBA,high,bounded_b4_w5,trace_0019,19,agx_host_proxy,True,True,True,,,117.59271469967062,121.70227674023343,-4.109562040562807,12.256007969390826,11.538856822934157,0.7171511464566684,34.772587642905634,34.918491575205394,-0.14590393229975973,66.0,68.0,-2.0,335.0,586.0,-251.0,56.0,274.0,-218.0,-0.03494742043381296,0.5122340000000001
ACBBA,high,bounded_b4_w5,trace_0020,20,agx_host_proxy,True,True,True,,,112.31200153031621,103.39710621956596,8.914895310750254,11.71645066389126,13.05840273800143,-1.3419520741101696,34.27248542596675,34.81638205931854,-0.5438966333517925,59.0,57.0,2.0,326.0,228.0,98.0,60.0,60.0,0.0,0.07937615917515163,0.49635399999999996
ACBBA,high,bounded_b4_w5,trace_0021,21,agx_host_proxy,True,True,True,,,113.69451508064672,105.63189070627648,8.062624374370245,12.604496396959755,12.815976794110856,-0.21148039715110123,34.42511853350101,35.31256548789026,-0.8874469543892474,64.0,58.0,6.0,336.0,263.0,73.0,56.0,60.0,-4.0,0.07091480506910292,0.440899
ACBBA,high,bounded_b4_w5,trace_0022,22,agx_host_proxy,True,True,True,,,98.53443454053532,108.17474528783764,-9.640310747302323,9.524903151502645,14.679002180443506,-5.154099028940861,29.32038121434459,35.19787417640368,-5.87749296205909,54.0,59.0,-5.0,313.0,336.0,-23.0,58.0,58.0,0.0,-0.09783697234631686,0.438512
ACBBA,high,bounded_b4_w5,trace_0023,23,agx_host_proxy,True,True,True,,,111.99721034458392,116.30967385668508,-4.312463512101161,11.531539743693376,12.391074914083307,-0.8595351703899308,34.064673543114665,35.15826552380685,-1.0935919806921817,61.0,63.0,-2.0,381.0,402.0,-21.0,58.0,60.0,-2.0,-0.03850509757192097,0.520709
ACBBA,high,bounded_b4_w5,trace_0024,24,agx_host_proxy,True,True,True,,,107.74932838667746,84.6371231095327,23.112205277144767,9.096417805983897,10.790421532394632,-1.6940037264107346,33.04493157460106,32.68094493201742,0.3639866425836402,60.0,46.0,14.0,362.0,220.0,142.0,57.0,60.0,-3.0,0.21449976183798142,0.43809200000000004
ACBBA,high,bounded_b4_w5,trace_0025,25,agx_host_proxy,True,True,True,,,98.76949125136028,101.84330523891428,-3.0738139875540043,10.321141443850928,11.191634000906529,-0.8704925570556004,32.52845954517336,33.44234524421699,-0.9138856990436253,54.0,57.0,-3.0,248.0,290.0,-42.0,57.0,57.0,0.0,-0.031121087580894782,0.377042
ACBBA,high,bounded_b4_w5,trace_0026,26,agx_host_proxy,True,True,True,,,104.38489301866686,107.16686079083047,-2.781967772163611,9.766377209801382,10.6353920661893,-0.8690148563879188,34.59622249065844,35.3952271480597,-0.7990046574012624,55.0,59.0,-4.0,301.0,312.0,-11.0,60.0,56.0,4.0,-0.02665105736771814,0.482992
ACBBA,high,bounded_b4_w5,trace_0027,27,agx_host_proxy,True,True,True,,,126.43085220065517,96.5482242894194,29.882627911235772,9.010415084714582,8.714754464928008,0.2956606197865739,35.06106271421036,31.013077407250336,4.0479853069600225,71.0,53.0,18.0,457.0,277.0,180.0,59.0,57.0,2.0,0.23635550493490165,0.56973
ACBBA,high,bounded_b4_w5,trace_0028,28,agx_host_proxy,True,True,True,,,108.7382206873602,118.50336125697697,-9.765140569616776,9.755757193433986,11.255429387343655,-1.499672193909669,33.03600259956349,34.012803577479644,-0.9768009779161559,59.0,63.0,-4.0,241.0,353.0,-112.0,60.0,64.0,-4.0,-0.08980412322262582,0.389977
ACBBA,high,bounded_b4_w5,trace_0029,29,agx_host_proxy,True,True,True,,,90.38846761009334,97.26570805007903,-6.877240439985684,8.843098063134871,7.589644834410317,1.2534532287245543,31.152514353063598,30.71990504791596,0.4326093051476363,49.0,53.0,-4.0,227.0,304.0,-77.0,55.0,56.0,-1.0,-0.07608537484728559,0.425405
ACBBA,high,bounded_b4_w5,trace_0030,30,agx_host_proxy,True,True,True,,,108.98981253646973,95.67619286331083,13.313619673158897,15.123485306585938,14.391076781781328,0.7324085248046099,35.71417947528812,35.43767742593396,0.276502049354157,61.0,52.0,9.0,334.0,275.0,59.0,61.0,61.0,0.0,0.12215471669614944,0.5475180000000001
ACBBA,high,bounded_b4_w5,trace_0031,31,agx_host_proxy,True,True,True,,,120.03016681508538,89.79738916088718,30.232777654198202,13.67073392223701,13.534734229197461,0.13599969303954929,39.89237424727889,35.435124437018175,4.457249810260713,67.0,45.0,22.0,385.0,286.0,99.0,60.0,58.0,2.0,0.2518764945213635,0.65662
ACBBA,high,bounded_b4_w5,trace_0032,32,agx_host_proxy,True,True,True,,,108.59868144604339,95.85530910659516,12.743372339448229,5.218709887801334,5.200020624322055,0.01868926347927946,33.234138858289676,32.208134541595335,1.0260043166943404,60.0,54.0,6.0,250.0,243.0,7.0,60.0,60.0,0.0,0.1173437114499378,0.374466
ACBBA,high,bounded_b4_w5,trace_0033,33,agx_host_proxy,True,True,True,,,100.07260825491545,94.16787015352223,5.904738101393221,8.757980044618058,9.482205409451272,-0.7242253648332131,32.08984999549914,30.965213515035256,1.1246364804638809,54.0,52.0,2.0,280.0,310.0,-30.0,60.0,94.0,-34.0,0.0590045388479538,0.45264800000000005
ACBBA,high,bounded_b4_w5,trace_0034,34,agx_host_proxy,True,True,True,,,98.56998132289336,95.08489542247922,3.485085900414134,13.694786224683549,14.621163758652274,-0.9263775339687257,37.75641942692596,38.657840863882335,-0.901421436956376,56.0,51.0,5.0,234.0,263.0,-29.0,59.0,60.0,-1.0,0.035356463029020645,0.478231
ACBBA,high,bounded_b4_w5,trace_0035,35,agx_host_proxy,True,True,True,,,86.51571864960331,87.13686664960332,-0.6211480000000051,9.57335342080472,9.593657861481123,-0.020304440676403246,31.308519760248323,31.11984440451238,0.18867535573594196,49.0,49.0,0.0,179.0,195.0,-16.0,56.0,56.0,0.0,-0.00717959706854788,0.352325
ACBBA,high,bounded_b4_w5,trace_0036,36,agx_host_proxy,True,True,True,,,99.16869591165427,101.70290151120437,-2.5342055995501056,13.417728733151572,14.012500021983163,-0.5947712888315912,36.93862599643249,37.230446269637035,-0.29182027320454296,55.0,57.0,-2.0,298.0,322.0,-24.0,69.0,64.0,5.0,-0.025554491528332043,0.605097
ACBBA,high,bounded_b4_w5,trace_0037,37,agx_host_proxy,True,True,True,,,107.43954803921797,99.61018945097655,7.829358588241419,8.412417485679649,7.085011168217529,1.3274063174621196,33.01605761951805,29.234476829871074,3.781580789646977,60.0,55.0,5.0,282.0,240.0,42.0,58.0,57.0,1.0,0.07287222192505426,0.401169
ACBBA,high,bounded_b4_w5,trace_0038,38,agx_host_proxy,True,True,True,,,112.02696894872,114.58238248642667,-2.55541353770667,5.0326372107977955,8.713681208623282,-3.681043997825486,29.47174498370147,30.11281469355651,-0.6410697098550386,63.0,65.0,-2.0,385.0,407.0,-22.0,57.0,57.0,0.0,-0.022810699617128824,0.5018710000000001
ACBBA,high,bounded_b4_w5,trace_0039,39,agx_host_proxy,True,True,True,,,109.38971024847336,112.02392492807626,-2.6342146796028914,11.923297240443327,12.57574571392069,-0.6524484734773619,33.74064379439409,33.89266135166495,-0.15201755727085953,61.0,62.0,-1.0,354.0,343.0,11.0,60.0,57.0,3.0,-0.024081009755116838,0.52626
ACBBA,high,bounded_b4_w5,trace_0040,40,agx_host_proxy,True,True,True,,,110.08057757035012,110.03013788966723,0.05043968068288507,7.149724884381019,7.129022575471754,0.020702308909265277,31.191025596866776,31.15214319988922,0.0388823969775558,61.0,61.0,0.0,338.0,327.0,11.0,59.0,59.0,0.0,0.00045820690439828186,0.42184
ACBBA,high,bounded_b4_w5,trace_0041,41,agx_host_proxy,True,True,True,,,89.51505925285139,88.80636607378267,0.7086931790687174,10.437352522303605,9.769772560702755,0.6675799616008504,27.520660084928856,27.658494960555903,-0.13783487562704622,47.0,49.0,-2.0,262.0,248.0,14.0,57.0,57.0,0.0,0.007917027425149617,0.40840200000000004
ACBBA,high,bounded_b4_w5,trace_0042,42,agx_host_proxy,True,True,True,,,110.4790248937762,97.44579162017746,13.03323327359874,10.26848059900104,10.476093227136836,-0.20761262813579684,30.820015978945428,33.523701797460994,-2.7036858185155666,60.0,54.0,6.0,362.0,222.0,140.0,56.0,56.0,0.0,0.11797020553114027,0.44206799999999996
ACBBA,high,bounded_b4_w5,trace_0043,43,agx_host_proxy,True,True,True,,,106.11983953418478,109.03564656597445,-2.9158070317896687,11.5212063436093,11.631519682017935,-0.11031333840863411,37.57603428142863,37.97539565823761,-0.3993613768089759,58.0,60.0,-2.0,247.0,269.0,-22.0,57.0,58.0,-1.0,-0.027476549574411945,0.459598
ACBBA,high,bounded_b4_w5,trace_0044,44,agx_host_proxy,True,True,True,,,100.76365768443671,100.66205748284926,0.10160020158744487,8.298414461101936,7.77108007986824,0.5273343812336968,32.19638553106366,31.386061246661864,0.8103242844017977,56.0,55.0,1.0,286.0,274.0,12.0,58.0,58.0,0.0,0.0010083020398646899,0.390592
ACBBA,high,bounded_b4_w5,trace_0045,45,agx_host_proxy,True,True,True,,,125.66045508579872,109.39644730211062,16.2640077836881,14.253316205303324,13.76104587316958,0.49227033213374405,47.15316695230924,42.68241139057493,4.470755561734315,70.0,60.0,10.0,263.0,291.0,-28.0,60.0,61.0,-1.0,0.12942821011258734,0.528736
ACBBA,high,bounded_b4_w5,trace_0046,46,agx_host_proxy,True,True,True,,,101.26808233410384,91.41276683967847,9.85531549442537,8.406327646937944,8.860083331318283,-0.4537556843803383,31.653937467318634,29.697846797111037,1.9560906702075975,56.0,51.0,5.0,241.0,276.0,-35.0,56.0,56.0,0.0,0.09731906902226799,0.395133
ACBBA,high,bounded_b4_w5,trace_0047,47,agx_host_proxy,True,True,True,,,114.44924000743012,100.04298672441216,14.40625328301796,8.574102028554506,8.548771233581625,0.02533079497288071,38.12058286672939,34.25187603379058,3.8687068329388126,64.0,55.0,9.0,267.0,227.0,40.0,60.0,55.0,5.0,0.12587460853460186,0.465982
ACBBA,high,bounded_b4_w5,trace_0048,48,agx_host_proxy,True,True,True,,,112.23658908619674,132.2425212693746,-20.005932183177862,12.206304529017089,14.371801947560481,-2.165497418543392,37.056329224677036,37.70990239158925,-0.6535731669122171,61.0,74.0,-13.0,357.0,444.0,-87.0,62.0,65.0,-3.0,-0.17824786325084663,0.520461
ACBBA,high,bounded_b4_w5,trace_0049,49,agx_host_proxy,True,True,True,,,98.31733815532002,122.53335293331976,-24.216014777999746,8.857590252906945,10.556920682620133,-1.6993304297131875,33.233425492878396,34.72637324437255,-1.4929477514941567,53.0,67.0,-14.0,243.0,355.0,-112.0,56.0,60.0,-4.0,-0.24630462167053088,0.39348900000000003
ACBBA,high,count_b2,trace_0000,0,agx_host_proxy,True,True,True,,,96.9028640134925,108.59083476683804,-11.687970753345539,9.528143460746152,13.758998797216018,-4.230855336469865,31.431340212454746,39.158541280872306,-7.7272010684175605,54.0,59.0,-5.0,296.0,333.0,-37.0,68.0,74.0,-6.0,-0.12061532827056727,0.505802
ACBBA,high,count_b2,trace_0001,1,agx_host_proxy,True,True,True,,,97.9864283699052,112.02009620967995,-14.03366783977475,7.520854847704824,7.781892050037623,-0.26103720233279937,33.45081295910415,32.346684237736326,1.1041287213678217,55.0,63.0,-8.0,260.0,321.0,-61.0,68.0,71.0,-3.0,-0.1432205262834638,0.435816
ACBBA,high,count_b2,trace_0002,2,agx_host_proxy,True,True,True,,,82.6821896904505,112.94959996469174,-30.267410274241243,11.323694211956782,15.804400129541325,-4.480705917584542,31.508916559032194,36.781244296173085,-5.272327737140891,45.0,63.0,-18.0,270.0,361.0,-91.0,70.0,70.0,0.0,-0.3660692875643208,0.49654
ACBBA,high,count_b2,trace_0003,3,agx_host_proxy,True,True,True,,,100.82913426139193,99.95294095056623,0.8761933108256983,11.986248017157052,13.964352456985605,-1.9781044398285523,33.10148295397325,38.07509444223059,-4.97361148825734,56.0,55.0,1.0,326.0,274.0,52.0,70.0,71.0,-1.0,0.008689882316694628,0.445988
ACBBA,high,count_b2,trace_0004,4,agx_host_proxy,True,True,True,,,103.01178740668846,104.23698340668845,-1.2251959999999968,7.600245422822619,8.8959856647302,-1.2957402419075805,31.761666189364103,33.16413913278382,-1.4024729434197205,57.0,57.0,0.0,336.0,309.0,27.0,73.0,71.0,2.0,-0.011893745665852275,0.49643200000000004
ACBBA,high,count_b2,trace_0005,5,agx_host_proxy,True,True,True,,,104.65974349783772,100.52218468637778,4.1375588114599395,8.453101098549679,9.281766802881407,-0.828665704331728,32.777874736003476,33.179515891150224,-0.4016411551467485,58.0,56.0,2.0,303.0,283.0,20.0,68.0,69.0,-1.0,0.039533431605872624,0.468944
ACBBA,high,count_b2,trace_0006,6,agx_host_proxy,True,True,True,,,103.92181363130327,92.40043494849944,11.521378682803828,8.32325420525608,9.557099689790975,-1.2338454845348963,32.522843436578995,33.03861368214433,-0.515770245565335,57.0,51.0,6.0,329.0,263.0,66.0,71.0,68.0,3.0,0.11086583538350957,0.534395
ACBBA,high,count_b2,trace_0007,7,agx_host_proxy,True,True,True,,,103.20413974735754,114.66617863140684,-11.462038884049292,8.423831741199796,9.174215385158371,-0.7503836439585747,31.558594391282732,34.75486164621585,-3.196267254933119,57.0,63.0,-6.0,353.0,342.0,11.0,68.0,72.0,-4.0,-0.11106181314149047,0.469641
ACBBA,high,count_b2,trace_0008,8,agx_host_proxy,True,True,True,,,113.88671485466706,108.27819753976132,5.60851731490574,14.16680669698571,13.819533804639333,0.3472728923463766,39.419942329337125,39.02497107091455,0.3949712584225722,61.0,59.0,2.0,362.0,326.0,36.0,70.0,74.0,-4.0,0.04924645795660075,0.601285
ACBBA,high,count_b2,trace_0009,9,agx_host_proxy,True,True,True,,,109.80744546410163,105.82354030099606,3.9839051631055753,12.06368416812718,11.855867518787042,0.20781664934013833,30.351112381172683,30.006703838485695,0.3444085426869883,61.0,59.0,2.0,409.0,395.0,14.0,72.0,72.0,0.0,0.036280829102868055,0.5305939999999999
ACBBA,high,count_b2,trace_0010,10,agx_host_proxy,True,True,True,,,88.81300241843587,97.2474155278349,-8.434413109399031,9.836534587352645,11.196734281043067,-1.3601996936904222,29.957962476270854,34.62630436266607,-4.668341886395215,50.0,53.0,-3.0,320.0,278.0,42.0,72.0,71.0,1.0,-0.0949682240181558,0.48989099999999997
ACBBA,high,count_b2,trace_0011,11,agx_host_proxy,True,True,True,,,107.88269368297388,101.20484737716453,6.677846305809354,6.047422012015229,5.241127189201564,0.8062948228136646,30.902473470877666,28.715644424006445,2.186829046871221,59.0,56.0,3.0,293.0,334.0,-41.0,71.0,69.0,2.0,0.06189914320672228,0.42019300000000004
ACBBA,high,count_b2,trace_0012,12,agx_host_proxy,True,True,True,,,90.14253354156926,96.94113401723187,-6.79860047566261,7.182267108933176,8.284132594061967,-1.1018654851287915,28.593517805331615,30.44971885977357,-1.8562010544419536,50.0,52.0,-2.0,305.0,301.0,4.0,71.0,69.0,2.0,-0.07542056128838927,0.47893399999999997
ACBBA,high,count_b2,trace_0013,13,agx_host_proxy,True,True,True,,,103.35205131647213,97.60150460365503,5.750546712817098,11.645980872771062,12.004791556627321,-0.3588106838562588,29.451044842481092,28.66211771051139,0.7889271319697038,58.0,54.0,4.0,343.0,343.0,0.0,75.0,69.0,6.0,0.055640373263695274,0.518714
ACBBA,high,count_b2,trace_0014,14,agx_host_proxy,True,True,True,,,87.03347374199403,90.61234080823884,-3.578867066244811,6.141693257353389,6.113325534215223,0.02836772313816649,27.987319743969703,28.47616989611137,-0.4888501521416657,48.0,50.0,-2.0,250.0,277.0,-27.0,66.0,68.0,-2.0,-0.041120581683941136,0.36339600000000005
ACBBA,high,count_b2,trace_0015,15,agx_host_proxy,True,True,True,,,116.9811271670173,99.99306536115851,16.98806180585879,9.400211956731676,9.298004018827134,0.10220793790454152,32.05165989328536,31.38083709461443,0.6708227986709296,66.0,56.0,10.0,394.0,339.0,55.0,66.0,68.0,-2.0,0.14522053443376767,0.560643
ACBBA,high,count_b2,trace_0016,16,agx_host_proxy,True,True,True,,,97.58244305379462,100.61334893162498,-3.0309058778303637,12.846955469734503,15.9778769114183,-3.130921441683796,31.310058135167782,37.04036652092333,-5.730308385755546,54.0,56.0,-2.0,381.0,309.0,72.0,67.0,72.0,-5.0,-0.031059950775771266,0.5128929999999999
ACBBA,high,count_b2,trace_0017,17,agx_host_proxy,True,True,True,,,95.65751388848393,97.46559138064262,-1.808077492158688,9.104266262457829,6.454330385781589,2.64993587667624,34.09120191953271,31.502941343047656,2.5882605764850517,53.0,55.0,-2.0,285.0,317.0,-32.0,70.0,71.0,-1.0,-0.018901573108689788,0.476435
ACBBA,high,count_b2,trace_0018,18,agx_host_proxy,True,True,True,,,116.33172732511697,88.55252806940834,27.779199255708633,12.01221476675065,11.624071365155618,0.38814340159503224,32.612366522434264,28.93631290986819,3.6760536125660757,65.0,49.0,16.0,328.0,299.0,29.0,71.0,68.0,3.0,0.23879297500735103,0.528348
ACBBA,high,count_b2,trace_0019,19,agx_host_proxy,True,True,True,,,96.800131888187,103.49653758218257,-6.6964056939955725,10.338685821438814,10.979147714606368,-0.6404618931675543,31.998523214301514,35.30709417096889,-3.308570956667374,52.0,58.0,-6.0,283.0,347.0,-64.0,70.0,81.0,-11.0,-0.06917765051942835,0.494997
ACBBA,high,count_b2,trace_0020,20,agx_host_proxy,True,True,True,,,85.5569943360326,106.56259606732355,-21.00560173129095,10.287010184836966,9.801532446467485,0.4854777383694806,29.13077129846125,30.99956498081401,-1.8687936823527593,47.0,59.0,-12.0,240.0,381.0,-141.0,72.0,74.0,-2.0,-0.245515891416073,0.398055
ACBBA,high,count_b2,trace_0021,21,agx_host_proxy,True,True,True,,,85.45120614511674,105.54059176335488,-20.08938561823814,9.413107563856187,11.17831351736987,-1.765205953513684,29.251828135325873,33.788028498237885,-4.5362003629120125,47.0,58.0,-11.0,257.0,323.0,-66.0,70.0,69.0,1.0,-0.2350977420274387,0.43567799999999995
ACBBA,high,count_b2,trace_0022,22,agx_host_proxy,True,True,True,,,101.66793553680077,95.26015917870015,6.4077763581006195,12.045558306303317,12.220619145055453,-0.1750608387521364,31.643672061007557,31.21079866523412,0.43287339577343786,57.0,51.0,6.0,362.0,319.0,43.0,71.0,72.0,-1.0,0.06302652182586313,0.508872
ACBBA,high,count_b2,trace_0023,23,agx_host_proxy,True,True,True,,,131.76585638071805,127.22600728000359,4.539849100714463,10.82947292376744,14.355815969581814,-3.5263430458143734,36.35545936595546,39.41958470843742,-3.064125342481958,70.0,69.0,1.0,436.0,407.0,29.0,71.0,68.0,3.0,0.03445391109209078,0.579178
ACBBA,high,count_b2,trace_0024,24,agx_host_proxy,True,True,True,,,83.15644072431041,91.85084639589203,-8.69440567158162,9.397304599854628,9.789143477711978,-0.3918388778573494,28.878138017157656,31.089295773030823,-2.2111577558731668,45.0,50.0,-5.0,247.0,305.0,-58.0,71.0,74.0,-3.0,-0.10455480773168602,0.429265
ACBBA,high,count_b2,trace_0025,25,agx_host_proxy,True,True,True,,,86.93355195046367,91.81168952169737,-4.878137571233708,11.811321055940327,11.717262313085833,0.09405874285449478,32.39883665543926,32.68743472292945,-0.28859806749019157,48.0,50.0,-2.0,262.0,272.0,-10.0,72.0,70.0,2.0,-0.05611340456919741,0.473933
ACBBA,high,count_b2,trace_0026,26,agx_host_proxy,True,True,True,,,105.21718539409159,95.21228903805405,10.004896356037534,7.692545661974709,10.735158325837014,-3.0426126638623057,31.647185038559755,32.43541780373492,-0.7882327651751666,57.0,53.0,4.0,363.0,291.0,72.0,67.0,70.0,-3.0,0.09508804401642314,0.563996
ACBBA,high,count_b2,trace_0027,27,agx_host_proxy,True,True,True,,,95.5286212933198,93.64688199256372,1.881739300756081,10.34957455636133,12.1771543268127,-1.8275797704513685,30.782339530152257,35.36980090991386,-4.587461379761606,52.0,51.0,1.0,349.0,279.0,70.0,69.0,74.0,-5.0,0.0196981729169755,0.494145
ACBBA,high,count_b2,trace_0028,28,agx_host_proxy,True,True,True,,,117.17829433322548,102.86808703026352,14.310207302961956,8.682951289883766,8.364861381006866,0.3180899088768996,32.351346321870984,29.92792169539772,2.4234246264732633,65.0,57.0,8.0,386.0,326.0,60.0,74.0,69.0,5.0,0.12212336238883406,0.481153
ACBBA,high,count_b2,trace_0029,29,agx_host_proxy,True,True,True,,,87.0674828062597,92.92191930013449,-5.854436493874786,7.6460121155498255,7.716082927594854,-0.07007081204502885,31.96604741287265,30.265907179689666,1.7001402331829851,48.0,47.0,1.0,287.0,314.0,-27.0,67.0,67.0,0.0,-0.06724021764706263,0.49262700000000004
ACBBA,high,count_b2,trace_0030,30,agx_host_proxy,True,True,True,,,110.22701444919397,106.27023170972677,3.956782739467201,15.323346687215942,14.149853944931658,1.1734927422842834,35.566579814857846,35.52049301358096,0.04608680127688558,62.0,59.0,3.0,394.0,265.0,129.0,69.0,69.0,0.0,0.035896669788611286,0.551003
ACBBA,high,count_b2,trace_0031,31,agx_host_proxy,True,True,True,,,80.47506794425676,84.2107381815067,-3.735670237249934,12.541877761233224,12.970184176486946,-0.42830641525372215,30.63636921376463,31.111234232495843,-0.47486501873121156,44.0,46.0,-2.0,283.0,295.0,-12.0,68.0,68.0,0.0,-0.04642021849347859,0.523774
ACBBA,high,count_b2,trace_0032,32,agx_host_proxy,True,True,True,,,107.8224588404939,116.48895282654694,-8.666493986053041,5.120803461336732,5.223925883353826,-0.1031224220170941,30.459735345160528,32.37979921221063,-1.9200638670501,60.0,65.0,-5.0,318.0,396.0,-78.0,70.0,68.0,2.0,-0.08037744714089422,0.445524
ACBBA,high,count_b2,trace_0033,33,agx_host_proxy,True,True,True,,,100.91208038315968,108.02790103369749,-7.115820650537813,11.832974609621434,13.619377106629615,-1.786402497008181,32.348193333194295,37.252494514134796,-4.9043011809405,56.0,59.0,-3.0,340.0,327.0,13.0,70.0,68.0,2.0,-0.07051505254395003,0.522544
ACBBA,high,count_b2,trace_0034,34,agx_host_proxy,True,True,True,,,109.79483531246719,98.3020662433917,11.492769069075479,11.392446577036905,11.272505326328627,0.11994125070827799,34.64819355580806,33.69347864907485,0.9547149067332086,60.0,53.0,7.0,412.0,296.0,116.0,78.0,73.0,5.0,0.10467495157097319,0.591565
ACBBA,high,count_b2,trace_0035,35,agx_host_proxy,True,True,True,,,104.41959115938995,95.86194247364752,8.557648685742436,7.0935434808639855,8.028069512408646,-0.9345260315446602,31.76737840401166,32.42665990659895,-0.6592815025872909,57.0,52.0,5.0,337.0,303.0,34.0,72.0,69.0,3.0,0.0819544358556214,0.499268
ACBBA,high,count_b2,trace_0036,36,agx_host_proxy,True,True,True,,,90.72267841718157,96.55821662618392,-5.835538209002351,16.569243017028693,13.82977476966414,2.7394682473645524,38.788197838597966,34.6672268676145,4.120970970983464,50.0,54.0,-4.0,270.0,322.0,-52.0,74.0,71.0,3.0,-0.06432281664092916,0.611603
ACBBA,high,count_b2,trace_0037,37,agx_host_proxy,True,True,True,,,98.86635430207224,128.87231513941242,-30.005960837340183,6.253309124481581,8.985988433250558,-2.7326793087689767,27.922152169651703,34.45700085415888,-6.534848684507175,55.0,72.0,-17.0,271.0,685.0,-414.0,68.0,362.0,-294.0,-0.3035002256243938,0.398198
ACBBA,high,count_b2,trace_0038,38,agx_host_proxy,True,True,True,,,95.34525398504029,102.12559084938292,-6.78033686434263,6.36943516912039,6.897319687648011,-0.5278845185276211,27.78559355245302,29.541041815775696,-1.755448263322677,53.0,57.0,-4.0,356.0,341.0,15.0,69.0,72.0,-3.0,-0.0711135224979994,0.48915
ACBBA,high,count_b2,trace_0039,39,agx_host_proxy,True,True,True,,,114.44279820205762,87.2291649672814,27.21363323477621,11.974105240539666,12.663234125655796,-0.6891288851161299,34.2065915915007,32.32665851920983,1.8799330722908678,63.0,49.0,14.0,454.0,282.0,172.0,71.0,69.0,2.0,0.23779244882433262,0.637644
ACBBA,high,count_b2,trace_0040,40,agx_host_proxy,True,True,True,,,92.41904471508491,99.99524277840014,-7.576198063315232,3.9359789642107192,8.274460820213754,-4.338481856003035,31.051957605142018,33.1393778121952,-2.0874202070531815,50.0,54.0,-4.0,311.0,315.0,-4.0,69.0,69.0,0.0,-0.08197658920487222,0.5134040000000001
ACBBA,high,count_b2,trace_0041,41,agx_host_proxy,True,True,True,,,86.62737966732395,86.48505366732395,0.14232599999999707,9.65987404598351,9.682635018844376,-0.022760972860865536,26.78195189996448,26.708266665152703,0.07368523481177647,48.0,48.0,0.0,273.0,294.0,-21.0,66.0,66.0,0.0,0.0016429678531957577,0.423957
ACBBA,high,count_b2,trace_0042,42,agx_host_proxy,True,True,True,,,96.62763500758189,115.5575810687866,-18.929946061204717,11.849650676473507,11.576787618740614,0.2728630577328932,31.536269585995054,33.66734312983369,-2.1310735438386352,49.0,64.0,-15.0,288.0,352.0,-64.0,76.0,73.0,3.0,-0.1959061303706686,0.40423899999999996
ACBBA,high,count_b2,trace_0043,43,agx_host_proxy,True,True,True,,,114.94729207025857,106.7345713775732,8.212720692685366,10.008755163695708,8.83591073544116,1.1728444282545478,37.75000734215375,36.20295345985407,1.5470538822996787,63.0,59.0,4.0,761.0,282.0,479.0,544.0,70.0,474.0,0.07144770916104358,0.745767
ACBBA,high,count_b2,trace_0044,44,agx_host_proxy,True,True,True,,,115.36011324321433,106.60262588573022,8.75748735748411,7.920182300783316,7.866604706712336,0.05357759407097973,30.31534644842526,29.842731069966966,0.4726153784582934,63.0,59.0,4.0,373.0,320.0,53.0,69.0,71.0,-2.0,0.07591434431951928,0.485043
ACBBA,high,count_b2,trace_0045,45,agx_host_proxy,True,True,True,,,117.97049666711102,107.39936511525568,10.571131551855345,15.432684033371332,14.66706848559869,0.7656155477726418,42.2253158507285,37.93008935094695,4.295226499781549,65.0,60.0,5.0,337.0,361.0,-24.0,74.0,70.0,4.0,0.08960826520621464,0.601064
ACBBA,high,count_b2,trace_0046,46,agx_host_proxy,True,True,True,,,96.14254732001027,106.915158110484,-10.772610790473735,10.028230493938777,10.084309235262566,-0.056078741323789316,35.2336090205971,36.42370243562278,-1.1900934150256788,53.0,59.0,-6.0,290.0,358.0,-68.0,68.0,77.0,-9.0,-0.11204831878041595,0.47967099999999996
ACBBA,high,count_b2,trace_0047,47,agx_host_proxy,True,True,True,,,102.50685824411417,100.4076508326662,2.0992074114479635,9.762646978762675,8.901591099997942,0.8610558787647324,36.88775758217432,31.642717849048296,5.245039733126028,57.0,56.0,1.0,275.0,289.0,-14.0,72.0,68.0,4.0,0.020478702083023773,0.54965
ACBBA,high,count_b2,trace_0048,48,agx_host_proxy,True,True,True,,,89.57419921293284,95.30328904120272,-5.729089828269878,12.411673706120155,13.260770090752773,-0.8490963846326185,34.3084471791819,35.59006186190899,-1.2816146827270956,50.0,53.0,-3.0,339.0,292.0,47.0,157.0,75.0,82.0,-0.06395915206175468,0.504216
ACBBA,high,count_b2,trace_0049,49,agx_host_proxy,True,True,True,,,123.70363959181142,114.36320920685553,9.340430384955894,9.274203054838333,9.752636653309985,-0.4784335984716517,34.52573517251059,32.778898129525054,1.7468370429855398,68.0,64.0,4.0,450.0,364.0,86.0,72.0,72.0,0.0,0.07550651230454326,0.555032
ACBBA,high,count_b4,trace_0000,0,rp2040_hardware,True,True,True,,,123.18710717561214,104.45310679345415,18.734000382157987,13.803570823119971,9.35089832912947,4.452672493990502,36.909334369685354,35.7296003001946,1.179734069490756,62.0,58.0,4.0,356.0,279.0,77.0,59.0,57.0,2.0,0.1520776062664684,29.863133
ACBBA,high,count_b4,trace_0001,1,rp2040_hardware,True,True,True,,,123.28408007804653,96.47315718654973,26.8109228914968,8.088062813405053,7.403527458737416,0.6845353546676369,40.42168386422208,32.750378338084815,7.671305526137267,62.0,54.0,8.0,375.0,274.0,101.0,59.0,58.0,1.0,0.21747270916507477,34.574407
ACBBA,high,count_b4,trace_0002,2,rp2040_hardware,True,True,True,,,112.59875220944572,100.4049836030399,12.193768606405825,14.883796994378997,14.053177933829652,0.8306190605493455,39.96879572985432,36.2656067011428,3.7031890287115203,58.0,56.0,2.0,307.0,262.0,45.0,55.0,61.0,-6.0,0.10829399409084137,34.857462000000005
ACBBA,high,count_b4,trace_0003,3,rp2040_hardware,True,True,True,,,134.35619377346947,97.38379319426862,36.97240057920085,13.635075640569395,11.54774573680466,2.0873299037647346,39.62988015089133,35.63256410365573,3.9973160472356,72.0,54.0,18.0,359.0,265.0,94.0,56.0,61.0,-5.0,0.27518195879780555,28.96146
ACBBA,high,count_b4,trace_0004,4,agx_host_proxy,True,True,True,,,111.37687416171686,106.49373463973026,4.8831395219865925,7.820324793535163,9.848031640529603,-2.02770684699444,31.496929162572524,32.99648659909139,-1.4995574365188666,62.0,59.0,3.0,375.0,302.0,73.0,55.0,55.0,0.0,0.04384338812468715,0.46826
ACBBA,high,count_b4,trace_0005,5,agx_host_proxy,True,True,True,,,100.31827720030587,106.8316691657691,-6.513391965463228,7.125456248847608,6.863709437044663,0.26174681180294534,31.1852240395137,31.0413517756139,0.14387226389979801,55.0,60.0,-5.0,236.0,292.0,-56.0,57.0,57.0,0.0,-0.0649272709544036,0.371987
ACBBA,high,count_b4,trace_0006,6,agx_host_proxy,True,True,True,,,113.73363858991672,111.98522843443865,1.7484101554780693,8.131474225655998,9.235451757859705,-1.1039775322037073,35.20976905241601,35.24569617196352,-0.03592711954751593,59.0,62.0,-3.0,284.0,332.0,-48.0,57.0,57.0,0.0,0.01537284990751257,0.467201
ACBBA,high,count_b4,trace_0007,7,agx_host_proxy,True,True,True,,,96.5608323816244,92.20134915684383,4.359483224780561,8.670911908740676,9.92967128763209,-1.2587593788914138,34.11670331389269,33.183262045831476,0.9334412680612161,53.0,51.0,2.0,240.0,230.0,10.0,56.0,59.0,-3.0,0.045147531532776786,0.377015
ACBBA,high,count_b4,trace_0008,8,agx_host_proxy,True,True,True,,,91.10316179865221,124.24007093684186,-33.13690913818965,12.981033764996045,16.14395287267911,-3.1629191076830665,33.95744135479558,41.56712996097911,-7.609688606183532,50.0,69.0,-19.0,228.0,363.0,-135.0,58.0,65.0,-7.0,-0.36372951809758025,0.42991999999999997
ACBBA,high,count_b4,trace_0009,9,agx_host_proxy,True,True,True,,,98.33662011525996,124.48354164559058,-26.146921530330616,9.728275123841597,12.084910835328404,-2.356635711486808,28.43001953972898,35.391165396972376,-6.961145857243395,54.0,68.0,-14.0,303.0,340.0,-37.0,54.0,62.0,-8.0,-0.2658920095045357,0.38853
ACBBA,high,count_b4,trace_0010,10,agx_host_proxy,True,True,True,,,97.87732810769039,97.73961124225035,0.1377168654400407,10.212546540895776,9.960514829272617,0.2520317116231592,30.19049376155237,29.189248722256096,1.0012450392962755,54.0,54.0,0.0,320.0,319.0,1.0,56.0,56.0,0.0,0.0014070353993369793,0.46863099999999996
ACBBA,high,count_b4,trace_0011,11,agx_host_proxy,True,True,True,,,109.2811243133745,123.09996067510016,-13.818836361725658,8.525805520817585,6.5441718263337725,1.9816336944838122,33.63128741741711,30.42305857851447,3.2082288389026417,60.0,67.0,-7.0,242.0,414.0,-172.0,56.0,59.0,-3.0,-0.12645217962892447,0.456267
ACBBA,high,count_b4,trace_0012,12,agx_host_proxy,True,True,True,,,103.99015014122244,87.56213673919255,16.42801340202989,7.38063564555077,8.842239685380678,-1.4616040398299077,27.821129585817086,29.482368926318262,-1.6612393405011758,59.0,48.0,11.0,352.0,242.0,110.0,59.0,59.0,0.0,0.1579766293222968,0.473779
ACBBA,high,count_b4,trace_0013,13,agx_host_proxy,True,True,True,,,111.84700531043644,84.236988159364,27.61001715107244,10.941741826707439,13.692712873158875,-2.7509710464514363,32.70809142619432,30.91397747928082,1.7941139469135017,60.0,46.0,14.0,318.0,241.0,77.0,57.0,58.0,-1.0,0.24685522043652025,0.464916
ACBBA,high,count_b4,trace_0014,14,agx_host_proxy,True,True,True,,,81.78767726410803,104.89741277820693,-23.1097355140989,9.487215784557376,6.689052307879274,2.798163476678102,30.411658890082062,28.374342352629075,2.0373165374529876,44.0,55.0,-11.0,228.0,321.0,-93.0,61.0,56.0,5.0,-0.28255766989779096,0.405613
ACBBA,high,count_b4,trace_0015,15,agx_host_proxy,True,True,True,,,127.338024533088,91.019869639035,36.31815489405301,12.4098353259983,11.251428820888853,1.158406505109447,35.99661397061229,31.40244276651106,4.594171204101226,63.0,50.0,13.0,395.0,244.0,151.0,58.0,56.0,2.0,0.28521060403772763,0.554597
ACBBA,high,count_b4,trace_0016,16,agx_host_proxy,True,True,True,,,90.96909784647973,96.04408606168015,-5.07498821520042,13.940740000569567,15.439807460719358,-1.4990674601497904,32.956093353401926,34.261685422177294,-1.3055920687753684,50.0,54.0,-4.0,271.0,268.0,3.0,60.0,61.0,-1.0,-0.055788045999587865,0.470564
ACBBA,high,count_b4,trace_0017,17,agx_host_proxy,True,True,True,,,104.17595562266209,108.26269050499026,-4.086734882328173,12.006657115296745,9.439131347531653,2.5675257677650922,38.46055398789005,33.34023265710166,5.120321330788393,59.0,59.0,0.0,238.0,324.0,-86.0,57.0,57.0,0.0,-0.03922915665041578,0.431647
ACBBA,high,count_b4,trace_0018,18,agx_host_proxy,True,True,True,,,111.75583482327228,107.11709024598113,4.638744577291149,15.832293981284444,11.594321900408069,4.237972080876375,36.42931980578248,31.145160777167852,5.284159028614624,61.0,59.0,2.0,363.0,282.0,81.0,56.0,60.0,-4.0,0.04150785133167084,0.557323
ACBBA,high,count_b4,trace_0019,19,agx_host_proxy,True,True,True,,,86.50061751392859,121.70227674023343,-35.20165922630484,11.828764473991331,11.538856822934157,0.28990765105717387,31.220845796325918,34.918491575205394,-3.697645778879476,48.0,68.0,-20.0,235.0,586.0,-351.0,56.0,274.0,-218.0,-0.40695269280171975,0.402368
ACBBA,high,count_b4,trace_0020,20,agx_host_proxy,True,True,True,,,112.3117085303162,103.39710621956596,8.91460231075024,11.716020483891263,13.05840273800143,-1.3423822541101664,34.27222954596675,34.81638205931854,-0.5441525133517899,59.0,57.0,2.0,326.0,228.0,98.0,60.0,60.0,0.0,0.07937375744171793,0.494315
ACBBA,high,count_b4,trace_0021,21,agx_host_proxy,True,True,True,,,113.6946830806467,105.63189070627648,8.062792374370218,12.604427216959754,12.815976794110856,-0.2115495771511018,34.425129453501015,35.31256548789026,-0.8874360343892462,64.0,58.0,6.0,336.0,263.0,73.0,56.0,60.0,-4.0,0.07091617792409045,0.440535
ACBBA,high,count_b4,trace_0022,22,agx_host_proxy,True,True,True,,,96.03890108206693,108.17474528783764,-12.13584420577071,13.138955621474244,14.679002180443506,-1.5400465589692622,33.286178181725944,35.19787417640368,-1.9116959946777357,53.0,59.0,-6.0,278.0,336.0,-58.0,66.0,58.0,8.0,-0.1263638387053223,0.484769
ACBBA,high,count_b4,trace_0023,23,agx_host_proxy,True,True,True,,,112.80101634458391,116.30967385668508,-3.5086575121011663,11.877432885989666,12.391074914083307,-0.5136420280936402,34.28542816215763,35.15826552380685,-0.8728373616492178,61.0,63.0,-2.0,392.0,402.0,-10.0,58.0,60.0,-2.0,-0.031104839528953702,0.518347
ACBBA,high,count_b4,trace_0024,24,agx_host_proxy,True,True,True,,,104.41800567951448,84.6371231095327,19.780882569981785,9.362301704122263,10.790421532394632,-1.4281198282723686,33.09306423226491,32.68094493201742,0.41211930024748966,58.0,46.0,12.0,324.0,220.0,104.0,57.0,60.0,-3.0,0.18943938299965588,0.42290700000000003
ACBBA,high,count_b4,trace_0025,25,agx_host_proxy,True,True,True,,,98.77266925136031,101.84330523891428,-3.0706359875539704,10.322010663850929,11.191634000906529,-0.8696233370556001,32.52978418517336,33.44234524421699,-0.9125610590436253,54.0,57.0,-3.0,248.0,290.0,-42.0,57.0,57.0,0.0,-0.03108791137090467,0.391397
ACBBA,high,count_b4,trace_0026,26,agx_host_proxy,True,True,True,,,104.38485401866679,107.16686079083047,-2.782006772163683,9.766295809801383,10.6353920661893,-0.8690962563879179,34.59609529065843,35.3952271480597,-0.7991318574012709,55.0,59.0,-4.0,301.0,312.0,-11.0,60.0,56.0,4.0,-0.026651440942439663,0.482817
ACBBA,high,count_b4,trace_0027,27,agx_host_proxy,True,True,True,,,97.43913113307087,96.5482242894194,0.8909068436514787,9.334664430039895,8.714754464928008,0.6199099651118871,33.41419128871749,31.013077407250336,2.401113881467154,53.0,53.0,0.0,289.0,277.0,12.0,59.0,57.0,2.0,0.009143214161411017,0.457039
ACBBA,high,count_b4,trace_0028,28,agx_host_proxy,True,True,True,,,101.45182061853974,106.77927731673766,-5.327456698197921,8.936591762465127,9.261887330255256,-0.32529556779012836,30.598404216353714,29.980508334396607,0.6178958819571072,57.0,59.0,-2.0,246.0,342.0,-96.0,61.0,61.0,0.0,-0.052512184263594754,0.38343
ACBBA,high,count_b4,trace_0029,29,agx_host_proxy,True,True,True,,,93.90437908652252,97.26570805007903,-3.3613289635565025,8.841933043134874,7.589644834410317,1.2522882087245577,31.227894213726792,30.71990504791596,0.5079891658108302,51.0,53.0,-2.0,266.0,304.0,-38.0,55.0,56.0,-1.0,-0.03579523123686712,0.437235
ACBBA,high,count_b4,trace_0030,30,agx_host_proxy,True,True,True,,,99.31757069293032,95.67619286331083,3.6413778296194863,14.946700502801901,14.391076781781328,0.5556237210205737,36.02381352393855,35.43767742593396,0.5861360980045873,55.0,52.0,3.0,263.0,275.0,-12.0,59.0,61.0,-2.0,0.036663984068618476,0.51244
ACBBA,high,count_b4,trace_0031,31,agx_host_proxy,True,True,True,,,120.03577881508541,89.79738916088718,30.23838965419823,13.672192582237011,13.534734229197461,0.13745835303955012,39.89513418727889,35.435124437018175,4.460009750260717,67.0,45.0,22.0,381.0,286.0,95.0,60.0,58.0,2.0,0.2519114713353952,0.677718
ACBBA,high,count_b4,trace_0032,32,agx_host_proxy,True,True,True,,,97.6892879557975,95.85530910659516,1.8339788492023388,5.219051267801335,5.200020624322055,0.019030643479280407,32.10371271220601,32.208134541595335,-0.10442182938932376,54.0,54.0,0.0,241.0,243.0,-2.0,60.0,60.0,0.0,0.018773592146891054,0.373733
ACBBA,high,count_b4,trace_0033,33,agx_host_proxy,True,True,True,,,100.02321862430729,94.16787015352223,5.85534847078506,13.169859222875715,9.482205409451272,3.6876538134244434,38.40176034949072,30.965213515035256,7.436546834455466,55.0,52.0,3.0,3111.0,310.0,2801.0,2901.0,94.0,2807.0,0.058539892550129494,1.8834689999999998
ACBBA,high,count_b4,trace_0034,34,agx_host_proxy,True,True,True,,,99.54339203368832,95.08489542247922,4.4584966112091,13.662570029561518,14.621163758652274,-0.9585937290907562,37.1094412884068,38.657840863882335,-1.5483995754755355,55.0,51.0,4.0,251.0,263.0,-12.0,63.0,60.0,3.0,0.0447894784387116,0.5003029999999999
ACBBA,high,count_b4,trace_0035,35,agx_host_proxy,True,True,True,,,86.51602964960334,87.13686664960332,-0.6208369999999803,9.573571240804716,9.593657861481123,-0.020086620676407207,31.30856958024832,31.11984440451238,0.1887251757359394,49.0,49.0,0.0,179.0,195.0,-16.0,56.0,56.0,0.0,-0.007175976550408272,0.354428
ACBBA,high,count_b4,trace_0036,36,agx_host_proxy,True,True,True,,,103.24056566987903,101.70290151120437,1.5376641586746587,13.449100598427139,14.012500021983163,-0.5633994235560245,36.86208319161433,37.230446269637035,-0.3683630780227034,56.0,57.0,-1.0,329.0,322.0,7.0,68.0,64.0,4.0,0.01489399199527323,0.631635
ACBBA,high,count_b4,trace_0037,37,agx_host_proxy,True,True,True,,,105.17815639839935,101.84439604850866,3.333760349890696,7.188975723563976,6.936297210137106,0.2526785134268703,29.080545310868374,28.751391878674948,0.32915343219342574,59.0,57.0,2.0,289.0,248.0,41.0,55.0,58.0,-3.0,0.03169631855176186,0.387735
ACBBA,high,count_b4,trace_0038,38,agx_host_proxy,True,True,True,,,112.03154594871997,114.58238248642667,-2.550836537706701,5.363433119049752,8.713681208623282,-3.3502480895735296,29.981160795960562,30.11281469355651,-0.13165389759594603,63.0,65.0,-2.0,377.0,407.0,-30.0,57.0,57.0,0.0,-0.02276891313161287,0.49262300000000003
ACBBA,high,count_b4,trace_0039,39,agx_host_proxy,True,True,True,,,113.19561283236186,112.02392492807626,1.171687904285605,10.002849708447275,12.57574571392069,-2.572896005473414,31.045998495556493,33.89266135166495,-2.8466628561084555,63.0,62.0,1.0,414.0,343.0,71.0,56.0,57.0,-1.0,0.010351001023518708,0.521446
ACBBA,high,count_b4,trace_0040,40,agx_host_proxy,True,True,True,,,109.98271057035012,110.03013788966723,-0.04742731931710864,7.152595407853613,7.129022575471754,0.023572832381859143,31.180584041728405,31.15214319988922,0.028440841839184827,61.0,61.0,0.0,327.0,327.0,0.0,59.0,59.0,0.0,-0.0004312252268666528,0.427863
ACBBA,high,count_b4,trace_0041,41,agx_host_proxy,True,True,True,,,91.10416769682847,88.80636607378267,2.2978016230457996,9.517900149772636,9.769772560702755,-0.2518724109301189,27.180542354878067,27.658494960555903,-0.47795260567783515,48.0,49.0,-1.0,257.0,248.0,9.0,55.0,57.0,-2.0,0.025221696011672044,0.37844
ACBBA,high,count_b4,trace_0042,42,agx_host_proxy,True,True,True,,,101.74989757032323,97.44579162017746,4.304105950145768,9.500473050311689,10.476093227136836,-0.9756201768251476,33.07660169944626,33.523701797460994,-0.4471000980147366,56.0,54.0,2.0,255.0,222.0,33.0,57.0,56.0,1.0,0.04230083816223045,0.42640300000000003
ACBBA,high,count_b4,trace_0043,43,agx_host_proxy,True,True,True,,,97.95280735067472,109.03564656597445,-11.082839215299728,10.29230829969794,11.631519682017935,-1.339211382319995,37.275770736285814,37.97539565823761,-0.6996249219517949,54.0,60.0,-6.0,243.0,269.0,-26.0,57.0,58.0,-1.0,-0.11314468176111328,0.439847
ACBBA,high,count_b4,trace_0044,44,agx_host_proxy,True,True,True,,,97.35177141550061,100.66205748284926,-3.310286067348656,8.0017362042776,7.77108007986824,0.23065612440936079,31.397453009189967,31.386061246661864,0.01139176252810259,53.0,55.0,-2.0,261.0,274.0,-13.0,62.0,58.0,4.0,-0.03400334702920037,0.36576000000000003
ACBBA,high,count_b4,trace_0045,45,agx_host_proxy,True,True,True,,,110.54934511471299,109.39644730211062,1.152897812602376,13.793499631050988,13.76104587316958,0.0324537578814077,43.086346675740714,42.68241139057493,0.4039352851657867,62.0,60.0,2.0,273.0,291.0,-18.0,61.0,61.0,0.0,0.010428807257121751,0.522153
ACBBA,high,count_b4,trace_0046,46,agx_host_proxy,True,True,True,,,92.97969294056651,91.41276683967847,1.5669261008880397,8.527883304994209,8.860083331318283,-0.33220002632407386,30.114018850994636,29.697846797111037,0.41617205388359935,52.0,51.0,1.0,279.0,273.0,6.0,58.0,56.0,2.0,0.01685234755388613,0.47509100000000004
ACBBA,high,count_b4,trace_0047,47,agx_host_proxy,True,True,True,,,113.7990893881585,100.04298672441216,13.756102663746347,8.366237337832846,8.548771233581625,-0.18253389574877943,38.31856315315046,34.25187603379058,4.066687119359877,64.0,55.0,9.0,249.0,227.0,22.0,62.0,55.0,7.0,0.12088060403388214,0.448352
ACBBA,high,count_b4,trace_0048,48,agx_host_proxy,True,True,True,,,92.90265680380455,132.2425212693746,-39.33986446557006,13.451972677998365,14.371801947560481,-0.9198292695621166,38.15535149759224,37.70990239158925,0.4454491060029895,51.0,74.0,-23.0,228.0,444.0,-216.0,60.0,65.0,-5.0,-0.42345252352308416,0.421033
ACBBA,high,count_b4,trace_0049,49,agx_host_proxy,True,True,True,,,109.50400645664871,122.53335293331976,-13.029346476671051,8.81905600590002,10.556920682620133,-1.737864676720113,33.78613208154206,34.72637324437255,-0.9402411628304961,61.0,67.0,-6.0,327.0,355.0,-28.0,56.0,60.0,-4.0,-0.11898511203632726,0.441371
ACBBA,high,count_b8,trace_0000,0,agx_host_proxy,True,True,True,,,107.78516305902336,105.17932702507842,2.6058360339449393,11.474164829976695,10.531450355209671,0.9427144747670244,38.3005925601891,34.5473057021653,3.753286858023799,60.0,59.0,1.0,277.0,272.0,5.0,54.0,57.0,-3.0,0.02417620347726318,0.407677
ACBBA,high,count_b8,trace_0001,1,agx_host_proxy,True,True,True,,,89.39182221725676,89.31952521725674,0.07229700000002026,9.462841550030015,9.437860790030014,0.024980760000001823,31.230752296916922,31.186338836916914,0.04441346000000834,50.0,50.0,0.0,229.0,228.0,1.0,53.0,53.0,0.0,0.0008087652562256819,0.36131399999999997
ACBBA,high,count_b8,trace_0002,2,agx_host_proxy,True,True,True,,,100.7532824303906,102.82429804336911,-2.0710156129785133,10.801297763787128,10.743608099753427,0.057689664033700794,31.560392075757246,31.536768495663793,0.023623580093453,51.0,55.0,-4.0,293.0,301.0,-8.0,52.0,52.0,0.0,-0.020555316541764845,0.393375
ACBBA,high,count_b8,trace_0003,3,agx_host_proxy,True,True,True,,,86.853972117874,103.39945694696726,-16.54548482909327,8.163291299060516,9.82586258415924,-1.6625712850987249,29.65261961467187,32.863533222171384,-3.2109136074995135,47.0,56.0,-9.0,204.0,283.0,-79.0,51.0,54.0,-3.0,-0.19049773344434426,0.35281199999999996
ACBBA,high,count_b8,trace_0004,4,agx_host_proxy,True,True,True,,,98.66233591813422,98.10932494309276,0.5530109750414596,7.8397883581038235,9.221048562958222,-1.3812602048543985,31.907605845046117,30.74295009633719,1.1646557487089275,54.0,54.0,0.0,895.0,257.0,638.0,692.0,52.0,640.0,0.005605086985780718,0.739285
ACBBA,high,count_b8,trace_0005,5,agx_host_proxy,True,True,True,,,97.8261570808096,110.37453316809419,-12.548376087284595,11.292185582560036,11.232164025825629,0.0600215567344069,35.88725920336098,34.93150216184851,0.9557570415124701,54.0,61.0,-7.0,213.0,267.0,-54.0,51.0,51.0,0.0,-0.1282721969433898,0.36078000000000005
ACBBA,high,count_b8,trace_0006,6,agx_host_proxy,True,True,True,,,105.4071646745997,104.70011395906062,0.7070507155390828,9.631035676448073,11.310492057674603,-1.6794563812265295,33.16428732033677,31.427944348198082,1.7363429721386865,57.0,60.0,-3.0,230.0,318.0,-88.0,52.0,52.0,0.0,0.006707805088219616,0.362973
ACBBA,high,count_b8,trace_0007,7,agx_host_proxy,True,True,True,,,86.56824345276654,98.06204827984199,-11.49380482707545,9.39227064578235,9.989065312656498,-0.596794666874148,29.959704621422848,37.059466441675724,-7.099761820252876,47.0,54.0,-7.0,204.0,215.0,-11.0,51.0,53.0,-2.0,-0.13277160733135024,0.349208
ACBBA,high,count_b8,trace_0008,8,agx_host_proxy,True,True,True,,,97.45867861347195,94.39901543423484,3.0596631792371056,14.967595968758078,15.971415210294836,-1.0038192415367586,38.22196129844391,39.470178953578625,-1.2482176551347166,53.0,52.0,1.0,228.0,225.0,3.0,56.0,52.0,4.0,0.031394466072867125,0.49518
ACBBA,high,count_b8,trace_0009,9,agx_host_proxy,True,True,True,,,103.97122960085824,97.0265371989917,6.944692401866533,10.29316352809763,13.243153175732095,-2.9499896476344656,29.02213105782293,33.89385854201339,-4.871727484190462,58.0,53.0,5.0,366.0,225.0,141.0,52.0,55.0,-3.0,0.06679436636968664,0.425091
ACBBA,high,count_b8,trace_0010,10,agx_host_proxy,True,True,True,,,110.29021687904014,78.91008658349106,31.38013029554908,11.46023516144389,11.03043719410631,0.4297979673375796,30.505608756830352,29.6274053002764,0.8782034565539512,60.0,44.0,16.0,379.0,196.0,183.0,58.0,54.0,4.0,0.2845232440694624,0.48517699999999997
ACBBA,high,count_b8,trace_0011,11,agx_host_proxy,True,True,True,,,115.52412278508072,115.5444553433814,-0.020332558300680148,7.117086480351942,7.09854351170045,0.01854296865149152,32.74102654248839,32.804275199581504,-0.06324865709311212,64.0,64.0,0.0,313.0,319.0,-6.0,53.0,57.0,-4.0,-0.00017600270671179667,0.42870400000000003
ACBBA,high,count_b8,trace_0012,12,agx_host_proxy,True,True,True,,,94.3473870901026,95.54688393985992,-1.199496849757324,9.98283987740185,8.992691737258992,0.9901481401428569,31.04942040923813,30.971116930573288,0.07830347866484288,52.0,53.0,-1.0,255.0,241.0,14.0,53.0,53.0,0.0,-0.012713620236369596,0.374383
ACBBA,high,count_b8,trace_0013,13,agx_host_proxy,True,True,True,,,104.54022294610814,88.89272553349825,15.647497412609894,11.167213167453859,13.43597866123456,-2.268765493780702,32.42038511532585,30.46437939602732,1.9560057192985312,57.0,49.0,8.0,323.0,272.0,51.0,54.0,54.0,0.0,0.1496792045361945,0.455237
ACBBA,high,count_b8,trace_0014,14,agx_host_proxy,True,True,True,,,86.55955643257434,92.44758063806412,-5.888024205489785,12.856869609054032,9.964991534759633,2.8918780742943984,33.816847855755796,30.423390591640764,3.393457264115032,48.0,51.0,-3.0,188.0,232.0,-44.0,53.0,53.0,0.0,-0.06802280935989162,0.34325300000000003
ACBBA,high,count_b8,trace_0015,15,agx_host_proxy,True,True,True,,,96.38411134527189,116.79112708920096,-20.407015743929065,13.114477851490019,13.382196558465285,-0.26771870697526623,33.04253146037501,37.12660224188081,-4.084070781505801,53.0,66.0,-13.0,260.0,270.0,-10.0,51.0,54.0,-3.0,-0.21172593137084653,0.35196500000000003
ACBBA,high,count_b8,trace_0016,16,agx_host_proxy,True,True,True,,,84.56444926137883,115.1765002233301,-30.61205096195127,14.741401208873867,12.182911951656553,2.558489257217314,35.30974382698929,34.67914986391356,0.6305939630757322,46.0,64.0,-18.0,220.0,401.0,-181.0,53.0,52.0,1.0,-0.36199669281039126,0.427728
ACBBA,high,count_b8,trace_0017,17,agx_host_proxy,True,True,True,,,141.1712816428899,120.45105284988912,20.720228793000786,14.512933280758679,16.474838450771976,-1.9619051700132975,43.60774205602861,41.86023135731081,1.7475106987178037,79.0,67.0,12.0,342.0,227.0,115.0,54.0,62.0,-8.0,0.14677368195477,0.5119250000000001
ACBBA,high,count_b8,trace_0018,18,agx_host_proxy,True,True,True,,,100.32745494475193,89.13402138246853,11.193433562283403,10.505699498585125,6.600258936501609,3.905440562083516,32.82411774577614,25.26869270194203,7.555425043834113,57.0,49.0,8.0,252.0,259.0,-7.0,55.0,52.0,3.0,0.11156899742395912,0.4403
ACBBA,high,count_b8,trace_0019,19,agx_host_proxy,True,True,True,,,125.2672540346679,102.97597691632637,22.291277118341526,14.203263039795925,11.282607331558168,2.9206557082377564,35.771182744481955,30.1939028796539,5.5772798648280535,69.0,58.0,11.0,363.0,332.0,31.0,59.0,53.0,6.0,0.1779497546275931,0.554905
ACBBA,high,count_b8,trace_0020,20,agx_host_proxy,True,True,True,,,95.97874372046348,94.81506451395802,1.1636792065054635,9.544378297184707,10.932857025835464,-1.3884787286507567,31.255317289866564,33.762335822048655,-2.507018532182091,53.0,53.0,0.0,242.0,194.0,48.0,52.0,52.0,0.0,0.01212434296800821,0.344979
ACBBA,high,count_b8,trace_0021,21,agx_host_proxy,True,True,True,,,95.54715517008339,97.98168893430326,-2.4345337642198785,11.663410099021842,10.438914817431339,1.224495281590503,30.68071913574289,30.41892795450106,0.2617911812418292,53.0,55.0,-2.0,254.0,305.0,-51.0,52.0,52.0,0.0,-0.025479918893306322,0.360809
ACBBA,high,count_b8,trace_0022,22,agx_host_proxy,True,True,True,,,78.77776605188423,102.82871356316699,-24.050947511282757,9.252864635773333,11.999304383826454,-2.7464397480531204,27.199839821611643,28.754784168113595,-1.5549443465019515,43.0,57.0,-14.0,225.0,375.0,-150.0,55.0,58.0,-3.0,-0.3053012127234281,0.38191400000000003
ACBBA,high,count_b8,trace_0023,23,agx_host_proxy,True,True,True,,,112.77248876476027,92.2346096081724,20.537879156587863,11.145688683946998,10.45201862329529,0.6936700606517086,34.02033183432102,31.55311300366049,2.4672188306605314,63.0,51.0,12.0,332.0,209.0,123.0,52.0,52.0,0.0,0.18211781420758752,0.422025
ACBBA,high,count_b8,trace_0024,24,agx_host_proxy,True,True,True,,,100.25705725977329,88.77389979781177,11.483157461961525,8.029411702686788,10.14721975775788,-2.117808055071091,31.934526474014348,30.137976977308288,1.79654949670606,56.0,50.0,6.0,254.0,268.0,-14.0,56.0,52.0,4.0,0.11453714856409393,0.398937
ACBBA,high,count_b8,trace_0025,25,agx_host_proxy,True,True,True,,,99.72933591761844,103.63948915128384,-3.9101532336653975,14.188236554230759,14.028286611449538,0.1599499427812212,35.94247520667904,37.7710232970504,-1.8285480903713562,55.0,55.0,0.0,225.0,266.0,-41.0,56.0,55.0,1.0,-0.0392076533718763,0.40737
ACBBA,high,count_b8,trace_0026,26,agx_host_proxy,True,True,True,,,95.3186592027266,95.18104520272657,0.13761400000002766,10.494414531858144,10.504774169920019,-0.010359638061874676,33.0985089072953,33.059757427295295,0.03875148000000195,52.0,52.0,0.0,226.0,226.0,0.0,52.0,52.0,0.0,0.0014437257211869301,0.369549
ACBBA,high,count_b8,trace_0027,27,agx_host_proxy,True,True,True,,,97.61153959327476,112.84874781161253,-15.23720821833777,10.438446567084062,10.308851224470638,0.12959534261342398,32.32833264118261,37.45688551661934,-5.128552875436725,53.0,60.0,-7.0,255.0,326.0,-71.0,55.0,53.0,2.0,-0.15610048035127586,0.39077300000000004
ACBBA,high,count_b8,trace_0028,28,agx_host_proxy,True,True,True,,,115.5475217329959,103.18678509031524,12.360736642680664,10.200014705674178,9.494181723336816,0.7058329823373626,32.00534038075774,30.522329332427287,1.4830110483304502,65.0,56.0,9.0,360.0,277.0,83.0,56.0,57.0,-1.0,0.10697535055094924,0.41000000000000003
ACBBA,high,count_b8,trace_0029,29,agx_host_proxy,True,True,True,,,92.47309600658116,94.88589531199057,-2.4127993054094077,8.32673869083909,8.968774703941937,-0.6420360131028477,32.89470208168321,33.68373206768171,-0.7890299859985035,50.0,52.0,-2.0,240.0,258.0,-18.0,57.0,53.0,4.0,-0.02609190574994583,0.44920000000000004
ACBBA,high,count_b8,trace_0030,30,agx_host_proxy,True,True,True,,,104.52194142536904,110.33030098604972,-5.808359560680685,13.245930910588516,13.972566753087404,-0.7266358424988884,34.74080862193173,34.42499899761821,0.3158096243135162,56.0,57.0,-1.0,310.0,336.0,-26.0,54.0,54.0,0.0,-0.05557072019015243,0.436814
ACBBA,high,count_b8,trace_0031,31,agx_host_proxy,True,True,True,,,95.63138508997706,107.28313395618478,-11.651748866207726,14.655967094715542,14.145952250644752,0.5100148440707901,38.12936017575042,34.29205541262488,3.8373047631255375,54.0,60.0,-6.0,247.0,362.0,-115.0,54.0,52.0,2.0,-0.1218402186190747,0.475709
ACBBA,high,count_b8,trace_0032,32,agx_host_proxy,True,True,True,,,98.33455689192691,104.07839846602016,-5.743841574093253,5.307067078305144,5.287596014669219,0.019471063635924324,32.41200164230755,32.62433597269638,-0.21233433038882765,54.0,58.0,-4.0,241.0,245.0,-4.0,54.0,54.0,0.0,-0.058411221402115375,0.352792
ACBBA,high,count_b8,trace_0033,33,agx_host_proxy,True,True,True,,,107.3126990706259,125.20684344984404,-17.894144379218147,9.27119157355309,9.43196805842212,-0.1607764848690305,36.41651637872672,36.94827521854552,-0.5317588398187993,60.0,70.0,-10.0,239.0,342.0,-103.0,60.0,57.0,3.0,-0.16674768721865288,0.42381199999999997
ACBBA,high,count_b8,trace_0034,34,agx_host_proxy,True,True,True,,,100.85859448499168,89.55941029184926,11.299184193142423,12.807034415634922,12.636716297118232,0.17031811851668976,37.78200977518147,33.56379579138827,4.2182139837931985,55.0,51.0,4.0,214.0,230.0,-16.0,57.0,53.0,4.0,0.11202995888291706,0.42379900000000004
ACBBA,high,count_b8,trace_0035,35,agx_host_proxy,True,True,True,,,99.26778336567706,112.14955107291284,-12.881767707235781,8.274037075240335,8.620224997479106,-0.34618792223877115,32.26321798641798,33.069385024354446,-0.8061670379364685,55.0,63.0,-8.0,250.0,314.0,-64.0,51.0,51.0,0.0,-0.12976785892138493,0.395648
ACBBA,high,count_b8,trace_0036,36,agx_host_proxy,True,True,True,,,89.09916520781105,92.57523502917594,-3.476069821364888,10.644310120055593,10.707822315348123,-0.06351219529252994,30.08558585535747,30.125440887619376,-0.03985503226190801,50.0,51.0,-1.0,208.0,232.0,-24.0,57.0,57.0,0.0,-0.03901349483193756,0.41526199999999996
ACBBA,high,count_b8,trace_0037,37,agx_host_proxy,True,True,True,,,110.70879732817274,98.55071053117024,12.158086797002497,8.954270597918766,6.993254908491997,1.9610156894267696,31.18505853475799,28.67338176828033,2.5116767664776596,62.0,55.0,7.0,287.0,256.0,31.0,52.0,51.0,1.0,0.10982042159632922,0.385801
ACBBA,high,count_b8,trace_0038,38,agx_host_proxy,True,True,True,,,114.03724823912154,121.79865562876239,-7.761407389640851,8.828181493510296,9.500323614201081,-0.6721421206907845,34.360077956879934,30.165425281694493,4.194652675185441,61.0,67.0,-6.0,337.0,355.0,-18.0,52.0,54.0,-2.0,-0.06806028301705572,0.503465
ACBBA,high,count_b8,trace_0039,39,agx_host_proxy,True,True,True,,,109.49239224847335,130.36064544777003,-20.868253199296674,15.165130366084078,12.212571750711907,2.952558615372171,37.109550104287656,33.62456149678361,3.484988607504043,61.0,73.0,-12.0,308.0,462.0,-154.0,59.0,53.0,6.0,-0.19059089650667158,0.511512
ACBBA,high,count_b8,trace_0040,40,agx_host_proxy,True,True,True,,,102.4386230287725,99.69032437410753,2.748298654664964,6.35606559018743,6.475955507913072,-0.11988991772564273,29.934751401492626,29.39946547569061,0.5352859258020146,56.0,54.0,2.0,250.0,230.0,20.0,51.0,51.0,0.0,0.026828734840500877,0.333303
ACBBA,high,count_b8,trace_0041,41,agx_host_proxy,True,True,True,,,81.93197107169335,79.84664468263281,2.0853263890605405,9.200748304907622,8.898526069494832,0.30222223541279014,26.469935530959237,25.675505370991107,0.7944301599681296,45.0,44.0,1.0,232.0,221.0,11.0,52.0,52.0,0.0,0.02545192507618066,0.367158
ACBBA,high,count_b8,trace_0042,42,agx_host_proxy,True,True,True,,,112.2128885707494,108.56914196298062,3.643746607768776,9.5846866955503,11.87321798772784,-2.28853129217754,31.389169969842857,33.968793546514014,-2.579623576671157,62.0,60.0,2.0,360.0,283.0,77.0,54.0,52.0,2.0,0.03247172988931143,0.46136900000000003
ACBBA,high,count_b8,trace_0043,43,agx_host_proxy,True,True,True,,,115.52434160900334,109.64692216784391,5.877419441159432,11.125868851162082,11.974198655713085,-0.8483298045510033,40.483107513511456,39.47201711482765,1.0110903986838053,64.0,61.0,3.0,266.0,239.0,27.0,56.0,56.0,0.0,0.05087602629281185,0.495429
ACBBA,high,count_b8,trace_0044,44,agx_host_proxy,True,True,True,,,79.50585221013546,95.91050348822225,-16.40465127808679,10.075863437607888,9.127672690496352,0.9481907471115356,28.87970533442692,28.792940690197057,0.08676464422986285,44.0,53.0,-9.0,196.0,279.0,-83.0,53.0,53.0,0.0,-0.20633262611573533,0.318262
ACBBA,high,count_b8,trace_0045,45,agx_host_proxy,True,True,True,,,99.65520840726913,93.42155260231858,6.233655804950544,15.952526685873112,15.410255532402989,0.5422711534701232,38.878188416531636,39.684837392146875,-0.8066489756152393,56.0,52.0,4.0,261.0,193.0,68.0,53.0,53.0,0.0,0.06255223288957412,0.43748
ACBBA,high,count_b8,trace_0046,46,agx_host_proxy,True,True,True,,,101.78469903839995,80.5995649141599,21.18513412424005,8.81273635856807,8.319274473487766,0.4934618850803041,30.14972749538359,29.27821955248397,0.8715079428996191,58.0,45.0,13.0,311.0,203.0,108.0,52.0,51.0,1.0,0.20813672707572295,0.41940500000000003
ACBBA,high,count_b8,trace_0047,47,agx_host_proxy,True,True,True,,,99.35958554419902,120.04714104305336,-20.687555498854337,9.207610103317862,13.505003629216061,-4.297393525898199,34.895301466287854,41.19867010388632,-6.303368637598467,55.0,67.0,-12.0,234.0,498.0,-264.0,51.0,302.0,-251.0,-0.20820895523614785,0.405471
ACBBA,high,count_b8,trace_0048,48,agx_host_proxy,True,True,True,,,97.16245493065269,105.40217344434346,-8.239718513690775,11.998439952158291,14.920843071095835,-2.9224031189375435,33.09746814753579,37.98906810811942,-4.891599960583626,54.0,58.0,-4.0,228.0,276.0,-48.0,52.0,54.0,-2.0,-0.08480352333184327,0.404048
ACBBA,high,count_b8,trace_0049,49,agx_host_proxy,True,True,True,,,96.29327324076668,95.80373136244319,0.48954187832349305,12.204520487149468,14.1524595416263,-1.9479390544768318,34.84947565487422,34.60198617006177,0.2474894848124478,53.0,54.0,-1.0,247.0,229.0,18.0,52.0,54.0,-2.0,0.005083863720152788,0.37523900000000004
ACBBA,high,eager_b1,trace_0000,0,rp2040_hardware,True,True,True,,,91.87194494676585,94.21763643689611,-2.345691490130264,13.667038685009475,9.6549819976559,4.012056687353574,35.947155510501865,31.547995918067503,4.399159592434362,44.0,51.0,-7.0,321.0,354.0,-33.0,92.0,100.0,-8.0,-0.025532184950361594,45.534048000000006
ACBBA,high,eager_b1,trace_0001,1,rp2040_hardware,True,True,True,,,103.71027006199263,101.99431302933569,1.715957032656945,8.010649356619115,7.894085786671675,0.11656356994744055,41.21199388416367,32.149725307640196,9.062268576523472,52.0,57.0,-5.0,327.0,425.0,-98.0,94.0,92.0,2.0,0.016545680882242758,40.758125
ACBBA,high,eager_b1,trace_0002,2,rp2040_hardware,True,True,True,,,96.38171421463109,97.79606685540732,-1.4143526407762295,16.4835102966339,14.606924532236064,1.8765857643978343,39.15077595655624,36.24134723231492,2.909428724241316,47.0,55.0,-8.0,331.0,358.0,-27.0,92.0,92.0,0.0,-0.014674491445821636,44.437798
ACBBA,high,eager_b1,trace_0003,3,rp2040_hardware,True,True,True,,,112.41569280727565,89.34551927620048,23.07017353107517,13.966195034605363,8.1581725792252,5.808022455380163,41.56238316304859,28.2193061121488,13.343077050899787,56.0,49.0,7.0,407.0,392.0,15.0,92.0,94.0,-2.0,0.2052220019728602,46.074643
ACBBA,high,eager_b1,trace_0004,4,agx_host_proxy,True,True,True,,,105.15490838953873,94.89475499503554,10.260153394503192,9.630965190744627,10.679714986066971,-1.048749795322344,31.813358672225135,37.10602888391022,-5.292670211685085,59.0,53.0,6.0,422.0,318.0,104.0,94.0,95.0,-1.0,0.09757179718606379,0.592669
ACBBA,high,eager_b1,trace_0005,5,agx_host_proxy,True,True,True,,,99.08000335790783,106.29060707327375,-7.21060371536592,6.775110225191929,9.01031833133743,-2.2352081061455014,32.423014958937145,34.05924414891983,-1.6362291899826857,55.0,59.0,-4.0,346.0,434.0,-88.0,92.0,98.0,-6.0,-0.0727755699534948,0.5036579999999999
ACBBA,high,eager_b1,trace_0006,6,agx_host_proxy,True,True,True,,,105.18591097698524,104.02737097698524,1.1585400000000021,9.063365529616544,9.109363158488089,-0.045997628871544904,31.676267912676852,31.652985607277035,0.02328230539981746,57.0,57.0,0.0,426.0,423.0,3.0,94.0,94.0,0.0,0.011014212732858221,0.583244
ACBBA,high,eager_b1,trace_0007,7,agx_host_proxy,True,True,True,,,105.58140796333915,98.05968134385833,7.521726619480816,7.683915598535613,8.801231719096638,-1.117316120561025,31.466792989248447,32.38372034159192,-0.9169273523434711,59.0,54.0,5.0,395.0,357.0,38.0,92.0,92.0,0.0,0.07124101453631469,0.520468
ACBBA,high,eager_b1,trace_0008,8,agx_host_proxy,True,True,True,,,98.7897685281069,93.10814930478587,5.681619223321036,11.719536836923204,13.807280169363121,-2.087743332439917,39.38937629453097,40.81998918334183,-1.4306128888108631,55.0,51.0,4.0,339.0,335.0,4.0,92.0,92.0,0.0,0.05751222325927958,0.645783
ACBBA,high,eager_b1,trace_0009,9,agx_host_proxy,True,True,True,,,104.87360732178017,90.45532344032921,14.41828388145096,10.79376975772702,10.21571121675314,0.5780585409738794,31.221537199122587,31.477571083948312,-0.256033884825726,58.0,51.0,7.0,441.0,321.0,120.0,95.0,98.0,-3.0,0.137482482482097,0.58832
ACBBA,high,eager_b1,trace_0010,10,agx_host_proxy,True,True,True,,,94.16546789354815,89.65262094742117,4.5128469461269844,10.49955989659057,14.504846297636202,-4.005286401045632,30.362637444304074,35.64389518613677,-5.281257741832693,52.0,50.0,2.0,411.0,332.0,79.0,96.0,100.0,-4.0,0.04792464846273213,0.588478
ACBBA,high,eager_b1,trace_0011,11,agx_host_proxy,True,True,True,,,100.9800887569044,111.57014602589808,-10.59005726899369,6.478702516426949,7.255807602138324,-0.7771050857113746,27.84691021381041,33.42008485466133,-5.573174640850922,56.0,63.0,-7.0,419.0,387.0,32.0,94.0,97.0,-3.0,-0.10487272688468108,0.5292720000000001
ACBBA,high,eager_b1,trace_0012,12,agx_host_proxy,True,True,True,,,81.54352468530921,81.58404114465803,-0.04051645934882231,5.939248960178692,6.397442246248702,-0.45819328607001,26.9695092531277,27.094998547005957,-0.1254892938782568,46.0,46.0,0.0,345.0,341.0,4.0,92.0,92.0,0.0,-0.0004968691199599533,0.518089
ACBBA,high,eager_b1,trace_0013,13,agx_host_proxy,True,True,True,,,84.04998970852128,84.68035290616722,-0.6303631976459343,11.890339592404988,11.878520029319658,0.011819563085330387,30.54114717257078,29.482514285803113,1.0586328867676684,46.0,46.0,0.0,324.0,326.0,-2.0,97.0,99.0,-2.0,-0.00749986049768696,0.573728
ACBBA,high,eager_b1,trace_0014,14,agx_host_proxy,True,True,True,,,101.93416777975014,89.49572328090724,12.438444498842898,6.379069866662955,6.889563842882964,-0.5104939762200091,29.30840241208697,30.03326567372949,-0.7248632616425184,56.0,49.0,7.0,421.0,325.0,96.0,92.0,92.0,0.0,0.12202429047852464,0.491801
ACBBA,high,eager_b1,trace_0015,15,agx_host_proxy,True,True,True,,,119.42424379545058,100.3991516491592,19.025092146291385,9.395132935443792,8.928508395010896,0.46662454043289614,33.529244160870945,29.908607136320864,3.6206370245500814,66.0,56.0,10.0,527.0,410.0,117.0,96.0,95.0,1.0,0.15930678346079793,0.653859
ACBBA,high,eager_b1,trace_0016,16,agx_host_proxy,True,True,True,,,99.0562482169607,100.40457950968957,-1.3483312927288722,13.374848090153742,11.254988699786168,2.1198593903675746,34.29034421733495,30.642545445166174,3.6477987721687732,50.0,55.0,-5.0,438.0,462.0,-24.0,97.0,92.0,5.0,-0.013611774289852491,0.659283
ACBBA,high,eager_b1,trace_0017,17,agx_host_proxy,True,True,True,,,97.73886811377442,119.51821122918108,-21.77934311540666,6.7245754817207635,5.901159684223351,0.8234157974974128,31.69237102578787,36.37997248653635,-4.687601460748482,55.0,67.0,-12.0,386.0,503.0,-117.0,94.0,94.0,0.0,-0.22283195555379345,0.54011
ACBBA,high,eager_b1,trace_0018,18,agx_host_proxy,True,True,True,,,103.45847555257403,115.12443990022791,-11.665964347653883,11.167229078272884,10.786899887306332,0.3803291909665525,31.30065546801943,32.8576896462893,-1.5570341782698733,57.0,65.0,-8.0,450.0,463.0,-13.0,94.0,94.0,0.0,-0.11275987090806923,0.5809040000000001
ACBBA,high,eager_b1,trace_0019,19,agx_host_proxy,True,True,True,,,90.14925879287097,127.56082751263888,-37.411568719767914,11.60995922055257,12.889568600983969,-1.279609380431399,30.93603561643574,33.666403624744284,-2.7303680083085453,50.0,71.0,-21.0,723.0,652.0,71.0,424.0,263.0,161.0,-0.4149958548824634,0.823727
ACBBA,high,eager_b1,trace_0020,20,agx_host_proxy,True,True,True,,,99.67595399558829,96.97148438341571,2.7044696121725735,11.136753576773877,11.961682445726424,-0.8249288689525471,33.34090368912358,32.85771550624051,0.48318818288306886,55.0,53.0,2.0,347.0,352.0,-5.0,94.0,95.0,-1.0,0.027132618287177616,0.515725
ACBBA,high,eager_b1,trace_0021,21,agx_host_proxy,True,True,True,,,90.43048961576247,94.9216002979344,-4.491110682171936,11.50445237912526,11.245545694581496,0.25890668454376353,30.978758860292682,31.201676818779408,-0.22291795848672535,50.0,53.0,-3.0,350.0,377.0,-27.0,94.0,92.0,2.0,-0.04966367760757002,0.558486
ACBBA,high,eager_b1,trace_0022,22,agx_host_proxy,True,True,True,,,98.58213554265106,113.77031451805098,-15.188178975399921,13.722327583803263,15.651559162566407,-1.9292315787631438,35.04802704375276,37.47754933796463,-2.4295222942118713,55.0,63.0,-8.0,388.0,381.0,7.0,104.0,107.0,-3.0,-0.1540662402147784,0.611836
ACBBA,high,eager_b1,trace_0023,23,agx_host_proxy,True,True,True,,,114.60327616958408,114.5808838608313,0.022392308752770873,8.496041632966472,8.250154052242658,0.24588758072381367,32.84453559056684,33.22328618229911,-0.37875059173227044,63.0,63.0,0.0,480.0,444.0,36.0,94.0,94.0,0.0,0.00019538977855777768,0.61622
ACBBA,high,eager_b1,trace_0024,24,agx_host_proxy,True,True,True,,,100.56640593067588,94.91607367033221,5.650332260343674,11.140653177189522,10.007000799421267,1.1336523777682554,33.36403916100486,31.43182268519746,1.932216475807401,56.0,51.0,5.0,386.0,354.0,32.0,96.0,102.0,-6.0,0.05618508693885964,0.58882
ACBBA,high,eager_b1,trace_0025,25,agx_host_proxy,True,True,True,,,108.36226014055438,105.32161783164698,3.040642308907408,15.041685565522139,7.934368050132827,7.107317515389312,39.1738683379994,33.83323377585335,5.34063456214605,60.0,58.0,2.0,420.0,428.0,-8.0,98.0,92.0,6.0,0.02805997498541887,0.680498
ACBBA,high,eager_b1,trace_0026,26,agx_host_proxy,True,True,True,,,102.02171276384036,99.99754314460802,2.024169619232339,10.629775046946385,10.964678781343984,-0.33490373439759935,32.59392291960307,33.515463863726055,-0.921540944122988,57.0,54.0,3.0,421.0,372.0,49.0,92.0,95.0,-3.0,0.019840576720348564,0.617677
ACBBA,high,eager_b1,trace_0027,27,agx_host_proxy,True,True,True,,,90.0952939107347,91.52480015555714,-1.4295062448224485,10.846819884814579,11.631443935286516,-0.7846240504719368,30.045966754855257,29.93969305304415,0.10627370181110862,50.0,50.0,0.0,365.0,387.0,-22.0,95.0,94.0,1.0,-0.01586660282432494,0.521509
ACBBA,high,eager_b1,trace_0028,28,agx_host_proxy,True,True,True,,,109.67230321521528,123.44737727090559,-13.775074055690311,10.530583327492385,9.165198208338207,1.365385119154178,33.55125258253654,33.27367101891327,0.27758156362327213,61.0,66.0,-5.0,360.0,415.0,-55.0,94.0,98.0,-4.0,-0.12560212243066343,0.546028
ACBBA,high,eager_b1,trace_0029,29,agx_host_proxy,True,True,True,,,83.72735272291904,108.53367934308886,-24.806326620169827,7.1315147677262996,8.38503671969728,-1.2535219519709813,31.318207991994473,35.439880647963335,-4.121672655968862,46.0,60.0,-14.0,336.0,408.0,-72.0,94.0,94.0,0.0,-0.29627506201303183,0.591299
ACBBA,high,eager_b1,trace_0030,30,agx_host_proxy,True,True,True,,,101.92441294187314,129.03980110880497,-27.115388166931822,14.267866950838053,16.084158438505384,-1.8162914876673302,35.456534179614565,39.23735361137336,-3.7808194317587933,56.0,66.0,-10.0,420.0,511.0,-91.0,92.0,96.0,-4.0,-0.26603428348805463,0.571588
ACBBA,high,eager_b1,trace_0031,31,agx_host_proxy,True,True,True,,,93.80808122543839,88.97094455623005,4.837136669208334,13.302033289529673,12.946797494751074,0.3552357947785989,34.035844665314684,33.54785240602917,0.4879922592855124,48.0,48.0,0.0,388.0,331.0,57.0,96.0,92.0,4.0,0.051564178757518654,0.649733
ACBBA,high,eager_b1,trace_0032,32,agx_host_proxy,True,True,True,,,103.31941214721856,100.14596614721853,3.173446000000027,6.217460738105743,6.271880212257953,-0.05441947415221016,29.16124119696862,28.890087080226973,0.27115411674164847,56.0,56.0,0.0,417.0,389.0,28.0,92.0,92.0,0.0,0.030714905689535117,0.539567
ACBBA,high,eager_b1,trace_0033,33,agx_host_proxy,True,True,True,,,82.49296495864466,89.71237144039021,-7.219406481745551,11.527845341731169,12.460919417197825,-0.9330740754666564,33.04233539241644,34.569258603900906,-1.5269232114844655,46.0,50.0,-4.0,321.0,340.0,-19.0,94.0,96.0,-2.0,-0.08751542007690935,0.576975
ACBBA,high,eager_b1,trace_0034,34,agx_host_proxy,True,True,True,,,112.9408035214377,96.64264612760333,16.298157393834373,12.147952563318832,13.300658250754777,-1.1527056874359456,35.48580428069267,37.68772949275782,-2.2019252120651487,62.0,53.0,9.0,869.0,349.0,520.0,475.0,100.0,375.0,0.14430707844876242,0.8604149999999999
ACBBA,high,eager_b1,trace_0035,35,agx_host_proxy,True,True,True,,,110.4149479135633,117.41622037517864,-7.0012724616153434,9.153188523140154,7.678540994302399,1.474647528837755,32.8083790073799,31.50026871529213,1.3081102920877683,61.0,59.0,2.0,453.0,496.0,-43.0,95.0,92.0,3.0,-0.06340873762034635,0.576428
ACBBA,high,eager_b1,trace_0036,36,agx_host_proxy,True,True,True,,,86.6777445066784,109.144181019052,-22.466436512373605,9.816525421786617,11.262858190233064,-1.4463327684464478,29.472766954046516,30.708865766324664,-1.236098812278147,48.0,60.0,-12.0,619.0,537.0,82.0,378.0,172.0,206.0,-0.25919498298254173,0.6896650000000001
ACBBA,high,eager_b1,trace_0037,37,agx_host_proxy,True,True,True,,,98.72187024545985,95.58818239411133,3.133687851348526,5.872433632519064,5.886505257497098,-0.014071624978034158,28.626761423672427,28.727839299544378,-0.10107787587195105,56.0,52.0,4.0,362.0,347.0,15.0,96.0,96.0,0.0,0.03174259000115166,0.443
ACBBA,high,eager_b1,trace_0038,38,agx_host_proxy,True,True,True,,,107.14378179110564,86.85190859940963,20.291873191696013,7.468700362989916,7.921107810520331,-0.4524074475304154,30.927594784674245,29.83601743113263,1.0915773535416164,59.0,48.0,11.0,423.0,337.0,86.0,94.0,94.0,0.0,0.1893891820176587,0.5880580000000001
ACBBA,high,eager_b1,trace_0039,39,agx_host_proxy,True,True,True,,,100.98150752902376,108.94045037643232,-7.958942847408565,14.562664492278708,12.66177085986824,1.9008936324104688,38.46770472852633,33.470141673483894,4.997563055042434,57.0,61.0,-4.0,351.0,403.0,-52.0,94.0,92.0,2.0,-0.07881584502113947,0.6123040000000001
ACBBA,high,eager_b1,trace_0040,40,agx_host_proxy,True,True,True,,,93.83371500925703,96.57698787361976,-2.743272864362723,6.317140243355327,6.47849689765557,-0.16135665430024293,32.651378173284,33.64854921836034,-0.9971710450763354,51.0,54.0,-3.0,333.0,325.0,8.0,96.0,94.0,2.0,-0.029235471110699275,0.480985
ACBBA,high,eager_b1,trace_0041,41,agx_host_proxy,True,True,True,,,86.55946487729258,98.09996190882626,-11.540497031533675,9.450829872099913,9.944537310738268,-0.49370743863835465,26.711630719570497,27.655908312407504,-0.9442775928370075,48.0,54.0,-6.0,369.0,418.0,-49.0,94.0,94.0,0.0,-0.1333244960316423,0.507489
ACBBA,high,eager_b1,trace_0042,42,agx_host_proxy,True,True,True,,,95.13808546685452,107.21013998460084,-12.072054517746324,6.590109644551054,7.234218175993914,-0.6441085314428596,31.403435849006314,29.820672223160233,1.5827636258460807,52.0,60.0,-8.0,2232.0,422.0,1810.0,2010.0,94.0,1916.0,-0.12688981976573566,1.4324
ACBBA,high,eager_b1,trace_0043,43,agx_host_proxy,True,True,True,,,121.2871127321086,112.1170658770416,9.170046855067,9.222939310583193,10.884572844372789,-1.6616335337895958,36.26045219007324,38.59472936714291,-2.334277177069673,68.0,62.0,6.0,450.0,358.0,92.0,92.0,96.0,-4.0,0.07560611056280338,0.66068
ACBBA,high,eager_b1,trace_0044,44,agx_host_proxy,True,True,True,,,104.75045967697685,114.4937460851857,-9.74328640820886,8.280992754768027,8.191504128933063,0.08948862583496364,29.510933953099155,30.37405551545989,-0.8631215623607353,57.0,63.0,-6.0,411.0,402.0,9.0,92.0,94.0,-2.0,-0.09301425920472921,0.526477
ACBBA,high,eager_b1,trace_0045,45,agx_host_proxy,True,True,True,,,93.53097009926633,96.19261976275537,-2.661649663489044,12.246429057276417,12.44440754067535,-0.19797848339893243,39.86793602949548,39.46972607364143,0.3982099558540497,52.0,54.0,-2.0,338.0,371.0,-33.0,92.0,94.0,-2.0,-0.028457415342363932,0.624413
ACBBA,high,eager_b1,trace_0046,46,agx_host_proxy,True,True,True,,,93.793339208435,100.26888574043728,-6.475546532002284,9.263644874152464,7.276601111821018,1.9870437623314459,32.60488107453981,32.19132255759132,0.4135585169484912,51.0,57.0,-6.0,364.0,369.0,-5.0,100.0,94.0,6.0,-0.06904057992446362,0.616818
ACBBA,high,eager_b1,trace_0047,47,agx_host_proxy,True,True,True,,,116.11905628167315,136.7854965484259,-20.666440266752744,11.099573955496577,7.6708957558712285,3.428678199625349,40.30031560594852,34.43659739418319,5.863718211765331,64.0,77.0,-13.0,365.0,556.0,-191.0,98.0,96.0,2.0,-0.17797630232734235,0.621423
ACBBA,high,eager_b1,trace_0048,48,agx_host_proxy,True,True,True,,,87.78532411063158,103.5800661786604,-15.794742068028825,10.590636216304466,10.736362698033314,-0.1457264817288486,32.950126667899816,33.718403086114435,-0.7682764182146187,49.0,57.0,-8.0,335.0,451.0,-116.0,94.0,94.0,0.0,-0.17992463123019833,0.610155
ACBBA,high,eager_b1,trace_0049,49,agx_host_proxy,True,True,True,,,99.3328561368491,126.35372328626953,-27.020867149420425,12.52015448931049,10.155431581748964,2.364722907561527,33.45332565112392,32.37330794633793,1.0800177047859876,54.0,72.0,-18.0,364.0,776.0,-412.0,92.0,353.0,-261.0,-0.27202345930931715,0.501424
ACBBA,low,bounded_b4_w5,trace_0000,0,rp2040_hardware,True,True,True,,,634.3406580885571,645.3939051799279,-11.053247091370736,1.8552573543869033,2.253887314051053,-0.3986299596641496,18.558463870302297,18.3301427071804,0.22832116312189754,128.0,160.0,-32.0,2159.0,2475.0,-316.0,77.0,136.0,-59.0,-0.01742478107059574,43.240328
ACBBA,low,bounded_b4_w5,trace_0001,1,agx_host_proxy,True,True,True,,,590.0347054986773,598.0294044693273,-7.994698970650006,2.0570266824852492,2.09989245092123,-0.042865768435980556,18.386763249237024,19.401966485986588,-1.0152032367495636,136.0,167.0,-31.0,1829.0,2052.0,-223.0,76.0,78.0,-2.0,-0.013549540215423697,0.690829
ACBBA,low,bounded_b4_w5,trace_0002,2,agx_host_proxy,True,True,True,,,527.6874313474418,525.9159756624967,1.7714556849450673,2.072763750133936,2.6565134295251718,-0.5837496793912358,16.336833862282806,22.496113630668535,-6.15927976838573,130.0,165.0,-35.0,1730.0,1855.0,-125.0,75.0,81.0,-6.0,0.0033570170136925227,0.654673
ACBBA,low,bounded_b4_w5,trace_0003,3,agx_host_proxy,True,True,True,,,562.3235105266091,579.9393513873956,-17.615840860786534,1.8155032175533987,2.1068106887666733,-0.2913074712132746,16.782403533291145,18.966383134992032,-2.1839796017008872,117.0,142.0,-25.0,1744.0,1838.0,-94.0,74.0,104.0,-30.0,-0.03132687951156357,0.662913
ACBBA,low,bounded_b4_w5,trace_0004,4,agx_host_proxy,True,True,True,,,673.7877157450542,684.3783336263905,-10.590617881336243,2.262569948509973,1.9274304871081882,0.33513946140178463,19.536831649428397,17.63977146681997,1.8970601826084277,171.0,145.0,26.0,2414.0,2200.0,214.0,74.0,80.0,-6.0,-0.01571803349015566,0.9479270000000001
ACBBA,low,bounded_b4_w5,trace_0005,5,agx_host_proxy,True,True,True,,,578.261142431255,585.0441039257784,-6.782961494523306,1.8615194519423541,1.978279248394288,-0.1167597964519338,15.588587253789754,15.439469330813493,0.14911792297626114,127.0,123.0,4.0,2420.0,2269.0,151.0,400.0,73.0,327.0,-0.011729927876538374,0.87896
ACBBA,low,bounded_b4_w5,trace_0006,6,agx_host_proxy,True,True,True,,,592.8736227881557,594.3708937751229,-1.4972709869672371,2.689692788354485,2.0676607630943855,0.6220320252600997,22.550633789758518,16.864984291874144,5.6856494978843735,190.0,136.0,54.0,2195.0,2082.0,113.0,83.0,79.0,4.0,-0.0025254471263637898,0.845854
ACBBA,low,bounded_b4_w5,trace_0007,7,agx_host_proxy,True,True,True,,,639.6142838444864,637.6494848681356,1.964798976350835,2.054680130288496,2.2785167595678275,-0.22383662927933168,18.15697468701874,20.115280954010935,-1.9583062669921958,136.0,163.0,-27.0,2317.0,2509.0,-192.0,80.0,83.0,-3.0,0.003071849747540268,0.8552
ACBBA,low,bounded_b4_w5,trace_0008,8,agx_host_proxy,True,True,True,,,427.1637346092079,444.7404145423746,-17.5766799331667,2.381677796625046,2.2747959811663687,0.10688181545867748,17.86700733234045,17.486782829927247,0.3802245024132027,135.0,139.0,-4.0,2155.0,1896.0,259.0,392.0,96.0,296.0,-0.041147406741461286,0.808438
ACBBA,low,bounded_b4_w5,trace_0009,9,agx_host_proxy,True,True,True,,,551.4112982313939,547.449237295527,3.962060935866816,1.7806483565021112,1.461648718591487,0.31899963791062413,15.85073285522722,14.56939396863413,1.2813388865930904,128.0,122.0,6.0,2870.0,2019.0,851.0,720.0,78.0,642.0,0.007185309674601879,1.033622
ACBBA,low,bounded_b4_w5,trace_0010,10,agx_host_proxy,True,True,True,,,455.5173611065536,455.4034892682462,0.11387183830743197,2.148450287210199,1.9931523616801181,0.15529792553008104,17.863222679217266,17.682716083709362,0.1805065955079037,133.0,140.0,-7.0,1895.0,1967.0,-72.0,78.0,79.0,-1.0,0.00024998353088192247,0.719043
ACBBA,low,bounded_b4_w5,trace_0011,11,agx_host_proxy,True,True,True,,,580.0968306013601,607.3445796828713,-27.247749081511188,2.1091338588515653,1.8831901239985696,0.2259437348529958,15.113020558499507,16.14005742702566,-1.027036868526153,137.0,132.0,5.0,2317.0,2321.0,-4.0,84.0,82.0,2.0,-0.04697103594457615,0.869264
ACBBA,low,bounded_b4_w5,trace_0012,12,agx_host_proxy,True,True,True,,,546.494985445512,540.5881065615231,5.906878883988952,1.7860817134269331,1.67885548534317,0.10722622808376303,15.366783599002616,13.624151324780888,1.7426322742217284,139.0,121.0,18.0,2063.0,2138.0,-75.0,78.0,75.0,3.0,0.01080866072206237,0.778517
ACBBA,low,bounded_b4_w5,trace_0013,13,agx_host_proxy,True,True,True,,,608.3742622331227,597.4768147016147,10.897447531508078,2.02642492332423,1.9507716245005478,0.07565329882368221,18.164328286925933,15.56856504545278,2.5957632414731524,151.0,125.0,26.0,2088.0,1931.0,157.0,78.0,84.0,-6.0,0.017912407226938685,0.7989839999999999
ACBBA,low,bounded_b4_w5,trace_0014,14,agx_host_proxy,True,True,True,,,561.2598294458485,553.6915546489611,7.568274796887408,2.382266335074483,2.121149078238554,0.261117256835929,17.182304107029022,16.680976088191613,0.501328018837409,127.0,123.0,4.0,1838.0,1728.0,110.0,72.0,68.0,4.0,0.013484440538635789,0.730974
ACBBA,low,bounded_b4_w5,trace_0015,15,agx_host_proxy,True,True,True,,,616.8111347349982,614.5736707177184,2.2374640172797626,1.5629182493621196,1.7527282655466543,-0.18981001618453464,18.23429510866538,17.678190324167034,0.5561047844983449,152.0,158.0,-6.0,2376.0,2247.0,129.0,83.0,88.0,-5.0,0.0036274702113492955,0.896276
ACBBA,low,bounded_b4_w5,trace_0016,16,agx_host_proxy,True,True,True,,,480.3685862598521,486.6835878747154,-6.315001614863263,2.0377845263571643,2.207811757281952,-0.17002723092478744,17.85178948824012,17.437050894139865,0.41473859410025327,146.0,121.0,25.0,1980.0,1843.0,137.0,263.0,82.0,181.0,-0.013146158586330219,0.797814
ACBBA,low,bounded_b4_w5,trace_0017,17,agx_host_proxy,True,True,True,,,647.8969929221564,670.8403555752219,-22.943362653065492,1.8649142267410928,1.9708400295657484,-0.10592580282465569,19.20926733245793,19.5453413150029,-0.33607398254497056,162.0,146.0,16.0,2439.0,2483.0,-44.0,78.0,81.0,-3.0,-0.035412053001798845,0.947446
ACBBA,low,bounded_b4_w5,trace_0018,18,agx_host_proxy,True,True,True,,,617.3672241520001,627.1105400042172,-9.743315852217165,1.8352761522858134,2.266356492646243,-0.4310803403604295,15.27363496995844,16.120908800238787,-0.8472738302803471,154.0,147.0,7.0,1956.0,2255.0,-299.0,82.0,79.0,3.0,-0.015782042633702066,0.749819
ACBBA,low,bounded_b4_w5,trace_0019,19,agx_host_proxy,True,True,True,,,541.6997087822688,537.2317932087933,4.467915573475466,2.0289971749632225,2.2328819046573387,-0.2038847296941162,15.27931757871327,17.437550109971166,-2.1582325312578963,118.0,134.0,-16.0,1864.0,1739.0,125.0,78.0,84.0,-6.0,0.008247956388086787,0.691417
ACBBA,low,bounded_b4_w5,trace_0020,20,agx_host_proxy,True,True,True,,,639.7890398533107,633.0443256282945,6.744714225016196,1.7770684836989166,1.6888041524150648,0.0882643312838518,15.526079374687818,14.145613212009694,1.3804661626781236,128.0,120.0,8.0,2195.0,1993.0,202.0,74.0,77.0,-3.0,0.01054209091572217,0.800098
ACBBA,low,bounded_b4_w5,trace_0021,21,agx_host_proxy,True,True,True,,,539.0326431375648,533.018800657742,6.01384247982287,1.8522532138281556,2.276955331280234,-0.4247021174520784,16.425510659564868,17.53567546955856,-1.110164809993691,124.0,154.0,-30.0,1979.0,1897.0,82.0,79.0,76.0,3.0,0.011156731519668088,0.7471990000000001
ACBBA,low,bounded_b4_w5,trace_0022,22,agx_host_proxy,True,True,True,,,532.8403575896477,548.5829093228886,-15.742551733240816,2.043732326033132,1.8044421017969112,0.2392902242362207,16.272331291967774,15.467515066380415,0.8048162255873592,130.0,149.0,-19.0,2172.0,2184.0,-12.0,76.0,121.0,-45.0,-0.02954459343968181,0.818344
ACBBA,low,bounded_b4_w5,trace_0023,23,agx_host_proxy,True,True,True,,,606.7103947381133,601.6363535506615,5.074041187451826,2.0413637634987456,2.0155129891711354,0.025850774327610182,20.311235728060886,18.201800046642834,2.109435681418052,166.0,152.0,14.0,2302.0,2133.0,169.0,75.0,177.0,-102.0,0.00836320134195498,0.9136610000000001
ACBBA,low,bounded_b4_w5,trace_0024,24,agx_host_proxy,True,True,True,,,629.6847715341773,630.4008220369852,-0.7160505028078887,1.8089035144249228,2.0716351202767287,-0.2627316058518059,17.624953501008765,18.6693914167251,-1.0444379157163368,134.0,153.0,-19.0,2016.0,2199.0,-183.0,79.0,87.0,-8.0,-0.0011371570906237546,0.751556
ACBBA,low,bounded_b4_w5,trace_0025,25,agx_host_proxy,True,True,True,,,561.9669373779886,554.1460296107518,7.820907767236804,1.9157923589156232,1.9447958712777458,-0.02900351236212262,17.39418650054792,18.840080943814673,-1.4458944432667522,129.0,147.0,-18.0,2420.0,1997.0,423.0,82.0,74.0,8.0,0.01391702473410162,0.901748
ACBBA,low,bounded_b4_w5,trace_0026,26,agx_host_proxy,True,True,True,,,626.5236940459245,610.2629235273798,16.260770518544632,2.152388487930155,1.871661822098989,0.28072666583116623,19.044786756962388,16.839829354792045,2.2049574021703435,142.0,140.0,2.0,2319.0,2543.0,-224.0,83.0,447.0,-364.0,0.025953959400221358,0.89491
ACBBA,low,bounded_b4_w5,trace_0027,27,agx_host_proxy,True,True,True,,,442.5232949939169,442.310698323584,0.21259667033291407,2.653317288194718,2.49767637617093,0.1556409120237876,18.2461083772749,18.376726014190243,-0.13061763691534267,138.0,137.0,1.0,1659.0,1750.0,-91.0,75.0,72.0,3.0,0.00048041916151744395,0.657675
ACBBA,low,bounded_b4_w5,trace_0028,28,agx_host_proxy,True,True,True,,,729.2889099756507,725.24036453197,4.048545443680609,1.3860931277380213,1.572226166274703,-0.18613303853668173,14.263652159344984,13.982113330059043,0.28153882928594065,126.0,121.0,5.0,2890.0,2471.0,419.0,465.0,152.0,313.0,0.005551360219937776,1.038915
ACBBA,low,bounded_b4_w5,trace_0029,29,agx_host_proxy,True,True,True,,,608.6264669596951,611.6256351896542,-2.999168229959082,2.1343347200936176,2.1899029106522954,-0.05556819055867779,17.931400231048805,17.54400157729174,0.3873986537570637,155.0,134.0,21.0,2101.0,2142.0,-41.0,76.0,81.0,-5.0,-0.004927765046007595,0.7767930000000001
ACBBA,low,bounded_b4_w5,trace_0030,30,agx_host_proxy,True,True,True,,,388.02717611554783,389.4345856616548,-1.407409546106976,2.4502000749485537,2.0780097938817836,0.3721902810667701,20.439051992932082,20.570691390432188,-0.13163939750010556,109.0,137.0,-28.0,1501.0,1397.0,104.0,66.0,66.0,0.0,-0.00362709014403639,0.623947
ACBBA,low,bounded_b4_w5,trace_0031,31,agx_host_proxy,True,True,True,,,499.0049664840627,494.9687294185266,4.036237065536113,2.3275733709836506,2.255768789061371,0.07180458192227945,19.41440697072093,18.48748598562723,0.9269209850936981,137.0,133.0,4.0,1631.0,1795.0,-164.0,69.0,69.0,0.0,0.008088570929413832,0.634351
ACBBA,low,bounded_b4_w5,trace_0032,32,agx_host_proxy,True,True,True,,,624.7743945118822,624.3481176308691,0.42627688101310923,1.5651777160619837,1.8264895938033434,-0.26131187774135967,16.823888947946294,16.880322661171284,-0.056433713224990356,128.0,120.0,8.0,1995.0,2054.0,-59.0,79.0,76.0,3.0,0.0006822892947559844,0.7704749999999999
ACBBA,low,bounded_b4_w5,trace_0033,33,agx_host_proxy,True,True,True,,,486.3446259882137,473.99953814858355,12.34508783963014,2.2376561796361836,2.105777384267391,0.13187879536879255,20.401985688364917,17.853474003859304,2.5485116845056126,156.0,145.0,11.0,1909.0,2009.0,-100.0,73.0,73.0,0.0,0.025383415750808186,0.751478
ACBBA,low,bounded_b4_w5,trace_0034,34,agx_host_proxy,True,True,True,,,522.6361759513359,545.4164221346166,-22.780246183280724,1.9828560200400163,2.131124785165028,-0.14826876512501164,16.52372892172822,19.720169638934006,-3.1964407172057854,119.0,144.0,-25.0,1685.0,1810.0,-125.0,79.0,77.0,2.0,-0.04358719742622994,0.658789
ACBBA,low,bounded_b4_w5,trace_0035,35,agx_host_proxy,True,True,True,,,647.4826750485075,634.5749030668275,12.907771981680071,2.258503112651148,2.00762046885275,0.250882643798398,18.43633782521857,16.513217688429798,1.9231201367887714,141.0,138.0,3.0,2616.0,2160.0,456.0,368.0,84.0,284.0,0.019935316386207644,0.989723
ACBBA,low,bounded_b4_w5,trace_0036,36,agx_host_proxy,True,True,True,,,575.1568235214588,566.6684763856888,8.488347135770027,2.2287322602767827,1.840994267851028,0.3877379924257547,17.024253999561562,14.998773046294547,2.0254809532670155,144.0,128.0,16.0,2179.0,1959.0,220.0,83.0,78.0,5.0,0.014758317712027163,0.843412
ACBBA,low,bounded_b4_w5,trace_0037,37,agx_host_proxy,True,True,True,,,607.875425771032,594.4827893305606,13.392636440471392,2.0509237320411207,2.537521778166471,-0.4865980461253505,18.638757884129078,19.622083316500042,-0.9833254323709646,133.0,169.0,-36.0,1916.0,1917.0,-1.0,84.0,81.0,3.0,0.022031876717970807,0.7533799999999999
ACBBA,low,bounded_b4_w5,trace_0038,38,agx_host_proxy,True,True,True,,,480.0500611265335,469.94526578073715,10.104795345796333,2.0848030432798694,2.3106040128300815,-0.22580096955021212,16.157899611963973,14.716380344692256,1.4415192672717172,135.0,126.0,9.0,1562.0,1865.0,-303.0,71.0,76.0,-5.0,0.021049461637570484,0.6473329999999999
ACBBA,low,bounded_b4_w5,trace_0039,39,agx_host_proxy,True,True,True,,,456.40839207207875,454.50965394701194,1.8987381250668136,1.6656838561961993,2.1802021147977673,-0.514518258601568,17.495096642524135,17.268032855714225,0.2270637868099108,119.0,127.0,-8.0,1568.0,1558.0,10.0,68.0,75.0,-7.0,0.004160173559575902,0.631819
ACBBA,low,bounded_b4_w5,trace_0040,40,agx_host_proxy,True,True,True,,,605.4632655114068,597.3145442954178,8.148721215988985,2.1331222321923264,1.841466717800383,0.2916555143919435,20.344973689391537,15.680014932378192,4.664958757013345,149.0,128.0,21.0,1928.0,2069.0,-141.0,78.0,109.0,-31.0,0.01345865501700774,0.762672
ACBBA,low,bounded_b4_w5,trace_0041,41,agx_host_proxy,True,True,True,,,606.4352780694561,606.3245119492375,0.11076612021861365,1.9807923427742011,2.0493834157535384,-0.06859107297933731,19.570264634934546,19.684784665938295,-0.11452003100374952,150.0,179.0,-29.0,2256.0,2719.0,-463.0,80.0,109.0,-29.0,0.00018265118179013227,0.876954
ACBBA,low,bounded_b4_w5,trace_0042,42,agx_host_proxy,True,True,True,,,641.1466091940697,623.6985018211554,17.44810737291425,1.7799073520937052,2.2039685312434028,-0.42406117914969754,17.856824019968453,18.489778598319305,-0.6329545783508514,128.0,137.0,-9.0,2187.0,2167.0,20.0,76.0,78.0,-2.0,0.02721391195509365,0.8291599999999999
ACBBA,low,bounded_b4_w5,trace_0043,43,agx_host_proxy,True,True,True,,,530.8705193280225,529.2881094582061,1.582409869816388,2.2167124369772435,2.3253909410377758,-0.10867850406053225,18.9528778442417,18.431287092042126,0.5215907521995753,130.0,140.0,-10.0,1883.0,2013.0,-130.0,71.0,79.0,-8.0,0.002980783095319377,0.763393
ACBBA,low,bounded_b4_w5,trace_0044,44,agx_host_proxy,True,True,True,,,441.44949304745563,435.5449302746929,5.904562772762745,1.9963870224612976,2.086355428959747,-0.0899684064984494,18.01120405665878,17.80282415275351,0.2083799039052714,136.0,128.0,8.0,1756.0,1922.0,-166.0,74.0,73.0,1.0,0.013375398240921769,0.664609
ACBBA,low,bounded_b4_w5,trace_0045,45,agx_host_proxy,True,True,True,,,491.71850237609044,493.41593582115905,-1.6974334450686115,2.294126775499891,2.381612122465461,-0.08748534696557009,18.809839295465988,21.46041316568605,-2.650573870220061,146.0,147.0,-1.0,1533.0,1637.0,-104.0,71.0,67.0,4.0,-0.0034520430629847057,0.6308640000000001
ACBBA,low,bounded_b4_w5,trace_0046,46,agx_host_proxy,True,True,True,,,471.3139762458695,463.732589527906,7.5813867179635395,2.241863642680513,2.2301803468633885,0.011683295817124684,18.336801400348254,21.119959429362332,-2.7831580290140785,120.0,152.0,-32.0,1761.0,1902.0,-141.0,71.0,388.0,-317.0,0.016085639510101373,0.7075589999999999
ACBBA,low,bounded_b4_w5,trace_0047,47,agx_host_proxy,True,True,True,,,761.3244067034283,758.2786303691196,3.045776334308698,1.3107850861387773,1.2078444598942664,0.10294062624451095,16.20670705151345,14.903913532972615,1.3027935185408364,154.0,136.0,18.0,2652.0,2450.0,202.0,87.0,83.0,4.0,0.004000628782541016,0.977142
ACBBA,low,bounded_b4_w5,trace_0048,48,agx_host_proxy,True,True,True,,,588.7497747883118,575.0492495781543,13.70052521015748,2.2059991946433817,2.2621817375505864,-0.0561825429072047,20.77029753899794,21.02858139698421,-0.25828385798627096,171.0,145.0,26.0,1815.0,1720.0,95.0,76.0,82.0,-6.0,0.023270540044085075,0.725539
ACBBA,low,bounded_b4_w5,trace_0049,49,agx_host_proxy,True,True,True,,,491.8024077497048,494.3755101472779,-2.573102397573109,2.11106516457211,2.3994877974460413,-0.2884226328739312,17.874596984327358,17.682917520750976,0.19167946357638144,143.0,133.0,10.0,1830.0,1893.0,-63.0,74.0,89.0,-15.0,-0.005231984140432777,0.713094
ACBBA,low,count_b2,trace_0000,0,agx_host_proxy,True,True,True,,,641.5321406967306,646.4559061908669,-4.923765494136319,1.2931955372437431,2.5718249943691776,-1.2786294571254344,17.653321917649425,18.93651230458189,-1.2831903869324641,134.0,138.0,-4.0,2023.0,2288.0,-265.0,78.0,76.0,2.0,-0.007675009842513743,0.7643070000000001
ACBBA,low,count_b2,trace_0001,1,agx_host_proxy,True,True,True,,,587.7824915109264,604.188532702009,-16.406041191082522,2.3082661188586266,2.8297514337282306,-0.5214853148696039,18.72780842578535,20.368730979903876,-1.640922554118525,131.0,160.0,-29.0,2079.0,2335.0,-256.0,70.0,97.0,-27.0,-0.02791175550144393,0.7924220000000001
ACBBA,low,count_b2,trace_0002,2,agx_host_proxy,True,True,True,,,528.0472029911109,532.9327301601262,-4.88552716901529,2.7855715891840536,2.0041098805271886,0.7814617086568649,18.86244110352441,18.12445363137929,0.7379874721451216,137.0,143.0,-6.0,2151.0,1961.0,190.0,159.0,85.0,74.0,-0.009252065234587622,0.84023
ACBBA,low,count_b2,trace_0003,3,agx_host_proxy,True,True,True,,,561.0584799886043,564.8928689408596,-3.834388952255267,2.3627670387510027,2.7208016900193033,-0.3580346512683006,17.59530831508368,19.076382070014677,-1.4810737549309962,126.0,147.0,-21.0,1824.0,1864.0,-40.0,174.0,86.0,88.0,-0.006834205504447857,0.687886
ACBBA,low,count_b2,trace_0004,4,agx_host_proxy,True,True,True,,,663.2964024962313,661.1220616596926,2.174340836538704,1.5735982020559474,1.9536430939579383,-0.380044891901991,16.44869750465168,15.697551952282883,0.7511455523687971,128.0,143.0,-15.0,2386.0,2194.0,192.0,170.0,73.0,97.0,0.0032780832646699875,0.900025
ACBBA,low,count_b2,trace_0005,5,agx_host_proxy,True,True,True,,,576.6525420966558,587.4692165788988,-10.816674482243002,1.7900360715630776,1.6673652290380987,0.12267084252497895,15.148209868740564,14.063625864732563,1.0845840040080006,129.0,125.0,4.0,2127.0,2305.0,-178.0,70.0,72.0,-2.0,-0.018757698427747434,0.7928040000000001
ACBBA,low,count_b2,trace_0006,6,agx_host_proxy,True,True,True,,,590.9717680281071,596.3650508718921,-5.393282843784959,3.187305022182907,2.231055776664267,0.9562492455186398,19.228265010444055,17.560684461331086,1.6675805491129694,144.0,136.0,8.0,2175.0,2145.0,30.0,71.0,75.0,-4.0,-0.009126126044532893,0.82877
ACBBA,low,count_b2,trace_0007,7,agx_host_proxy,True,True,True,,,639.6852449236302,639.9910645627886,-0.30581963915835786,2.542645556126591,2.861295469227579,-0.31864991310098834,18.651246420416232,19.425091466266668,-0.773845045850436,161.0,135.0,26.0,2594.0,2431.0,163.0,72.0,74.0,-2.0,-0.0004780783073945509,0.954207
ACBBA,low,count_b2,trace_0008,8,agx_host_proxy,True,True,True,,,444.401302983529,443.52097745525873,0.880325528270248,1.8559940139551903,2.8069596204795024,-0.9509656065243122,18.06333632168397,19.52040881273227,-1.4570724910483008,133.0,142.0,-9.0,2064.0,1947.0,117.0,395.0,75.0,320.0,0.00198092472357777,0.775618
ACBBA,low,count_b2,trace_0009,9,agx_host_proxy,True,True,True,,,563.312851341203,552.7067853613744,10.6060659798286,2.3226341508520023,2.491383328106766,-0.1687491772547638,17.118712074068366,15.690963600163595,1.4277484739047708,120.0,126.0,-6.0,2504.0,2276.0,228.0,164.0,71.0,93.0,0.01882802061869599,0.944931
ACBBA,low,count_b2,trace_0010,10,agx_host_proxy,True,True,True,,,455.2328560165854,460.71844139213545,-5.485585375550045,2.286896364851303,3.650544641773844,-1.3636482769225409,17.634625666614035,22.17939566086648,-4.544769994252444,117.0,185.0,-68.0,2016.0,2162.0,-146.0,74.0,63.0,11.0,-0.012050064715342491,0.77003
ACBBA,low,count_b2,trace_0011,11,agx_host_proxy,True,True,True,,,578.3603996650315,586.9317112967742,-8.571311631742674,1.6395862736007327,1.8980457490102458,-0.2584594754095131,14.181122039181055,15.514113519893991,-1.332991480712936,116.0,128.0,-12.0,1991.0,2174.0,-183.0,74.0,76.0,-2.0,-0.014820018169824409,0.7301070000000001
ACBBA,low,count_b2,trace_0012,12,agx_host_proxy,True,True,True,,,537.4360721155067,548.4488990048472,-11.012826889340545,1.2430614250583771,1.549786970849512,-0.30672554579113487,15.005698976698076,15.956818686354923,-0.9511197096568473,137.0,141.0,-4.0,2022.0,2037.0,-15.0,79.0,72.0,7.0,-0.020491417418244395,0.754054
ACBBA,low,count_b2,trace_0013,13,agx_host_proxy,True,True,True,,,601.2512246504908,601.161971743878,0.0892529066128418,2.050392884528873,1.4471843046202082,0.6032085799086646,15.35997073314053,18.002949544233715,-2.642978811093185,109.0,142.0,-33.0,2104.0,2073.0,31.0,72.0,91.0,-19.0,0.0001484452803646675,0.7542570000000001
ACBBA,low,count_b2,trace_0014,14,agx_host_proxy,True,True,True,,,569.8190212596032,571.9707253395295,-2.151704079926276,2.0261835981328713,1.4765641706915664,0.5496194274413049,16.508996599792244,16.09372179389704,0.41527480589520493,132.0,152.0,-20.0,1794.0,1758.0,36.0,73.0,67.0,6.0,-0.00377611838083233,0.7055130000000001
ACBBA,low,count_b2,trace_0015,15,agx_host_proxy,True,True,True,,,625.607375958123,616.5171067795486,9.090269178574431,3.208250845648031,2.1515791609826733,1.0566716846653579,21.286097413890612,17.64953503490333,3.636562378987282,146.0,144.0,2.0,2962.0,2847.0,115.0,74.0,72.0,2.0,0.014530310108081137,1.073543
ACBBA,low,count_b2,trace_0016,16,agx_host_proxy,True,True,True,,,484.4611861025377,484.68443138417655,-0.22324528163886725,2.660723708107513,2.0842664393303703,0.5764572687771428,18.66475719039053,16.50802605215257,2.156731138237962,139.0,132.0,7.0,1944.0,1975.0,-31.0,78.0,73.0,5.0,-0.0004608114912875945,0.766224
ACBBA,low,count_b2,trace_0017,17,agx_host_proxy,True,True,True,,,653.3156371226049,669.9372462210182,-16.621609098413273,2.182657023261983,1.7697027397920657,0.41295428346991714,20.023644945588686,19.660053736848965,0.3635912087397202,138.0,152.0,-14.0,2466.0,2449.0,17.0,74.0,78.0,-4.0,-0.025441927536924955,0.888526
ACBBA,low,count_b2,trace_0018,18,agx_host_proxy,True,True,True,,,623.1422031777328,623.1332935901464,0.00890958758634497,1.7201614800855898,1.8377921811295737,-0.11763070104398388,14.834917662751355,13.941773518789816,0.8931441439615391,127.0,120.0,7.0,2518.0,2040.0,478.0,476.0,109.0,367.0,1.4297840109224273e-05,0.919643
ACBBA,low,count_b2,trace_0019,19,agx_host_proxy,True,True,True,,,533.6199004985073,531.0705438747988,2.5493566237084906,2.006343217064097,2.0993235932151006,-0.09298037615100352,16.653999840878292,16.217186205373494,0.436813635504798,130.0,150.0,-20.0,1989.0,2033.0,-44.0,289.0,77.0,212.0,0.004777476667056239,0.7743209999999999
ACBBA,low,count_b2,trace_0020,20,agx_host_proxy,True,True,True,,,639.1237235816552,641.4682270612734,-2.344503479618197,2.4369641685453747,1.5221299412683318,0.9148342272770429,15.624800229218591,13.774333386009015,1.8504668432095759,124.0,114.0,10.0,2469.0,2263.0,206.0,69.0,70.0,-1.0,-0.0036683092695723733,0.90835
ACBBA,low,count_b2,trace_0021,21,agx_host_proxy,True,True,True,,,538.2300267639466,544.8936835719369,-6.6636568079902645,2.2485282724851827,2.4029348273482154,-0.15440655486303267,17.271367951452447,17.084251070035762,0.18711688141668503,128.0,156.0,-28.0,2107.0,2089.0,18.0,71.0,101.0,-30.0,-0.012380685722895886,0.773379
ACBBA,low,count_b2,trace_0022,22,agx_host_proxy,True,True,True,,,537.0244026375063,543.5091660022105,-6.484763364704122,1.7915377880238397,1.621231649037152,0.17030613898668778,14.770516454170629,14.371104778166403,0.39941167600422567,120.0,121.0,-1.0,2055.0,2105.0,-50.0,78.0,74.0,4.0,-0.012075360696562915,0.7589670000000001
ACBBA,low,count_b2,trace_0023,23,agx_host_proxy,True,True,True,,,601.4454093884777,596.1308203131805,5.314589075297249,1.6369263652737265,1.6002268027889683,0.03669956248475814,16.65777788206647,16.850800074556723,-0.19302219249025399,143.0,140.0,3.0,1979.0,2001.0,-22.0,72.0,101.0,-29.0,0.008836361525646826,0.77179
ACBBA,low,count_b2,trace_0024,24,agx_host_proxy,True,True,True,,,627.5961380221406,605.30149057423,22.29464744791062,1.3830169969280282,2.235498306232639,-0.8524813093046109,17.065382964634303,16.246910061964957,0.8184729026693454,148.0,124.0,24.0,2135.0,2247.0,-112.0,84.0,80.0,4.0,0.035523876099957934,0.774906
ACBBA,low,count_b2,trace_0025,25,agx_host_proxy,True,True,True,,,542.4496155942167,549.5476935596395,-7.098077965422817,1.54957437379986,2.0769528994471154,-0.5273785256472554,15.662137012325665,16.75675484902345,-1.0946178366977861,126.0,149.0,-23.0,2189.0,2340.0,-151.0,74.0,71.0,3.0,-0.013085229966745125,0.817819
ACBBA,low,count_b2,trace_0026,26,agx_host_proxy,True,True,True,,,610.395427252506,610.3218728726692,0.07355437983676438,2.016132159929675,2.5033121516528385,-0.4871799917231634,14.686482464187863,17.041335404751006,-2.354852940563143,120.0,128.0,-8.0,2161.0,2414.0,-253.0,77.0,121.0,-44.0,0.00012050283562549804,0.780464
ACBBA,low,count_b2,trace_0027,27,agx_host_proxy,True,True,True,,,451.76008320807927,444.4189132173511,7.34116999072819,2.0736829362902673,1.970198003820729,0.10348493246953838,19.207209866710915,18.00966112067997,1.1975487460309466,149.0,158.0,-9.0,2129.0,1738.0,391.0,390.0,70.0,320.0,0.016250151935948864,0.853049
ACBBA,low,count_b2,trace_0028,28,agx_host_proxy,True,True,True,,,725.149179954313,725.3322262339566,-0.18304627964357678,2.323295586555249,2.1096156336309684,0.21367995292428077,16.845408686236826,17.014293618589015,-0.1688849323521886,144.0,144.0,0.0,2613.0,2526.0,87.0,75.0,98.0,-23.0,-0.00025242568660852565,0.968083
ACBBA,low,count_b2,trace_0029,29,agx_host_proxy,True,True,True,,,608.0327027970095,606.8753544652429,1.1573483317665705,1.8847220015790425,2.596757825041504,-0.7120358234624617,16.842494340175755,18.5853759752049,-1.7428816350291463,130.0,134.0,-4.0,2208.0,2180.0,28.0,68.0,70.0,-2.0,0.0019034310596167867,0.850528
ACBBA,low,count_b2,trace_0030,30,agx_host_proxy,True,True,True,,,387.60717470150263,390.69402564561295,-3.0868509441103242,1.9461662396149078,1.8699508997063892,0.07621533990851859,20.612391386181667,19.80829366647586,0.8040977197058083,139.0,119.0,20.0,1460.0,1465.0,-5.0,73.0,72.0,1.0,-0.007963864307949193,0.628815
ACBBA,low,count_b2,trace_0031,31,agx_host_proxy,True,True,True,,,488.7454413864655,492.1828516905389,-3.43741030407341,2.63062262050658,1.9994486653676924,0.6311739551388877,18.807500842897742,18.72852618272638,0.07897466017136168,143.0,129.0,14.0,1824.0,2004.0,-180.0,74.0,68.0,6.0,-0.007033130159377482,0.7089409999999999
ACBBA,low,count_b2,trace_0032,32,agx_host_proxy,True,True,True,,,622.4590314626208,634.9472914428919,-12.488259980271096,1.3618213730488686,2.410129770735847,-1.0483083976869785,17.147502754056266,18.511339845628328,-1.3638370915720621,125.0,158.0,-33.0,1972.0,2041.0,-69.0,76.0,69.0,7.0,-0.02006278220580534,0.7627470000000001
ACBBA,low,count_b2,trace_0033,33,agx_host_proxy,True,True,True,,,492.4044172360224,480.3734556958797,12.030961540142698,2.1138599389534902,1.5439885254666914,0.5698714134867988,17.36220301754382,15.711962893202173,1.6502401243416465,132.0,149.0,-17.0,2241.0,2192.0,49.0,68.0,109.0,-41.0,0.024433090197840245,0.865535
ACBBA,low,count_b2,trace_0034,34,agx_host_proxy,True,True,True,,,523.1761897919706,519.5057877184565,3.670402073514083,1.7946746047516564,2.1905627581367075,-0.3958881533850511,16.941338882710454,17.99494283725024,-1.0536039545397848,110.0,110.0,0.0,1789.0,1666.0,123.0,272.0,97.0,175.0,0.007015613755231362,0.725962
ACBBA,low,count_b2,trace_0035,35,agx_host_proxy,True,True,True,,,649.2132472310196,639.6099195368784,9.603327694141285,2.4331938981529024,2.1587179340898324,0.27447596406307007,18.879523514265838,18.103802107371465,0.7757214068943732,145.0,131.0,14.0,2720.0,2231.0,489.0,165.0,71.0,94.0,0.014792254679183993,1.0117829999999999
ACBBA,low,count_b2,trace_0036,36,agx_host_proxy,True,True,True,,,568.4838862470485,578.1330702896759,-9.649184042627326,2.466629820847613,2.0204158897296094,0.4462139311180038,18.726646809440137,16.89773208454074,1.8289147248993984,165.0,130.0,35.0,2219.0,2014.0,205.0,74.0,70.0,4.0,-0.016973540105645207,0.857977
ACBBA,low,count_b2,trace_0037,37,agx_host_proxy,True,True,True,,,593.9079861158391,595.9494896458488,-2.0415035300096633,2.1288982317385043,2.287423454011833,-0.15852522227332866,17.620026610161883,18.556579479381305,-0.9365528692194225,144.0,149.0,-5.0,1876.0,2064.0,-188.0,79.0,80.0,-1.0,-0.0034374071030112015,0.740535
ACBBA,low,count_b2,trace_0038,38,agx_host_proxy,True,True,True,,,477.2243239133716,480.85008685598496,-3.625762942613335,1.9457158371962417,2.2942773142469175,-0.34856147705067575,15.168829823106595,16.29003531569558,-1.1212054925889845,112.0,149.0,-37.0,3861.0,1935.0,1926.0,2238.0,216.0,2022.0,-0.007597607164867614,1.509931
ACBBA,low,count_b2,trace_0039,39,agx_host_proxy,True,True,True,,,458.32410512247674,456.88494519433385,1.4391599281428853,2.080827993998087,1.6245011201803603,0.45632687381772685,19.031181763000944,17.122597469882145,1.9085842931187997,128.0,126.0,2.0,1645.0,1654.0,-9.0,72.0,72.0,0.0,0.003140048520376868,0.65416
ACBBA,low,count_b2,trace_0040,40,agx_host_proxy,True,True,True,,,593.5724420699153,603.9032958422956,-10.330853772380351,3.050235886851474,3.045558576789511,0.004677310061962814,18.98445159898694,19.9993434363786,-1.0148918373916587,157.0,130.0,27.0,2532.0,2347.0,185.0,306.0,98.0,208.0,-0.017404537408027963,0.957345
ACBBA,low,count_b2,trace_0041,41,agx_host_proxy,True,True,True,,,617.849752683918,606.2131814124688,11.63657127144927,2.3045034187467994,1.4689760705584247,0.8355273481883747,16.954003909962488,14.182440433685466,2.771563476277022,139.0,124.0,15.0,2486.0,2341.0,145.0,74.0,89.0,-15.0,0.018833982243903806,0.911323
ACBBA,low,count_b2,trace_0042,42,agx_host_proxy,True,True,True,,,632.0950240461179,626.2083689984942,5.886655047623776,1.7270539751126088,1.7754366561492707,-0.04838268103666188,16.615582289526145,17.46158132543147,-0.8459990359053258,136.0,145.0,-9.0,1947.0,2128.0,-181.0,75.0,77.0,-2.0,0.009312927366430721,0.740272
ACBBA,low,count_b2,trace_0043,43,agx_host_proxy,True,True,True,,,529.3413598906403,527.1137601927783,2.227599697862047,2.094498101223345,1.7203301105757025,0.3741679906476425,17.588861622187842,17.017246526038424,0.5716150961494186,127.0,142.0,-15.0,2053.0,1813.0,240.0,272.0,72.0,200.0,0.004208247959921854,0.7534689999999999
ACBBA,low,count_b2,trace_0044,44,agx_host_proxy,True,True,True,,,438.80410624326714,447.6282835268864,-8.824177283619235,2.0047830631171126,2.267417436140467,-0.26263437302335424,18.356284952667796,18.879948508445185,-0.5236635557773894,147.0,161.0,-14.0,1622.0,1778.0,-156.0,74.0,70.0,4.0,-0.020109605079053725,0.639692
ACBBA,low,count_b2,trace_0045,45,agx_host_proxy,True,True,True,,,493.9678559338459,491.82951512641574,2.138340807430154,2.359045149407592,2.4652544606850677,-0.10620931127747557,20.29997019507505,19.8429628192798,0.45700737579524997,143.0,135.0,8.0,1684.0,1598.0,86.0,75.0,68.0,7.0,0.004328906793717624,0.6695810000000001
ACBBA,low,count_b2,trace_0046,46,agx_host_proxy,True,True,True,,,476.4084492187805,466.89633859773403,9.512110621046475,1.959558670974215,1.8535698367344926,0.10598883423972238,19.613264113395193,17.300890103812048,2.312374009583145,145.0,122.0,23.0,1918.0,2090.0,-172.0,69.0,71.0,-2.0,0.019966292866225466,0.7336020000000001
ACBBA,low,count_b2,trace_0047,47,agx_host_proxy,True,True,True,,,752.7907022499211,768.8357364605511,-16.04503421062998,2.09687677284337,2.09419516213707,0.0026816107063001304,16.619249521667886,17.278483076072245,-0.6592335544043593,173.0,142.0,31.0,2703.0,2712.0,-9.0,77.0,78.0,-1.0,-0.0213140706476249,0.9299810000000001
ACBBA,low,count_b2,trace_0048,48,agx_host_proxy,True,True,True,,,569.6721981222439,570.4338293592127,-0.7616312369688103,2.372521909396559,1.865048147567275,0.5074737618292837,16.536501032529998,18.433198699940313,-1.896697667410315,122.0,134.0,-12.0,2018.0,1857.0,161.0,74.0,74.0,0.0,-0.0013369640285752099,0.7757999999999999
ACBBA,low,count_b2,trace_0049,49,agx_host_proxy,True,True,True,,,495.3127402612502,495.3560026248564,-0.04326236360617486,2.458691429250373,2.853020928957359,-0.39432949970698594,17.839396498292327,21.57034486638854,-3.7309483680962146,133.0,173.0,-40.0,2103.0,1684.0,419.0,70.0,78.0,-8.0,-8.734353084347547e-05,0.789327
ACBBA,low,count_b4,trace_0000,0,rp2040_hardware,True,True,True,,,634.4248252974037,650.1386002099831,-15.713774912579424,3.4084379272614727,4.229055981324071,-0.820618054062598,18.835879044904246,21.45999362022326,-2.6241145753190125,122.0,152.0,-30.0,2119.0,2559.0,-440.0,68.0,94.0,-26.0,-0.024768537241923298,41.861382
ACBBA,low,count_b4,trace_0001,1,rp2040_hardware,True,True,True,,,600.744736721298,590.918978657544,9.825758063753938,4.557109763497453,4.901499842110745,-0.34439007861329163,22.40862690443682,22.394673108958496,0.013953795478322206,152.0,152.0,0.0,2208.0,2125.0,83.0,66.0,93.0,-27.0,0.01635596196377893,43.493370999999996
ACBBA,low,count_b4,trace_0002,2,rp2040_hardware,True,True,True,,,531.3998012006604,524.6005711810536,6.799230019606739,4.716642710905209,3.53965832837014,1.1769843825350685,21.112199015455555,17.52475412492742,3.587444890528136,118.0,135.0,-17.0,1971.0,1645.0,326.0,60.0,59.0,1.0,0.012794942723434143,39.725387
ACBBA,low,count_b4,trace_0003,3,rp2040_hardware,True,True,True,,,553.3749128595701,566.8111595463411,-13.436246686770914,3.844750823500383,3.146580127799631,0.6981706957007519,20.213078140790593,18.76136463701551,1.451713503775082,130.0,125.0,5.0,1679.0,1847.0,-168.0,70.0,120.0,-50.0,-0.024280548999482073,35.639982
ACBBA,low,count_b4,trace_0004,4,agx_host_proxy,True,True,True,,,677.1472573662527,675.2415989203769,1.9056584458758152,3.8130485232177187,3.7239432496186224,0.08910527359909626,19.453466303726433,17.69930343632907,1.754162867397362,137.0,127.0,10.0,2639.0,2236.0,403.0,72.0,66.0,6.0,0.0028142452400794268,0.9712120000000001
ACBBA,low,count_b4,trace_0005,5,agx_host_proxy,True,True,True,,,576.3577942421659,579.1539674685722,-2.7961732264062675,3.2197536586840916,4.1826456194146076,-0.962891960730516,16.41805068651262,17.337828528709245,-0.919777842196627,126.0,139.0,-13.0,2501.0,2293.0,208.0,406.0,66.0,340.0,-0.004851453826668319,0.922528
ACBBA,low,count_b4,trace_0006,6,agx_host_proxy,True,True,True,,,596.4977218863073,591.13579486594,5.361927020367261,4.887222769973781,3.95826758697086,0.928955183002921,22.89950823978212,19.699400258339512,3.2001079814426063,158.0,169.0,-11.0,2691.0,2364.0,327.0,366.0,73.0,293.0,0.008989015085273446,1.0058230000000001
ACBBA,low,count_b4,trace_0007,7,agx_host_proxy,True,True,True,,,641.385805013454,640.3079968263082,1.0778081871458198,4.31595408783515,3.5875698878718385,0.7283841999633118,19.305321912305228,18.923511235600678,0.38181067670454993,140.0,175.0,-35.0,2486.0,2594.0,-108.0,68.0,65.0,3.0,0.0016804366088569909,0.910829
ACBBA,low,count_b4,trace_0008,8,agx_host_proxy,True,True,True,,,430.8320830559496,428.33878179538914,2.493301260560486,4.0733000687603775,4.1411011256643375,-0.06780105690395999,19.233130884750384,18.99032252306539,0.2428083616849932,128.0,126.0,2.0,2015.0,1791.0,224.0,60.0,62.0,-2.0,0.005787176393352989,0.763022
ACBBA,low,count_b4,trace_0009,9,agx_host_proxy,True,True,True,,,549.7885827637239,548.1217301765327,1.6668525871912152,2.978090520818402,3.7325244071478716,-0.7544338863294695,17.60535040268418,18.46680631241549,-0.8614559097313084,123.0,113.0,10.0,2433.0,2331.0,102.0,64.0,66.0,-2.0,0.003031806478796157,0.91372
ACBBA,low,count_b4,trace_0010,10,agx_host_proxy,True,True,True,,,455.4415292988038,457.1966828736056,-1.7551535748017955,4.3532570390198035,4.580225993190833,-0.22696895417102958,19.73883347629098,20.60000544728679,-0.8611719709958088,114.0,164.0,-50.0,2177.0,2123.0,54.0,63.0,65.0,-2.0,-0.003853740737047023,0.861764
ACBBA,low,count_b4,trace_0011,11,agx_host_proxy,True,True,True,,,594.0143584048659,595.877303476918,-1.8629450720520708,2.882832719204805,4.2056155488972635,-1.3227828296924584,15.728021877542336,17.487309705138724,-1.7592878275963884,120.0,124.0,-4.0,2311.0,2539.0,-228.0,70.0,65.0,5.0,-0.0031361953557060857,0.855457
ACBBA,low,count_b4,trace_0012,12,agx_host_proxy,True,True,True,,,535.8466586126383,539.5731442049009,-3.726485592262634,2.724533002492957,3.1544995773097058,-0.4299665748167487,16.048725279213926,16.04075219221801,0.007973086995914258,108.0,125.0,-17.0,2186.0,2439.0,-253.0,73.0,116.0,-43.0,-0.006954388036888922,0.765887
ACBBA,low,count_b4,trace_0013,13,agx_host_proxy,True,True,True,,,601.3353482472334,601.2414155965718,0.09393265066159984,3.0590686332057353,2.7588905726730273,0.300178060532708,16.536569816070504,16.082011856487433,0.4545579595830702,133.0,111.0,22.0,2064.0,2093.0,-29.0,65.0,70.0,-5.0,0.0001562067670483597,0.778039
ACBBA,low,count_b4,trace_0014,14,agx_host_proxy,True,True,True,,,561.1928848263304,584.2738923835933,-23.081007557262865,3.2135753574672927,2.976773406705545,0.23680195076174781,16.84432192098225,17.660031838854668,-0.8157099178724181,130.0,143.0,-13.0,1948.0,2047.0,-99.0,160.0,63.0,97.0,-0.041128475041884445,0.743796
ACBBA,low,count_b4,trace_0015,15,agx_host_proxy,True,True,True,,,639.0012868102924,617.9540721213363,21.04721468895616,3.575765374849746,3.8426897400031526,-0.26692436515340656,20.94236054552214,19.669862895812955,1.2724976497091838,178.0,148.0,30.0,2598.0,2636.0,-38.0,67.0,73.0,-6.0,0.03293767183790459,0.939746
ACBBA,low,count_b4,trace_0016,16,agx_host_proxy,True,True,True,,,498.55764162005926,487.8940638528269,10.663577767232368,3.687581298187745,3.8663683212871884,-0.1787870230994435,20.66938061665592,18.843693119373725,1.8256874972821961,164.0,127.0,37.0,2164.0,2251.0,-87.0,64.0,61.0,3.0,0.021388856326785312,0.817951
ACBBA,low,count_b4,trace_0017,17,agx_host_proxy,True,True,True,,,658.5208085970941,654.9014734600173,3.619335137076746,3.9132810552092874,3.7733066597052365,0.13997439550405089,20.627487038885405,20.35472013885851,0.27276690002689463,136.0,162.0,-26.0,2587.0,2552.0,35.0,69.0,68.0,1.0,0.005496159103593613,0.9636480000000001
ACBBA,low,count_b4,trace_0018,18,agx_host_proxy,True,True,True,,,630.5442437960173,623.1121446669417,7.432099129075596,3.3006675463047195,3.682295022150509,-0.3816274758457894,15.395110083092474,16.065993214333417,-0.6708831312409433,119.0,124.0,-5.0,2987.0,2377.0,610.0,658.0,71.0,587.0,0.01178680037475673,1.092699
ACBBA,low,count_b4,trace_0019,19,agx_host_proxy,True,True,True,,,536.139921700616,534.6974019994859,1.4425197011300952,3.77153948749315,3.2629227959797045,0.5086166915134456,17.95061961011976,15.988745281853562,1.9618743282661963,146.0,112.0,34.0,2128.0,2016.0,112.0,69.0,65.0,4.0,0.002690565732457445,0.793912
ACBBA,low,count_b4,trace_0020,20,agx_host_proxy,True,True,True,,,633.0426221880155,638.2246109709146,-5.181988782899111,3.1120465360458467,2.8376852607916896,0.2743612752541571,15.430931079643699,16.317256949984927,-0.8863258703412278,123.0,131.0,-8.0,2299.0,2398.0,-99.0,77.0,74.0,3.0,-0.008185844998853877,0.830497
ACBBA,low,count_b4,trace_0021,21,agx_host_proxy,True,True,True,,,543.4283851577835,544.9990790937044,-1.5706939359208718,3.6457410432420985,4.468631025944194,-0.8228899827020952,19.181246586482267,19.780953865960047,-0.59970727947778,130.0,132.0,-2.0,2148.0,2213.0,-65.0,64.0,94.0,-30.0,-0.002890342092573658,0.7842220000000001
ACBBA,low,count_b4,trace_0022,22,agx_host_proxy,True,True,True,,,532.4018625946389,535.0560391120905,-2.6541765174515604,4.480581669660787,5.145615553812921,-0.6650338841521339,17.382720036599817,20.94991535044288,-3.5671953138430617,141.0,126.0,15.0,2305.0,2267.0,38.0,173.0,58.0,115.0,-0.0049852878134507995,0.860725
ACBBA,low,count_b4,trace_0023,23,agx_host_proxy,True,True,True,,,604.654328245531,613.6532193617282,-8.998891116197228,4.128899674957893,4.296499701860259,-0.16760002690236586,18.650269311954947,20.115819570387377,-1.4655502584324296,146.0,159.0,-13.0,2243.0,2248.0,-5.0,69.0,74.0,-5.0,-0.014882703547841079,0.8355859999999999
ACBBA,low,count_b4,trace_0024,24,agx_host_proxy,True,True,True,,,608.7754540297424,633.0297219342757,-24.25426790453332,4.061723673646171,4.211374761090516,-0.14965108744434552,17.995025078820255,20.58687029835458,-2.5918452195343242,133.0,172.0,-39.0,2589.0,2383.0,206.0,385.0,72.0,313.0,-0.03984107398546386,0.902147
ACBBA,low,count_b4,trace_0025,25,agx_host_proxy,True,True,True,,,549.6560770714257,547.3942736489767,2.26180342244902,3.1808837356841715,2.457644867881292,0.7232388678028796,15.68912586641014,14.519908474602653,1.1692173918074875,132.0,130.0,2.0,2314.0,2138.0,176.0,64.0,68.0,-4.0,0.004114942992170552,0.8392890000000001
ACBBA,low,count_b4,trace_0026,26,agx_host_proxy,True,True,True,,,612.0094465837225,612.0565595182792,-0.04711293455670784,2.986679482806249,3.052544364041363,-0.06586488123511414,15.862552108789314,15.68815201785159,0.17440009093772524,128.0,120.0,8.0,2323.0,2324.0,-1.0,257.0,129.0,128.0,-7.698073096697344e-05,0.869642
ACBBA,low,count_b4,trace_0027,27,agx_host_proxy,True,True,True,,,440.8025740501103,457.78608111649464,-16.983507066384334,4.366320836471732,4.546709904848767,-0.1803890683770355,19.588727615429104,21.045811381177764,-1.45708376574866,133.0,122.0,11.0,1797.0,2033.0,-236.0,67.0,62.0,5.0,-0.03852860229544316,0.6847
ACBBA,low,count_b4,trace_0028,28,agx_host_proxy,True,True,True,,,732.916847280517,726.7316777976838,6.185169482833203,3.498577608447637,3.317283094344425,0.1812945141032123,17.886752803772502,17.378545758518015,0.5082070452544869,144.0,138.0,6.0,2712.0,2508.0,204.0,70.0,71.0,-1.0,0.008439114895207052,0.981822
ACBBA,low,count_b4,trace_0029,29,agx_host_proxy,True,True,True,,,611.561501488407,612.0659382972024,-0.5044368087953899,4.500084638563075,4.809951142517029,-0.30986650395395454,21.285572313672397,20.892332207288717,0.39324010638367923,139.0,155.0,-16.0,2265.0,2433.0,-168.0,61.0,65.0,-4.0,-0.0008248341459815586,0.8590070000000001
ACBBA,low,count_b4,trace_0030,30,agx_host_proxy,True,True,True,,,382.7935508900173,377.8891687779935,4.904382112023768,3.386514974817317,2.6081381063570546,0.7783768684602625,22.048504876363346,18.729223632672024,3.3192812436913215,128.0,117.0,11.0,2944.0,1285.0,1659.0,1441.0,107.0,1334.0,0.012812081344162654,1.186292
ACBBA,low,count_b4,trace_0031,31,agx_host_proxy,True,True,True,,,484.03121782563034,498.48094303373165,-14.449725208101313,3.93450553798973,3.679377657283927,0.25512788070580283,20.672860571557322,19.10787450507241,1.564986066484913,131.0,140.0,-9.0,1989.0,1890.0,99.0,59.0,58.0,1.0,-0.029852878649051826,0.772568
ACBBA,low,count_b4,trace_0032,32,agx_host_proxy,True,True,True,,,635.725399540041,639.2112145730282,-3.485815032987148,3.330583625888658,3.508757015628756,-0.1781733897400981,18.26479154558261,19.825812363662127,-1.5610208180795162,126.0,138.0,-12.0,2101.0,2329.0,-228.0,64.0,63.0,1.0,-0.005483208686500805,0.789479
ACBBA,low,count_b4,trace_0033,33,agx_host_proxy,True,True,True,,,482.3232479561038,473.7301143432176,8.593133612886163,2.475210278787717,4.891842394508503,-2.4166321157207857,16.719871109038067,22.401571222331008,-5.681700113292941,122.0,135.0,-13.0,2505.0,2145.0,360.0,349.0,58.0,291.0,0.017816129845078965,0.935401
ACBBA,low,count_b4,trace_0034,34,agx_host_proxy,True,True,True,,,526.705616507791,533.9396568338534,-7.234040326062427,4.268666545090186,4.269841402329078,-0.001174857238892102,18.557552995965143,20.624039850822548,-2.0664868548574056,108.0,131.0,-23.0,1811.0,1985.0,-174.0,63.0,60.0,3.0,-0.013734503865795443,0.711739
ACBBA,low,count_b4,trace_0035,35,agx_host_proxy,True,True,True,,,653.051221894304,640.0193188839918,13.031903010312249,3.3850481248345243,3.3245130232556823,0.06053510157884201,18.79184539230133,18.274190302866224,0.517655089435106,131.0,121.0,10.0,2436.0,2193.0,243.0,63.0,61.0,2.0,0.019955407131022035,0.935722
ACBBA,low,count_b4,trace_0036,36,agx_host_proxy,True,True,True,,,578.6947910420348,572.0140867944496,6.680704247585254,4.397999321489516,5.067393651609655,-0.6693943301201388,18.514702390156945,19.650044687606698,-1.1353422974497533,127.0,130.0,-3.0,2257.0,2242.0,15.0,63.0,64.0,-1.0,0.011544434736582909,0.8310010000000001
ACBBA,low,count_b4,trace_0037,37,agx_host_proxy,True,True,True,,,602.9552241893402,599.4230066707312,3.532217518609059,3.1004631731784587,3.4547359991486117,-0.3542728259701531,17.948826521990725,18.173938521577465,-0.22511199958674055,127.0,141.0,-14.0,1957.0,2164.0,-207.0,67.0,67.0,0.0,0.005858175494470665,0.747043
ACBBA,low,count_b4,trace_0038,38,agx_host_proxy,True,True,True,,,477.3295762014981,466.48953803154694,10.840038169951185,3.411357142459749,3.5978726368563816,-0.1865154943966325,16.62040101764951,16.31152911648409,0.3088719011654213,109.0,126.0,-17.0,2029.0,1746.0,283.0,269.0,63.0,206.0,0.022709755922132955,0.759146
ACBBA,low,count_b4,trace_0039,39,agx_host_proxy,True,True,True,,,456.4566632911588,458.98103881273335,-2.524375521574541,3.3018145669724714,2.912083439249376,0.3897311277230955,18.07045372285981,17.85895083969497,0.21150288316484023,123.0,136.0,-13.0,1800.0,1650.0,150.0,64.0,68.0,-4.0,-0.005530372814306633,0.6703
ACBBA,low,count_b4,trace_0040,40,agx_host_proxy,True,True,True,,,601.3311227876769,594.0143936932486,7.316729094428297,4.19728612069341,3.9318697635941513,0.2654163570992587,23.258474030838798,20.838421326173087,2.4200527046657108,171.0,129.0,42.0,2386.0,2170.0,216.0,61.0,71.0,-10.0,0.01216755430936135,0.895713
ACBBA,low,count_b4,trace_0041,41,agx_host_proxy,True,True,True,,,606.3984783275378,606.7276548291671,-0.3291765016293766,3.6612725483013455,4.705063537477101,-1.0437909891757555,17.254205611591065,18.469257922084147,-1.215052310493082,132.0,121.0,11.0,2469.0,2432.0,37.0,65.0,85.0,-20.0,-0.0005428386010091148,0.8623609999999999
ACBBA,low,count_b4,trace_0042,42,agx_host_proxy,True,True,True,,,629.130429085429,626.19982362111,2.930605464319001,3.0122114772794584,3.4901950010146265,-0.47798352373516817,18.062001838502713,18.859835354255516,-0.7978335157528029,126.0,123.0,3.0,2259.0,2078.0,181.0,68.0,72.0,-4.0,0.0046581842632842305,0.885916
ACBBA,low,count_b4,trace_0043,43,agx_host_proxy,True,True,True,,,531.1850377067394,531.0308677593315,0.15416994740792234,3.4044020345460386,3.4589890443012163,-0.05458700975517772,18.689755769527476,19.071618179202886,-0.38186240967540996,120.0,128.0,-8.0,1977.0,1998.0,-21.0,66.0,72.0,-6.0,0.0002902377447857212,0.7606820000000001
ACBBA,low,count_b4,trace_0044,44,agx_host_proxy,True,True,True,,,431.11935044500984,431.9726967124661,-0.8533462674562315,3.558858297102007,3.6230819848340183,-0.06422368773201148,18.28132791467004,18.59927549601604,-0.3179475813460009,133.0,141.0,-8.0,2196.0,1929.0,267.0,382.0,60.0,322.0,-0.001979373615624979,0.792903
ACBBA,low,count_b4,trace_0045,45,agx_host_proxy,True,True,True,,,491.5331955257949,494.9992832123206,-3.466087686525725,4.188133265322401,4.870394969884822,-0.6822617045624213,20.831040124634892,22.258902044496075,-1.4278619198611828,118.0,145.0,-27.0,1813.0,1781.0,32.0,60.0,64.0,-4.0,-0.00705158414136819,0.717469
ACBBA,low,count_b4,trace_0046,46,agx_host_proxy,True,True,True,,,489.87543147214154,466.8870171040465,22.98841436809505,3.7016338610099853,2.7885530957352302,0.913080765274755,18.984000964003975,17.108287644414283,1.8757133195896927,133.0,117.0,16.0,2155.0,2091.0,64.0,66.0,60.0,6.0,0.046927061230671994,0.8189660000000001
ACBBA,low,count_b4,trace_0047,47,agx_host_proxy,True,True,True,,,753.4229225302714,758.1082704118483,-4.685347881576831,1.7314169906015462,2.075947137339784,-0.344530146738238,13.79655933472727,15.901772246494003,-2.105212911766733,122.0,134.0,-12.0,2359.0,2612.0,-253.0,82.0,80.0,2.0,-0.006218748781682549,0.8293630000000001
ACBBA,low,count_b4,trace_0048,48,agx_host_proxy,True,True,True,,,581.5463860891017,593.8434982807181,-12.297112191616407,4.583395181735292,5.741282214745527,-1.157887033010235,20.52775200215466,22.109971937436917,-1.5822199352822572,137.0,143.0,-6.0,2052.0,1979.0,73.0,64.0,72.0,-8.0,-0.02114553969514704,0.805676
ACBBA,low,count_b4,trace_0049,49,agx_host_proxy,True,True,True,,,499.2645166270959,500.774849551171,-1.510332924075101,4.344347849192719,4.202015337712662,0.1423325114800571,20.08193629880028,20.34769746845793,-0.26576116965765095,157.0,130.0,27.0,1975.0,2019.0,-44.0,72.0,58.0,14.0,-0.00302511569273644,0.760449
ACBBA,low,count_b8,trace_0000,0,agx_host_proxy,True,True,True,,,636.217868621606,650.1386002099831,-13.920731588377066,2.970925974420421,4.229055981324071,-1.2581300069036496,19.76581077556417,21.45999362022326,-1.694182844659089,136.0,152.0,-16.0,2300.0,2559.0,-259.0,66.0,94.0,-28.0,-0.02188044736708974,0.892806
ACBBA,low,count_b8,trace_0001,1,agx_host_proxy,True,True,True,,,595.6489841928627,597.286493576544,-1.6375093836812766,3.76893714702863,5.422901035630746,-1.653963888602116,21.09302625703396,23.115697374424133,-2.022671117390175,150.0,151.0,-1.0,2179.0,2164.0,15.0,64.0,92.0,-28.0,-0.0027491180664064967,0.822551
ACBBA,low,count_b8,trace_0002,2,agx_host_proxy,True,True,True,,,530.4181466966237,524.6005711810536,5.81757551557007,5.135091514946836,3.53965832837014,1.5954331865766962,21.455170445267484,17.52475412492742,3.930416320340065,141.0,135.0,6.0,1774.0,1645.0,129.0,62.0,59.0,3.0,0.010967904382233499,0.70055
ACBBA,low,count_b8,trace_0003,3,agx_host_proxy,True,True,True,,,552.3907992854987,566.8111595463411,-14.420360260842358,2.9863261467397058,3.146580127799631,-0.16025398105992528,17.05284343553411,18.76136463701551,-1.7085212014813997,132.0,125.0,7.0,1859.0,1847.0,12.0,65.0,120.0,-55.0,-0.026105359248370305,0.663979
ACBBA,low,count_b8,trace_0004,4,agx_host_proxy,True,True,True,,,675.8559640294399,677.3958167477331,-1.5398527182932185,3.2405893277423288,3.739098626496044,-0.4985092987537154,18.12750027331569,18.178814436879847,-0.05131416356415741,115.0,135.0,-20.0,2485.0,2297.0,188.0,63.0,67.0,-4.0,-0.0022783740918888204,0.8864160000000001
ACBBA,low,count_b8,trace_0005,5,agx_host_proxy,True,True,True,,,585.895856323881,579.1539674685722,6.741888855308844,3.748681906378261,4.1826456194146076,-0.43396371303634673,17.17692731222933,17.337828528709245,-0.16090121647991396,131.0,139.0,-8.0,2328.0,2293.0,35.0,65.0,66.0,-1.0,0.011506974801989303,0.842734
ACBBA,low,count_b8,trace_0006,6,agx_host_proxy,True,True,True,,,594.6013583366514,596.1881063356043,-1.5867479989528874,3.7713843724916716,5.46036593865446,-1.6889815661627887,19.132472190572486,21.296303600301822,-2.1638314097293367,132.0,143.0,-11.0,2300.0,2676.0,-376.0,64.0,64.0,0.0,-0.00266859127835107,0.8801599999999999
ACBBA,low,count_b8,trace_0007,7,agx_host_proxy,True,True,True,,,655.2758477552409,640.3079968263082,14.967850928932648,3.873322583763272,3.5875698878718385,0.2857526958914334,19.41342607391481,18.923511235600678,0.48991483831413163,142.0,175.0,-33.0,2566.0,2594.0,-28.0,68.0,65.0,3.0,0.02284206106513398,0.908898
ACBBA,low,count_b8,trace_0008,8,agx_host_proxy,True,True,True,,,455.0245843591492,448.4425287184927,6.582055640656449,4.769853681123163,5.276707488889661,-0.5068538077664986,21.377892450836885,21.74036422403471,-0.3624717731978251,168.0,129.0,39.0,2349.0,2062.0,287.0,403.0,59.0,344.0,0.014465274771750043,0.90587
ACBBA,low,count_b8,trace_0009,9,agx_host_proxy,True,True,True,,,554.5650454239797,542.8158747862416,11.749170637738075,3.9601850689729203,4.3170020552595565,-0.35681698628663616,17.977753969673195,19.594632129547392,-1.6168781598741973,126.0,123.0,3.0,2332.0,2324.0,8.0,65.0,62.0,3.0,0.021186280553898817,0.880612
ACBBA,low,count_b8,trace_0010,10,agx_host_proxy,True,True,True,,,455.59918365903326,457.4078285832637,-1.8086449242304639,3.815114761816316,4.81870133952426,-1.003586577707944,19.811075434589117,20.644620436336623,-0.8335450017475061,141.0,169.0,-28.0,1929.0,2087.0,-158.0,62.0,62.0,0.0,-0.00396981598980221,0.7195239999999999
ACBBA,low,count_b8,trace_0011,11,agx_host_proxy,True,True,True,,,580.0210765115532,595.877303476918,-15.856226965364726,3.6281415915817963,4.2056155488972635,-0.5774739573154672,17.74633570335467,17.487309705138724,0.25902599821594663,135.0,124.0,11.0,2500.0,2539.0,-39.0,64.0,65.0,-1.0,-0.02733732894799193,0.895878
ACBBA,low,count_b8,trace_0012,12,agx_host_proxy,True,True,True,,,541.0208028876258,539.5731442049009,1.4476586827248639,4.101757929635652,3.1544995773097058,0.9472583523259464,18.23980696649823,16.04075219221801,2.199054774280217,146.0,125.0,21.0,2334.0,2439.0,-105.0,149.0,116.0,33.0,0.002675791161815184,0.870854
ACBBA,low,count_b8,trace_0013,13,agx_host_proxy,True,True,True,,,599.3362768121248,599.3903976521201,-0.05412083999533479,3.2161319039421525,2.9152811408082915,0.30085076313386105,16.556320331816128,17.112098622566382,-0.5557782907502542,125.0,123.0,2.0,2669.0,2088.0,581.0,750.0,72.0,678.0,-9.03012917609527e-05,1.055063
ACBBA,low,count_b8,trace_0014,14,agx_host_proxy,True,True,True,,,561.4825243268573,561.9909618263304,-0.5084374994730751,3.1632577626894256,3.607664945966995,-0.44440718327756956,16.553341479497433,16.824164613678033,-0.2708231341805991,122.0,117.0,5.0,2145.0,1919.0,226.0,59.0,63.0,-4.0,-0.000905526846240894,0.81828
ACBBA,low,count_b8,trace_0015,15,agx_host_proxy,True,True,True,,,648.3170309662898,617.9540721213363,30.362958844953596,2.913161906591339,3.8426897400031526,-0.9295278334118136,19.435699889441626,19.669862895812955,-0.23416300637132892,145.0,148.0,-3.0,2523.0,2636.0,-113.0,68.0,73.0,-5.0,0.0468335048975944,0.8943340000000001
ACBBA,low,count_b8,trace_0016,16,agx_host_proxy,True,True,True,,,501.16606083707075,480.27145779005633,20.894603047014414,3.992628872862012,4.789470481874985,-0.7968416090129731,18.170167711215033,20.607179258118705,-2.4370115469036726,137.0,146.0,-9.0,2469.0,2187.0,282.0,400.0,74.0,326.0,0.04169197533471297,0.865194
ACBBA,low,count_b8,trace_0017,17,agx_host_proxy,True,True,True,,,655.9251141485367,654.9014734600173,1.0236406885194356,5.387454560406292,3.7733066597052365,1.6141479007010555,21.961007457475247,20.35472013885851,1.6062873186167366,137.0,162.0,-25.0,2676.0,2552.0,124.0,71.0,68.0,3.0,0.0015606060302298902,0.9261750000000001
ACBBA,low,count_b8,trace_0018,18,agx_host_proxy,True,True,True,,,622.7700865798251,623.1598509753144,-0.38976439548923736,6.02323741702852,5.68157749105383,0.34165992597468975,20.71765079040592,18.350350522425483,2.3673002679804362,137.0,140.0,-3.0,2770.0,2371.0,399.0,153.0,65.0,88.0,-0.0006258560002934218,1.022996
ACBBA,low,count_b8,trace_0019,19,agx_host_proxy,True,True,True,,,532.433403828314,529.6643097234637,2.7690941048502964,3.4454222051338017,3.520907789166036,-0.07548558403223415,16.59303265569537,15.43850549893809,1.1545271567572808,106.0,118.0,-12.0,2119.0,1950.0,169.0,243.0,67.0,176.0,0.0052008271549829465,0.806531
ACBBA,low,count_b8,trace_0020,20,agx_host_proxy,True,True,True,,,631.5773320364464,638.2246109709146,-6.647278934468204,6.412042921768165,2.8376852607916896,3.574357660976476,21.81969148809441,16.317256949984927,5.502434538109483,168.0,131.0,37.0,2681.0,2398.0,283.0,63.0,74.0,-11.0,-0.01052488523144876,0.9915459999999999
ACBBA,low,count_b8,trace_0021,21,agx_host_proxy,True,True,True,,,539.6221051562184,544.9990790937044,-5.376973937486014,3.6603508683409753,4.468631025944194,-0.8082801576032184,18.65699091991575,19.780953865960047,-1.1239629460442977,144.0,132.0,12.0,2102.0,2213.0,-111.0,62.0,94.0,-32.0,-0.009964332235665924,0.7881210000000001
ACBBA,low,count_b8,trace_0022,22,agx_host_proxy,True,True,True,,,552.1983918491206,535.0560391120905,17.142352737030137,3.1671163302286587,5.145615553812921,-1.9784992235842624,16.242993990834314,20.94991535044288,-4.706921359608565,113.0,126.0,-13.0,2221.0,2267.0,-46.0,70.0,58.0,12.0,0.03104382951863795,0.802862
ACBBA,low,count_b8,trace_0023,23,agx_host_proxy,True,True,True,,,600.8921967812879,597.6926027854277,3.199593995860255,3.305120936732347,3.897058434303832,-0.5919374975714851,18.252949009053584,19.453826415194822,-1.2008774061412382,122.0,163.0,-41.0,2141.0,2251.0,-110.0,69.0,91.0,-22.0,0.005324738801733582,0.7969160000000001
ACBBA,low,count_b8,trace_0024,24,agx_host_proxy,True,True,True,,,629.4407587731083,633.3160783670797,-3.875319593971426,4.530211591612869,3.9544081886669473,0.575803402945922,19.49410963716725,19.256942525323197,0.2371671118440517,133.0,173.0,-40.0,2400.0,2380.0,20.0,68.0,99.0,-31.0,-0.0061567662086661045,0.854193
ACBBA,low,count_b8,trace_0025,25,agx_host_proxy,True,True,True,,,558.9445315860573,547.3942736489767,11.550257937080687,2.2204124102414,2.457644867881292,-0.23723245763989187,15.40279559271613,14.519908474602653,0.8828871181134765,128.0,130.0,-2.0,2290.0,2138.0,152.0,68.0,68.0,0.0,0.020664408155681838,0.8289479999999999
ACBBA,low,count_b8,trace_0026,26,agx_host_proxy,True,True,True,,,610.573231100436,612.0565595182792,-1.483328417843154,2.7663027346461053,3.052544364041363,-0.28624162939525766,15.99929597452566,15.68815201785159,0.311143956674071,111.0,120.0,-9.0,2446.0,2324.0,122.0,321.0,129.0,192.0,-0.0024294029647676358,0.877962
ACBBA,low,count_b8,trace_0027,27,agx_host_proxy,True,True,True,,,450.8716052530892,440.04312340321957,10.828481849869604,5.456416494779259,4.99479618611645,0.461620308662809,21.684763597957208,20.121488169231586,1.5632754287256212,174.0,138.0,36.0,1810.0,1856.0,-46.0,69.0,62.0,7.0,0.02401677489490876,0.7114520000000001
ACBBA,low,count_b8,trace_0028,28,agx_host_proxy,True,True,True,,,729.1137381040107,726.7316777976838,2.3820603063269346,3.1384451728786527,3.317283094344425,-0.17883792146577226,16.35661297741124,17.378545758518015,-1.021932781106777,120.0,138.0,-18.0,2493.0,2508.0,-15.0,75.0,71.0,4.0,0.003267062711671365,0.862037
ACBBA,low,count_b8,trace_0029,29,agx_host_proxy,True,True,True,,,613.8378889933508,612.0659382972024,1.7719506961484512,4.364774433127036,4.809951142517029,-0.445176709389993,20.002501565839005,20.892332207288717,-0.8898306414497128,135.0,155.0,-20.0,2272.0,2433.0,-161.0,66.0,65.0,1.0,0.0028866753387516053,0.856623
ACBBA,low,count_b8,trace_0030,30,agx_host_proxy,True,True,True,,,373.24655145353256,373.336690418841,-0.09013896530842658,4.428367554391867,3.9118371336091453,0.5165304207827219,21.15565270034665,22.15887790023364,-1.003225199886991,135.0,134.0,1.0,1317.0,1260.0,57.0,58.0,57.0,1.0,-0.00024149979405676693,0.558881
ACBBA,low,count_b8,trace_0031,31,agx_host_proxy,True,True,True,,,488.9240350027887,498.48094303373165,-9.556908030942964,3.3826464639330425,3.679377657283927,-0.2967311933508845,17.81501808155434,19.10787450507241,-1.2928564235180708,119.0,140.0,-21.0,1743.0,1890.0,-147.0,61.0,58.0,3.0,-0.019546815756129588,0.6392979999999999
ACBBA,low,count_b8,trace_0032,32,agx_host_proxy,True,True,True,,,622.6090876117067,639.2112145730282,-16.60212696132146,3.156889298642091,3.508757015628756,-0.3518677169866651,18.522812614177095,19.825812363662127,-1.302999749485032,119.0,138.0,-19.0,1992.0,2329.0,-337.0,66.0,63.0,3.0,-0.026665410594963013,0.70451
ACBBA,low,count_b8,trace_0033,33,agx_host_proxy,True,True,True,,,493.82241677509586,473.7301143432176,20.092302431878238,3.2998135205048613,4.891842394508503,-1.5920288740036415,18.580888515321124,22.401571222331008,-3.820682707009883,120.0,135.0,-15.0,2334.0,2145.0,189.0,177.0,58.0,119.0,0.040687303268026775,0.8829739999999999
ACBBA,low,count_b8,trace_0034,34,agx_host_proxy,True,True,True,,,527.5658293283908,533.9396568338534,-6.3738275054626,5.472990110940109,4.269841402329078,1.2031487086110308,21.226722552921334,20.624039850822548,0.6026827020987859,114.0,131.0,-17.0,2016.0,1985.0,31.0,60.0,60.0,0.0,-0.0120815775987173,0.788236
ACBBA,low,count_b8,trace_0035,35,agx_host_proxy,True,True,True,,,651.8734037473286,640.0193188839918,11.854084863336766,2.862770873821555,3.3245130232556823,-0.4617421494341274,17.075179817544715,18.274190302866224,-1.1990104853215087,124.0,121.0,3.0,2325.0,2193.0,132.0,68.0,61.0,7.0,0.01818464259347434,0.835028
ACBBA,low,count_b8,trace_0036,36,agx_host_proxy,True,True,True,,,569.0450780412665,565.4474283294937,3.5976497117727604,4.258405634560985,5.160989877738892,-0.9025842431779072,19.06904223636393,20.195317176896825,-1.1262749405328947,125.0,137.0,-12.0,2228.0,2419.0,-191.0,64.0,61.0,3.0,0.0063222578502152744,0.8718870000000001
ACBBA,low,count_b8,trace_0037,37,agx_host_proxy,True,True,True,,,598.799966098424,599.4230066707312,-0.6230405723072181,3.029103129301489,3.716380756702043,-0.6872776274005536,19.36133824838579,18.31764138384418,1.0436968645416087,133.0,141.0,-8.0,1940.0,2147.0,-207.0,66.0,68.0,-2.0,-0.0010404819765885052,0.7260679999999999
ACBBA,low,count_b8,trace_0038,38,agx_host_proxy,True,True,True,,,476.92936381723746,473.36895157257464,3.560412244662814,4.434163253049792,3.872965967052052,0.5611972859977397,19.768492058853933,16.600890132475374,3.167601926378559,129.0,132.0,-3.0,1720.0,1689.0,31.0,59.0,66.0,-7.0,0.007465282104180081,0.682095
ACBBA,low,count_b8,trace_0039,39,agx_host_proxy,True,True,True,,,470.5851298064354,460.9647857886113,9.620344017824095,3.9989432746287217,3.5129591279643435,0.48598414666437817,22.0682049286442,19.418159552229604,2.650045376414596,162.0,121.0,41.0,1934.0,1849.0,85.0,68.0,66.0,2.0,0.020443365946946106,0.7688619999999999
ACBBA,low,count_b8,trace_0040,40,agx_host_proxy,True,True,True,,,593.2935834367298,608.8780970210231,-15.58451358429329,4.773322986255797,4.1863910090742875,0.5869319771815098,20.126139870404785,21.6298797565781,-1.5037398861733138,142.0,131.0,11.0,2193.0,2257.0,-64.0,68.0,70.0,-2.0,-0.026267793920874687,0.815358
ACBBA,low,count_b8,trace_0041,41,agx_host_proxy,True,True,True,,,621.7134222438751,606.0901639947457,15.623258249129435,3.6094709852549585,3.50379069047042,0.10568029478453855,18.310372264288485,17.350200555163756,0.9601717091247295,156.0,123.0,33.0,2578.0,2254.0,324.0,68.0,70.0,-2.0,0.025129356533340228,0.924061
ACBBA,low,count_b8,trace_0042,42,agx_host_proxy,True,True,True,,,630.515204857872,638.0264648239474,-7.511259966075386,3.2538430431671315,3.6067599606898,-0.3529169175226685,18.519022226466145,18.939828385159863,-0.4208061586937184,128.0,116.0,12.0,2294.0,2139.0,155.0,65.0,70.0,-5.0,-0.0119128926760276,0.8338460000000001
ACBBA,low,count_b8,trace_0043,43,agx_host_proxy,True,True,True,,,534.9979564144435,527.4006374949709,7.597318919472627,5.356902784988717,5.055942452905964,0.3009603320827532,22.953311408621364,21.515906525433707,1.4374048831876571,139.0,149.0,-10.0,2027.0,1861.0,166.0,59.0,68.0,-9.0,0.01420065035461044,0.7742429999999999
ACBBA,low,count_b8,trace_0044,44,agx_host_proxy,True,True,True,,,437.8981643549443,438.441949145199,-0.5437847902546764,4.479623325851299,6.627297057383738,-2.1476737315324392,19.85383355147296,23.753589220277536,-3.899755668804577,123.0,133.0,-10.0,2044.0,2076.0,-32.0,193.0,56.0,137.0,-0.0012418065078114925,0.76577
ACBBA,low,count_b8,trace_0045,45,agx_host_proxy,True,True,True,,,498.5662681913006,498.3625228782278,0.20374531307277266,3.233792617603344,4.653351430372052,-1.4195588127687078,19.49811495423573,21.949863863089234,-2.451748908853503,138.0,130.0,8.0,1890.0,1646.0,244.0,58.0,62.0,-4.0,0.00040866245085516956,0.7281529999999999
ACBBA,low,count_b8,trace_0046,46,agx_host_proxy,True,True,True,,,469.0372297978002,479.4751819326913,-10.437952134891134,3.842668845602081,3.236652199492798,0.6060166461092829,20.916358762808134,19.011855146521164,1.90450361628697,125.0,131.0,-6.0,1901.0,2202.0,-301.0,56.0,58.0,-2.0,-0.022253994932109947,0.754633
ACBBA,low,count_b8,trace_0047,47,agx_host_proxy,True,True,True,,,754.874956259405,758.1082704118483,-3.2333141524431994,2.542399206257375,2.075947137339784,0.4664520689175906,16.031080183651603,15.901772246494003,0.12930793715760025,135.0,134.0,1.0,2663.0,2612.0,51.0,69.0,80.0,-11.0,-0.004283244695870006,0.958851
ACBBA,low,count_b8,trace_0048,48,agx_host_proxy,True,True,True,,,564.1629930649913,570.2685740334567,-6.1055809684654605,6.398241950871771,5.265546645511876,1.1326953053598956,22.46422208551701,20.05308956200664,2.4111325235103713,130.0,127.0,3.0,2116.0,2207.0,-91.0,64.0,66.0,-2.0,-0.010822370562264266,0.816769
ACBBA,low,count_b8,trace_0049,49,agx_host_proxy,True,True,True,,,493.2241128777432,496.80759172233184,-3.583478844588626,4.5419157397646615,4.336828329373741,0.20508741039092016,18.87693453366305,20.022566365158152,-1.145631831495102,137.0,145.0,-8.0,1924.0,2073.0,-149.0,63.0,58.0,5.0,-0.007265416979880853,0.731371
ACBBA,low,eager_b1,trace_0000,0,rp2040_hardware,True,True,True,,,651.7898328948975,644.6665573551669,7.123275539730571,0.22878038435237144,0.16660249860047527,0.06217788575189617,20.34492132031684,18.2180441967093,2.1268771236075388,151.0,168.0,-17.0,2175.0,2008.0,167.0,102.0,97.0,5.0,0.010928792043430377,46.095477
ACBBA,low,eager_b1,trace_0001,1,rp2040_hardware,True,True,True,,,587.1914938358517,579.969890160526,7.221603675325696,0.16796755164620197,0.0903714751513383,0.07759607649486368,17.804248698695144,16.015159914528816,1.7890887841663279,150.0,147.0,3.0,1716.0,1819.0,-103.0,101.0,96.0,5.0,0.01229854953815881,35.262694999999994
ACBBA,low,eager_b1,trace_0002,2,rp2040_hardware,True,True,True,,,525.8054213290417,516.8150236513911,8.990397677650549,0.15830700147491555,0.10447900652194003,0.05382799495297552,14.739406789912168,14.889726168203744,-0.1503193782915755,127.0,134.0,-7.0,1540.0,1557.0,-17.0,92.0,116.0,-24.0,0.017098335834815372,32.866217999999996
ACBBA,low,eager_b1,trace_0003,3,rp2040_hardware,True,True,True,,,566.2147102111358,558.3256994525277,7.889010758608038,0.21268033953208557,0.22220418186620605,-0.009523842334120486,15.529351086148312,16.17904965670306,-0.6496985705547491,126.0,126.0,0.0,1626.0,1614.0,12.0,94.0,96.0,-2.0,0.013932896154651837,34.184674
ACBBA,low,eager_b1,trace_0004,4,agx_host_proxy,True,True,True,,,684.5075728526053,679.7929786677392,4.714594184866087,0.20101411272259623,0.24781088184199973,-0.0467967691194035,17.26837958370298,17.357536853970203,-0.08915727026722209,159.0,143.0,16.0,2373.0,2099.0,274.0,92.0,92.0,0.0,0.006887570527844661,0.878963
ACBBA,low,eager_b1,trace_0005,5,agx_host_proxy,True,True,True,,,578.3830579695317,579.4835137504704,-1.1004557809386597,0.10365970018915685,0.19573225654322454,-0.09207255635406769,14.44349209901255,17.659218700348305,-3.2157266013357546,144.0,151.0,-7.0,2009.0,1989.0,20.0,92.0,100.0,-8.0,-0.0019026417972924615,0.7057169999999999
ACBBA,low,eager_b1,trace_0006,6,agx_host_proxy,True,True,True,,,592.7993603919963,605.3340116861928,-12.534651294196465,0.0740040512773323,0.06675917228475461,0.007244878992577683,18.193493876902384,16.7406120884952,1.4528817884071827,160.0,147.0,13.0,1972.0,2072.0,-100.0,100.0,92.0,8.0,-0.021144846185238396,0.737796
ACBBA,low,eager_b1,trace_0007,7,agx_host_proxy,True,True,True,,,650.6526011961079,653.6609906470525,-3.0083894509446054,0.09958116491137695,0.08886111766364403,0.010720047247732914,16.868743321758494,19.144354055078285,-2.275610733319791,153.0,164.0,-11.0,2255.0,2188.0,67.0,92.0,96.0,-4.0,-0.0046236493105756005,0.844366
ACBBA,low,eager_b1,trace_0008,8,agx_host_proxy,True,True,True,,,421.9756394729378,448.83236724055513,-26.856727767617315,0.06533471323703882,0.06561574404889363,-0.00028103081185480716,17.749397070820912,17.030295412481234,0.7191016583396781,146.0,162.0,-16.0,1598.0,2085.0,-487.0,94.0,351.0,-257.0,-0.0636452090010748,0.611183
ACBBA,low,eager_b1,trace_0009,9,agx_host_proxy,True,True,True,,,543.8507568310063,537.1109354417902,6.739821389216104,0.0856726303278839,0.0926403367727489,-0.006967706444864996,13.806424034066701,14.898505961447288,-1.0920819273805868,135.0,126.0,9.0,1908.0,1782.0,126.0,96.0,94.0,2.0,0.012392777438591311,0.731417
ACBBA,low,eager_b1,trace_0010,10,agx_host_proxy,True,True,True,,,456.6591984603149,461.07017285245604,-4.410974392141156,0.36652691188121705,0.4416620864525022,-0.07513517457128516,18.29924278393751,17.674757493502245,0.6244852904352634,146.0,146.0,0.0,1713.0,1762.0,-49.0,94.0,96.0,-2.0,-0.009659225976424702,0.685121
ACBBA,low,eager_b1,trace_0011,11,agx_host_proxy,True,True,True,,,586.0308769746723,597.0547713578467,-11.023894383174365,0.10218867633875812,0.1339189280175856,-0.03173025167882747,13.690508498752417,15.439124734318064,-1.7486162355656472,131.0,140.0,-9.0,2177.0,2249.0,-72.0,410.0,100.0,310.0,-0.01881111527789142,0.811838
ACBBA,low,eager_b1,trace_0012,12,agx_host_proxy,True,True,True,,,545.5111384019048,543.3447354312482,2.166402970656577,0.07867799573400398,0.07151935724005345,0.007158638493950528,15.3464670695329,14.58874940264859,0.7577176668843109,141.0,143.0,-2.0,2005.0,1983.0,22.0,98.0,94.0,4.0,0.0039713267395476756,0.787614
ACBBA,low,eager_b1,trace_0013,13,agx_host_proxy,True,True,True,,,604.7586504154065,604.4520464479142,0.30660396749226493,0.07579848301612928,0.08967564130655177,-0.013877158290422492,16.391448999601796,16.215304013932588,0.17614498566920744,140.0,145.0,-5.0,1900.0,1721.0,179.0,172.0,100.0,72.0,0.0005069856665657611,0.75268
ACBBA,low,eager_b1,trace_0014,14,agx_host_proxy,True,True,True,,,563.4685948760633,563.3654685682536,0.10312630780970267,0.1458068092586656,0.12789120188253264,0.017915607376132958,16.69565203001812,14.666476971305771,2.029175058712349,133.0,124.0,9.0,1523.0,1676.0,-153.0,96.0,103.0,-7.0,0.00018302050681704031,0.632503
ACBBA,low,eager_b1,trace_0015,15,agx_host_proxy,True,True,True,,,616.6996827978546,616.3813526624319,0.3183301354226842,0.20710473948511665,0.19454050754389426,0.012564231941222387,16.437842473991125,15.284560650867952,1.153281823123173,160.0,142.0,18.0,2212.0,2171.0,41.0,94.0,98.0,-4.0,0.0005161833941254487,0.832876
ACBBA,low,eager_b1,trace_0016,16,agx_host_proxy,True,True,True,,,482.7553979046405,481.6166520067295,1.1387458979110079,0.04755130138277491,0.20505678881353995,-0.15750548743076503,17.03012657801508,15.61693814691751,1.4131884310975682,140.0,139.0,1.0,2021.0,2038.0,-17.0,320.0,92.0,228.0,0.0023588465356444263,0.760383
ACBBA,low,eager_b1,trace_0017,17,agx_host_proxy,True,True,True,,,675.9696818407265,650.9520542456031,25.017627595123372,0.08247364536418021,0.06505075177491605,0.01742289358926416,19.15631999065699,17.508348546964402,1.6479714436925867,175.0,144.0,31.0,2292.0,2270.0,22.0,100.0,135.0,-35.0,0.037009984718542575,0.8781450000000001
ACBBA,low,eager_b1,trace_0018,18,agx_host_proxy,True,True,True,,,622.6815547744645,622.9197196320819,-0.23816485761733475,0.07305787088557335,0.2006562177608218,-0.12759834687524846,16.80938344654952,15.265488888895948,1.543894557653573,187.0,139.0,48.0,2090.0,2086.0,4.0,95.0,94.0,1.0,-0.00038248259610580265,0.821676
ACBBA,low,eager_b1,trace_0019,19,agx_host_proxy,True,True,True,,,530.7532827763049,547.5289759649554,-16.775693188650507,0.3122273830089087,0.2950214260038261,0.017205957005082595,17.136514703079566,15.864631411857195,1.2718832912223714,139.0,130.0,9.0,1971.0,2015.0,-44.0,93.0,95.0,-2.0,-0.0316073281749647,0.7677930000000001
ACBBA,low,eager_b1,trace_0020,20,agx_host_proxy,True,True,True,,,638.2825227376699,632.7378696767165,5.544653060953351,0.06068613133520991,0.07385361505368454,-0.013167483718474628,13.040299014553808,15.14476706652243,-2.104468051968622,124.0,142.0,-18.0,1922.0,1921.0,1.0,98.0,94.0,4.0,0.008686832027252874,0.68501
ACBBA,low,eager_b1,trace_0021,21,agx_host_proxy,True,True,True,,,532.2202849839174,539.5090986377511,-7.288813653833699,0.06791699705223017,0.08157944256519632,-0.013662445512966151,16.412417399341773,15.791539871463925,0.6208775278778482,131.0,140.0,-9.0,2031.0,1856.0,175.0,92.0,92.0,0.0,-0.013695106818512099,0.757821
ACBBA,low,eager_b1,trace_0022,22,agx_host_proxy,True,True,True,,,531.0262115662133,531.0706917615562,-0.044480195342885054,0.45521415190383724,0.19220404811253908,0.2630101037912982,16.60556261657297,15.48355862429086,1.122003992282112,153.0,129.0,24.0,1964.0,1847.0,117.0,94.0,97.0,-3.0,-8.376271147086088e-05,0.725196
ACBBA,low,eager_b1,trace_0023,23,agx_host_proxy,True,True,True,,,605.6307925283646,597.0589301736053,8.571862354759332,0.07297668519332114,0.12600676782176207,-0.05303008262844093,16.905917314373628,16.326919570729117,0.5789977436445106,148.0,151.0,-3.0,2016.0,1882.0,134.0,96.0,94.0,2.0,0.01415361051734811,0.774272
ACBBA,low,eager_b1,trace_0024,24,agx_host_proxy,True,True,True,,,615.7831427929581,608.7763633417686,7.006779451189459,0.0809024745982161,0.0697511265369605,0.011151348061255603,14.865929886302974,14.321525825211442,0.5444040610915319,143.0,151.0,-8.0,2150.0,2159.0,-9.0,94.0,277.0,-183.0,0.011378647715832838,0.799831
ACBBA,low,eager_b1,trace_0025,25,agx_host_proxy,True,True,True,,,549.0822506982058,552.4361296795208,-3.353878981315006,0.14556014486692903,0.10647737646505089,0.039082768401878146,14.767038914654664,15.550901519947063,-0.7838626052923985,144.0,150.0,-6.0,2083.0,2079.0,4.0,96.0,128.0,-32.0,-0.006108154064441634,0.809612
ACBBA,low,eager_b1,trace_0026,26,agx_host_proxy,True,True,True,,,611.6119135631224,611.7950721345206,-0.1831585713982804,0.12543681418060618,0.14740159917603032,-0.021964784995424147,14.470891963044188,13.905763393930988,0.5651285691132006,132.0,140.0,-8.0,2098.0,1976.0,122.0,94.0,130.0,-36.0,-0.0002994686129170328,0.829023
ACBBA,low,eager_b1,trace_0027,27,agx_host_proxy,True,True,True,,,448.7796213567243,441.73189720554706,7.047724151177249,0.14595593387488842,0.19346162881536288,-0.04750569494047446,15.905150065727627,16.02736061153116,-0.12221054580353474,150.0,138.0,12.0,1766.0,1558.0,208.0,98.0,99.0,-1.0,0.015704198265221986,0.6919120000000001
ACBBA,low,eager_b1,trace_0028,28,agx_host_proxy,True,True,True,,,732.7242537243803,726.689783767987,6.034469956393309,0.04343521674622096,0.05009382874845757,-0.006658612002236608,14.873478187483988,17.341921848932124,-2.468443661448136,138.0,195.0,-57.0,2237.0,2447.0,-210.0,94.0,96.0,-2.0,0.008235662905548122,0.814072
ACBBA,low,eager_b1,trace_0029,29,agx_host_proxy,True,True,True,,,624.3501308016948,610.0163261594453,14.33380464224956,0.12611875664650393,0.10106619647305798,0.025052560173445954,16.8792063965728,17.445192031939037,-0.5659856353662356,145.0,148.0,-3.0,2018.0,2057.0,-39.0,92.0,96.0,-4.0,0.02295795890015156,0.793721
ACBBA,low,eager_b1,trace_0030,30,agx_host_proxy,True,True,True,,,392.1746716265495,390.265816666341,1.9088549602085436,0.28634446900888705,0.3276004401700605,-0.041255971161173466,16.868591629469403,18.465524634009984,-1.5969330045405812,130.0,154.0,-24.0,1737.0,1594.0,143.0,450.0,92.0,358.0,0.0048673591088673395,0.696492
ACBBA,low,eager_b1,trace_0031,31,agx_host_proxy,True,True,True,,,510.7132815235982,500.3755427564047,10.337738767193514,0.12578027988892743,0.10130329482414059,0.024476985064786835,15.713385711921898,14.757781685883032,0.9556040260388663,138.0,146.0,-8.0,1696.0,1508.0,188.0,95.0,92.0,3.0,0.020241766057763753,0.637542
ACBBA,low,eager_b1,trace_0032,32,agx_host_proxy,True,True,True,,,657.6396330881229,635.1896730929532,22.449959995169706,0.10993408649814597,0.17012794359836217,-0.0601938571002162,16.988612763409066,18.996981330126516,-2.0083685667174507,146.0,148.0,-2.0,1968.0,1738.0,230.0,94.0,92.0,2.0,0.03413717614577137,0.7290679999999999
ACBBA,low,eager_b1,trace_0033,33,agx_host_proxy,True,True,True,,,499.8323205216169,473.7634095467602,26.068910974856692,0.04192159773067125,0.053023819182470754,-0.011102221451799503,16.82084901713152,15.62972811771047,1.1911208994210476,176.0,133.0,43.0,1925.0,1918.0,7.0,96.0,96.0,0.0,0.052155312700970596,0.711267
ACBBA,low,eager_b1,trace_0034,34,agx_host_proxy,True,True,True,,,523.0695260065908,522.6551890880272,0.41433691856354926,0.2097015237712335,0.19788721839870885,0.011814305372524647,18.703271186171303,17.2621989231974,1.4410722629739041,123.0,143.0,-20.0,1729.0,1570.0,159.0,200.0,101.0,99.0,0.0007921258990689672,0.7436149999999999
ACBBA,low,eager_b1,trace_0035,35,agx_host_proxy,True,True,True,,,636.2007946887052,636.1970776695872,0.0037170191179711765,0.11206903630532378,0.11978062157737716,-0.007711585272053387,17.216894219429566,18.09970629700042,-0.8828120775708541,186.0,156.0,30.0,2248.0,1974.0,274.0,94.0,102.0,-8.0,5.842525110000726e-06,0.890788
ACBBA,low,eager_b1,trace_0036,36,agx_host_proxy,True,True,True,,,570.9471114523767,578.8276287244802,-7.880517272103475,0.09138829440602701,0.10605691292624511,-0.014668618520218099,12.952586519350927,14.88880124338352,-1.9362147240325935,128.0,135.0,-7.0,1771.0,1831.0,-60.0,92.0,94.0,-2.0,-0.01380253462016297,0.6216480000000001
ACBBA,low,eager_b1,trace_0037,37,agx_host_proxy,True,True,True,,,593.5185880110514,592.308617925841,1.2099700852104434,0.23351523625200604,0.4251388796673865,-0.19162364341538046,17.722215101365926,16.817129848736627,0.9050852526292985,167.0,142.0,25.0,1960.0,1734.0,226.0,92.0,98.0,-6.0,0.0020386389064328907,0.768159
ACBBA,low,eager_b1,trace_0038,38,agx_host_proxy,True,True,True,,,480.85629622505036,491.5231932274655,-10.666897002415169,0.12963906398892117,0.19800863411217515,-0.06836957012325398,14.189802698170743,13.41825611525144,0.7715465829193029,142.0,121.0,21.0,1620.0,1971.0,-351.0,92.0,308.0,-216.0,-0.022183128485901843,0.622234
ACBBA,low,eager_b1,trace_0039,39,agx_host_proxy,True,True,True,,,458.4249012273444,454.4248263105799,4.000074916764504,0.24557809115498935,0.11876617219463496,0.12681191896035438,19.39025443067296,17.17956902118125,2.2106854094917097,144.0,160.0,-16.0,1367.0,1619.0,-252.0,94.0,104.0,-10.0,0.008725692923868388,0.5900449999999999
ACBBA,low,eager_b1,trace_0040,40,agx_host_proxy,True,True,True,,,592.4194374505395,594.3552533230195,-1.9358158724800205,0.2876415222171404,0.27626004293598405,0.011381479281156348,17.024192723330835,16.611137746784955,0.4130549765458795,157.0,171.0,-14.0,1877.0,1925.0,-48.0,99.0,97.0,2.0,-0.0032676440881324728,0.744658
ACBBA,low,eager_b1,trace_0041,41,agx_host_proxy,True,True,True,,,608.2251568022788,606.1046682929489,2.1204885093299026,0.21893259446506685,0.23841631333833568,-0.01948371887326883,14.747430736067443,13.329900576009765,1.4175301600576784,128.0,137.0,-9.0,2054.0,1993.0,61.0,94.0,105.0,-11.0,0.0034863544949016783,0.758089
ACBBA,low,eager_b1,trace_0042,42,agx_host_proxy,True,True,True,,,632.1652306779168,622.2295461898618,9.935684488055017,0.1636437107293801,0.17088149042106146,-0.007237779691681351,15.178449946423456,14.273803795771714,0.9046461506517414,144.0,138.0,6.0,1925.0,1802.0,123.0,97.0,98.0,-1.0,0.01571691071557393,0.762216
ACBBA,low,eager_b1,trace_0043,43,agx_host_proxy,True,True,True,,,527.4078824191976,530.7591897561289,-3.3513073369313133,0.22844147883077923,0.19860273457060815,0.02983874426017108,15.375338132122232,15.506638890091844,-0.13130075796961194,132.0,134.0,-2.0,1601.0,1782.0,-181.0,98.0,94.0,4.0,-0.006354298918626337,0.6425040000000001
ACBBA,low,eager_b1,trace_0044,44,agx_host_proxy,True,True,True,,,431.04648022044296,434.8067392095308,-3.760258989087845,0.09698195549227193,0.05623380409837806,0.040748151393893865,15.690325719992616,17.464421806088005,-1.7740960860953887,145.0,153.0,-8.0,1618.0,1569.0,49.0,94.0,97.0,-3.0,-0.008723558042197209,0.647247
ACBBA,low,eager_b1,trace_0045,45,agx_host_proxy,True,True,True,,,493.2940869566384,493.4821322417591,-0.18804528512066554,0.17415667063535623,0.07210260936087813,0.1020540612744781,16.62760689509193,15.962047486209089,0.6655594088828405,144.0,146.0,-2.0,1402.0,1503.0,-101.0,96.0,96.0,0.0,-0.00038120320128060876,0.603599
ACBBA,low,eager_b1,trace_0046,46,agx_host_proxy,True,True,True,,,476.6900540829236,473.47353960902035,3.21651447390326,0.13492522013345534,0.2359904176530115,-0.10106519751955617,18.983245707929335,17.751713800113613,1.2315319078157216,150.0,158.0,-8.0,1734.0,1609.0,125.0,98.0,104.0,-6.0,0.006747601394980488,0.689619
ACBBA,low,eager_b1,trace_0047,47,agx_host_proxy,True,True,True,,,757.7752609794728,760.8529281921609,-3.077667212688084,0.05571966055919635,0.038921519750063846,0.016798140809132507,15.767911094996688,15.384659702630904,0.38325139236578387,156.0,175.0,-19.0,2596.0,2419.0,177.0,96.0,98.0,-2.0,-0.004061451159952098,0.978191
ACBBA,low,eager_b1,trace_0048,48,agx_host_proxy,True,True,True,,,593.853551299909,571.7699561303361,22.083595169572845,0.09816228747538477,0.09574881675802352,0.0024134707173612546,16.84308974857772,16.117938843859434,0.7251509047182871,152.0,140.0,12.0,2116.0,1659.0,457.0,409.0,94.0,315.0,0.03718693796009675,0.808686
ACBBA,low,eager_b1,trace_0049,49,agx_host_proxy,True,True,True,,,493.4765026465304,493.73203947703223,-0.2555368305018533,0.3012217138156478,0.24961164485828402,0.05161006895736375,15.004755056859137,15.655667656488797,-0.6509125996296596,135.0,132.0,3.0,1633.0,1702.0,-69.0,94.0,96.0,-2.0,-0.0005178297834474409,0.6454540000000001
ACBBA,medium,bounded_b4_w5,trace_0000,0,rp2040_hardware,True,True,True,,,175.19801348183893,211.22617412218366,-36.02816064034474,1.8463155994351719,2.2132951182517875,-0.3669795188166156,24.07468554508028,22.6564898075525,1.4181957375277783,88.0,109.0,-21.0,450.0,648.0,-198.0,57.0,60.0,-3.0,-0.205642517996241,19.689777
ACBBA,medium,bounded_b4_w5,trace_0001,1,agx_host_proxy,True,True,True,,,187.9146646962256,159.71901743221255,28.195647264013047,2.01038648219289,2.0029312418423864,0.007455240350503711,21.41680723935084,21.657502660400088,-0.2406954210492458,105.0,89.0,16.0,527.0,412.0,115.0,58.0,58.0,0.0,0.15004495423277828,0.310846
ACBBA,medium,bounded_b4_w5,trace_0002,2,agx_host_proxy,True,True,True,,,153.86307708843717,162.66619148960322,-8.803114401166056,2.3789573020366492,2.2711407500694087,0.10781655196724049,24.965743583240272,23.42972513826989,1.5360184449703809,85.0,86.0,-1.0,349.0,417.0,-68.0,61.0,62.0,-1.0,-0.05721395001158216,0.286319
ACBBA,medium,bounded_b4_w5,trace_0003,3,agx_host_proxy,True,True,True,,,156.47021687458098,154.26891407369297,2.2013028008880156,2.3840967489524516,2.3499599526502863,0.03413679630216526,21.63909348377697,22.722101029462074,-1.0830075456851027,86.0,84.0,2.0,366.0,361.0,5.0,54.0,57.0,-3.0,0.014068509936638447,0.25740799999999997
ACBBA,medium,bounded_b4_w5,trace_0004,4,agx_host_proxy,True,True,True,,,200.50098256327965,199.16311737346186,1.3378651898177907,2.166934850421951,2.537736928137766,-0.37080207771581497,20.123563069162522,21.819894614394535,-1.6963315452320131,105.0,103.0,2.0,544.0,523.0,21.0,60.0,63.0,-3.0,0.0066726116386763845,0.30866499999999997
ACBBA,medium,bounded_b4_w5,trace_0005,5,agx_host_proxy,True,True,True,,,161.11387977773592,159.71341256092052,1.4004672168154002,2.021094396133278,2.246045769069238,-0.22495137293596024,20.68443204861939,20.521385091418377,0.16304695720101137,85.0,87.0,-2.0,1936.0,356.0,1580.0,1632.0,58.0,1574.0,0.008692405761362149,0.872989
ACBBA,medium,bounded_b4_w5,trace_0006,6,agx_host_proxy,True,True,True,,,170.9917215248747,176.75639994382732,-5.764678418952627,2.2091554875898485,2.564270097271687,-0.3551146096818387,22.229451370158408,26.669488979144084,-4.440037608985676,93.0,97.0,-4.0,398.0,384.0,14.0,59.0,62.0,-3.0,-0.033713201829563555,0.272483
ACBBA,medium,bounded_b4_w5,trace_0007,7,agx_host_proxy,True,True,True,,,184.5474026438132,199.6581727505062,-15.110770106692996,2.245109160420964,2.415432310789548,-0.17032315036858403,21.317482270839985,25.91876715859911,-4.601284887759125,97.0,110.0,-13.0,572.0,702.0,-130.0,180.0,254.0,-74.0,-0.0818801559394343,0.31600100000000003
ACBBA,medium,bounded_b4_w5,trace_0008,8,agx_host_proxy,True,True,True,,,137.63749069033614,162.44344780618343,-24.805957115847292,2.9338964264376135,2.8293410747101606,0.1045553517274529,24.805591845381105,27.692014124342652,-2.886422278961547,75.0,91.0,-16.0,296.0,424.0,-128.0,55.0,59.0,-4.0,-0.18022674629877555,0.265978
ACBBA,medium,bounded_b4_w5,trace_0009,9,agx_host_proxy,True,True,True,,,181.32774187926006,173.5780155067469,7.749726372513152,2.71517051871507,2.4466263930836822,0.26854412563138785,25.004925997188213,24.22629849851637,0.7786274986718418,100.0,97.0,3.0,466.0,427.0,39.0,68.0,62.0,6.0,0.042738779472991116,0.337357
ACBBA,medium,bounded_b4_w5,trace_0010,10,agx_host_proxy,True,True,True,,,135.5914948086025,147.54044043527725,-11.948945626674742,2.7311238626811667,2.3214658992454775,0.40965796343568917,22.137407615152007,22.473890461793083,-0.33648284664107564,74.0,82.0,-8.0,401.0,377.0,24.0,135.0,57.0,78.0,-0.08812459545151832,0.29640900000000003
ACBBA,medium,bounded_b4_w5,trace_0011,11,agx_host_proxy,True,True,True,,,181.29578856931965,170.33090618087934,10.964882388440316,2.415600449325424,2.177798570872422,0.23780187845300205,22.8273516331974,24.7757142238417,-1.948362590644301,96.0,93.0,3.0,518.0,408.0,110.0,61.0,59.0,2.0,0.060480623819057,0.338159
ACBBA,medium,bounded_b4_w5,trace_0012,12,agx_host_proxy,True,True,True,,,187.1478706793882,154.22588645553597,32.921984223852235,2.120654097355708,1.887180921690337,0.23347317566537096,26.25101815775021,21.316831592455554,4.934186565294656,90.0,77.0,13.0,533.0,439.0,94.0,56.0,59.0,-3.0,0.17591428694506725,0.35879999999999995
ACBBA,medium,bounded_b4_w5,trace_0013,13,agx_host_proxy,True,True,True,,,172.38048936101924,177.16293735460778,-4.782447993588534,2.6204190302541317,3.0697307970747953,-0.44931176682066365,21.556346672545693,23.426502052816577,-1.8701553802708837,86.0,87.0,-1.0,504.0,494.0,10.0,60.0,60.0,0.0,-0.02774355735568528,0.317681
ACBBA,medium,bounded_b4_w5,trace_0014,14,agx_host_proxy,True,True,True,,,165.46506614065757,160.70101517689906,4.764050963758507,2.0317802736801798,2.085121286726773,-0.05334101304659322,21.56463190004277,21.266282166316007,0.2983497337267629,89.0,82.0,7.0,432.0,400.0,32.0,57.0,58.0,-1.0,0.02879188383914651,0.281818
ACBBA,medium,bounded_b4_w5,trace_0015,15,agx_host_proxy,True,True,True,,,183.26888746397785,185.20898972037446,-1.9401022563966137,3.306901909398842,2.8032956679493406,0.5036062414495013,27.378009232949996,25.102734320285222,2.2752749126647736,89.0,100.0,-11.0,463.0,422.0,41.0,58.0,57.0,1.0,-0.010586097199820389,0.327918
ACBBA,medium,bounded_b4_w5,trace_0016,16,agx_host_proxy,True,True,True,,,145.2429861794227,152.51846006824445,-7.27547388882175,1.7994773087770772,2.813044980572539,-1.0135676717954616,20.37816509546812,25.249571585741887,-4.871406490273767,78.0,84.0,-6.0,363.0,423.0,-60.0,59.0,59.0,0.0,-0.050091739919435115,0.27419499999999997
ACBBA,medium,bounded_b4_w5,trace_0017,17,agx_host_proxy,True,True,True,,,187.91196644938788,184.85822777156133,3.0537386778265443,2.3834659182966464,2.194430778199902,0.1890351400967445,23.8367865586585,20.795852616722613,3.0409339419358865,104.0,95.0,9.0,444.0,519.0,-75.0,58.0,57.0,1.0,0.01625090054416006,0.27785
ACBBA,medium,bounded_b4_w5,trace_0018,18,agx_host_proxy,True,True,True,,,171.36685375291975,201.58091685405168,-30.214063101131927,2.2616222952088605,2.640984521518228,-0.37936222630936767,21.482463163045438,27.04447651964056,-5.5620133565951235,91.0,100.0,-9.0,421.0,608.0,-187.0,56.0,56.0,0.0,-0.17631217729360418,0.266623
ACBBA,medium,bounded_b4_w5,trace_0019,19,agx_host_proxy,True,True,True,,,162.5792088254147,191.87319079263412,-29.293981967219423,2.046894804715089,2.8192975470769195,-0.7724027423618307,21.249086448990454,23.155460676278285,-1.9063742272878308,84.0,103.0,-19.0,487.0,939.0,-452.0,63.0,382.0,-319.0,-0.1801828301346742,0.32991200000000004
ACBBA,medium,bounded_b4_w5,trace_0020,20,agx_host_proxy,True,True,True,,,175.3700513582653,200.03827353925644,-24.668222180991137,2.398753807119259,2.3772389956660755,0.02151481145318357,20.618028790665132,21.576016217692157,-0.9579874270270246,86.0,100.0,-14.0,474.0,617.0,-143.0,62.0,60.0,2.0,-0.1406638248089246,0.29439899999999997
ACBBA,medium,bounded_b4_w5,trace_0021,21,agx_host_proxy,True,True,True,,,170.86344889500185,175.8605560638523,-4.997107168850448,1.88437276011189,2.366991015192883,-0.482618255080993,21.26974545280789,22.914572922069087,-1.6448274692611982,92.0,96.0,-4.0,416.0,403.0,13.0,55.0,56.0,-1.0,-0.029246203334694743,0.263634
ACBBA,medium,bounded_b4_w5,trace_0022,22,agx_host_proxy,True,True,True,,,160.0249999354054,174.74961355208444,-14.72461361667905,2.7415169970234046,2.7207627184129985,0.02075427861040602,20.856328812222642,24.942903800844412,-4.08657498862177,88.0,91.0,-3.0,394.0,906.0,-512.0,60.0,495.0,-435.0,-0.09201445788234769,0.274613
ACBBA,medium,bounded_b4_w5,trace_0023,23,agx_host_proxy,True,True,True,,,177.26998132739806,192.3479831779091,-15.078001850511043,2.0880717833666944,2.2092707646267704,-0.121198981260076,21.930043760371184,24.485063036510443,-2.5550192761392587,93.0,94.0,-1.0,426.0,545.0,-119.0,60.0,65.0,-5.0,-0.08505671257822069,0.29115199999999997
ACBBA,medium,bounded_b4_w5,trace_0024,24,agx_host_proxy,True,True,True,,,193.3507220150146,178.65315608114506,14.697565933869555,2.1208901051733755,2.195459351843048,-0.07456924666967257,22.405028848664475,18.943611109962884,3.4614177387015914,102.0,91.0,11.0,543.0,571.0,-28.0,58.0,64.0,-6.0,0.0760150558565187,0.324473
ACBBA,medium,bounded_b4_w5,trace_0025,25,agx_host_proxy,True,True,True,,,169.92406993813896,177.58297950872935,-7.658909570590396,2.3261793646291853,1.9584186377796862,0.3677607268494991,24.99782393107721,23.044654901015974,1.953169030061236,94.0,98.0,-4.0,2095.0,426.0,1669.0,1807.0,57.0,1750.0,-0.045072540772938346,0.9859950000000001
ACBBA,medium,bounded_b4_w5,trace_0026,26,agx_host_proxy,True,True,True,,,178.39176632064286,166.33434324957693,12.057423071065926,1.5395466623130172,1.9391974798028426,-0.39965081748982545,17.558665434727146,20.73261124871205,-3.173945813984904,91.0,92.0,-1.0,501.0,384.0,117.0,56.0,55.0,1.0,0.06758957164757153,0.299267
ACBBA,medium,bounded_b4_w5,trace_0027,27,agx_host_proxy,True,True,True,,,158.52753466486809,131.50809995751095,27.019434707357135,2.3144499042782196,2.016866958556447,0.2975829457217727,24.090279944711863,20.7124727469313,3.3778071977805624,88.0,73.0,15.0,400.0,308.0,92.0,57.0,54.0,3.0,0.1704400107178669,0.322542
ACBBA,medium,bounded_b4_w5,trace_0028,28,agx_host_proxy,True,True,True,,,202.74524314329412,203.15247294198076,-0.4072297986866431,2.625403335936289,2.3465350525095023,0.2788682834267866,22.804902140013095,20.8917956342491,1.913106505763995,110.0,100.0,10.0,569.0,582.0,-13.0,59.0,60.0,-1.0,-0.0020085788074387795,0.333233
ACBBA,medium,bounded_b4_w5,trace_0029,29,agx_host_proxy,True,True,True,,,158.16790115473557,161.3712837511054,-3.203382596369835,2.2044926546147434,2.3019527205270736,-0.09746006591233014,19.878946324648243,22.670566643366367,-2.791620318718124,77.0,87.0,-10.0,505.0,379.0,126.0,119.0,59.0,60.0,-0.0202530511752569,0.328216
ACBBA,medium,bounded_b4_w5,trace_0030,30,agx_host_proxy,True,True,True,,,120.99865258525125,135.7404236800256,-14.74177109477435,3.4118919150966116,3.3748612312268778,0.03703068386973385,26.54628679925679,25.736353726773057,0.8099330724837337,67.0,76.0,-9.0,1300.0,329.0,971.0,1090.0,57.0,1033.0,-0.12183417566892188,0.732406
ACBBA,medium,bounded_b4_w5,trace_0031,31,agx_host_proxy,True,True,True,,,144.3272675346941,144.0772605211321,0.25000701356199784,3.5305795297280214,3.710601473597054,-0.1800219438690327,26.20349332881383,24.029738286518135,2.1737550422956957,75.0,78.0,-3.0,360.0,367.0,-7.0,55.0,58.0,-3.0,0.001732223008392367,0.301767
ACBBA,medium,bounded_b4_w5,trace_0032,32,agx_host_proxy,True,True,True,,,188.9618289339081,177.3715827914955,11.590246142412582,2.538090460177683,2.342773052872572,0.19531740730511116,23.44178048821867,24.04404676692412,-0.60226627870545,94.0,88.0,6.0,583.0,469.0,114.0,61.0,61.0,0.0,0.06133644137444512,0.35782200000000003
ACBBA,medium,bounded_b4_w5,trace_0033,33,agx_host_proxy,True,True,True,,,143.47813905435052,150.75518478890825,-7.277045734557731,2.4434065010690147,2.4438677606323873,-0.000461259563372618,23.685815308909536,23.606070551356012,0.07974475755352373,79.0,84.0,-5.0,356.0,308.0,48.0,60.0,57.0,3.0,-0.05071884666556161,0.282124
ACBBA,medium,bounded_b4_w5,trace_0034,34,agx_host_proxy,True,True,True,,,170.43791241808253,176.50701201301987,-6.069099594937342,2.9263264242686113,2.1847084081135106,0.7416180161551007,26.87970884891836,23.36209607880221,3.5176127701161484,86.0,93.0,-7.0,445.0,505.0,-60.0,61.0,57.0,4.0,-0.035608859019875226,0.344313
ACBBA,medium,bounded_b4_w5,trace_0035,35,agx_host_proxy,True,True,True,,,191.83649082995814,182.14630017844038,9.690190651517753,2.132569478872813,2.3392678135806992,-0.20669833470788612,24.51151676976288,22.20792548506672,2.303591284696161,99.0,97.0,2.0,439.0,449.0,-10.0,57.0,58.0,-1.0,0.050512760161501476,0.30294200000000004
ACBBA,medium,bounded_b4_w5,trace_0036,36,agx_host_proxy,True,True,True,,,171.75944171135475,161.01411370526458,10.745328006090176,1.8906591678451852,2.0503822852339053,-0.15972311738872014,21.41750302200438,21.103063239607952,0.3144397823964269,93.0,89.0,4.0,431.0,419.0,12.0,54.0,54.0,0.0,0.06256033379607695,0.29465100000000005
ACBBA,medium,bounded_b4_w5,trace_0037,37,agx_host_proxy,True,True,True,,,178.555473060311,189.86591015417216,-11.310437093861168,2.7132902310820155,2.2494093666025865,0.463880864479429,24.13404489284814,23.695864111723335,0.43818078112480663,97.0,102.0,-5.0,434.0,491.0,-57.0,60.0,61.0,-1.0,-0.06334410757625347,0.31013
ACBBA,medium,bounded_b4_w5,trace_0038,38,agx_host_proxy,True,True,True,,,158.11252510048553,140.6058569107746,17.506668189710922,2.714243108415062,1.6756244954506139,1.0386186129644481,25.201350174694177,20.311204662005103,4.890145512689074,81.0,69.0,12.0,3174.0,799.0,2375.0,2785.0,451.0,2334.0,0.11072284234651796,1.437586
ACBBA,medium,bounded_b4_w5,trace_0039,39,agx_host_proxy,True,True,True,,,146.90596445550042,144.2643751799593,2.641589275541122,2.257682487344015,2.4997018571278966,-0.24201936978388172,19.81076519492106,20.89705405241138,-1.0862888574903202,71.0,80.0,-9.0,2565.0,468.0,2097.0,2173.0,131.0,2042.0,0.017981497792360166,1.1903629999999998
ACBBA,medium,bounded_b4_w5,trace_0040,40,agx_host_proxy,True,True,True,,,176.07784227338024,196.84966333904947,-20.77182106566923,2.9290959416845603,2.6059958232485867,0.32310011843597364,21.972499269369262,26.334019845913513,-4.361520576544251,89.0,109.0,-20.0,3592.0,532.0,3060.0,3180.0,65.0,3115.0,-0.11796953436888834,1.629901
ACBBA,medium,bounded_b4_w5,trace_0041,41,agx_host_proxy,True,True,True,,,166.45466263912667,182.98745442441452,-16.532791785287856,2.258859005400712,2.128190322428793,0.13066868297191903,21.964045880296087,23.15016026773254,-1.1861143874364544,90.0,95.0,-5.0,538.0,487.0,51.0,145.0,61.0,84.0,-0.09932309208502564,0.322762
ACBBA,medium,bounded_b4_w5,trace_0042,42,agx_host_proxy,True,True,True,,,191.8520683718129,193.01974140955951,-1.1676730377466242,1.9484960527753747,2.0877347293794206,-0.13923867660404587,18.396831080206386,19.795380457752362,-1.3985493775459759,96.0,88.0,8.0,624.0,533.0,91.0,56.0,58.0,-2.0,-0.006086319775732895,0.330052
ACBBA,medium,bounded_b4_w5,trace_0043,43,agx_host_proxy,True,True,True,,,173.74333375605792,178.80399779716362,-5.060664041105696,2.363081132199214,2.2154854279517875,0.14759570424742652,24.795696270074945,25.735359042421535,-0.9396627723465905,97.0,95.0,2.0,448.0,461.0,-13.0,60.0,59.0,1.0,-0.029127241498721645,0.31100300000000003
ACBBA,medium,bounded_b4_w5,trace_0044,44,agx_host_proxy,True,True,True,,,138.4506346432392,141.71408042310162,-3.2634457798624226,2.37824807691956,2.205038079015718,0.17320999790384217,20.36508690857891,20.36696824804701,-0.0018813394680989859,76.0,80.0,-4.0,329.0,357.0,-28.0,57.0,57.0,0.0,-0.023571186858562968,0.23391699999999999
ACBBA,medium,bounded_b4_w5,trace_0045,45,agx_host_proxy,True,True,True,,,141.05694290918655,144.60478005881117,-3.547837149624627,1.7930163988891477,1.9173245041711915,-0.12430810528204383,22.809058313255644,22.600061580161483,0.20899673309416045,78.0,78.0,0.0,324.0,351.0,-27.0,57.0,55.0,2.0,-0.025151808031943165,0.258075
ACBBA,medium,bounded_b4_w5,trace_0046,46,agx_host_proxy,True,True,True,,,154.12428864044966,166.2496537991007,-12.12536515865105,2.4264204227988433,4.332442998760542,-1.9060225759616989,20.239451104192828,30.786964645317276,-10.547513541124449,79.0,93.0,-14.0,420.0,316.0,104.0,59.0,56.0,3.0,-0.07867264313503386,0.276398
ACBBA,medium,bounded_b4_w5,trace_0047,47,agx_host_proxy,True,True,True,,,208.0619183890951,196.11550395214243,11.946414436952665,1.6829709610862542,2.042012081437013,-0.35904112035075864,20.944430942850005,18.41945073271661,2.5249802101333962,105.0,93.0,12.0,600.0,613.0,-13.0,55.0,83.0,-28.0,0.057417592462123516,0.34499199999999997
ACBBA,medium,bounded_b4_w5,trace_0048,48,agx_host_proxy,True,True,True,,,152.32085546103642,162.2621825462348,-9.941327085198395,1.3824271455391857,1.7003904119502005,-0.3179632664110148,23.52632230948859,19.928862855016423,3.597459454472169,83.0,81.0,2.0,4503.0,433.0,4070.0,4205.0,54.0,4151.0,-0.06526569887694322,2.08217
ACBBA,medium,bounded_b4_w5,trace_0049,49,agx_host_proxy,True,True,True,,,143.33323657688166,152.1055538678737,-8.77231729099205,2.5685435982616367,2.314819453951284,0.2537241443103526,22.187507533716076,23.52986156106244,-1.3423540273463637,77.0,83.0,-6.0,296.0,350.0,-54.0,57.0,56.0,1.0,-0.06120225497236099,0.239075
ACBBA,medium,count_b2,trace_0000,0,agx_host_proxy,True,True,True,,,208.64729875858032,180.8982338281906,27.74906493038972,1.677640867765963,1.7119633138927384,-0.03432244612677526,24.661315466966432,24.627554165934498,0.033761301031933755,98.0,92.0,6.0,618.0,472.0,146.0,65.0,65.0,0.0,0.13299508354765405,0.390982
ACBBA,medium,count_b2,trace_0001,1,agx_host_proxy,True,True,True,,,180.44613837959452,197.86420867277906,-17.41807029318454,1.7955613911277415,1.445725714584625,0.34983567654311654,22.30568287573809,23.363760878076302,-1.0580780023382133,97.0,106.0,-9.0,473.0,598.0,-125.0,66.0,66.0,0.0,-0.09652780851726023,0.297373
ACBBA,medium,count_b2,trace_0002,2,agx_host_proxy,True,True,True,,,155.53139191941835,153.09597545309242,2.4354164663259326,1.516677038559964,1.3068546638860947,0.20982237467386922,24.36905394490882,23.197002892801123,1.1720510521076974,87.0,85.0,2.0,379.0,308.0,71.0,73.0,70.0,3.0,0.015658681094989073,0.325566
ACBBA,medium,count_b2,trace_0003,3,agx_host_proxy,True,True,True,,,178.55216477186835,174.928888122537,3.623276649331359,1.5523989734580688,1.5868854517145385,-0.03448647825646978,23.682976606271154,24.37342144938234,-0.6904448431111874,94.0,95.0,-1.0,721.0,445.0,276.0,287.0,106.0,181.0,0.020292538340046056,0.407001
ACBBA,medium,count_b2,trace_0004,4,agx_host_proxy,True,True,True,,,192.73825662529086,216.61243152082216,-23.874174895531297,1.7500840779768028,1.6953786375586763,0.054705440418126416,21.1919649939499,22.654000480658766,-1.4620354867088672,93.0,119.0,-26.0,547.0,699.0,-152.0,64.0,67.0,-3.0,-0.12386837628165284,0.332134
ACBBA,medium,count_b2,trace_0005,5,agx_host_proxy,True,True,True,,,178.85361627705277,168.4180670421619,10.435549234890857,1.3727281204663107,1.9829046570386544,-0.6101765365723437,20.628988168549128,20.220412078271643,0.4085760902774851,99.0,89.0,10.0,504.0,448.0,56.0,64.0,63.0,1.0,0.058346873002141,0.32149900000000003
ACBBA,medium,count_b2,trace_0006,6,agx_host_proxy,True,True,True,,,168.07343003642566,176.0374746129245,-7.96404457649885,1.4208735763851916,1.0685904732377651,0.3522831031474265,22.374040966683214,22.35872467645929,0.015316290223925222,86.0,97.0,-11.0,477.0,449.0,28.0,70.0,67.0,3.0,-0.04738431633585895,0.328387
ACBBA,medium,count_b2,trace_0007,7,agx_host_proxy,True,True,True,,,195.45284102172693,200.86900449540937,-5.416163473682445,1.116213544709665,1.1999811030042233,-0.08376755829455829,22.754220133265544,22.216613407121393,0.5376067261441513,109.0,104.0,5.0,523.0,567.0,-44.0,64.0,62.0,2.0,-0.02771084546722129,0.318992
ACBBA,medium,count_b2,trace_0008,8,agx_host_proxy,True,True,True,,,144.45245829861528,144.3776630737143,0.07479522490098134,2.1022001661091485,1.7455099788555906,0.35669018725355794,27.13958882444002,26.877393113800313,0.2621957106397055,81.0,79.0,2.0,326.0,356.0,-30.0,64.0,61.0,3.0,0.0005177843685177238,0.33262200000000003
ACBBA,medium,count_b2,trace_0009,9,agx_host_proxy,True,True,True,,,176.33469328625645,159.66051830435416,16.674174981902297,1.511150114051304,1.4318508789205915,0.07929923513071246,20.784689810184844,20.278873896376826,0.5058159138080178,99.0,89.0,10.0,525.0,410.0,115.0,63.0,72.0,-9.0,0.09455980936680419,0.333473
ACBBA,medium,count_b2,trace_0010,10,agx_host_proxy,True,True,True,,,142.5702436388034,135.99186620920497,6.578377429598419,1.6714100169546142,1.6254397006379657,0.045970316316648496,23.942900799196035,21.88716111670472,2.055739682491314,78.0,74.0,4.0,331.0,359.0,-28.0,67.0,67.0,0.0,0.046141307342256514,0.303531
ACBBA,medium,count_b2,trace_0011,11,agx_host_proxy,True,True,True,,,170.70266709505455,166.0267660875522,4.675901007502347,1.3175002752467317,1.3836533743040245,-0.06615309905729272,23.293937990627118,20.39316723770049,2.900770752926629,94.0,91.0,3.0,431.0,431.0,0.0,71.0,66.0,5.0,0.02739207938033332,0.32630200000000004
ACBBA,medium,count_b2,trace_0012,12,agx_host_proxy,True,True,True,,,162.2134484286682,153.25144705539003,8.962001373278156,1.53430358464284,1.5813232522899219,-0.047019667647081986,20.406572194951465,19.878245810775432,0.5283263841760331,90.0,83.0,7.0,440.0,448.0,-8.0,69.0,123.0,-54.0,0.05524820204546179,0.30209
ACBBA,medium,count_b2,trace_0013,13,agx_host_proxy,True,True,True,,,171.7105186647434,170.54081765026683,1.1697010144765727,1.9587667039699166,2.3809233768610074,-0.4221566728910908,22.087011223031425,22.27582745748137,-0.1888162344499449,87.0,92.0,-5.0,486.0,481.0,5.0,72.0,102.0,-30.0,0.006812052188604463,0.336618
ACBBA,medium,count_b2,trace_0014,14,agx_host_proxy,True,True,True,,,179.98840669406192,174.79519071634897,5.193215977712953,1.1276933381457368,1.2285006285106208,-0.100807290364884,21.22637531206874,20.6662977162903,0.5600775957784414,97.0,97.0,0.0,1594.0,578.0,1016.0,1165.0,140.0,1025.0,0.02885305822246764,0.7829860000000001
ACBBA,medium,count_b2,trace_0015,15,agx_host_proxy,True,True,True,,,205.51962404831283,192.64087556684618,12.878748481466658,2.2321327189887943,1.877181579604165,0.3549511393846292,31.44249838322485,22.927995406830753,8.514502976394098,114.0,96.0,18.0,536.0,594.0,-58.0,65.0,73.0,-8.0,0.06266432483566226,0.403264
ACBBA,medium,count_b2,trace_0016,16,agx_host_proxy,True,True,True,,,155.5694906785266,148.14193289877076,7.42755777975583,1.0758328501863565,1.812709938157125,-0.7368770879707685,20.932908368699703,19.363566605613194,1.5693417630865092,86.0,82.0,4.0,405.0,420.0,-15.0,62.0,71.0,-9.0,0.04774430865178029,0.288597
ACBBA,medium,count_b2,trace_0017,17,agx_host_proxy,True,True,True,,,189.72128481797853,179.53410637542171,10.187178442556814,1.324227018731532,1.3852223839651046,-0.06099536523357263,22.79219182648495,21.05195114376377,1.7402406827211792,105.0,91.0,14.0,462.0,487.0,-25.0,68.0,97.0,-29.0,0.05369549574962317,0.318965
ACBBA,medium,count_b2,trace_0018,18,agx_host_proxy,True,True,True,,,171.4030885773985,165.13622779963217,6.26686077776634,1.3010913132959334,1.2985860791328185,0.002505234163114878,23.89590454577406,18.39735316137407,5.498551384399988,92.0,82.0,10.0,457.0,446.0,11.0,69.0,67.0,2.0,0.03656212282858885,0.336951
ACBBA,medium,count_b2,trace_0019,19,agx_host_proxy,True,True,True,,,173.73888902535097,146.17602038355878,27.562868641792193,1.6959796694372207,2.396869865302937,-0.7008901958657163,25.04313917960889,19.36184537479769,5.681293804811201,95.0,76.0,19.0,711.0,566.0,145.0,348.0,228.0,120.0,0.15864536026686793,0.47242700000000004
ACBBA,medium,count_b2,trace_0020,20,agx_host_proxy,True,True,True,,,183.48204095263816,208.10327602833604,-24.621235075697882,1.6629395717674011,1.988928714388545,-0.32598914262114387,20.651162627343975,22.35895035538148,-1.7077877280375056,89.0,110.0,-21.0,561.0,604.0,-43.0,67.0,66.0,1.0,-0.13418880097400546,0.35458300000000004
ACBBA,medium,count_b2,trace_0021,21,agx_host_proxy,True,True,True,,,156.76804142688542,172.47643021851243,-15.708388791627016,1.1276242483702505,1.6745524899220634,-0.5469282415518129,21.556488361504396,26.899728711602503,-5.343240350098107,86.0,96.0,-10.0,376.0,399.0,-23.0,66.0,70.0,-4.0,-0.10020147377393374,0.266457
ACBBA,medium,count_b2,trace_0022,22,agx_host_proxy,True,True,True,,,160.0884134348903,164.07228797644768,-3.983874541557384,2.2229047541490905,1.7320875946139267,0.4908171595351638,23.06898553806275,20.974560130859942,2.0944254072028095,86.0,88.0,-2.0,2504.0,459.0,2045.0,2176.0,69.0,2107.0,-0.024885464575971135,1.237055
ACBBA,medium,count_b2,trace_0023,23,agx_host_proxy,True,True,True,,,182.13004895407795,185.51004314288562,-3.3799941888076717,1.7659999637227302,1.3417064079047163,0.42429355581801387,23.854290803975463,22.78017105100997,1.074119752965494,98.0,103.0,-5.0,531.0,531.0,0.0,63.0,66.0,-3.0,-0.018558135838748383,0.361996
ACBBA,medium,count_b2,trace_0024,24,agx_host_proxy,True,True,True,,,182.72400487859812,187.54481749079625,-4.820812612198125,1.5292799443023495,1.144817366587221,0.3844625777151285,22.061576692674937,20.930922953692512,1.1306537389824243,101.0,98.0,3.0,1702.0,471.0,1231.0,1297.0,66.0,1231.0,-0.026383028411625906,0.885261
ACBBA,medium,count_b2,trace_0025,25,agx_host_proxy,True,True,True,,,167.58751640996653,174.93670023633197,-7.349183826365447,1.427599332991073,1.326733904314451,0.10086542867662196,20.838063666592397,23.67583417115783,-2.837770504565434,83.0,96.0,-13.0,472.0,479.0,-7.0,65.0,67.0,-2.0,-0.04385281185495501,0.308191
ACBBA,medium,count_b2,trace_0026,26,agx_host_proxy,True,True,True,,,176.69916321062135,174.93434741534128,1.7648157952800716,2.108662132568569,1.370244174868463,0.7384179577001058,23.32361633731424,18.59131919325165,4.732297144062592,92.0,96.0,-4.0,430.0,511.0,-81.0,65.0,61.0,4.0,0.00998768620752579,0.31388099999999997
ACBBA,medium,count_b2,trace_0027,27,agx_host_proxy,True,True,True,,,157.91038386023922,151.98043007701008,5.929953783229138,2.3727719945232164,1.5527115522772357,0.8200604422459807,24.372340178121433,23.62277737657996,0.7495628015414724,86.0,81.0,5.0,460.0,386.0,74.0,70.0,64.0,6.0,0.03755265257589093,0.368989
ACBBA,medium,count_b2,trace_0028,28,agx_host_proxy,True,True,True,,,197.6108233978996,205.95606043547414,-8.345237037574549,1.7316685311525075,1.220181455796034,0.5114870753564735,20.080993578517123,22.13966457143769,-2.058670992920568,100.0,110.0,-10.0,725.0,539.0,186.0,275.0,68.0,207.0,-0.042230667804925764,0.369514
ACBBA,medium,count_b2,trace_0029,29,agx_host_proxy,True,True,True,,,158.42415822643827,170.34432693084946,-11.920168704411196,1.482421400979347,2.2742223877401693,-0.7918009867608222,22.745807061862255,27.15293629182593,-4.407129229963676,84.0,87.0,-3.0,448.0,418.0,30.0,63.0,63.0,0.0,-0.07524211482552745,0.330813
ACBBA,medium,count_b2,trace_0030,30,agx_host_proxy,True,True,True,,,120.45511677819346,116.11928701055848,4.335829767634976,1.6553977958084276,2.269705325613058,-0.6143075298046303,20.169718728003158,23.87226667970648,-3.7025479517033233,67.0,64.0,3.0,359.0,320.0,39.0,66.0,73.0,-7.0,0.03599539715377132,0.29508500000000004
ACBBA,medium,count_b2,trace_0031,31,agx_host_proxy,True,True,True,,,144.0623068564576,143.99797987438345,0.06432698207416365,1.8354697803260216,3.0549879659684485,-1.2195181856424269,21.475505605546722,26.65453169643328,-5.179026090886559,79.0,80.0,-1.0,400.0,401.0,-1.0,68.0,65.0,3.0,0.0004465219492719805,0.315126
ACBBA,medium,count_b2,trace_0032,32,agx_host_proxy,True,True,True,,,187.94665785020743,178.8663275216382,9.080330328569232,1.890364921733035,1.24138870660189,0.6489762151311449,24.428298585495202,25.920176668748095,-1.4918780832528924,96.0,94.0,2.0,515.0,422.0,93.0,71.0,68.0,3.0,0.04831333758435977,0.38188
ACBBA,medium,count_b2,trace_0033,33,agx_host_proxy,True,True,True,,,147.92395880600372,150.1814081670583,-2.2574493610545687,2.0101211614121763,1.3083382603160316,0.7017829010961447,22.275478744990117,21.93075435102708,0.34472439396303756,79.0,83.0,-4.0,345.0,412.0,-67.0,64.0,62.0,2.0,-0.0152608771376591,0.273706
ACBBA,medium,count_b2,trace_0034,34,agx_host_proxy,True,True,True,,,152.20848219430485,156.20652708829343,-3.9980448939885775,1.927602751458675,1.6640062727261677,0.26359647873250736,24.942898705934915,22.341074553014042,2.601824152920873,83.0,77.0,6.0,494.0,438.0,56.0,208.0,72.0,136.0,-0.026266899428671733,0.370595
ACBBA,medium,count_b2,trace_0035,35,agx_host_proxy,True,True,True,,,190.65932628005805,200.97911259491667,-10.319786314858618,1.450114121337981,1.3055645413050154,0.14454958003296547,22.87123130565023,23.980853992149672,-1.109622686499442,98.0,103.0,-5.0,546.0,599.0,-53.0,68.0,66.0,2.0,-0.05412683720333702,0.363689
ACBBA,medium,count_b2,trace_0036,36,agx_host_proxy,True,True,True,,,152.2996060660309,167.8178666840161,-15.51826061798522,1.1935855572653957,1.1044012554377072,0.08918430182768855,18.32671007827181,20.134833991125863,-1.8081239128540538,79.0,89.0,-10.0,394.0,452.0,-58.0,66.0,64.0,2.0,-0.10189297936369669,0.267847
ACBBA,medium,count_b2,trace_0037,37,agx_host_proxy,True,True,True,,,188.72435771201887,192.2150722749314,-3.4907145629125296,1.3905757384743274,1.2893150657357515,0.10126067273857586,23.22778770129945,22.12865829820029,1.0991294030991625,96.0,102.0,-6.0,519.0,507.0,12.0,67.0,67.0,0.0,-0.018496364778939314,0.351404
ACBBA,medium,count_b2,trace_0038,38,agx_host_proxy,True,True,True,,,157.18659850497488,145.6621906329574,11.524407872017491,2.160937658278639,1.4424128296013685,0.7185248286772703,24.270829647999015,21.453887305228303,2.8169423427707123,87.0,81.0,6.0,509.0,827.0,-318.0,66.0,461.0,-395.0,0.07331673298886704,0.366941
ACBBA,medium,count_b2,trace_0039,39,agx_host_proxy,True,True,True,,,141.29328096411984,138.12901888038672,3.164262083733121,1.5378091958812499,1.8004308925566643,-0.26262169667541446,19.713863560119904,19.8858106866782,-0.17194712655829747,77.0,72.0,5.0,367.0,380.0,-13.0,68.0,65.0,3.0,0.022394993322694918,0.303941
ACBBA,medium,count_b2,trace_0040,40,agx_host_proxy,True,True,True,,,181.69042822945056,182.8779456069653,-1.1875173775147516,1.7693553650685359,1.9583208645091523,-0.18896549944061647,26.308418140558135,24.672013602007222,1.636404538550913,96.0,99.0,-3.0,419.0,453.0,-34.0,66.0,66.0,0.0,-0.0065359380187880725,0.323775
ACBBA,medium,count_b2,trace_0041,41,agx_host_proxy,True,True,True,,,174.72331135870078,172.2860881897914,2.4372231689093837,1.1465112448496722,1.1562259016208198,-0.00971465677114769,20.06540776031318,20.430967409102905,-0.36555964878972347,89.0,89.0,0.0,727.0,622.0,105.0,248.0,155.0,93.0,0.01394904406261996,0.418481
ACBBA,medium,count_b2,trace_0042,42,agx_host_proxy,True,True,True,,,209.70565821987546,174.40928651400498,35.296371705870484,1.5443155628192942,0.9701652479476051,0.5741503148716891,26.110419314684485,16.88433686036871,9.226082454315776,112.0,92.0,20.0,583.0,442.0,141.0,70.0,68.0,2.0,0.16831387386248967,0.371124
ACBBA,medium,count_b2,trace_0043,43,agx_host_proxy,True,True,True,,,145.81244718150018,179.73715372757238,-33.9247065460722,1.642332422271445,1.848312673043314,-0.20598025077186888,22.816691454243937,25.23967435783161,-2.4229829035876733,81.0,101.0,-20.0,336.0,547.0,-211.0,75.0,81.0,-6.0,-0.23265988056454737,0.278634
ACBBA,medium,count_b2,trace_0044,44,agx_host_proxy,True,True,True,,,136.97258758715222,147.4435405179167,-10.470952930764469,1.292311293465061,1.372327815454544,-0.08001652198948306,19.077689242206624,21.26442211073338,-2.1867328685267573,77.0,79.0,-2.0,334.0,377.0,-43.0,67.0,66.0,1.0,-0.07644560941146027,0.254397
ACBBA,medium,count_b2,trace_0045,45,agx_host_proxy,True,True,True,,,144.25836483362502,162.27807419788925,-18.01970936426423,1.786166912578706,1.526727753332474,0.2594391592462322,21.84741875516842,21.31988809597452,0.5275306591939,81.0,91.0,-10.0,383.0,584.0,-201.0,67.0,71.0,-4.0,-0.12491275209618927,0.275666
ACBBA,medium,count_b2,trace_0046,46,agx_host_proxy,True,True,True,,,153.15705920252867,140.9419416888187,12.21511751370997,3.1698610031494416,1.714736493904774,1.4551245092446676,27.69269730448252,23.419576938121658,4.273120366360864,82.0,79.0,3.0,337.0,309.0,28.0,69.0,66.0,3.0,0.07975549790073466,0.325229
ACBBA,medium,count_b2,trace_0047,47,agx_host_proxy,True,True,True,,,207.3130974484863,207.80060317042754,-0.48750572194123265,1.2478031766838984,1.6698464569877096,-0.4220432803038112,19.096016825540218,21.218294758680877,-2.1222779331406585,111.0,99.0,12.0,578.0,625.0,-47.0,65.0,69.0,-4.0,-0.002351543283763677,0.312044
ACBBA,medium,count_b2,trace_0048,48,agx_host_proxy,True,True,True,,,163.85066763263987,204.86966191336145,-41.018994280721586,1.1149439590837111,0.8853343272023902,0.22960963188132089,20.893783674771306,21.311294355370183,-0.41751068059887686,79.0,108.0,-29.0,460.0,639.0,-179.0,65.0,72.0,-7.0,-0.25034377261548857,0.344747
ACBBA,medium,count_b2,trace_0049,49,agx_host_proxy,True,True,True,,,182.97778750806242,157.44270537626505,25.535082131797367,2.0647966383553533,1.328159729783523,0.7366369085718303,27.101159496235024,20.69884840148753,6.402311094747493,101.0,85.0,16.0,496.0,412.0,84.0,69.0,66.0,3.0,0.13955290682849814,0.373167
ACBBA,medium,count_b4,trace_0000,0,rp2040_hardware,True,True,True,,,182.0171933926799,180.6651990814376,1.3519943112422936,1.9737511127817835,2.562884516518498,-0.5891334037367146,25.391708282981163,21.367640952367765,4.0240673306133985,92.0,86.0,6.0,443.0,564.0,-121.0,55.0,56.0,-1.0,0.0074278384697731865,19.306347
ACBBA,medium,count_b4,trace_0001,1,rp2040_hardware,True,True,True,,,182.9115420897011,189.84473985974952,-6.933197770048423,2.967295482641333,2.070896648890485,0.896398833750848,26.672127839521593,26.255199400727413,0.41692843879418007,91.0,104.0,-13.0,456.0,508.0,-52.0,54.0,56.0,-2.0,-0.03790464883100889,17.835887
ACBBA,medium,count_b4,trace_0002,2,rp2040_hardware,True,True,True,,,158.5358558669753,154.20933350566023,4.326522361315085,2.3898652482673843,2.3216516696379923,0.06821357862939204,22.704331299303544,23.615056066340216,-0.9107247670366725,82.0,80.0,2.0,338.0,422.0,-84.0,55.0,59.0,-4.0,0.027290497393506963,15.724974999999999
ACBBA,medium,count_b4,trace_0003,3,rp2040_hardware,True,True,True,,,201.18312080192024,187.13425936946905,14.04886143245119,3.484507215568734,2.4946048971271195,0.9899023184416147,30.853418042543417,23.353576252691372,7.499841789852045,103.0,100.0,3.0,490.0,563.0,-73.0,53.0,55.0,-2.0,0.06983121335652875,20.81456
ACBBA,medium,count_b4,trace_0004,4,agx_host_proxy,True,True,True,,,208.827054960401,192.23979210331228,16.587262857088717,2.598377813711307,2.247309003816699,0.351068809894608,20.997643701726314,21.944115536044936,-0.946471834318622,107.0,101.0,6.0,628.0,601.0,27.0,55.0,118.0,-63.0,0.07943062195764859,0.353513
ACBBA,medium,count_b4,trace_0005,5,agx_host_proxy,True,True,True,,,170.67932792500136,179.32094100276151,-8.641613077760155,2.2820184306981712,1.9062045956548317,0.37581383504333954,22.700325672038723,22.54631574620149,0.15400992583723294,93.0,91.0,2.0,356.0,482.0,-126.0,53.0,54.0,-1.0,-0.05063069548502903,0.258809
ACBBA,medium,count_b4,trace_0006,6,agx_host_proxy,True,True,True,,,173.93662018130286,174.56076077114864,-0.6241405898457799,2.1645765949707365,2.5942883139481414,-0.4297117189774049,22.02804107178149,24.70143797890897,-2.6733969071274792,83.0,88.0,-5.0,480.0,425.0,55.0,53.0,55.0,-2.0,-0.003588321937009049,0.295769
ACBBA,medium,count_b4,trace_0007,7,agx_host_proxy,True,True,True,,,204.523208138561,183.9363548475988,20.586853290962182,2.8867800039622242,2.4780762665875833,0.40870373737464094,22.251989589908103,23.97912815497238,-1.7271385650642763,99.0,95.0,4.0,731.0,629.0,102.0,173.0,246.0,-73.0,0.10065778587344933,0.392088
ACBBA,medium,count_b4,trace_0008,8,agx_host_proxy,True,True,True,,,136.41526519686664,153.4818907479959,-17.06662555112925,1.7771342695390588,1.7924528473155625,-0.015318577776503695,21.909466954989345,23.297202512839455,-1.3877355578501103,77.0,85.0,-8.0,304.0,366.0,-62.0,55.0,54.0,1.0,-0.12510788676398993,0.258387
ACBBA,medium,count_b4,trace_0009,9,agx_host_proxy,True,True,True,,,175.01183630425675,152.08103258972872,22.930803714528025,3.5048792786448506,2.768397071618344,0.7364822070265067,29.463890172565158,22.93578597718211,6.528104195383047,97.0,82.0,15.0,361.0,356.0,5.0,57.0,54.0,3.0,0.13102430212013202,0.348944
ACBBA,medium,count_b4,trace_0010,10,agx_host_proxy,True,True,True,,,150.503829668713,151.56776037420605,-1.0639307054930498,3.1707727943476165,2.4702140682785694,0.7005587260690471,25.466440551700344,22.566663617380197,2.8997769343201476,82.0,81.0,1.0,300.0,408.0,-108.0,54.0,54.0,0.0,-0.0070691271300867215,0.259733
ACBBA,medium,count_b4,trace_0011,11,agx_host_proxy,True,True,True,,,164.32883145306107,172.5764771612226,-8.247645708161542,2.6592552631991944,2.4527345432945884,0.20652071990460596,23.42702861560621,21.08202592210668,2.3450026934995307,88.0,89.0,-1.0,408.0,448.0,-40.0,58.0,56.0,2.0,-0.05018988837949232,0.295538
ACBBA,medium,count_b4,trace_0012,12,agx_host_proxy,True,True,True,,,155.35235923208145,182.85479238366952,-27.502433151588065,1.8063211170805937,2.068870392571368,-0.2625492754907741,18.67796995942264,22.33099037400222,-3.6530204145795793,87.0,98.0,-11.0,509.0,480.0,29.0,151.0,55.0,96.0,-0.1770326069557919,0.309215
ACBBA,medium,count_b4,trace_0013,13,agx_host_proxy,True,True,True,,,170.4021232543749,181.62553818504512,-11.223414930670202,4.005931802257483,3.3968247110483683,0.6091070912091148,23.923345986373153,24.71213110901433,-0.7887851226411762,95.0,96.0,-1.0,483.0,481.0,2.0,59.0,58.0,1.0,-0.06586429039922219,0.365263
ACBBA,medium,count_b4,trace_0014,14,agx_host_proxy,True,True,True,,,167.67324700449112,162.60756940980335,5.06567759468777,1.7070416632340872,2.228214224353058,-0.5211725611189706,20.366394232347023,20.86466709337869,-0.49827286103166557,89.0,88.0,1.0,491.0,471.0,20.0,57.0,61.0,-4.0,0.03021160313399362,0.288841
ACBBA,medium,count_b4,trace_0015,15,agx_host_proxy,True,True,True,,,171.90869371233788,184.40664952445312,-12.497955812115237,3.0371223091168913,3.2436409402268245,-0.20651863110993318,24.18381956072044,28.01502054699143,-3.8312009862709893,84.0,104.0,-20.0,443.0,400.0,43.0,54.0,59.0,-5.0,-0.07270112722180647,0.314747
ACBBA,medium,count_b4,trace_0016,16,agx_host_proxy,True,True,True,,,151.46905772063946,152.17234074678242,-0.7032830261429694,1.724147262048487,2.906107484204473,-1.181960222155986,22.43309659569956,23.340422753199714,-0.9073261575001546,85.0,84.0,1.0,377.0,330.0,47.0,56.0,59.0,-3.0,-0.004643080486049256,0.272281
ACBBA,medium,count_b4,trace_0017,17,agx_host_proxy,True,True,True,,,193.9554879709881,182.65288918187204,11.302598789116047,3.5189213622030024,2.732553864991567,0.7863674972114354,25.78587378476223,22.407444349465656,3.3784294352965745,103.0,95.0,8.0,473.0,447.0,26.0,59.0,58.0,1.0,0.05827418913151193,0.30833
ACBBA,medium,count_b4,trace_0018,18,agx_host_proxy,True,True,True,,,172.78392981579486,184.278205926956,-11.494276111161128,1.9155691839660844,2.460399193987455,-0.5448300100213708,23.950319297906542,24.601463813380242,-0.6511445154736997,95.0,97.0,-2.0,724.0,470.0,254.0,376.0,54.0,322.0,-0.06652398821704766,0.432241
ACBBA,medium,count_b4,trace_0019,19,agx_host_proxy,True,True,True,,,174.1213986508223,174.2539987206654,-0.13260006984310735,2.4563620017273426,2.9632604385766066,-0.506898436849264,26.138831817575067,23.482142478544535,2.6566893390305317,98.0,88.0,10.0,412.0,735.0,-323.0,55.0,260.0,-205.0,-0.0007615380468486786,0.31094900000000003
ACBBA,medium,count_b4,trace_0020,20,agx_host_proxy,True,True,True,,,177.90030185186936,168.3659636446163,9.534338207253057,3.6720694597664854,2.622923833074129,1.0491456266923564,23.481978619966803,18.712867087641467,4.769111532325336,93.0,77.0,16.0,533.0,562.0,-29.0,58.0,56.0,2.0,0.05359371573855973,0.341302
ACBBA,medium,count_b4,trace_0021,21,agx_host_proxy,True,True,True,,,161.5673190902003,160.4794969519957,1.0878221382045865,2.095455865217173,3.137030745143403,-1.0415748799262303,19.061188627590248,19.58006839410641,-0.5188797665161609,89.0,86.0,3.0,1614.0,371.0,1243.0,1288.0,55.0,1233.0,0.006732934261273926,0.7348610000000001
ACBBA,medium,count_b4,trace_0022,22,agx_host_proxy,True,True,True,,,156.27223682190612,169.0390539715281,-12.766817149621971,3.588809068552171,3.0645361984467283,0.5242728701054427,23.94678663565503,22.807824009008517,1.1389626266465136,85.0,83.0,2.0,332.0,510.0,-178.0,54.0,56.0,-2.0,-0.08169600313695854,0.27353500000000003
ACBBA,medium,count_b4,trace_0023,23,agx_host_proxy,True,True,True,,,186.5687205878453,180.33542568170563,6.233294906139662,2.287646770975239,2.695575647662741,-0.4079288766875022,24.394273330498557,24.368308827530875,0.025964502967681824,95.0,100.0,-5.0,435.0,442.0,-7.0,59.0,61.0,-2.0,0.03341018197744854,0.292793
ACBBA,medium,count_b4,trace_0024,24,agx_host_proxy,True,True,True,,,178.2705529859196,178.2523105571218,0.018242428797805132,2.336041942913493,2.3906095498734663,-0.054567606959973425,22.587412179784472,20.480511029691765,2.106901150092707,98.0,94.0,4.0,473.0,488.0,-15.0,55.0,55.0,0.0,0.00010233001744963443,0.303072
ACBBA,medium,count_b4,trace_0025,25,agx_host_proxy,True,True,True,,,182.11006183992527,177.02808490536762,5.081976934557645,2.4586591135400564,1.9536589282837131,0.5050001852563433,22.212800567355547,24.191499285396823,-1.9786987180412758,96.0,94.0,2.0,526.0,439.0,87.0,52.0,55.0,-3.0,0.02790607439925369,0.330832
ACBBA,medium,count_b4,trace_0026,26,agx_host_proxy,True,True,True,,,190.13045876063583,183.89582715220317,6.2346316084326645,2.138174822649581,1.6212513388440817,0.5169234838054995,19.906796938366963,20.025827539293832,-0.11903060092686957,102.0,96.0,6.0,587.0,522.0,65.0,54.0,56.0,-2.0,0.03279133521831836,0.33732300000000004
ACBBA,medium,count_b4,trace_0027,27,agx_host_proxy,True,True,True,,,143.80451796244716,167.6094000099759,-23.804882047528736,2.232835523287737,2.360664623085431,-0.1278290997976943,20.62243932433609,22.1662940789095,-1.5438547545734131,79.0,90.0,-11.0,403.0,536.0,-133.0,54.0,58.0,-4.0,-0.1655363988893944,0.275753
ACBBA,medium,count_b4,trace_0028,28,agx_host_proxy,True,True,True,,,220.96914304616718,198.84015219116014,22.128990855007032,3.863109534179026,3.0814026487023582,0.7817068854766678,25.58118819843493,22.624666002030985,2.956522196403945,114.0,99.0,15.0,585.0,621.0,-36.0,55.0,55.0,0.0,0.10014516303022279,0.326025
ACBBA,medium,count_b4,trace_0029,29,agx_host_proxy,True,True,True,,,171.34767208938774,174.9228819838276,-3.5752098944398654,2.795598524319214,2.394660479281918,0.4009380450372957,25.313352878121638,23.081846154344394,2.231506723777244,87.0,87.0,0.0,443.0,510.0,-67.0,54.0,57.0,-3.0,-0.020865237623857353,0.31891
ACBBA,medium,count_b4,trace_0030,30,agx_host_proxy,True,True,True,,,135.38816159097766,135.7404236800256,-0.3522620890479402,2.965412174081528,3.3748612312268778,-0.40944905714534974,24.84064243571454,25.736353726773057,-0.8957112910585181,72.0,76.0,-4.0,369.0,329.0,40.0,61.0,57.0,4.0,-0.0026018677328093296,0.31856900000000005
ACBBA,medium,count_b4,trace_0031,31,agx_host_proxy,True,True,True,,,150.67395747910243,154.5370584073773,-3.8631009282748607,2.9184681824848258,3.604410877381443,-0.6859426948966174,23.639350577993724,24.202065459712095,-0.5627148817183709,84.0,81.0,3.0,393.0,398.0,-5.0,53.0,52.0,1.0,-0.025638809737977778,0.285799
ACBBA,medium,count_b4,trace_0032,32,agx_host_proxy,True,True,True,,,195.83066653351173,186.93746894859586,8.893197584915868,3.0974633576835138,3.1035446261877575,-0.006081268504243731,23.209180548220473,25.053401347003852,-1.844220798783379,88.0,92.0,-4.0,640.0,585.0,55.0,56.0,56.0,0.0,0.04541269119049855,0.371172
ACBBA,medium,count_b4,trace_0033,33,agx_host_proxy,True,True,True,,,166.89959428855323,159.50802782026787,7.391566468285362,2.782994712159505,2.5904637821023275,0.19253093005717759,25.747522659061385,22.937198295678478,2.8103243633829074,89.0,88.0,1.0,412.0,422.0,-10.0,55.0,53.0,2.0,0.04428750411164008,0.321441
ACBBA,medium,count_b4,trace_0034,34,agx_host_proxy,True,True,True,,,148.93233087942056,151.92031878582176,-2.9879879064012016,2.306916017584965,2.3699571348899626,-0.06304111730499784,22.224231434041464,22.674887283278217,-0.45065584923675317,79.0,77.0,2.0,336.0,399.0,-63.0,55.0,61.0,-6.0,-0.02006272169889259,0.247439
ACBBA,medium,count_b4,trace_0035,35,agx_host_proxy,True,True,True,,,197.58922229298256,192.64470789357028,4.94451439941227,2.228894831596454,2.267652025500091,-0.03875719390363708,23.864083009314413,24.483503648609116,-0.6194206392947024,106.0,102.0,4.0,480.0,451.0,29.0,54.0,53.0,1.0,0.02502421104770893,0.30014300000000005
ACBBA,medium,count_b4,trace_0036,36,agx_host_proxy,True,True,True,,,153.90347075651232,161.01411370526458,-7.1106429487522576,1.9198055499049393,2.0503822852339053,-0.13057673532896596,21.174685102430846,21.103063239607952,0.0716218628228944,85.0,89.0,-4.0,321.0,417.0,-96.0,52.0,52.0,0.0,-0.04620196616619431,0.233394
ACBBA,medium,count_b4,trace_0037,37,agx_host_proxy,True,True,True,,,190.05915954132942,188.88424021011232,1.1749193312170974,2.6358879315091697,2.1142233122144045,0.5216646192947652,24.328661709842585,23.801719038758623,0.5269426710839618,101.0,106.0,-5.0,464.0,475.0,-11.0,54.0,57.0,-3.0,0.006181861132357604,0.320043
ACBBA,medium,count_b4,trace_0038,38,agx_host_proxy,True,True,True,,,147.36164466556187,138.17005576139732,9.191588904164547,2.702742817916959,1.7106286024906139,0.9921142154263449,23.8939087261158,20.10810693599679,3.7858017901190095,77.0,71.0,6.0,3184.0,772.0,2412.0,2800.0,449.0,2351.0,0.06237436427250057,1.4393930000000001
ACBBA,medium,count_b4,trace_0039,39,agx_host_proxy,True,True,True,,,142.13197467873036,159.84207246794034,-17.710097789209982,2.5561422354005012,2.424576988797167,0.13156524660333435,20.895951631089186,21.215422883747195,-0.31947125265800835,75.0,78.0,-3.0,371.0,566.0,-195.0,56.0,125.0,-69.0,-0.12460319241494537,0.27698
ACBBA,medium,count_b4,trace_0040,40,agx_host_proxy,True,True,True,,,201.70882618823774,186.55383142974787,15.154994758489863,2.850852911860391,2.802906055460713,0.047946856399677884,26.972894375858072,23.83647708873695,3.136417287121123,111.0,102.0,9.0,504.0,431.0,73.0,58.0,57.0,1.0,0.07513302736860406,0.33325
ACBBA,medium,count_b4,trace_0041,41,agx_host_proxy,True,True,True,,,172.3902499905701,175.55877152848254,-3.168521537912426,2.672957722922902,2.69282496129537,-0.019867238372468066,20.03885664373471,21.23777991164422,-1.1989232679095103,83.0,78.0,5.0,484.0,565.0,-81.0,52.0,53.0,-1.0,-0.01837993470098075,0.307095
ACBBA,medium,count_b4,trace_0042,42,agx_host_proxy,True,True,True,,,185.59452049597184,199.16046568832112,-13.56594519234929,1.8073324252767389,2.1189660417096943,-0.3116336164329554,18.44278223001543,20.88236481821408,-2.4395825881986504,88.0,86.0,2.0,561.0,609.0,-48.0,55.0,57.0,-2.0,-0.07309453509778445,0.28320100000000004
ACBBA,medium,count_b4,trace_0043,43,agx_host_proxy,True,True,True,,,152.49382885452096,151.04492570290503,1.448903151615923,2.60046401459577,1.970304099367732,0.6301599152280379,23.358964652442573,20.22393299030588,3.1350316621366936,83.0,83.0,0.0,340.0,390.0,-50.0,63.0,56.0,7.0,0.009501388761103086,0.262919
ACBBA,medium,count_b4,trace_0044,44,agx_host_proxy,True,True,True,,,134.22835295100245,147.26764061820313,-13.039287667200682,2.794968731093874,2.3102682927460267,0.48470043834784704,23.558175120334244,23.67507883695136,-0.11690371661711652,72.0,82.0,-10.0,288.0,380.0,-92.0,52.0,52.0,0.0,-0.09714257368531096,0.258541
ACBBA,medium,count_b4,trace_0045,45,agx_host_proxy,True,True,True,,,141.42238053883105,136.14884966834296,5.273530870488088,2.1154814665578376,1.9660190757928573,0.14946239076498036,23.42928378853813,21.310964107653117,2.118319680885012,76.0,71.0,5.0,352.0,363.0,-11.0,55.0,53.0,2.0,0.03728922431085869,0.281299
ACBBA,medium,count_b4,trace_0046,46,agx_host_proxy,True,True,True,,,148.32684658645275,154.51588793820457,-6.1890413517518255,3.063809946778452,4.040419628329627,-0.9766096815511753,23.402503091830457,30.063141780352634,-6.660638688522177,83.0,85.0,-2.0,350.0,307.0,43.0,53.0,58.0,-5.0,-0.041725698982918266,0.263838
ACBBA,medium,count_b4,trace_0047,47,agx_host_proxy,True,True,True,,,203.42045324840788,204.3287835439039,-0.9083302954960288,1.9946850151472646,2.3820171103999184,-0.3873320952526538,20.258007431091617,19.06350279182397,1.1945046392676453,110.0,104.0,6.0,594.0,688.0,-94.0,56.0,78.0,-22.0,-0.004465284984823118,0.334408
ACBBA,medium,count_b4,trace_0048,48,agx_host_proxy,True,True,True,,,159.88731197726702,147.8391319285346,12.048180048732405,2.098947266668485,2.242013555463886,-0.14306628879540106,21.739468503006204,24.04636670289951,-2.306898199893304,89.0,81.0,8.0,371.0,324.0,47.0,57.0,59.0,-2.0,0.07535419727642573,0.256417
ACBBA,medium,count_b4,trace_0049,49,agx_host_proxy,True,True,True,,,164.35160027248682,147.4870686211805,16.864531651306322,2.32021375161042,2.3566127109273274,-0.0363989593169074,24.725328395963754,21.69788977971163,3.027438616252123,89.0,81.0,8.0,430.0,308.0,122.0,55.0,53.0,2.0,0.10261251866940001,0.321166
ACBBA,medium,count_b8,trace_0000,0,agx_host_proxy,True,True,True,,,183.7522191369795,192.19540404990508,-8.443184912925574,2.44028232636543,2.934792687192554,-0.49451036082712374,23.163073471368385,26.305834647572468,-3.1427611762040826,86.0,107.0,-21.0,530.0,547.0,-17.0,51.0,80.0,-29.0,-0.04594875072845535,0.306994
ACBBA,medium,count_b8,trace_0001,1,agx_host_proxy,True,True,True,,,177.39917528923922,173.5679607670342,3.8312145222050162,3.816414294045356,4.059075984229113,-0.24266169018375727,26.254975021520945,25.373170634742415,0.8818043867785299,96.0,92.0,4.0,2062.0,409.0,1653.0,1713.0,51.0,1662.0,0.021596574594884333,1.0421150000000001
ACBBA,medium,count_b8,trace_0002,2,agx_host_proxy,True,True,True,,,157.8243886214843,165.2017212410771,-7.377332619592806,2.660619157997551,4.173429477175855,-1.5128103191783038,24.475040630077686,29.929768657033947,-5.454728026956261,87.0,91.0,-4.0,358.0,313.0,45.0,53.0,58.0,-5.0,-0.046743932823247736,0.274156
ACBBA,medium,count_b8,trace_0003,3,agx_host_proxy,True,True,True,,,162.44460926340173,161.0897455615121,1.3548637018896272,2.9438035979089903,2.9106670061411783,0.03313659176781192,26.563342824888338,24.789386778156707,1.7739560467316302,88.0,85.0,3.0,346.0,368.0,-22.0,55.0,51.0,4.0,0.008340465762657191,0.281377
ACBBA,medium,count_b8,trace_0004,4,agx_host_proxy,True,True,True,,,202.16290381188858,214.2871266237204,-12.124222811831828,4.004112724390222,2.8639800177010923,1.1401327066891294,23.816134603206564,25.19110044746339,-1.3749658442568276,99.0,107.0,-8.0,2854.0,581.0,2273.0,2267.0,117.0,2150.0,-0.05997253988354534,1.332087
ACBBA,medium,count_b8,trace_0005,5,agx_host_proxy,True,True,True,,,191.06457313511189,165.14388011368047,25.92069302143142,3.9216697870625645,2.3332774010004833,1.5883923860620812,25.777172092307,21.942077257101523,3.835094835205478,104.0,93.0,11.0,563.0,408.0,155.0,54.0,53.0,1.0,0.13566456929250575,0.359929
ACBBA,medium,count_b8,trace_0006,6,agx_host_proxy,True,True,True,,,180.97458932997455,158.9119737255636,22.06261560441095,3.6686508435376135,3.273372219304398,0.3952786242332156,27.308418616752725,22.999992199212684,4.308426417540041,93.0,82.0,11.0,430.0,571.0,-141.0,53.0,238.0,-185.0,0.12191001889322566,0.30291500000000005
ACBBA,medium,count_b8,trace_0007,7,agx_host_proxy,True,True,True,,,173.41786811172443,185.21328481953256,-11.79541670780813,2.660823713710269,2.8026317260965037,-0.14180801238623486,21.660266058640428,24.075125572817072,-2.4148595141766442,95.0,92.0,3.0,472.0,625.0,-153.0,156.0,244.0,-88.0,-0.06801730892118299,0.275964
ACBBA,medium,count_b8,trace_0008,8,agx_host_proxy,True,True,True,,,131.8104405027963,159.52704916217908,-27.716608659382786,2.0755639272319444,2.0170908790011994,0.05847304823074495,22.35466568214226,23.917584480321654,-1.5629187981793926,73.0,89.0,-16.0,283.0,408.0,-125.0,55.0,53.0,2.0,-0.2102762767020325,0.251821
ACBBA,medium,count_b8,trace_0009,9,agx_host_proxy,True,True,True,,,169.8147329418616,147.06600973464586,22.748723207215733,3.066385034720199,2.717191366140583,0.3491936685796162,25.437050250561054,23.441716468794237,1.995333781766817,91.0,82.0,9.0,408.0,297.0,111.0,55.0,53.0,2.0,0.13396201149993311,0.313672
ACBBA,medium,count_b8,trace_0010,10,agx_host_proxy,True,True,True,,,158.18910798601362,141.7175563583139,16.47155162769971,2.3237027461425335,2.658343769250941,-0.3346410231084076,24.9051795102104,22.614992371559186,2.2901871386512127,86.0,78.0,8.0,393.0,316.0,77.0,53.0,55.0,-2.0,0.10412570016613314,0.31582699999999997
ACBBA,medium,count_b8,trace_0011,11,agx_host_proxy,True,True,True,,,162.78166162129384,159.4384965163142,3.343165104979647,2.4796958427823697,3.1493152674661635,-0.6696194246837939,22.116152732291322,23.674427231730675,-1.558274499439353,85.0,85.0,0.0,393.0,368.0,25.0,62.0,51.0,11.0,0.02053772563618014,0.291647
ACBBA,medium,count_b8,trace_0012,12,agx_host_proxy,True,True,True,,,161.72755440931738,163.18451576533542,-1.4569613560180414,2.6272454214201293,3.063303353094886,-0.4360579316747568,22.288962062404657,21.58954732611855,0.6994147362861085,91.0,86.0,5.0,404.0,381.0,23.0,53.0,53.0,0.0,-0.009008739180774402,0.270974
ACBBA,medium,count_b8,trace_0013,13,agx_host_proxy,True,True,True,,,171.1925678483643,192.65676082630878,-21.464192977944492,4.513912853763744,4.435233947684918,0.07867890607882533,26.508412177275396,25.91131567916878,0.597096498106616,89.0,99.0,-10.0,476.0,592.0,-116.0,56.0,81.0,-25.0,-0.12538040200995548,0.345629
ACBBA,medium,count_b8,trace_0014,14,agx_host_proxy,True,True,True,,,174.60017797513606,164.2549654619503,10.345212513185771,2.540201045320438,2.9998856867273114,-0.4596846414068736,19.457739035672425,21.82242734315254,-2.3646883074801153,89.0,85.0,4.0,542.0,480.0,62.0,52.0,53.0,-1.0,0.05925087037803009,0.311294
ACBBA,medium,count_b8,trace_0015,15,agx_host_proxy,True,True,True,,,167.3802717202984,186.37357840870212,-18.99330668840372,3.787092827013067,2.98289110672579,0.8042017202872769,23.74754465245555,26.30439700966801,-2.5568523572124597,89.0,104.0,-15.0,376.0,466.0,-90.0,53.0,53.0,0.0,-0.11347398646922127,0.263061
ACBBA,medium,count_b8,trace_0016,16,agx_host_proxy,True,True,True,,,152.89050171356976,151.83733896761353,1.0531627459562287,4.418965936511071,3.259769627148157,1.1591963093629145,26.80135615000315,27.177022125198658,-0.37566597519550626,84.0,86.0,-2.0,358.0,303.0,55.0,53.0,55.0,-2.0,0.006888346458102802,0.309886
ACBBA,medium,count_b8,trace_0017,17,agx_host_proxy,True,True,True,,,193.48331575898055,190.57167428021378,2.911641478766768,4.483518265865919,3.2414578749330643,1.2420603909328545,28.224231272053345,24.778400129546583,3.445831142506762,108.0,92.0,16.0,331.0,523.0,-192.0,53.0,52.0,1.0,0.015048540321656255,0.253155
ACBBA,medium,count_b8,trace_0018,18,agx_host_proxy,True,True,True,,,178.13791348164392,178.6786824511509,-0.5407689695069848,2.4689814498550535,2.34072346561596,0.1282579842390934,23.929053942705785,25.989164645804742,-2.0601107030989567,99.0,100.0,-1.0,414.0,385.0,29.0,55.0,51.0,4.0,-0.003035675892558986,0.29438200000000003
ACBBA,medium,count_b8,trace_0019,19,agx_host_proxy,True,True,True,,,156.27154483192638,182.74176789071004,-26.47022305878366,2.2789813299775017,2.440629434849038,-0.16164810487153636,19.50808944454405,23.069666256494894,-3.561576811950843,83.0,100.0,-17.0,1324.0,878.0,446.0,917.0,379.0,538.0,-0.1693860714517988,0.6351380000000001
ACBBA,medium,count_b8,trace_0020,20,agx_host_proxy,True,True,True,,,172.34960516588646,178.178957165005,-5.829351999118529,3.462980044057221,3.918065468319896,-0.4550854242626752,22.021513599837768,20.47331031984719,1.5482032799905774,84.0,80.0,4.0,522.0,622.0,-100.0,55.0,57.0,-2.0,-0.03382283349885124,0.313315
ACBBA,medium,count_b8,trace_0021,21,agx_host_proxy,True,True,True,,,181.44377175922168,172.15599965933978,9.287772099881892,3.427803475076706,3.169048098499846,0.25875537657685976,28.949550693826883,27.61133799539863,1.3382126984282507,101.0,95.0,6.0,362.0,350.0,12.0,53.0,55.0,-2.0,0.051188156032199825,0.28680599999999995
ACBBA,medium,count_b8,trace_0022,22,agx_host_proxy,True,True,True,,,157.57641588246904,163.22506021635783,-5.648644333888797,3.2117811548358657,3.4969325011057473,-0.2851513462698816,21.901948526160577,24.60770576672358,-2.7057572405630026,82.0,85.0,-3.0,400.0,435.0,-35.0,57.0,53.0,4.0,-0.03584701620642223,0.28853500000000004
ACBBA,medium,count_b8,trace_0023,23,agx_host_proxy,True,True,True,,,175.67048255581196,167.42539669590795,8.245085859904009,3.162407865077115,2.984469513130871,0.17793835194624386,20.628719188606826,22.686305888359886,-2.0575866997530596,90.0,91.0,-1.0,447.0,406.0,41.0,51.0,132.0,-81.0,0.04693495310052716,0.277119
ACBBA,medium,count_b8,trace_0024,24,agx_host_proxy,True,True,True,,,173.80618312341628,169.12036998306885,4.68581314034742,3.4697233968867933,2.712782829373966,0.7569405675128271,26.830492115870108,22.565155780449498,4.26533633542061,92.0,88.0,4.0,426.0,407.0,19.0,53.0,53.0,0.0,0.026959991043702506,0.289823
ACBBA,medium,count_b8,trace_0025,25,agx_host_proxy,True,True,True,,,173.1682251897243,178.95263675555503,-5.784411565830737,2.604645569955461,2.614937891835889,-0.010292321880427835,26.060449085508925,23.031677500760217,3.028771584748707,96.0,90.0,6.0,370.0,532.0,-162.0,57.0,51.0,6.0,-0.03340342351775735,0.29382199999999997
ACBBA,medium,count_b8,trace_0026,26,agx_host_proxy,True,True,True,,,170.86599597006736,175.13401729640157,-4.268021326334207,2.6146985084291448,3.102666801373434,-0.48796829294428923,21.995221602370517,21.016278052686392,0.978943549684125,93.0,94.0,-1.0,365.0,444.0,-79.0,51.0,55.0,-4.0,-0.02497876363347267,0.25427500000000003
ACBBA,medium,count_b8,trace_0027,27,agx_host_proxy,True,True,True,,,146.67819177745733,163.44220826786852,-16.764016490411194,3.6816467513043456,4.119197605792753,-0.437550854488407,26.72302170285046,25.087209823757217,1.635811879093243,81.0,85.0,-4.0,905.0,428.0,477.0,626.0,59.0,567.0,-0.11429113140313216,0.564344
ACBBA,medium,count_b8,trace_0028,28,agx_host_proxy,True,True,True,,,201.99619543033342,203.92867442186156,-1.9324789915281428,3.168226655905795,3.215927977137089,-0.047701321231294,20.89158069320491,24.76344097887205,-3.8718602856671396,98.0,99.0,-1.0,587.0,528.0,59.0,53.0,53.0,0.0,-0.009566907868790215,0.322627
ACBBA,medium,count_b8,trace_0029,29,agx_host_proxy,True,True,True,,,166.87841094228548,168.7507400877419,-1.8723291454564048,3.215066353641829,3.5627199387963264,-0.3476535851544975,24.10537687037832,25.950645545647802,-1.8452686752694838,85.0,90.0,-5.0,468.0,359.0,109.0,51.0,57.0,-6.0,-0.011219720603067976,0.313634
ACBBA,medium,count_b8,trace_0030,30,agx_host_proxy,True,True,True,,,117.6849824175916,142.53828321168092,-24.85330079408932,4.456224844338569,2.58257311846687,1.8736517258716985,28.20270751205082,24.838676851752975,3.3640306602978463,65.0,79.0,-14.0,235.0,421.0,-186.0,56.0,53.0,3.0,-0.21118498115503173,0.291625
ACBBA,medium,count_b8,trace_0031,31,agx_host_proxy,True,True,True,,,136.24038671294068,154.5370584073773,-18.29667169443661,2.7287677792679985,3.604410877381443,-0.8756430981134447,20.994625182428525,24.202065459712095,-3.2074402772835704,74.0,81.0,-7.0,346.0,397.0,-51.0,52.0,51.0,1.0,-0.134296974163673,0.250341
ACBBA,medium,count_b8,trace_0032,32,agx_host_proxy,True,True,True,,,207.0908117590692,188.0293115028299,19.0615002562393,3.759046399087749,3.9565246580975653,-0.19747825900981608,29.183761027885318,26.50157172332344,2.682189304561877,103.0,87.0,16.0,538.0,553.0,-15.0,58.0,53.0,5.0,0.09204416214474823,0.35457099999999997
ACBBA,medium,count_b8,trace_0033,33,agx_host_proxy,True,True,True,,,147.55141366725687,159.36015027981546,-11.80873661255859,3.455387139982043,3.43482023484747,0.02056690513457271,23.433558415523933,26.856310974023053,-3.42275255849912,80.0,86.0,-6.0,325.0,300.0,25.0,51.0,53.0,-2.0,-0.08003133497038847,0.26477100000000003
ACBBA,medium,count_b8,trace_0034,34,agx_host_proxy,True,True,True,,,166.67618359450464,166.62849066108524,0.04769293341939829,3.259688743191019,3.253594260681643,0.0060944825093760535,24.91769827351382,26.35833579045643,-1.4406375169426084,88.0,87.0,1.0,364.0,407.0,-43.0,51.0,59.0,-8.0,0.00028614126140197234,0.28133600000000003
ACBBA,medium,count_b8,trace_0035,35,agx_host_proxy,True,True,True,,,189.3475642930259,200.15779718005462,-10.810232887028718,2.68584194574185,2.5059941509728936,0.17984779476895651,22.914409073257044,24.808389113774982,-1.8939800405179383,101.0,107.0,-6.0,422.0,514.0,-92.0,55.0,51.0,4.0,-0.05709200922331,0.272565
ACBBA,medium,count_b8,trace_0036,36,agx_host_proxy,True,True,True,,,152.41888357484592,175.28552515768865,-22.866641582842732,2.362915321027222,2.3836728621064256,-0.0207575410792038,19.663033336460412,22.903870860937506,-3.2408375244770937,79.0,89.0,-10.0,376.0,484.0,-108.0,51.0,56.0,-5.0,-0.15002499064765798,0.25515899999999997
ACBBA,medium,count_b8,trace_0037,37,agx_host_proxy,True,True,True,,,210.55259440252374,185.21208517473744,25.3405092277863,3.541993197374996,3.3771838115678285,0.16480938580716753,27.29119674019398,24.55660832290472,2.7345884172892596,111.0,100.0,11.0,538.0,447.0,91.0,58.0,59.0,-1.0,0.1203523960352709,0.355256
ACBBA,medium,count_b8,trace_0038,38,agx_host_proxy,True,True,True,,,146.9843573869106,138.17005576139732,8.81430162551328,3.410515143125773,1.7106286024906139,1.6998865406351593,25.39715960576847,20.10810693599679,5.289052669771678,81.0,71.0,10.0,406.0,771.0,-365.0,55.0,448.0,-393.0,0.05996761684177843,0.339022
ACBBA,medium,count_b8,trace_0039,39,agx_host_proxy,True,True,True,,,144.59334421413314,136.86160827882756,7.731735935305579,2.92881021658659,2.8105063156261014,0.11830390096048848,20.232388297482707,20.914255532969985,-0.6818672354872781,74.0,75.0,-1.0,378.0,284.0,94.0,55.0,51.0,4.0,0.0534722810190723,0.285929
ACBBA,medium,count_b8,trace_0040,40,agx_host_proxy,True,True,True,,,168.80490780226512,201.52668747364802,-32.721779671382905,3.8632416885381864,2.9920886588745343,0.871153029663652,22.7490645747432,22.99327601989718,-0.2442114451539794,91.0,97.0,-6.0,331.0,598.0,-267.0,57.0,55.0,2.0,-0.1938437696948514,0.224997
ACBBA,medium,count_b8,trace_0041,41,agx_host_proxy,True,True,True,,,181.3327825287074,182.05752167138513,-0.7247391426777199,2.7546410039394544,3.0743644799176173,-0.31972347597816286,22.940866117475792,20.486687731416424,2.4541783860593682,99.0,97.0,2.0,453.0,497.0,-44.0,53.0,51.0,2.0,-0.003996735353481845,0.291099
ACBBA,medium,count_b8,trace_0042,42,agx_host_proxy,True,True,True,,,176.900729233701,195.19858096334417,-18.297851729643156,2.346005612149377,2.7969275442078665,-0.4509219320584896,17.580868761608784,19.60347646773032,-2.022607706121537,86.0,106.0,-20.0,499.0,556.0,-57.0,54.0,53.0,1.0,-0.10343570548807703,0.265084
ACBBA,medium,count_b8,trace_0043,43,agx_host_proxy,True,True,True,,,153.4380332701561,150.22839415308002,3.2096391170760796,3.1579974151678667,3.5610210760059346,-0.40302366083806795,24.772754778584318,22.661035301234254,2.1117194773500643,87.0,84.0,3.0,319.0,338.0,-19.0,61.0,52.0,9.0,0.020918145577536927,0.244806
ACBBA,medium,count_b8,trace_0044,44,agx_host_proxy,True,True,True,,,132.75192745786143,183.28237030821379,-50.53044285035236,3.058216717131586,2.5616802954782116,0.4965364216533743,24.48036400985429,25.857454778273507,-1.3770907684192153,71.0,99.0,-28.0,271.0,550.0,-279.0,51.0,51.0,0.0,-0.38063811063226866,0.248521
ACBBA,medium,count_b8,trace_0045,45,agx_host_proxy,True,True,True,,,149.35027055590896,148.7472151716559,0.6030553842530537,3.330392427847862,2.9906230356001258,0.33976939224773606,26.755124772522844,26.748806729234825,0.006318043288018771,83.0,83.0,0.0,326.0,362.0,-36.0,51.0,53.0,-2.0,0.004037859335697026,0.271602
ACBBA,medium,count_b8,trace_0046,46,agx_host_proxy,True,True,True,,,156.70445670319202,155.90235153749478,0.8021051656972418,2.7051853693665913,4.040419628329627,-1.3352342589630362,22.478389874962552,30.145791906556052,-7.6674020315935,84.0,85.0,-1.0,419.0,301.0,118.0,57.0,51.0,6.0,0.005118585537209569,0.315118
ACBBA,medium,count_b8,trace_0047,47,agx_host_proxy,True,True,True,,,204.1851471324731,203.67191226115276,0.5132348713203498,2.5481042101185847,2.5799697285901155,-0.03186551847153085,21.113038963146472,19.0356920079296,2.0773469552168713,96.0,104.0,-8.0,614.0,701.0,-87.0,51.0,79.0,-28.0,0.002513575931100261,0.31393200000000004
ACBBA,medium,count_b8,trace_0048,48,agx_host_proxy,True,True,True,,,149.59858929206354,148.55071817088054,1.0478711211829932,2.3009967516378027,2.5773829011300378,-0.27638614949223506,19.225476872660902,21.348792730450832,-2.1233158577899296,77.0,81.0,-4.0,370.0,309.0,61.0,51.0,53.0,-2.0,0.0070045521561518135,0.244843
ACBBA,medium,count_b8,trace_0049,49,agx_host_proxy,True,True,True,,,166.42482927476684,178.93477514312167,-12.509945868354833,2.9851887330254843,3.07404246069683,-0.0888537276713457,23.87376384470052,28.166558581731067,-4.2927947370305475,86.0,98.0,-12.0,434.0,377.0,57.0,52.0,55.0,-3.0,-0.07516874689233392,0.310572
ACBBA,medium,eager_b1,trace_0000,0,rp2040_hardware,True,True,True,,,198.35624296197827,181.71987749704908,16.636365464929185,1.1700569762152806,1.5307654342971846,-0.360708458081904,24.34357618258142,22.963732923163388,1.3798432594180312,96.0,97.0,-1.0,623.0,602.0,21.0,101.0,173.0,-72.0,0.08387114625940012,27.690239
ACBBA,medium,eager_b1,trace_0001,1,rp2040_hardware,True,True,True,,,168.93302166711157,175.56573608236926,-6.632714415257681,0.8296635652502067,0.9947452947753646,-0.16508172952515787,23.058183141898702,24.4391465704231,-1.3809634285243995,84.0,97.0,-13.0,468.0,467.0,1.0,93.0,92.0,1.0,-0.03926239138921978,22.190606000000002
ACBBA,medium,eager_b1,trace_0002,2,rp2040_hardware,True,True,True,,,239.8084906611413,162.3144801963134,77.49401046482788,0.8942263381769294,1.0605611679673224,-0.16633482979039294,27.946113453001658,25.037047899704994,2.9090655532966636,113.0,89.0,24.0,805.0,404.0,401.0,94.0,97.0,-3.0,0.3231495692716315,28.769424
ACBBA,medium,eager_b1,trace_0003,3,rp2040_hardware,True,True,True,,,166.06103768287238,166.95242384046037,-0.8913861575879878,0.818829653310567,1.5629492629230333,-0.7441196096124663,25.208757599317035,26.41426825167576,-1.2055106523587256,88.0,87.0,1.0,486.0,472.0,14.0,92.0,94.0,-2.0,-0.005367822398474184,24.103281
ACBBA,medium,eager_b1,trace_0004,4,agx_host_proxy,True,True,True,,,186.54357519405627,193.1730295388398,-6.6294543447835395,0.33356836947957436,0.4799299783012036,-0.14636160882162924,20.21336437566413,19.23143165351396,0.981932722150173,99.0,103.0,-4.0,508.0,631.0,-123.0,92.0,92.0,0.0,-0.03553836865133037,0.33106399999999997
ACBBA,medium,eager_b1,trace_0005,5,agx_host_proxy,True,True,True,,,180.5372518674582,177.46144549658615,3.0758063708720442,0.5846133694156587,1.1520450598403311,-0.5674316904246725,20.91071050850545,23.896498850943434,-2.985788342437985,97.0,97.0,0.0,481.0,494.0,-13.0,96.0,94.0,2.0,0.017036962394498804,0.343638
ACBBA,medium,eager_b1,trace_0006,6,agx_host_proxy,True,True,True,,,166.30328157822123,169.2719988920433,-2.968717313822083,0.6989144362772719,0.6267813842577028,0.0721330520195691,22.3440882369797,21.596825540233986,0.7472626967457145,90.0,93.0,-3.0,460.0,470.0,-10.0,92.0,96.0,-4.0,-0.017851225096996888,0.33816999999999997
ACBBA,medium,eager_b1,trace_0007,7,agx_host_proxy,True,True,True,,,193.76855718761846,176.6011222220851,17.167434965533346,0.42216411305079066,0.6350762634789778,-0.21291215042818717,20.841140295159622,20.80705481451799,0.034085480641632415,107.0,94.0,13.0,582.0,450.0,132.0,96.0,92.0,4.0,0.088597630155809,0.34985700000000003
ACBBA,medium,eager_b1,trace_0008,8,agx_host_proxy,True,True,True,,,141.06418995420015,150.38566389744835,-9.321473943248208,2.437983000228869,1.3798460514694706,1.0581369487593983,26.80098041572294,25.226049352364175,1.5749310633587648,78.0,80.0,-2.0,437.0,444.0,-7.0,92.0,96.0,-4.0,-0.06607966165101609,0.42121200000000003
ACBBA,medium,eager_b1,trace_0009,9,agx_host_proxy,True,True,True,,,188.26776913471357,176.55481342648602,11.712955708227554,1.000896504925579,0.925411003343444,0.07548550158213496,25.16452205637341,21.43885066921756,3.725671387155849,103.0,97.0,6.0,603.0,570.0,33.0,96.0,98.0,-2.0,0.06221434376187056,0.446527
ACBBA,medium,eager_b1,trace_0010,10,agx_host_proxy,True,True,True,,,135.02592094431324,158.37001102881175,-23.344090084498504,0.6803814526689186,0.5316845821310585,0.14869687053786007,22.717539037251846,25.16557722463103,-2.4480381873791828,74.0,88.0,-14.0,2761.0,597.0,2164.0,2460.0,203.0,2257.0,-0.1728859904916032,1.334926
ACBBA,medium,eager_b1,trace_0011,11,agx_host_proxy,True,True,True,,,171.54229412061483,164.09746841255568,7.444825708059142,0.5368910719077942,0.502440889358491,0.03445018254930321,21.669104385192586,20.58771145552585,1.0813929296667375,94.0,93.0,1.0,474.0,447.0,27.0,98.0,92.0,6.0,0.043399359593643626,0.336368
ACBBA,medium,eager_b1,trace_0012,12,agx_host_proxy,True,True,True,,,170.3305649364989,174.42833886933698,-4.097773932838095,0.5651528886458531,0.6797069634859353,-0.11455407484008218,21.119971574414034,22.190315205956377,-1.0703436315423431,95.0,96.0,-1.0,487.0,565.0,-78.0,92.0,93.0,-1.0,-0.024057772217016896,0.34662800000000005
ACBBA,medium,eager_b1,trace_0013,13,agx_host_proxy,True,True,True,,,165.69282852271567,164.1676850292489,1.5251434934667714,1.390594766297241,1.5200568589214813,-0.12946209262424024,19.534841911463822,19.05201547666928,0.4828264347945428,83.0,85.0,-2.0,986.0,552.0,434.0,500.0,93.0,407.0,0.00920464396114574,0.5601750000000001
ACBBA,medium,eager_b1,trace_0014,14,agx_host_proxy,True,True,True,,,186.6694965159846,174.66465619129218,12.004840324692424,0.3427995494438818,0.37694955576878497,-0.03415000632490317,18.00020615600348,18.146957595171898,-0.14675143916841904,95.0,91.0,4.0,668.0,612.0,56.0,92.0,94.0,-2.0,0.06431066965279163,0.39634199999999997
ACBBA,medium,eager_b1,trace_0015,15,agx_host_proxy,True,True,True,,,180.59093665490977,181.5187776591828,-0.9278410042730343,0.9204191950676855,1.1870804635595855,-0.26666126849189997,25.158922084402096,25.456665638477762,-0.2977435540756659,100.0,97.0,3.0,466.0,509.0,-43.0,96.0,104.0,-8.0,-0.005137804927863244,0.354418
ACBBA,medium,eager_b1,trace_0016,16,agx_host_proxy,True,True,True,,,136.11045253553453,151.76454793976316,-15.654095404228627,0.7842099866054129,0.887022435914526,-0.10281244930911315,18.764552145449827,22.860547058814358,-4.095994913364532,75.0,84.0,-9.0,396.0,405.0,-9.0,96.0,92.0,4.0,-0.11501023699955587,0.29719999999999996
ACBBA,medium,eager_b1,trace_0017,17,agx_host_proxy,True,True,True,,,195.39768109055774,224.41607855410962,-29.018397463551878,0.4967499985821413,0.5466926111767608,-0.04994261259461952,27.023780698380996,25.025195541952037,1.998585156428959,106.0,117.0,-11.0,543.0,831.0,-288.0,94.0,268.0,-174.0,-0.14850942601567108,0.40934
ACBBA,medium,eager_b1,trace_0018,18,agx_host_proxy,True,True,True,,,189.72658411360257,172.4442288058303,17.282355307772264,0.5134739654655976,0.37997646327227447,0.13349750219332318,20.769854888475336,18.793850214466467,1.9760046740088697,94.0,92.0,2.0,615.0,533.0,82.0,94.0,95.0,-1.0,0.09109084732914449,0.383084
ACBBA,medium,eager_b1,trace_0019,19,agx_host_proxy,True,True,True,,,144.33733730324704,154.73077043139895,-10.393433128151912,1.4460571478647306,1.9700053907236912,-0.5239482428589606,21.62176723507109,20.280776253019464,1.3409909820516255,80.0,82.0,-2.0,405.0,499.0,-94.0,100.0,98.0,2.0,-0.07200793171288535,0.328204
ACBBA,medium,eager_b1,trace_0020,20,agx_host_proxy,True,True,True,,,172.72353359995958,174.7346143417498,-2.0110807417902095,0.7938482118007384,1.1095490602109068,-0.31570084841016843,16.964541086583324,19.683570730358817,-2.7190296437754924,88.0,90.0,-2.0,601.0,552.0,49.0,96.0,98.0,-2.0,-0.011643351081781482,0.346408
ACBBA,medium,eager_b1,trace_0021,21,agx_host_proxy,True,True,True,,,168.557565097434,177.7805609460137,-9.2229958485797,0.47763739233657004,0.7593451519626548,-0.2817077596260848,23.95661491738265,23.46415170974,0.4924632076426505,92.0,96.0,-4.0,520.0,486.0,34.0,92.0,92.0,0.0,-0.0547171872306555,0.374919
ACBBA,medium,eager_b1,trace_0022,22,agx_host_proxy,True,True,True,,,166.15993011985447,183.0782332713799,-16.918303151525436,0.6780651637000682,0.7532664628498879,-0.07520129914981966,20.04076980925846,21.01835966488513,-0.9775898556266682,87.0,101.0,-14.0,480.0,613.0,-133.0,100.0,102.0,-2.0,-0.10181939255343889,0.33358
ACBBA,medium,eager_b1,trace_0023,23,agx_host_proxy,True,True,True,,,175.2007328582844,178.40054870045623,-3.19981584217183,0.81148553922047,1.3383079889049079,-0.5268224496844379,21.159873387235972,24.840770119560105,-3.6808967323241326,91.0,100.0,-9.0,501.0,482.0,19.0,101.0,94.0,7.0,-0.018263712656727774,0.335818
ACBBA,medium,eager_b1,trace_0024,24,agx_host_proxy,True,True,True,,,170.15761540321031,180.0255539429129,-9.867938539702578,0.6782083197616278,0.7784452371204873,-0.10023691735885953,18.502390356958742,22.731038190440692,-4.228647833481951,87.0,99.0,-12.0,541.0,485.0,56.0,100.0,94.0,6.0,-0.05799292918109619,0.333346
ACBBA,medium,eager_b1,trace_0025,25,agx_host_proxy,True,True,True,,,175.82813037636853,174.0430460188734,1.7850843574951227,0.40612020360036055,0.639331802879123,-0.2332115992787624,22.6968093308949,21.34936530328248,1.347444027612422,94.0,90.0,4.0,490.0,507.0,-17.0,96.0,95.0,1.0,0.010152438939514764,0.349391
ACBBA,medium,eager_b1,trace_0026,26,agx_host_proxy,True,True,True,,,171.61985634437443,199.90033311660227,-28.280476772227843,0.5640119189484929,0.46963583561764294,0.09437608333084996,19.995478776931556,22.088609425073464,-2.0931306481419085,88.0,108.0,-20.0,527.0,617.0,-90.0,93.0,93.0,0.0,-0.16478557536768884,0.33468200000000004
ACBBA,medium,eager_b1,trace_0027,27,agx_host_proxy,True,True,True,,,163.02240897121018,151.5941242791781,11.428284692032094,0.8649515067537907,1.179271267679446,-0.31431976092565517,20.377771564976843,24.931094461072828,-4.553322896095985,83.0,83.0,0.0,637.0,449.0,188.0,183.0,94.0,89.0,0.07010253844335188,0.39515
ACBBA,medium,eager_b1,trace_0028,28,agx_host_proxy,True,True,True,,,204.0878150933239,198.11626520933532,5.971549883988587,0.4093794897845514,0.3428410293966564,0.06653846038789502,24.01452007601971,20.697423435410816,3.317096640608895,107.0,104.0,3.0,550.0,551.0,-1.0,98.0,94.0,4.0,0.0292597080391985,0.374873
ACBBA,medium,eager_b1,trace_0029,29,agx_host_proxy,True,True,True,,,167.49985483876247,164.25124369769702,3.248611141065453,1.0780374424836887,1.2564312283268888,-0.1783937858432001,24.199149132674588,26.937471365257647,-2.7383222325830587,85.0,90.0,-5.0,547.0,409.0,138.0,94.0,96.0,-2.0,0.019394710187615436,0.391391
ACBBA,medium,eager_b1,trace_0030,30,agx_host_proxy,True,True,True,,,122.766156535803,125.89580130203797,-3.1296447662349607,3.59359080967203,2.8130729610764407,0.7805178485955895,27.428459313040644,28.929336264372555,-1.500876951331911,69.0,69.0,0.0,366.0,335.0,31.0,92.0,92.0,0.0,-0.025492732317658282,0.394289
ACBBA,medium,eager_b1,trace_0031,31,agx_host_proxy,True,True,True,,,145.4986028901223,156.21053031733138,-10.711927427209076,1.7982197315080248,2.764421729218452,-0.966201997710427,23.22365250019969,27.393699073625555,-4.170046573425864,78.0,88.0,-10.0,419.0,547.0,-128.0,92.0,97.0,-5.0,-0.07362220127500822,0.36550099999999996
ACBBA,medium,eager_b1,trace_0032,32,agx_host_proxy,True,True,True,,,194.98772373648816,184.62139365907112,10.366330077417047,0.555860035120885,0.6660635935849002,-0.1102035584640152,22.655167757454013,23.393994785106973,-0.7388270276529596,102.0,98.0,4.0,623.0,508.0,115.0,94.0,94.0,0.0,0.05316401401467917,0.40668600000000005
ACBBA,medium,eager_b1,trace_0033,33,agx_host_proxy,True,True,True,,,161.8839093438714,139.4942576701223,22.389651673749114,1.1126579726271182,0.6786093772635201,0.4340485953635981,24.690269894752298,20.91095935522861,3.7793105395236886,90.0,76.0,14.0,441.0,374.0,67.0,96.0,92.0,4.0,0.13830683830466034,0.365917
ACBBA,medium,eager_b1,trace_0034,34,agx_host_proxy,True,True,True,,,153.50754943705164,179.68590657461584,-26.178357137564205,0.77671909066499,1.1974195287408465,-0.42070043807585644,21.67449141516803,27.930812826680782,-6.256321411512751,83.0,97.0,-14.0,415.0,472.0,-57.0,95.0,96.0,-1.0,-0.17053465600595158,0.33606199999999997
ACBBA,medium,eager_b1,trace_0035,35,agx_host_proxy,True,True,True,,,196.01386228872695,186.53155416963838,9.482308119088572,0.42495465910841934,0.4334663171331593,-0.008511658024739965,21.209842468937442,21.532924938134368,-0.32308246919692607,92.0,97.0,-5.0,634.0,525.0,109.0,92.0,98.0,-6.0,0.048375701638495354,0.393909
ACBBA,medium,eager_b1,trace_0036,36,agx_host_proxy,True,True,True,,,158.2441276381611,160.54650776384494,-2.3023801256838397,0.4853021400303577,0.6074144889293491,-0.12211234889899142,21.712251147179618,19.880045602525236,1.8322055446543821,87.0,85.0,2.0,2358.0,484.0,1874.0,2024.0,100.0,1924.0,-0.01454954543999529,1.1509939999999999
ACBBA,medium,eager_b1,trace_0037,37,agx_host_proxy,True,True,True,,,180.72360874363224,188.0861143227192,-7.362505579086957,0.72635761188302,0.6777945824927001,0.04856302939031987,24.220910822182777,25.630840227431463,-1.4099294052486862,99.0,102.0,-3.0,509.0,515.0,-6.0,92.0,100.0,-8.0,-0.040739035869581004,0.360272
ACBBA,medium,eager_b1,trace_0038,38,agx_host_proxy,True,True,True,,,144.71032575729953,130.2017772764013,14.508548480898241,1.6260561447409214,1.2531652261537756,0.37289091858714585,22.716667560693764,20.694943885164886,2.0217236755288788,77.0,67.0,10.0,488.0,810.0,-322.0,95.0,500.0,-405.0,0.10025924829463247,0.38423399999999996
ACBBA,medium,eager_b1,trace_0039,39,agx_host_proxy,True,True,True,,,140.64572162903158,148.25860712759015,-7.612885498558569,1.227400178924749,1.1712817512774147,0.056118427647334324,20.733473261180972,21.14801626280078,-0.4145430016198084,76.0,83.0,-7.0,435.0,441.0,-6.0,93.0,94.0,-1.0,-0.054128098675040995,0.365138
ACBBA,medium,eager_b1,trace_0040,40,agx_host_proxy,True,True,True,,,223.60352165997378,183.34256118867233,40.260960471301445,0.7944515267934096,0.5615045350844263,0.23294699170898325,27.497728611369556,23.19769824730877,4.300030364060785,112.0,99.0,13.0,738.0,584.0,154.0,96.0,147.0,-51.0,0.18005512691577777,0.49479300000000004
ACBBA,medium,eager_b1,trace_0041,41,agx_host_proxy,True,True,True,,,173.75354103208485,182.9136743545271,-9.160133322442249,0.5315161375820655,0.6291106489821292,-0.0975945114000637,19.12082092488589,21.26050835809327,-2.139687433207378,89.0,96.0,-7.0,541.0,589.0,-48.0,92.0,94.0,-2.0,-0.05271911736607868,0.329448
ACBBA,medium,eager_b1,trace_0042,42,agx_host_proxy,True,True,True,,,184.93641220582933,217.8805108595174,-32.94409865368806,0.563962605520687,0.4041990918150199,0.1597635137056671,22.105980041964703,21.758661747449192,0.3473182945155102,96.0,107.0,-11.0,497.0,634.0,-137.0,98.0,95.0,3.0,-0.17813743794825082,0.336696
ACBBA,medium,eager_b1,trace_0043,43,agx_host_proxy,True,True,True,,,152.0650179989271,182.74272886135742,-30.67771086243033,1.3005634755154527,1.266703535553452,0.03385993996200076,25.78527767336836,25.27166710543445,0.5136105679339096,84.0,102.0,-18.0,406.0,591.0,-185.0,98.0,94.0,4.0,-0.20174075054294724,0.36029999999999995
ACBBA,medium,eager_b1,trace_0044,44,agx_host_proxy,True,True,True,,,141.2071492456649,131.01282637205415,10.194322873610759,0.9178832194885136,0.570683555595705,0.34719966389280854,25.015096568134055,21.725815670809304,3.289280897324751,79.0,74.0,5.0,406.0,346.0,60.0,96.0,92.0,4.0,0.07219409872707792,0.36697199999999996
ACBBA,medium,eager_b1,trace_0045,45,agx_host_proxy,True,True,True,,,144.2073563393981,144.89474886297305,-0.6873925235749425,1.078540608437128,0.8069553546868227,0.2715852537503054,23.955214663576996,24.12538449522989,-0.17016983165289545,80.0,80.0,0.0,402.0,433.0,-31.0,92.0,92.0,0.0,-0.0047666952714751605,0.35408
ACBBA,medium,eager_b1,trace_0046,46,agx_host_proxy,True,True,True,,,172.24029456965377,170.5743612394393,1.6659333302144717,0.995308727659164,3.2297347885195333,-2.234426060860369,25.768011733830768,31.854909173539603,-6.086897439708835,94.0,95.0,-1.0,536.0,463.0,73.0,92.0,103.0,-11.0,0.009672146313827687,0.421523
ACBBA,medium,eager_b1,trace_0047,47,agx_host_proxy,True,True,True,,,209.28236928009014,207.99641098595572,1.2859582941344172,0.36638239826087904,0.3033900523448025,0.06299234591607655,23.819886059436417,19.93990783470499,3.8799782247314276,111.0,104.0,7.0,526.0,623.0,-97.0,98.0,96.0,2.0,0.006144608829487079,0.38315899999999997
ACBBA,medium,eager_b1,trace_0048,48,agx_host_proxy,True,True,True,,,151.57145094695665,155.1416752015622,-3.570224254605563,0.5008168972871727,0.6213773069717653,-0.12056040968459258,20.68108694591853,22.68675776841053,-2.005670822492,83.0,83.0,0.0,404.0,435.0,-31.0,96.0,96.0,0.0,-0.02355472770300909,0.31353600000000004
ACBBA,medium,eager_b1,trace_0049,49,agx_host_proxy,True,True,True,,,153.1279596781095,165.48783129851645,-12.359871620406949,0.8943798729437209,1.1996460883672546,-0.3052662154235337,22.044837899355702,26.3641580698153,-4.319320170459598,84.0,92.0,-8.0,457.0,461.0,-4.0,94.0,96.0,-2.0,-0.0807159688301774,0.37511700000000003
CBAA,high,bounded_b4_w5,trace_0000,0,agx_host_proxy,True,True,True,,,93.7031565848518,93.66364058345711,0.039516001394687805,22.869249203543863,22.912690846768527,-0.04344164322466426,31.21575034330687,31.287519353933586,-0.07176901062671703,52.0,52.0,0.0,215.0,220.0,-5.0,58.0,58.0,0.0,0.00042171473016391453,0.102367
CBAA,high,bounded_b4_w5,trace_0001,1,agx_host_proxy,True,True,True,,,92.89943912935318,138.3585175877754,-45.45907845842221,22.746198354842846,22.371017703326398,0.3751806515164482,34.67117811335135,37.055094701942885,-2.383916588591532,51.0,78.0,-27.0,212.0,304.0,-92.0,63.0,60.0,3.0,-0.489336414562471,0.113112
CBAA,high,bounded_b4_w5,trace_0002,2,agx_host_proxy,True,True,True,,,108.43606774370082,108.42239874370082,0.013668999999993048,28.29866639977526,28.293647933987575,0.0050184657876855,39.55308828534116,39.538868340442605,0.014219944898556491,61.0,61.0,0.0,260.0,266.0,-6.0,69.0,69.0,0.0,0.00012605584363591143,0.136286
CBAA,high,bounded_b4_w5,trace_0003,3,agx_host_proxy,True,True,True,,,89.77622070136962,104.40993208538325,-14.633711384013623,24.59255858638938,25.39204990016198,-0.7994913137725987,34.168433101387826,36.36307083788278,-2.194637736494954,49.0,58.0,-9.0,212.0,213.0,-1.0,59.0,63.0,-4.0,-0.16300208752038023,0.102366
CBAA,high,bounded_b4_w5,trace_0004,4,agx_host_proxy,True,True,True,,,101.38974896533233,101.36060964217603,0.029139323156300634,23.26697182368093,23.214725422822358,0.05224640085857146,33.33545835392908,33.31805834894091,0.017400004988168405,56.0,56.0,0.0,229.0,229.0,0.0,57.0,57.0,0.0,0.0002873991054683851,0.10145699999999999
CBAA,high,bounded_b4_w5,trace_0005,5,agx_host_proxy,True,True,True,,,92.64479634791938,97.08584081174459,-4.441044463825207,22.02954448643169,23.701902141624842,-1.672357655193153,30.385263183355146,32.45365195084533,-2.0683887674901804,51.0,54.0,-3.0,246.0,210.0,36.0,57.0,60.0,-3.0,-0.04793625372273749,0.106657
CBAA,high,bounded_b4_w5,trace_0006,6,agx_host_proxy,True,True,True,,,101.8553918191391,121.72731502743167,-19.87192320829257,26.78923257832054,23.100739363100224,3.6884932152203156,38.133796270235734,34.49900514228571,3.634791127950024,56.0,66.0,-10.0,215.0,334.0,-119.0,58.0,59.0,-1.0,-0.1950993742538286,0.100668
CBAA,high,bounded_b4_w5,trace_0007,7,agx_host_proxy,True,True,True,,,120.48617305508863,121.65961189840147,-1.1734388433128373,22.867831423450692,24.208726962880505,-1.3408955394298125,35.54419889315234,36.171761534080495,-0.6275626409281543,68.0,67.0,1.0,221.0,225.0,-4.0,60.0,60.0,0.0,-0.009739199225593447,0.100896
CBAA,high,bounded_b4_w5,trace_0008,8,agx_host_proxy,True,True,True,,,115.99577238555275,115.9465482189899,0.049224166562851224,26.225670296801656,26.11358841999455,0.1120818768071068,33.965350699547116,33.93468842669572,0.030662272851394334,65.0,65.0,0.0,386.0,386.0,0.0,59.0,59.0,0.0,0.0004243617293157667,0.18007700000000001
CBAA,high,bounded_b4_w5,trace_0009,9,agx_host_proxy,True,True,True,,,116.13915583455002,116.01386083455002,0.12529500000000837,25.42547081338474,25.398735783021987,0.026735030362754486,34.512941597908906,34.461533129917086,0.05140846799181986,64.0,64.0,0.0,234.0,231.0,3.0,57.0,57.0,0.0,0.0010788351189542106,0.121259
CBAA,high,bounded_b4_w5,trace_0010,10,agx_host_proxy,True,True,True,,,86.60976309651066,86.62691840132291,-0.017155304812249028,25.327262806499505,25.335694424462506,-0.008431617963001514,33.03092799141224,33.03469525408596,-0.003767262673719074,48.0,48.0,0.0,238.0,237.0,1.0,58.0,58.0,0.0,-0.00019807587734806058,0.114608
CBAA,high,bounded_b4_w5,trace_0011,11,agx_host_proxy,True,True,True,,,120.8084054169801,117.06560537839322,3.7428000385868785,20.801380137292014,20.463320387970928,0.3380597493210864,31.54349128535048,31.370953408673586,0.1725378766768948,68.0,66.0,2.0,255.0,256.0,-1.0,60.0,56.0,4.0,0.03098128831076197,0.113498
CBAA,high,bounded_b4_w5,trace_0012,12,agx_host_proxy,True,True,True,,,97.93899451955075,97.90512452763728,0.03386999191346263,20.033318407791235,20.03755843779642,-0.004240030005185247,28.52020199792114,28.457586159861908,0.06261583805923365,55.0,55.0,0.0,217.0,222.0,-5.0,57.0,58.0,-1.0,0.0003458274416601392,0.101747
CBAA,high,bounded_b4_w5,trace_0013,13,agx_host_proxy,True,True,True,,,92.04022810516572,91.86595544724665,0.17427265791907587,28.105646772387455,28.01559445131925,0.09005232106820671,35.12703859961879,35.029337071708966,0.09770152790982678,51.0,51.0,0.0,210.0,207.0,3.0,56.0,56.0,0.0,0.001893440091434268,0.103679
CBAA,high,bounded_b4_w5,trace_0014,14,agx_host_proxy,True,True,True,,,102.55833897970564,103.3561220641491,-0.7977830844434664,24.805761250458474,24.253021875064714,0.5527393753937595,35.37115310191444,34.93222325668492,0.4389298452295165,57.0,57.0,0.0,245.0,243.0,2.0,62.0,62.0,0.0,-0.0077788222038320315,0.116189
CBAA,high,bounded_b4_w5,trace_0015,15,agx_host_proxy,True,True,True,,,88.03477939214635,87.51162195640252,0.5231574357438262,23.935615163093633,24.039849281765218,-0.1042341186715845,32.279061756880985,31.74375534249151,0.5353064143894741,49.0,48.0,1.0,194.0,225.0,-31.0,58.0,57.0,1.0,0.00594262221540249,0.092675
CBAA,high,bounded_b4_w5,trace_0016,16,agx_host_proxy,True,True,True,,,107.51068499759246,111.80231391303842,-4.291628915445955,27.640236996760283,27.79645654312252,-0.15621954636223734,37.64886134393915,37.953041545524144,-0.30418020158499104,59.0,61.0,-2.0,326.0,339.0,-13.0,58.0,58.0,0.0,-0.03991816176728908,0.16581
CBAA,high,bounded_b4_w5,trace_0017,17,agx_host_proxy,True,True,True,,,111.21211996583722,111.09536496583722,0.11675499999999772,27.578276715972063,27.44891840224938,0.12935831372268325,38.423770093285775,38.28466339612674,0.13910669715903623,62.0,62.0,0.0,255.0,248.0,7.0,57.0,57.0,0.0,0.001049840611219921,0.110486
CBAA,high,bounded_b4_w5,trace_0018,18,agx_host_proxy,True,True,True,,,99.36873900854808,99.73724362288678,-0.3685046143387041,31.75022724923327,31.17993458776853,0.570292661464741,40.008543853482934,39.163425547669114,0.8451183058138199,55.0,55.0,0.0,239.0,232.0,7.0,58.0,59.0,-1.0,-0.0037084561806405123,0.123185
CBAA,high,bounded_b4_w5,trace_0019,19,agx_host_proxy,True,True,True,,,122.49335875906432,124.75033800700197,-2.2569792479376503,28.112352787445488,24.793862435482584,3.318490351962904,37.815443750244334,34.52400754630367,3.2914362039406626,69.0,70.0,-1.0,709.0,290.0,419.0,484.0,120.0,364.0,-0.01842531930548959,0.181786
CBAA,high,bounded_b4_w5,trace_0020,20,agx_host_proxy,True,True,True,,,102.88106046596046,101.74411935654919,1.1369411094112678,28.279360297331248,28.03661269679965,0.24274760053159739,36.102079200242066,35.912173360161376,0.18990584008069078,57.0,57.0,0.0,252.0,238.0,14.0,63.0,65.0,-2.0,0.011051024399067499,0.119022
CBAA,high,bounded_b4_w5,trace_0021,21,agx_host_proxy,True,True,True,,,106.64814513563392,106.80798833033931,-0.15984319470538821,24.91688902485445,24.957672015916927,-0.0407829910624784,33.05421590798841,33.06836458357466,-0.014148675586255877,61.0,61.0,0.0,262.0,267.0,-5.0,55.0,55.0,0.0,-0.0014987901993241553,0.115242
CBAA,high,bounded_b4_w5,trace_0022,22,agx_host_proxy,True,True,True,,,93.58329553093935,106.62123345962807,-13.03793792868872,25.020738433701975,25.46958419744531,-0.4488457637433356,32.754762417547994,35.05496634796134,-2.300203930413346,51.0,59.0,-8.0,289.0,312.0,-23.0,74.0,58.0,16.0,-0.13931907243401445,0.14716200000000002
CBAA,high,bounded_b4_w5,trace_0023,23,agx_host_proxy,True,True,True,,,120.68437223642186,120.57425223642187,0.11011999999999489,25.526643733355613,27.11959787678163,-1.5929541434260166,34.753318922379705,36.502913851702615,-1.7495949293229103,67.0,67.0,0.0,403.0,378.0,25.0,63.0,61.0,2.0,0.0009124627982840125,0.18858
CBAA,high,bounded_b4_w5,trace_0024,24,agx_host_proxy,True,True,True,,,90.75768192644854,90.66388071557184,0.09380121087670545,21.192775381209316,20.94299822963786,0.24977715157145752,30.942652188828735,31.000695834996925,-0.05804364616819058,50.0,50.0,0.0,276.0,274.0,2.0,64.0,64.0,0.0,0.0010335346704064504,0.13459000000000002
CBAA,high,bounded_b4_w5,trace_0025,25,agx_host_proxy,True,True,True,,,97.3095381207947,96.81542670631266,0.49411141448203466,26.880297052445616,25.573181630489554,1.3071154219560626,35.94418899971443,34.91297200238808,1.0312169973263465,53.0,53.0,0.0,7054.0,268.0,6786.0,6886.0,101.0,6785.0,0.00507772849428873,0.54587
CBAA,high,bounded_b4_w5,trace_0026,26,agx_host_proxy,True,True,True,,,97.0714148270904,97.05305882709038,0.018356000000011363,22.83781017868691,22.828858598686907,0.008951580000005066,34.537358865474694,34.52682654547469,0.010532320000002926,54.0,54.0,0.0,252.0,253.0,-1.0,57.0,57.0,0.0,0.00018909789285247573,0.11606699999999999
CBAA,high,bounded_b4_w5,trace_0027,27,agx_host_proxy,True,True,True,,,92.06517411747475,92.10348516990851,-0.03831105243375532,23.218332777074366,23.20948309557917,0.008849681495195938,31.143772050133368,31.13467709940714,0.009094950726229456,50.0,50.0,0.0,253.0,249.0,4.0,62.0,62.0,0.0,-0.00041612969074354423,0.11445999999999999
CBAA,high,bounded_b4_w5,trace_0028,28,agx_host_proxy,True,True,True,,,114.68032767899305,122.6552030039716,-7.974875324978541,25.013529545595652,25.34284652715479,-0.32931698155913836,36.567189636528475,37.40994892221091,-0.8427592856824333,63.0,69.0,-6.0,225.0,278.0,-53.0,67.0,69.0,-2.0,-0.06954004654836163,0.104809
CBAA,high,bounded_b4_w5,trace_0029,29,agx_host_proxy,True,True,True,,,85.02171483940164,85.00028483940162,0.021430000000023597,20.8184526963659,20.889700186339923,-0.07124748997402364,30.116124297125516,30.10245401712552,0.013670279999995927,46.0,46.0,0.0,237.0,239.0,-2.0,55.0,55.0,0.0,0.00025205325534191983,0.10661799999999999
CBAA,high,bounded_b4_w5,trace_0030,30,agx_host_proxy,True,True,True,,,116.47371898264488,116.45748898264486,0.016230000000021505,27.751091252944246,27.774593520088,-0.023502267143754807,37.494751544858275,37.49056587664706,0.004185668211214022,64.0,64.0,0.0,276.0,279.0,-3.0,66.0,66.0,0.0,0.0001393447392406166,0.14227800000000002
CBAA,high,bounded_b4_w5,trace_0031,31,agx_host_proxy,True,True,True,,,108.7842256741701,108.77515767417009,0.009068000000013399,23.726051706353804,23.834885593777088,-0.10883388742328393,33.002017708089454,33.12811598504832,-0.12609827695886366,60.0,60.0,0.0,313.0,319.0,-6.0,61.0,61.0,0.0,8.335767381544656e-05,0.1531
CBAA,high,bounded_b4_w5,trace_0032,32,agx_host_proxy,True,True,True,,,96.20191721872268,95.40998319414523,0.7919340245774578,21.777430819968863,21.693091390389636,0.08433942957922724,30.912891915619515,30.80422460566597,0.10866730995354601,53.0,53.0,0.0,263.0,254.0,9.0,62.0,62.0,0.0,0.008231998357963418,0.122622
CBAA,high,bounded_b4_w5,trace_0033,33,agx_host_proxy,False,True,False,stagnation_horizon,,,95.80173687535797,,1.2777631147830757,29.870865131039952,,4.457184196504927,39.05142623360916,,4.0,52.0,,8337.0,440.0,,8311.0,264.0,,,0.437392
CBAA,high,bounded_b4_w5,trace_0034,34,agx_host_proxy,True,True,True,,,101.64507059934392,101.73758459934395,-0.09251400000002263,22.945231209722554,22.914161308200857,0.031069901521696863,32.41120057945509,32.379726144086014,0.031474435369077014,57.0,57.0,0.0,225.0,225.0,0.0,66.0,66.0,0.0,-0.000910167108493501,0.11976700000000001
CBAA,high,bounded_b4_w5,trace_0035,35,agx_host_proxy,True,True,True,,,102.53055589024065,102.61852868795806,-0.08797279771741273,28.483820292510064,28.473901433287853,0.009918859222210585,36.621798829627295,36.617661255656856,0.0041375739704392345,56.0,56.0,0.0,253.0,244.0,9.0,66.0,62.0,4.0,-0.0008580154174877189,0.123707
CBAA,high,bounded_b4_w5,trace_0036,36,agx_host_proxy,True,True,True,,,98.28717440997839,98.3033419828279,-0.016167572849511203,28.612204467863084,28.615502146820553,-0.003297678957469685,36.99161862558569,36.99242093374222,-0.0008023081565298185,54.0,54.0,0.0,208.0,206.0,2.0,65.0,65.0,0.0,-0.00016449321029489097,0.12255200000000001
CBAA,high,bounded_b4_w5,trace_0037,37,agx_host_proxy,True,True,True,,,102.39576412147578,101.41726145705466,0.9785026644211143,19.10784156428926,14.975692814468713,4.132148749820546,28.88739847618373,26.1086182669006,2.7787802092831306,57.0,57.0,0.0,224.0,232.0,-8.0,56.0,57.0,-1.0,0.009556085379276836,0.114652
CBAA,high,bounded_b4_w5,trace_0038,38,agx_host_proxy,True,True,True,,,105.31553521754108,105.2963002175411,0.019234999999980573,22.5685283041744,22.56546357727448,0.003064726899921766,30.21290857615686,30.20940712401169,0.0035014521451692815,59.0,59.0,0.0,330.0,330.0,0.0,61.0,61.0,0.0,0.00018264162034830396,0.15160099999999999
CBAA,high,bounded_b4_w5,trace_0039,39,agx_host_proxy,True,True,True,,,88.81831583149655,88.83350095772967,-0.015185126233120627,26.51145052103557,26.505027939149883,0.0064225818856868955,34.21673744552291,34.20955456805799,0.007182877464920523,48.0,48.0,0.0,221.0,222.0,-1.0,59.0,59.0,0.0,-0.00017096840996095214,0.10792399999999999
CBAA,high,bounded_b4_w5,trace_0040,40,agx_host_proxy,True,True,True,,,87.73630662759662,87.71756362759662,0.01874300000000062,20.30699244917729,20.27927624221936,0.027716206957929757,27.94791995331596,27.92672935193786,0.021190601378101803,49.0,49.0,0.0,217.0,216.0,1.0,59.0,59.0,0.0,0.00021362877832955404,0.095828
CBAA,high,bounded_b4_w5,trace_0041,41,agx_host_proxy,True,True,True,,,89.81936929223352,89.79747129223351,0.0218980000000073,18.895754728521194,18.850051363909838,0.04570336461135582,25.37496629587869,25.3828544827508,-0.007888186872111902,51.0,51.0,0.0,265.0,265.0,0.0,66.0,69.0,-3.0,0.0002438004204723443,0.11103600000000001
CBAA,high,bounded_b4_w5,trace_0042,42,agx_host_proxy,True,True,True,,,105.71045018272868,105.6948411827287,0.015608999999983553,24.498560475343062,24.499452726527803,-0.0008922511847408998,33.40833106531007,33.40797286531007,0.0003582000000008634,59.0,59.0,0.0,206.0,204.0,2.0,59.0,59.0,0.0,0.00014765806004044245,0.087469
CBAA,high,bounded_b4_w5,trace_0043,43,agx_host_proxy,True,True,True,,,122.19608423558137,123.79964987888457,-1.6035656433031988,28.925707681964784,28.758555026700737,0.1671526552640472,38.8471855464555,38.84139970171288,0.005785844742618451,68.0,68.0,0.0,248.0,248.0,0.0,62.0,58.0,4.0,-0.013122888947993544,0.120368
CBAA,high,bounded_b4_w5,trace_0044,44,agx_host_proxy,True,True,True,,,110.11182663964317,109.99297763964317,0.11884899999999732,20.93142203715425,20.926247642763403,0.005174394390845549,31.76965733620226,31.75724114181142,0.012416194390841184,61.0,61.0,0.0,293.0,293.0,0.0,60.0,60.0,0.0,0.001079348182906345,0.127753
CBAA,high,bounded_b4_w5,trace_0045,45,agx_host_proxy,True,True,True,,,109.94613073866644,115.30551484151654,-5.3593841028501,34.234259550938894,34.00509697734302,0.22916257359587178,44.474482922149505,44.539137120471665,-0.06465419832215957,61.0,64.0,-3.0,251.0,262.0,-11.0,64.0,60.0,4.0,-0.04874554535792576,0.13234700000000002
CBAA,high,bounded_b4_w5,trace_0046,46,agx_host_proxy,True,True,True,,,86.85815948056393,86.83991848056391,0.018241000000017493,22.181656663172944,22.171848843172945,0.009807819999998912,29.685304774653517,29.67611377465352,0.009190999999997729,49.0,49.0,0.0,218.0,218.0,0.0,56.0,56.0,0.0,0.00021000905509745743,0.096519
CBAA,high,bounded_b4_w5,trace_0047,47,agx_host_proxy,True,True,True,,,111.54022608826394,109.22027792196614,2.3199481662977917,27.74273176796248,27.623618707921715,0.11911306004076394,39.9459045436857,37.838128041156764,2.1077765025289352,61.0,61.0,0.0,230.0,246.0,-16.0,66.0,58.0,8.0,0.02079920623849168,0.114037
CBAA,high,bounded_b4_w5,trace_0048,48,agx_host_proxy,True,True,True,,,91.5295338633754,91.58095890926087,-0.05142504588546615,26.002993274369818,26.617438881631397,-0.6144456072615796,34.59705062131061,34.74916595429676,-0.1521153329861491,51.0,51.0,0.0,228.0,224.0,4.0,61.0,65.0,-4.0,-0.0005618410114731651,0.11797
CBAA,high,bounded_b4_w5,trace_0049,49,agx_host_proxy,True,True,True,,,96.66808668816984,90.80068800723696,5.8673986809328795,25.959864940461106,27.485629161343482,-1.525764220882376,33.89780754804673,35.17933545285965,-1.2815279048129185,54.0,50.0,4.0,220.0,200.0,20.0,56.0,56.0,0.0,0.060696336112039,0.10068500000000001
CBAA,high,count_b2,trace_0000,0,agx_host_proxy,True,True,True,,,110.8542006450146,104.86134805445671,5.992852590557888,27.874061243470358,27.31578750268421,0.5582737407861487,39.09563481803113,37.729864911661274,1.3657699063698558,62.0,59.0,3.0,276.0,246.0,30.0,68.0,69.0,-1.0,0.05406067208719169,0.12631399999999998
CBAA,high,count_b2,trace_0001,1,agx_host_proxy,True,True,True,,,129.70335050372103,129.39752650619297,0.30582399752805145,25.111508369399772,25.131905891432037,-0.020397522032265414,37.57481427335291,37.51884834790497,0.05596592544793566,73.0,73.0,0.0,307.0,294.0,13.0,73.0,75.0,-2.0,0.0023578727638132813,0.146949
CBAA,high,count_b2,trace_0002,2,agx_host_proxy,True,True,True,,,110.1132342949454,111.37877093514307,-1.2655366401976664,31.504403903930616,29.21920682017847,2.285197083752145,40.985380238318015,38.94380621589853,2.041574022419482,61.0,61.0,0.0,285.0,293.0,-8.0,78.0,78.0,0.0,-0.011493047573263037,0.14122800000000002
CBAA,high,count_b2,trace_0003,3,agx_host_proxy,True,True,True,,,105.81083525653614,105.68905825653617,0.12177699999996605,25.95184895881077,25.81944791493927,0.13240104387149998,36.83987986516268,36.69817456021557,0.1417053049471093,59.0,59.0,0.0,309.0,309.0,0.0,70.0,70.0,0.0,0.0011508934761238797,0.15342399999999998
CBAA,high,count_b2,trace_0004,4,agx_host_proxy,False,True,False,stagnation_horizon,,,99.28168900985473,,5.8089859594323645,21.27027023365974,,12.345699276294493,30.06754592142252,,22.0,55.0,,4933.0,339.0,,4846.0,122.0,,,0.40611600000000003
CBAA,high,count_b2,trace_0005,5,agx_host_proxy,True,True,True,,,99.22705823109304,101.0547523811572,-1.8276941500641612,24.272241748046575,26.525743044984793,-2.253501296938218,33.520867125654455,36.50046634018596,-2.979599214531504,55.0,56.0,-1.0,318.0,271.0,47.0,67.0,80.0,-13.0,-0.01841931205707607,0.14957199999999998
CBAA,high,count_b2,trace_0006,6,agx_host_proxy,True,True,True,,,101.17734218766519,101.05477518766521,0.12256699999997522,25.047539962375428,24.951164206698117,0.09637575567731105,34.29816717805314,34.222976270821654,0.07519090723148736,56.0,56.0,0.0,280.0,276.0,4.0,69.0,69.0,0.0,0.0012114075874086136,0.12960200000000002
CBAA,high,count_b2,trace_0007,7,agx_host_proxy,True,True,True,,,111.48068928079185,98.26742650291035,13.213262777881496,25.758701732664967,23.407037815273892,2.3516639173910754,38.37299986450487,34.261847836822916,4.111152027681953,61.0,55.0,6.0,255.0,244.0,11.0,69.0,70.0,-1.0,0.11852512630775548,0.112846
CBAA,high,count_b2,trace_0008,8,agx_host_proxy,True,True,True,,,88.9132960186822,88.7201572679929,0.1931387506893003,28.371061570234186,27.919102239413327,0.45195933082085915,36.64295528834982,36.192896032779636,0.45005925557018145,49.0,49.0,0.0,222.0,222.0,0.0,70.0,70.0,0.0,0.002172214498141184,0.111942
CBAA,high,count_b2,trace_0009,9,agx_host_proxy,True,True,True,,,96.88004744054467,122.13943939121474,-25.259391950670064,26.21232625356597,25.09378956131609,1.1185366922498794,35.49021514986426,35.326565946917285,0.16364920294697782,54.0,68.0,-14.0,294.0,320.0,-26.0,75.0,72.0,3.0,-0.2607285258212922,0.143804
CBAA,high,count_b2,trace_0010,10,agx_host_proxy,True,True,True,,,98.24318930397916,104.36756077316544,-6.124371469186272,24.749077498414856,25.89368334355044,-1.1446058451355832,33.1449310688088,35.41083628537042,-2.2659052165616203,54.0,57.0,-3.0,321.0,250.0,71.0,74.0,73.0,1.0,-0.062338890996673044,0.152231
CBAA,high,count_b2,trace_0011,11,agx_host_proxy,True,True,True,,,104.68005953792594,104.69219069570322,-0.012131157777275803,19.56424310896786,18.680524163379634,0.8837189455882282,28.365114614927453,28.463112469917583,-0.0979978549901297,59.0,59.0,0.0,313.0,313.0,0.0,76.0,77.0,-1.0,-0.00011588795259407206,0.12831599999999999
CBAA,high,count_b2,trace_0012,12,agx_host_proxy,True,True,True,,,94.40231864053358,94.29065164053355,0.1116670000000255,19.099988987184346,19.079561967184347,0.02042701999999963,27.613268348301077,27.58643920830108,0.0268291399999967,53.0,53.0,0.0,260.0,255.0,5.0,69.0,69.0,0.0,0.0011828840817483795,0.10948
CBAA,high,count_b2,trace_0013,13,agx_host_proxy,True,True,True,,,109.5736097256569,109.605660324944,-0.03205059928710341,32.12553236573377,32.119848404195444,0.005683961538323956,40.99532196383836,40.99283176730389,0.0024901965344668042,60.0,60.0,0.0,273.0,272.0,1.0,79.0,79.0,0.0,-0.00029250290619565756,0.138506
CBAA,high,count_b2,trace_0014,14,agx_host_proxy,True,True,True,,,93.88337606416748,93.03286888960035,0.8505071745671273,19.28696270533719,19.16820894905959,0.11875375627759865,27.735880937724765,27.539592995277115,0.19628794244765047,52.0,52.0,0.0,275.0,255.0,20.0,67.0,74.0,-7.0,0.009059188220775338,0.12491100000000001
CBAA,high,count_b2,trace_0015,15,agx_host_proxy,True,True,True,,,96.7456691633041,104.08226585343442,-7.336596690130321,22.329919646818688,22.388282580285964,-0.058362933467275724,30.18841619556454,30.479801095713842,-0.2913849001493034,54.0,58.0,-4.0,295.0,319.0,-24.0,70.0,69.0,1.0,-0.07583385130910969,0.13823200000000002
CBAA,high,count_b2,trace_0016,16,agx_host_proxy,True,True,True,,,104.35353417431162,88.37727812999728,15.97625604431434,30.667892705355086,31.031576124484634,-0.36368341912954705,39.991476720898476,38.17096734689265,1.8205093740058231,58.0,49.0,9.0,265.0,258.0,7.0,71.0,71.0,0.0,0.15309741227956575,0.144544
CBAA,high,count_b2,trace_0017,17,agx_host_proxy,True,True,True,,,108.59068647116345,105.1250216770415,3.465664794121949,22.007938053221977,21.535203074072417,0.47273497914956053,32.873016630383844,32.25195337706311,0.6210632533207345,61.0,59.0,2.0,313.0,305.0,8.0,71.0,71.0,0.0,0.031914935863696425,0.13894
CBAA,high,count_b2,trace_0018,18,agx_host_proxy,True,True,True,,,98.78424399078189,98.7724219907819,0.011821999999995114,32.17031095344733,32.238772137502735,-0.06846118405540835,39.38703169931164,39.37243039931164,0.014601300000002482,55.0,55.0,0.0,257.0,257.0,0.0,69.0,69.0,0.0,0.00011967495546251578,0.14005800000000002
CBAA,high,count_b2,trace_0019,19,agx_host_proxy,True,True,True,,,104.83362558199663,124.85233116876773,-20.018705586771105,27.19580230765059,25.110864745776937,2.084937561873655,35.93475192756661,34.3849363668625,1.5498155607041113,58.0,70.0,-12.0,916.0,315.0,601.0,709.0,110.0,599.0,-0.1909569136394437,0.175912
CBAA,high,count_b2,trace_0020,20,agx_host_proxy,True,True,True,,,98.74585665839223,93.89577251194777,4.850084146444459,25.15632802290763,25.146413023053274,0.009914999854355955,32.9163315254446,32.707217189356,0.20911433608859653,54.0,52.0,2.0,266.0,252.0,14.0,77.0,76.0,1.0,0.0491168370053556,0.12329999999999999
CBAA,high,count_b2,trace_0021,21,agx_host_proxy,True,True,True,,,89.65329280580829,89.6445848058083,0.008707999999998606,22.563389165573064,22.547915565573067,0.015473599999996424,30.561279654690686,30.543764494690688,0.01751515999999853,50.0,50.0,0.0,249.0,252.0,-3.0,67.0,67.0,0.0,9.71297286186732e-05,0.113996
CBAA,high,count_b2,trace_0022,22,agx_host_proxy,True,True,True,,,88.54135475172241,99.99295848990256,-11.451603738180154,22.88948914467057,27.669301676419085,-4.779812531748515,31.6438591041747,36.31452297464905,-4.67066387047435,49.0,54.0,-5.0,261.0,311.0,-50.0,78.0,80.0,-2.0,-0.12933621549265242,0.12651400000000002
CBAA,high,count_b2,trace_0023,23,agx_host_proxy,True,True,True,,,135.32949289205823,135.19720189205825,0.13229099999998084,28.05170526998263,27.740421194365272,0.31128407561735827,37.50188928537734,37.33497540144876,0.1669138839285793,69.0,69.0,0.0,497.0,498.0,-1.0,71.0,71.0,0.0,0.0009775474449276113,0.22482100000000002
CBAA,high,count_b2,trace_0024,24,agx_host_proxy,True,True,True,,,94.3806802961801,94.26682929618012,0.1138509999999826,20.97313240818521,20.743852418544858,0.22927998964035368,31.467810294949743,31.420095502001995,0.0477147929477475,52.0,52.0,0.0,278.0,272.0,6.0,74.0,74.0,0.0,0.0012062956067142327,0.133614
CBAA,high,count_b2,trace_0025,25,agx_host_proxy,False,True,False,stagnation_horizon,,,98.64046757741961,,1.3183416891141944,29.221423252779065,,7.577329788718158,39.35940834822741,,7.0,55.0,,6842.0,365.0,,6806.0,180.0,,,0.513726
CBAA,high,count_b2,trace_0026,26,agx_host_proxy,True,True,True,,,93.82366377780737,93.69787577780738,0.1257879999999858,24.929779935829995,24.960752729091205,-0.03097279326120983,35.48439755749215,35.477537853330944,0.006859704161207958,52.0,52.0,0.0,252.0,251.0,1.0,69.0,69.0,0.0,0.0013406852273204358,0.12177
CBAA,high,count_b2,trace_0027,27,agx_host_proxy,True,True,True,,,84.53700558887347,84.54266876027738,-0.005663171403909928,21.198981086441513,21.167690487960588,0.031290598480925524,28.087451261653047,28.053133753077226,0.034317508575821165,46.0,46.0,0.0,280.0,282.0,-2.0,71.0,71.0,0.0,-6.699044240402217e-05,0.123219
CBAA,high,count_b2,trace_0028,28,agx_host_proxy,True,True,True,,,103.09788374152458,121.79395490091645,-18.696071159391863,25.836454525966925,27.016289798000162,-1.1798352720332375,36.06940740296649,39.620983200096504,-3.5515757971300133,57.0,68.0,-11.0,268.0,250.0,18.0,71.0,72.0,-1.0,-0.18134291879612727,0.13312700000000002
CBAA,high,count_b2,trace_0029,29,agx_host_proxy,True,True,True,,,100.61896330876131,100.59796330876131,0.021000000000000796,26.506329822799593,26.500717620526835,0.005612202272757827,38.09771037001795,38.086184504539894,0.011525865478056119,56.0,56.0,0.0,287.0,288.0,-1.0,75.0,75.0,0.0,0.00020870817298683338,0.148667
CBAA,high,count_b2,trace_0030,30,agx_host_proxy,True,True,True,,,95.92988091923891,95.9117149192389,0.018166000000007898,26.432955953145548,26.424180664336756,0.00877528880879197,34.18755077355443,34.18493953590211,0.0026112376523172998,53.0,53.0,0.0,282.0,283.0,-1.0,76.0,76.0,0.0,0.00018936748201846954,0.139769
CBAA,high,count_b2,trace_0031,31,agx_host_proxy,True,True,True,,,87.7876117088947,87.86975670889471,-0.08214500000001124,23.542141960349866,23.541489320349868,0.0006526399999984278,32.192167476028835,32.19655127602884,-0.004383800000006488,48.0,48.0,0.0,254.0,254.0,0.0,66.0,66.0,0.0,-0.0009357242827428263,0.11736600000000001
CBAA,high,count_b2,trace_0032,32,agx_host_proxy,True,True,True,,,95.97319972360883,95.98712549871935,-0.013925775110521954,20.402963996863086,20.395497972912715,0.0074660239503714365,30.779025902880154,30.771216114431994,0.007809788448160049,53.0,53.0,0.0,291.0,289.0,2.0,73.0,73.0,0.0,-0.00014510066508802974,0.1333
CBAA,high,count_b2,trace_0033,33,agx_host_proxy,True,True,True,,,116.12835308596671,114.60191048981802,1.5264425961486836,32.063781385996634,32.24868537842728,-0.18490399243064815,43.13039224330128,43.00076194807694,0.129630295224338,64.0,63.0,1.0,5035.0,389.0,4646.0,4818.0,154.0,4664.0,0.01314444367448059,0.436902
CBAA,high,count_b2,trace_0034,34,agx_host_proxy,True,True,True,,,101.74507059934393,101.63758459934395,0.10748599999998021,22.994834291777888,23.032227528733838,-0.03739323695594976,32.50725132060552,32.53363454670998,-0.026383226104464086,57.0,57.0,0.0,260.0,262.0,-2.0,79.0,79.0,0.0,0.001056424644130851,0.128458
CBAA,high,count_b2,trace_0035,35,agx_host_proxy,True,True,True,,,107.08441996888193,107.09966923717109,-0.015249268289153406,24.926181255980882,24.917615675980883,0.008565579999999073,32.96401610605169,32.95597687141748,0.008039234634210857,60.0,60.0,0.0,283.0,283.0,0.0,73.0,73.0,0.0,-0.00014240417320824774,0.128217
CBAA,high,count_b2,trace_0036,36,agx_host_proxy,True,True,True,,,114.74501639472962,114.71681539472965,0.02820099999996728,32.52924221612182,32.57006429292669,-0.04082207680486505,45.03338943484329,45.017710389718765,0.015679045124528557,64.0,64.0,0.0,277.0,280.0,-3.0,79.0,79.0,0.0,0.00024577102244644926,0.158355
CBAA,high,count_b2,trace_0037,37,agx_host_proxy,True,True,True,,,104.75073865746587,101.81220852261244,2.938530134853437,15.584487366003966,14.827380831863907,0.7571065341400587,26.87844893848829,25.95900639539919,0.9194425430891009,59.0,57.0,2.0,272.0,266.0,6.0,68.0,68.0,0.0,0.02805259583383377,0.108534
CBAA,high,count_b2,trace_0038,38,agx_host_proxy,True,True,True,,,112.6572926964101,116.21745211516956,-3.5601594187594685,21.824877928518262,22.079962289858663,-0.25508436134040124,29.35984950342834,29.582426689644404,-0.22257718621606415,63.0,65.0,-2.0,424.0,445.0,-21.0,73.0,72.0,1.0,-0.031601677384112355,0.188907
CBAA,high,count_b2,trace_0039,39,agx_host_proxy,True,True,True,,,109.36292647436996,83.0842534907399,26.27867298363006,26.503082327494727,27.283532218475816,-0.7804498909810889,34.84649979388259,34.45031714418901,0.39618264969358563,61.0,46.0,15.0,313.0,241.0,72.0,72.0,69.0,3.0,0.2402886776241185,0.14942
CBAA,high,count_b2,trace_0040,40,agx_host_proxy,True,True,True,,,95.62395247261591,100.51478393418823,-4.8908314615723185,22.181727110704735,24.487756744933275,-2.3060296342285405,31.746505083865653,33.640616029642395,-1.8941109457767418,52.0,56.0,-4.0,281.0,289.0,-8.0,70.0,69.0,1.0,-0.05114651021116199,0.11472399999999999
CBAA,high,count_b2,trace_0041,41,agx_host_proxy,True,True,True,,,90.80722899011532,90.99945799011532,-0.19222899999999754,22.053092416465052,22.024783008287574,0.028309408177477735,28.98290272107724,29.004846696960406,-0.021943975883164768,50.0,50.0,0.0,279.0,280.0,-1.0,71.0,70.0,1.0,-0.002116890936303346,0.12688400000000002
CBAA,high,count_b2,trace_0042,42,agx_host_proxy,True,True,True,,,90.81722808743922,90.92075608466459,-0.10352799722537043,20.55865309185277,20.530530761923444,0.028122329929324508,29.61460999248005,29.627119588247783,-0.012509595767731696,50.0,50.0,0.0,242.0,244.0,-2.0,68.0,68.0,0.0,-0.0011399598887305085,0.09874
CBAA,high,count_b2,trace_0043,43,agx_host_proxy,True,True,True,,,107.40542265913979,107.38695865913981,0.018463999999980274,26.82795070823665,26.828261610169882,-0.0003109019332327989,36.10385997894965,36.11364472672663,-0.009784747776983238,60.0,60.0,0.0,304.0,310.0,-6.0,72.0,72.0,0.0,0.00017190938355670683,0.139423
CBAA,high,count_b2,trace_0044,44,agx_host_proxy,True,True,True,,,109.70078571707896,109.71857984455671,-0.01779412747775666,21.355765014507398,21.322676076883784,0.033088937623613646,31.200911430407057,31.195329000605277,0.005582429801780364,61.0,61.0,0.0,370.0,369.0,1.0,71.0,71.0,0.0,-0.0001622060166792985,0.157487
CBAA,high,count_b2,trace_0045,45,agx_host_proxy,True,True,True,,,113.06678414557709,113.1434751455771,-0.07669100000001094,32.99074530373143,32.99275559503954,-0.002010291308110368,43.402958274580804,43.4456404043243,-0.042682129743496944,63.0,63.0,0.0,313.0,313.0,0.0,74.0,74.0,0.0,-0.0006782805452507505,0.160715
CBAA,high,count_b2,trace_0046,46,agx_host_proxy,True,True,True,,,104.73921002265773,102.55806606316663,2.181143959491095,23.560008340736303,23.437065877392524,0.12294246334377945,33.73287276637553,33.650458645325386,0.08241412105014234,57.0,57.0,0.0,275.0,249.0,26.0,69.0,69.0,0.0,0.020824521771925324,0.118345
CBAA,high,count_b2,trace_0047,47,agx_host_proxy,True,True,True,,,105.7928456382933,105.96679663829329,-0.1739509999999882,23.806153424287597,23.723528190350052,0.08262523393754506,33.59525650704275,33.46936090576008,0.12589560128267152,60.0,60.0,0.0,281.0,278.0,3.0,67.0,68.0,-1.0,-0.0016442605258462208,0.124637
CBAA,high,count_b2,trace_0048,48,agx_host_proxy,True,True,True,,,90.15319450499241,90.2316635049924,-0.07846899999998413,24.890203759658544,24.940736382151112,-0.05053262249256818,33.929889352761535,33.966275269414425,-0.036385916652889705,49.0,49.0,0.0,239.0,243.0,-4.0,68.0,68.0,0.0,-0.0008703962231270547,0.10687
CBAA,high,count_b2,trace_0049,49,agx_host_proxy,True,True,True,,,103.59179451622849,91.57938485000147,12.012409666227015,26.432026329136356,26.339848636361243,0.09217769277511323,34.525974232292135,34.29612082990377,0.2298534023883647,57.0,51.0,6.0,322.0,260.0,62.0,79.0,75.0,4.0,0.11595908461982647,0.15242
CBAA,high,count_b4,trace_0000,0,rp2040_hardware,True,True,True,,,96.100111266381,93.66364058345711,2.436470682923897,23.336585584527892,22.912690846768527,0.42389473775936537,32.04862283421685,31.287519353933586,0.7611034802832641,51.0,52.0,-1.0,234.0,220.0,14.0,58.0,58.0,0.0,0.025353463703805874,7.240757
CBAA,high,count_b4,trace_0001,1,rp2040_hardware,True,True,True,,,131.7822393638171,120.06843931280906,11.713800051008036,25.40381128421498,21.597895085024547,3.8059161991904347,39.97600907244743,35.323012598946455,4.652996473500977,73.0,68.0,5.0,292.0,276.0,16.0,58.0,58.0,0.0,0.08888754742336125,8.352798
CBAA,high,count_b4,trace_0002,2,rp2040_hardware,True,True,True,,,111.28970967307134,108.42239874370082,2.867310929370518,29.726905887599802,28.293647933987575,1.4332579536122267,41.02268354952856,39.538868340442605,1.4838152090859538,61.0,61.0,0.0,277.0,266.0,11.0,69.0,69.0,0.0,0.025764385025296894,8.503342
CBAA,high,count_b4,trace_0003,3,rp2040_hardware,True,True,True,,,123.51379423048323,104.40993208538325,19.10386214509998,27.254845037005914,25.39204990016198,1.8627951368439355,39.81429478441906,36.36307083788278,3.451223946536281,68.0,58.0,10.0,250.0,213.0,37.0,60.0,63.0,-3.0,0.15466986715225645,7.72346
CBAA,high,count_b4,trace_0004,4,agx_host_proxy,True,True,True,,,101.59020096533233,101.36060964217603,0.22959132315629915,23.861205577601588,23.811371151392173,0.04983442620941503,33.753845297603874,33.69131492432071,0.0625303732831668,56.0,56.0,0.0,244.0,243.0,1.0,56.0,56.0,0.0,0.0022599750859302586,0.107639
CBAA,high,count_b4,trace_0005,5,agx_host_proxy,True,True,True,,,92.6448213479194,97.08584081174459,-4.441019463825185,22.031518326431687,23.701902141624842,-1.670383815193155,30.389260883355146,32.45365195084533,-2.064391067490181,51.0,54.0,-3.0,245.0,210.0,35.0,57.0,60.0,-3.0,-0.04793597093945846,0.104756
CBAA,high,count_b4,trace_0006,6,agx_host_proxy,True,True,True,,,101.85557381913908,121.72731502743167,-19.87174120829259,26.789493658320534,23.100739363100224,3.68875429522031,38.13405427023572,34.49900514228571,3.635049127950012,56.0,66.0,-10.0,215.0,334.0,-119.0,58.0,59.0,-1.0,-0.19509723879792829,0.10234
CBAA,high,count_b4,trace_0007,7,agx_host_proxy,True,True,True,,,120.48569505508858,121.65961189840147,-1.173916843312881,22.8677400834507,24.208950694869234,-1.3412106114185356,35.544067733152346,36.171761534080495,-0.6276938009281494,68.0,67.0,1.0,221.0,225.0,-4.0,60.0,60.0,0.0,-0.009743205139632068,0.098442
CBAA,high,count_b4,trace_0008,8,agx_host_proxy,True,True,True,,,115.99590838555274,115.9465482189899,0.049360166562834706,26.226008156801658,26.11358841999455,0.1124197368071087,33.965649819547124,33.93468842669572,0.030961392851402536,65.0,65.0,0.0,386.0,386.0,0.0,59.0,59.0,0.0,0.0004255336869191026,0.17436
CBAA,high,count_b4,trace_0009,9,agx_host_proxy,True,True,True,,,116.13905883454999,116.01386083455002,0.12519799999996906,25.42525709338473,25.398735783021987,0.026521310362742412,34.512723337908895,34.461533129917086,0.051190207991808734,64.0,64.0,0.0,234.0,231.0,3.0,57.0,57.0,0.0,0.0010780008143369262,0.121193
CBAA,high,count_b4,trace_0010,10,agx_host_proxy,True,True,True,,,86.60906809651065,86.62691840132291,-0.017850304812256468,25.327156426499503,25.335694424462506,-0.008537997963003363,33.03080851141224,33.03469525408596,-0.003886742673721244,48.0,48.0,0.0,237.0,237.0,0.0,58.0,58.0,0.0,-0.00020610203070613143,0.115417
CBAA,high,count_b4,trace_0011,11,agx_host_proxy,True,True,True,,,120.80976241698006,117.06560537839322,3.744157038586849,20.793117077292017,20.463320387970928,0.3297966893210891,31.54335200535048,31.370953408673586,0.17239859667689572,68.0,66.0,2.0,256.0,256.0,0.0,60.0,56.0,4.0,0.03099217284828134,0.112766
CBAA,high,count_b4,trace_0012,12,agx_host_proxy,True,True,True,,,97.91491452763726,97.90512452763728,0.009789999999981092,20.04596415779642,20.03755843779642,0.00840571999999895,28.468517999861906,28.457586159861908,0.010931839999997806,55.0,55.0,0.0,223.0,222.0,1.0,58.0,58.0,0.0,9.99847678692278e-05,0.102241
CBAA,high,count_b4,trace_0013,13,agx_host_proxy,True,True,True,,,92.04041310516573,91.86595544724665,0.17445765791907775,28.105716892387452,28.01559445131925,0.09012244106820333,35.12711723961879,35.029337071708966,0.09778016790982491,51.0,51.0,0.0,210.0,207.0,3.0,56.0,56.0,0.0,0.001895446272277611,0.104792
CBAA,high,count_b4,trace_0014,14,agx_host_proxy,True,True,True,,,102.55762297970564,103.3561220641491,-0.7984990844434634,24.805556550458476,24.253021875064714,0.5525346753937619,35.37090048191444,34.93222325668492,0.4386772252295188,57.0,57.0,0.0,245.0,243.0,2.0,62.0,62.0,0.0,-0.0077858579522798845,0.112981
CBAA,high,count_b4,trace_0015,15,agx_host_proxy,True,True,True,,,88.03485139214632,87.51162195640252,0.5232294357438008,23.93562578309363,24.039849281765218,-0.10422349867158687,32.279096176880984,31.74375534249151,0.5353408343894728,49.0,48.0,1.0,194.0,225.0,-31.0,58.0,57.0,1.0,0.00594343521309651,0.092106
CBAA,high,count_b4,trace_0016,16,agx_host_proxy,True,True,True,,,107.51072899759245,111.80231391303842,-4.291584915445966,27.640297476760285,27.79645654312252,-0.15615906636223542,37.64893002393916,37.953041545524144,-0.30411152158498567,59.0,61.0,-2.0,326.0,339.0,-13.0,58.0,58.0,0.0,-0.03991773616884386,0.166023
CBAA,high,count_b4,trace_0017,17,agx_host_proxy,True,True,True,,,111.00962996583722,111.09536496583722,-0.08573499999999967,27.118610173233645,27.44891840224938,-0.33030822901573487,37.91470653594816,38.28466339612674,-0.36995686017857565,62.0,62.0,0.0,246.0,248.0,-2.0,58.0,57.0,1.0,-0.0007723203836134242,0.107427
CBAA,high,count_b4,trace_0018,18,agx_host_proxy,True,True,True,,,100.02114786840725,99.73724362288678,0.2839042455204748,31.22600777664997,31.17993458776853,0.046073188881440075,39.26323878825094,39.163425547669114,0.09981324058182395,55.0,55.0,0.0,237.0,232.0,5.0,59.0,59.0,0.0,0.0028384421851866083,0.125119
CBAA,high,count_b4,trace_0019,19,agx_host_proxy,True,True,True,,,122.4927287590643,124.75033800700197,-2.2576092479376655,28.112203907445497,24.793862435482584,3.3183414719629134,37.81526647024434,34.52400754630367,3.291258923940667,69.0,70.0,-1.0,713.0,290.0,423.0,488.0,120.0,368.0,-0.01843055723232556,0.179648
CBAA,high,count_b4,trace_0020,20,agx_host_proxy,True,True,True,,,118.14312466742629,101.74411935654919,16.3990053108771,25.725527452322694,28.03661269679965,-2.3110852444769563,35.245683325934245,35.912173360161376,-0.6664900342271309,65.0,57.0,8.0,298.0,238.0,60.0,64.0,65.0,-1.0,0.1388062602630531,0.140694
CBAA,high,count_b4,trace_0021,21,agx_host_proxy,True,True,True,,,107.0473861356339,106.80798833033931,0.23939780529458687,24.973346653184763,24.957672015916927,0.01567463726783558,33.0922310279884,33.06836458357466,0.0238664444137342,61.0,61.0,0.0,265.0,267.0,-2.0,55.0,55.0,0.0,0.002236372264066859,0.116902
CBAA,high,count_b4,trace_0022,22,agx_host_proxy,True,True,True,,,90.8923627453933,106.62123345962807,-15.728870714234773,24.11317407405864,25.46958419744531,-1.35641012338667,31.94353114129647,35.05496634796134,-3.1114352066648685,51.0,59.0,-8.0,274.0,312.0,-38.0,71.0,58.0,13.0,-0.17304942064598228,0.127831
CBAA,high,count_b4,trace_0023,23,agx_host_proxy,True,True,True,,,120.68368423642188,120.57425223642187,0.10943200000001241,25.526277433355613,27.11959787678163,-1.5933204434260162,34.75292458237971,36.502913851702615,-1.7499892693229029,67.0,67.0,0.0,403.0,378.0,25.0,63.0,61.0,2.0,0.0009067671466312945,0.179232
CBAA,high,count_b4,trace_0024,24,agx_host_proxy,True,True,True,,,90.75907592644856,90.66388071557184,0.09519521087672445,21.19322790120932,20.94299822963786,0.2502296715714607,30.943199648828738,31.000695834996925,-0.05749618616818708,50.0,50.0,0.0,276.0,274.0,2.0,64.0,64.0,0.0,0.001048878141441975,0.14049199999999998
CBAA,high,count_b4,trace_0025,25,agx_host_proxy,True,True,True,,,97.30964612079468,96.81542670631266,0.4942194144820178,26.8805023924456,25.573181630489554,1.3073207619560456,35.944432139714415,34.91297200238808,1.0314601373263343,53.0,53.0,0.0,7230.0,268.0,6962.0,7062.0,101.0,6961.0,0.005078832717863569,0.5514560000000001
CBAA,high,count_b4,trace_0026,26,agx_host_proxy,True,True,True,,,97.07106582709038,97.05305882709038,0.01800699999999722,22.837859418686907,22.828858598686907,0.009000820000000687,34.537382305474694,34.52682654547469,0.010555760000002579,54.0,54.0,0.0,252.0,253.0,-1.0,57.0,57.0,0.0,0.00018550326862664225,0.114551
CBAA,high,count_b4,trace_0027,27,agx_host_proxy,True,True,True,,,92.06565611747484,92.10348516990851,-0.037829052433664856,23.21813769707437,23.20948309557917,0.008654601495198477,31.143573510133372,31.13467709940714,0.008896410726233484,50.0,50.0,0.0,249.0,249.0,0.0,62.0,62.0,0.0,-0.0004108921179619398,0.11840200000000001
CBAA,high,count_b4,trace_0028,28,agx_host_proxy,True,True,True,,,114.61303637776518,122.55471538158716,-7.9416790038219744,25.085317100586042,25.366165014410907,-0.2808479138248643,36.582595519889985,37.43322891145793,-0.8506333915679463,63.0,69.0,-6.0,223.0,271.0,-48.0,66.0,68.0,-2.0,-0.06929123644928277,0.113451
CBAA,high,count_b4,trace_0029,29,agx_host_proxy,True,True,True,,,85.02163683940162,85.00028483940162,0.021352000000007365,20.8183424363659,20.889700186339923,-0.07135774997402322,30.11599679712552,30.10245401712552,0.013542779999998089,46.0,46.0,0.0,237.0,239.0,-2.0,55.0,55.0,0.0,0.00025113607304855126,0.10598
CBAA,high,count_b4,trace_0030,30,agx_host_proxy,True,True,True,,,116.47399798264489,116.45748898264486,0.01650900000002764,27.75121197294424,27.774593520088,-0.023381547143760173,37.494884404858276,37.49056587664706,0.0043185282112148116,64.0,64.0,0.0,276.0,279.0,-3.0,66.0,66.0,0.0,0.00014173978987556992,0.143664
CBAA,high,count_b4,trace_0031,31,agx_host_proxy,True,True,True,,,108.7846626741701,108.77515767417009,0.009505000000004316,23.727096006353808,23.834885593777088,-0.10778958742328015,33.00320104808946,33.12811598504832,-0.12491493695885936,60.0,60.0,0.0,313.0,319.0,-6.0,61.0,61.0,0.0,8.737444936032503e-05,0.162373
CBAA,high,count_b4,trace_0032,32,agx_host_proxy,True,True,True,,,96.20207021872267,95.40998319414523,0.792087024577441,21.77758661996886,21.693091390389636,0.0844952295792254,30.913013755619513,30.80422460566597,0.1087891499535445,53.0,53.0,0.0,263.0,254.0,9.0,62.0,62.0,0.0,0.008233575668138652,0.124102
CBAA,high,count_b4,trace_0033,33,agx_host_proxy,False,True,False,stagnation_horizon,,,95.80173687535797,,1.2777976147830759,29.870865131039952,,4.457199196504927,39.05142623360916,,4.0,52.0,,8000.0,434.0,,7974.0,258.0,,,0.452699
CBAA,high,count_b4,trace_0034,34,agx_host_proxy,True,True,True,,,101.64466059934392,101.73758459934395,-0.09292400000002488,22.945313269722554,22.914161308200857,0.031151961521697302,32.41125525945509,32.379726144086014,0.0315291153690751,57.0,57.0,0.0,225.0,225.0,0.0,66.0,66.0,0.0,-0.0009142044397817062,0.11941399999999999
CBAA,high,count_b4,trace_0035,35,agx_host_proxy,True,True,True,,,102.53129289024068,102.61852868795806,-0.08723579771738343,28.484006732510064,28.473901433287853,0.010105299222210817,36.622016869627295,36.617661255656856,0.004355613970439265,56.0,56.0,0.0,253.0,244.0,9.0,66.0,62.0,4.0,-0.000850821200614031,0.127144
CBAA,high,count_b4,trace_0036,36,agx_host_proxy,True,True,True,,,98.2865494099784,98.3033419828279,-0.016792572849496423,28.611772987863084,28.615502146820553,-0.0037291589574692807,36.991175745585686,36.99242093374222,-0.001245188156531185,54.0,54.0,0.0,208.0,206.0,2.0,65.0,65.0,0.0,-0.00017085321389654544,0.118529
CBAA,high,count_b4,trace_0037,37,agx_host_proxy,True,True,True,,,103.87585064800508,105.74779391871928,-1.8719432707141976,23.313054130561895,23.277365954193,0.03568817636889321,33.48136873171832,33.40869331406192,0.07267541765639862,57.0,59.0,-2.0,219.0,235.0,-16.0,58.0,58.0,0.0,-0.018020966943101013,0.090577
CBAA,high,count_b4,trace_0038,38,agx_host_proxy,True,True,True,,,105.31557221754109,105.2963002175411,0.019271999999986633,22.5687574041744,22.56546357727448,0.0032938268999203046,30.21315435615686,30.20940712401169,0.0037472321451694768,59.0,59.0,0.0,330.0,330.0,0.0,61.0,61.0,0.0,0.000182992881244363,0.154756
CBAA,high,count_b4,trace_0039,39,agx_host_proxy,True,True,True,,,88.81871683149654,88.83350095772967,-0.014784126233124084,26.51165886103557,26.505027939149883,0.006630921885687258,34.21697170552291,34.20955456805799,0.007417137464919676,48.0,48.0,0.0,221.0,222.0,-1.0,59.0,59.0,0.0,-0.000166452823915166,0.11032399999999999
CBAA,high,count_b4,trace_0040,40,agx_host_proxy,True,True,True,,,87.73568162759663,87.71756362759662,0.0181180000000154,20.30667630917729,20.27927624221936,0.027400066957930846,27.94758961331596,27.92672935193786,0.020860261378100375,49.0,49.0,0.0,217.0,216.0,1.0,59.0,59.0,0.0,0.0002065066306422416,0.091557
CBAA,high,count_b4,trace_0041,41,agx_host_proxy,True,True,True,,,89.82022529223352,89.79747129223351,0.022754000000006158,18.895900748521196,18.850051363909838,0.045849384611358346,25.375135535878687,25.3828544827508,-0.007718946872113719,51.0,51.0,0.0,265.0,265.0,0.0,66.0,69.0,-3.0,0.000253328244568249,0.115643
CBAA,high,count_b4,trace_0042,42,agx_host_proxy,True,True,True,,,105.71060318272869,105.6948411827287,0.01576199999999517,24.498902215343062,24.499452726527803,-0.0005505111847412536,33.40865182531007,33.40797286531007,0.0006789600000018936,59.0,59.0,0.0,206.0,204.0,2.0,59.0,59.0,0.0,0.00014910519404330114,0.090917
CBAA,high,count_b4,trace_0043,43,agx_host_proxy,True,True,True,,,122.19596123558135,123.79964987888457,-1.6036886433032151,28.925634281964783,28.758555026700737,0.16707925526404566,38.8471199464555,38.84139970171288,0.005720244742619229,68.0,68.0,0.0,248.0,248.0,0.0,62.0,58.0,4.0,-0.01312390873714285,0.119603
CBAA,high,count_b4,trace_0044,44,agx_host_proxy,True,True,True,,,110.11253363964315,109.99297763964317,0.11955599999997446,20.931888697154246,20.926247642763403,0.005641054390842726,31.77014189620226,31.75724114181142,0.012900754390841485,61.0,61.0,0.0,293.0,293.0,0.0,60.0,60.0,0.0,0.001085761956865294,0.13081199999999998
CBAA,high,count_b4,trace_0045,45,agx_host_proxy,True,True,True,,,109.94617173866644,115.30551484151654,-5.359343102850104,34.23425669093889,34.00509697734302,0.22915971359586962,44.474493302149504,44.539137120471665,-0.06464381832216048,61.0,64.0,-3.0,251.0,262.0,-11.0,64.0,60.0,4.0,-0.048745154270481095,0.131375
CBAA,high,count_b4,trace_0046,46,agx_host_proxy,True,True,True,,,86.85941748056392,86.83991848056391,0.01949900000001037,22.18223282317295,22.171848843172945,0.010383980000003845,29.68591495465352,29.67611377465352,0.009801180000000187,49.0,49.0,0.0,215.0,215.0,0.0,56.0,56.0,0.0,0.00022448918684463384,0.102146
CBAA,high,count_b4,trace_0047,47,agx_host_proxy,True,True,True,,,109.24144492196615,109.22027792196614,0.021167000000005487,27.63313416916046,27.623618707921715,0.00951546123874536,37.84983322115677,37.838128041156764,0.011705180000006976,61.0,61.0,0.0,246.0,246.0,0.0,58.0,58.0,0.0,0.00019376345685582607,0.112261
CBAA,high,count_b4,trace_0048,48,agx_host_proxy,True,True,True,,,91.53032586337538,91.58095890926087,-0.050633045885490446,26.003320514369808,26.617438881631397,-0.6141183672615895,34.5973884413106,34.74916595429676,-0.1517775129861576,51.0,51.0,0.0,228.0,224.0,4.0,61.0,65.0,-4.0,-0.0005531832800537486,0.122598
CBAA,high,count_b4,trace_0049,49,agx_host_proxy,True,True,True,,,96.66811268816983,90.80068800723696,5.867424680932871,25.959811140461106,27.485629161343482,-1.525818020882376,33.897757628046726,35.17933545285965,-1.2815778248129206,54.0,50.0,4.0,220.0,200.0,20.0,56.0,56.0,0.0,0.06069658874855557,0.101534
CBAA,high,count_b8,trace_0000,0,agx_host_proxy,True,True,True,,,104.44252043183197,109.007943361263,-4.565422929431037,27.32851631180581,27.27690612840923,0.051610183396579856,36.90455233160661,37.01428059576592,-0.10972826415930825,58.0,58.0,0.0,214.0,249.0,-35.0,57.0,58.0,-1.0,-0.04371230137452321,0.098353
CBAA,high,count_b8,trace_0001,1,agx_host_proxy,True,True,True,,,104.28603298387945,93.61086948546617,10.675163498413283,25.716293673886693,22.498539015970266,3.2177546579164265,36.4373858302263,32.78964429694588,3.647741533280417,59.0,52.0,7.0,228.0,192.0,36.0,53.0,53.0,0.0,0.10236426866542571,0.103874
CBAA,high,count_b8,trace_0002,2,agx_host_proxy,True,True,True,,,127.92711457038568,128.2702844209098,-0.3431698505241201,30.756942198265946,30.810577611496083,-0.05363541323013621,44.09829363278121,44.08087903720938,0.017414595571828784,72.0,72.0,0.0,234.0,236.0,-2.0,56.0,54.0,2.0,-0.0026825419433290473,0.118694
CBAA,high,count_b8,trace_0003,3,agx_host_proxy,True,True,True,,,98.77908815897868,98.58744154372958,0.19164661524909832,26.065720070678225,25.92480937407764,0.14091069660058508,35.81343776299045,35.648910284838884,0.16452747815156954,55.0,55.0,0.0,188.0,185.0,3.0,55.0,55.0,0.0,0.0019401537189800257,0.09344899999999999
CBAA,high,count_b8,trace_0004,4,agx_host_proxy,True,True,True,,,107.53840222537154,107.51162290221524,0.026779323156304713,22.34224334681113,22.29730220302938,0.0449411437817524,32.4722495236242,32.23192472094629,0.240324802677911,60.0,59.0,1.0,194.0,218.0,-24.0,54.0,54.0,0.0,0.00024902102506770056,0.089499
CBAA,high,count_b8,trace_0005,5,agx_host_proxy,True,True,True,,,119.22510479228349,118.77539319542569,0.4497115968577958,23.943044968998677,23.93424478959082,0.00880017940785649,34.72760915859505,34.70814095490361,0.019468203691438646,66.0,66.0,0.0,215.0,217.0,-2.0,55.0,53.0,2.0,0.003771953882039298,0.10147600000000001
CBAA,high,count_b8,trace_0006,6,agx_host_proxy,True,True,True,,,131.37818887321018,131.3546148732102,0.02357399999996801,24.13691385446182,24.07019518797353,0.06671866648829194,34.13901287095652,34.1220131865017,0.016999684454823694,73.0,73.0,0.0,424.0,424.0,0.0,57.0,57.0,0.0,0.000179436177360602,0.18157
CBAA,high,count_b8,trace_0007,7,agx_host_proxy,True,True,True,,,106.72032508980332,93.15664007776999,13.563685012033332,23.659560425072385,21.71737483324323,1.9421855918291548,33.48957825831453,31.49180644396713,1.9977718143474021,59.0,52.0,7.0,2434.0,272.0,2162.0,2252.0,129.0,2123.0,0.1270956118304524,0.29312
CBAA,high,count_b8,trace_0008,8,agx_host_proxy,True,True,True,,,115.79595638555274,115.9465482189899,-0.15059183343716143,26.277289187668966,26.181855486148955,0.09543370152001174,34.04603546610084,34.01105167264092,0.0349837934599222,65.0,65.0,0.0,366.0,371.0,-5.0,54.0,54.0,0.0,-0.001300493023571158,0.174605
CBAA,high,count_b8,trace_0009,9,agx_host_proxy,True,True,True,,,98.65108743525181,109.75911495442054,-11.10802751916873,25.362721543881197,25.236178651049606,0.1265428928315906,32.861313702911744,33.9976827364294,-1.1363690335176528,54.0,61.0,-7.0,230.0,219.0,11.0,53.0,53.0,0.0,-0.11259913912717201,0.120073
CBAA,high,count_b8,trace_0010,10,agx_host_proxy,True,True,True,,,94.083723002758,99.27025712897806,-5.186534126220053,25.452362100910825,25.000099371011917,0.4522627298989086,33.687924216381994,34.11261982212942,-0.4246956057474236,52.0,54.0,-2.0,249.0,247.0,2.0,53.0,57.0,-4.0,-0.05512679516379271,0.12955299999999997
CBAA,high,count_b8,trace_0011,11,agx_host_proxy,True,True,True,,,117.24126914775272,117.09693310117807,0.14433604657465082,20.707260319575585,20.650051036285507,0.057209283290077906,31.561261943121895,31.50584275654726,0.055419186574635404,66.0,66.0,0.0,248.0,244.0,4.0,52.0,52.0,0.0,0.001231102730496307,0.110875
CBAA,high,count_b8,trace_0012,12,agx_host_proxy,True,True,True,,,104.32748126268955,104.30793026268954,0.01955100000000698,26.68578332404491,26.674660044044913,0.011123279999996072,36.732913999899104,36.7207750998991,0.012138900000003616,57.0,57.0,0.0,198.0,197.0,1.0,53.0,53.0,0.0,0.00018740028766513477,0.09354799999999999
CBAA,high,count_b8,trace_0013,13,agx_host_proxy,True,True,True,,,92.23922210516572,92.16595544724665,0.07326665791907772,28.436470006208328,28.39195933303145,0.044510673176876736,35.52436019441161,35.46450449439311,0.059855700018495384,51.0,51.0,0.0,190.0,191.0,-1.0,52.0,52.0,0.0,0.0007943113162375046,0.098366
CBAA,high,count_b8,trace_0014,14,agx_host_proxy,True,True,True,,,99.12001653652057,86.27872074967782,12.84129578684275,22.631454405307448,20.699547069181083,1.9319073361263648,31.96977684679095,28.631121590193434,3.338655256597516,55.0,47.0,8.0,236.0,204.0,32.0,58.0,55.0,3.0,0.12955300287012564,0.104011
CBAA,high,count_b8,trace_0015,15,agx_host_proxy,True,True,True,,,103.16532601516631,114.83366713686833,-11.668341121702014,24.58962384380335,26.307848112038954,-1.7182242682356055,36.30662164923261,38.99293603400104,-2.68631438476843,57.0,63.0,-6.0,266.0,253.0,13.0,55.0,51.0,4.0,-0.11310332233125162,0.12337500000000001
CBAA,high,count_b8,trace_0016,16,agx_host_proxy,True,True,True,,,97.04290614876355,97.1480136618606,-0.10510751309705313,28.204291199398938,28.201654363066115,0.002636836332822412,38.400565140391706,38.40106309432082,-0.0004979539291127821,54.0,54.0,0.0,181.0,183.0,-2.0,54.0,54.0,0.0,-0.0010831035185191878,0.09262300000000001
CBAA,high,count_b8,trace_0017,17,agx_host_proxy,True,True,True,,,112.40202601465094,112.37081608856572,0.031209926085224993,23.70820589252495,23.693423901988403,0.01478199053654805,31.875761658948967,31.861401265604243,0.014360393344723832,63.0,63.0,0.0,305.0,306.0,-1.0,52.0,52.0,0.0,0.0002776633766472943,0.137857
CBAA,high,count_b8,trace_0018,18,agx_host_proxy,True,True,True,,,98.10358567815017,98.08420167815018,0.019383999999988077,29.014658232104665,28.947361335143263,0.06729689696140184,37.6938193298194,37.682686440552104,0.011132889267294388,54.0,54.0,0.0,206.0,204.0,2.0,56.0,56.0,0.0,0.0001975870694836929,0.108716
CBAA,high,count_b8,trace_0019,19,agx_host_proxy,True,True,True,,,106.98749096781913,125.9058664565765,-18.918375488757377,27.075849689975087,27.81186569081958,-0.7360160008444936,36.558391169538794,38.541718279289064,-1.9833271097502703,60.0,71.0,-11.0,234.0,271.0,-37.0,55.0,57.0,-2.0,-0.17682791995232278,0.121351
CBAA,high,count_b8,trace_0020,20,agx_host_proxy,True,True,True,,,101.95532013397418,104.07830890592898,-2.1229887719547946,25.466815552529543,25.371352977487316,0.09546257504222666,34.711479414583586,34.367408841274525,0.344070573309061,57.0,58.0,-1.0,206.0,210.0,-4.0,59.0,57.0,2.0,-0.020822736559162242,0.09431400000000001
CBAA,high,count_b8,trace_0021,21,agx_host_proxy,True,True,True,,,109.4286636605127,109.64234565611565,-0.2136819956029541,23.476182608919643,23.466895328919644,0.009287279999998788,32.34479283740716,32.33974889731922,0.0050439400879440655,62.0,62.0,0.0,191.0,194.0,-3.0,54.0,54.0,0.0,-0.0019527058857802828,0.087698
CBAA,high,count_b8,trace_0022,22,agx_host_proxy,True,True,True,,,111.65891501947387,97.05894164737849,14.599973372095377,27.39473077438349,21.075064063414803,6.319666710968686,37.09813437779434,29.853829445741592,7.244304932052746,62.0,53.0,9.0,295.0,263.0,32.0,63.0,61.0,2.0,0.13075510692136916,0.132815
CBAA,high,count_b8,trace_0023,23,agx_host_proxy,True,True,True,,,110.13378612434684,109.97046739754478,0.1633187268020606,23.75004125812062,23.683072334749365,0.06696892337125604,35.25330654427037,35.18789419475454,0.06541234951583164,61.0,61.0,0.0,264.0,259.0,5.0,59.0,59.0,0.0,0.00148291212487388,0.13085799999999997
CBAA,high,count_b8,trace_0024,24,agx_host_proxy,True,True,True,,,88.54277616103751,88.7616151711299,-0.21883901009239537,24.282451052448522,24.351551556295064,-0.06910050384654198,33.719975201408985,33.96104161509705,-0.24106641368806692,48.0,49.0,-1.0,203.0,193.0,10.0,64.0,60.0,4.0,-0.0024715625551923184,0.104423
CBAA,high,count_b8,trace_0025,25,agx_host_proxy,True,True,True,,,107.56898487254777,99.01895830902721,8.55002656352056,29.667570044344988,28.013834483521695,1.6537355608232929,38.54175701269164,36.6259207279828,1.9158362847088384,60.0,55.0,5.0,235.0,223.0,12.0,53.0,58.0,-5.0,0.07948412429150456,0.11306100000000001
CBAA,high,count_b8,trace_0026,26,agx_host_proxy,True,True,True,,,93.07501777107434,93.05157377107435,0.0234439999999978,21.03151723787972,21.020993307925334,0.01052392995438467,30.694734134879305,30.688538655153003,0.006195479726301301,52.0,52.0,0.0,232.0,230.0,2.0,56.0,56.0,0.0,0.0002518828420496276,0.112777
CBAA,high,count_b8,trace_0027,27,agx_host_proxy,True,True,True,,,88.17799457177762,100.70012543598335,-12.522130864205735,22.280546861716,22.7927212558664,-0.5121743941503993,30.019245549826344,30.893972065643286,-0.8747265158169419,48.0,56.0,-8.0,247.0,291.0,-44.0,52.0,54.0,-2.0,-0.14200970349821934,0.11755499999999999
CBAA,high,count_b8,trace_0028,28,agx_host_proxy,True,True,True,,,102.34168229280709,102.32244929280708,0.019233000000014044,28.566785289786417,28.611870254913594,-0.04508496512717741,38.56052082180579,38.62160801679516,-0.06108719498936921,57.0,57.0,0.0,198.0,199.0,-1.0,56.0,56.0,0.0,0.00018792929302243648,0.098919
CBAA,high,count_b8,trace_0029,29,agx_host_proxy,True,True,True,,,85.02137583940164,85.00028483940162,0.02109100000002684,20.8491074451994,20.8375381851994,0.011569260000001691,30.111756097125518,30.09845401712552,0.013302079999998995,46.0,46.0,0.0,229.0,228.0,1.0,52.0,52.0,0.0,0.0002480670277538909,0.104655
CBAA,high,count_b8,trace_0030,30,agx_host_proxy,True,True,True,,,87.8540463737697,87.84289037376969,0.011156000000013933,24.84837505526717,24.839735935267164,0.008639120000005107,33.61001613266887,33.599894472668865,0.010121660000002919,48.0,48.0,0.0,205.0,206.0,-1.0,52.0,52.0,0.0,0.00012698333725633316,0.103617
CBAA,high,count_b8,trace_0031,31,agx_host_proxy,True,True,True,,,118.01572315039039,116.80679660791738,1.2089265424730087,27.046346695122185,26.29093340471387,0.7554132904083168,36.29864045583246,35.73969120047624,0.5589492553562252,66.0,66.0,0.0,329.0,304.0,25.0,54.0,56.0,-2.0,0.010243775237748986,0.163362
CBAA,high,count_b8,trace_0032,32,agx_host_proxy,True,True,True,,,94.1563949278028,94.56987625124698,-0.41348132344418786,21.992776484155975,22.031279898889533,-0.03850341473355812,30.736598914375527,30.802597983289747,-0.0659990689142198,52.0,52.0,0.0,228.0,231.0,-3.0,58.0,58.0,0.0,-0.004391431126491588,0.107229
CBAA,high,count_b8,trace_0033,33,agx_host_proxy,True,True,True,,,97.40746842019543,96.25018436019447,1.1572840600009613,24.44597161103294,24.350948553175787,0.09502305785715492,34.690297521822686,34.551948257815525,0.13834926400716085,53.0,52.0,1.0,194.0,200.0,-6.0,52.0,52.0,0.0,0.011880855531617761,0.094732
CBAA,high,count_b8,trace_0034,34,agx_host_proxy,True,True,True,,,114.97153799669024,119.68506537099236,-4.713527374302117,25.153925054638336,24.202179090607654,0.9517459640306818,34.18379690870073,34.21043793072159,-0.02664102202086127,63.0,66.0,-3.0,273.0,222.0,51.0,57.0,55.0,2.0,-0.04099734122403241,0.13183899999999998
CBAA,high,count_b8,trace_0035,35,agx_host_proxy,True,True,True,,,127.71757696810229,104.79290578473613,22.924671183366158,25.73949397846936,25.385644707650933,0.35384927081842577,36.4100403700759,35.5251284599998,0.8849119100760987,71.0,57.0,14.0,276.0,232.0,44.0,60.0,58.0,2.0,0.17949503684282733,0.126521
CBAA,high,count_b8,trace_0036,36,agx_host_proxy,True,True,True,,,98.8326431059317,99.0073201059317,-0.17467700000000264,30.30629247157823,30.311099825131937,-0.004807353553704985,38.26710124099518,38.27697404367785,-0.009872802682671988,55.0,55.0,0.0,191.0,191.0,0.0,61.0,61.0,0.0,-0.001767401887782954,0.107123
CBAA,high,count_b8,trace_0037,37,agx_host_proxy,True,True,True,,,116.93023513335271,117.01303713335271,-0.08280200000000093,22.2370624658076,22.29504079172719,-0.057978325919588514,32.662377154928265,32.73271477440074,-0.07033761947247541,66.0,66.0,0.0,239.0,241.0,-2.0,55.0,55.0,0.0,-0.0007081316470934114,0.106013
CBAA,high,count_b8,trace_0038,38,agx_host_proxy,True,True,True,,,99.86677522043558,99.84650222043557,0.020273000000017305,23.219563765900663,23.30073543452255,-0.08117166862188796,29.730284327417966,29.79706155481744,-0.06677722739947356,57.0,57.0,0.0,314.0,312.0,2.0,58.0,58.0,0.0,0.0002030004468980678,0.15139599999999998
CBAA,high,count_b8,trace_0039,39,agx_host_proxy,True,True,True,,,102.92338070459344,102.90108770459346,0.02229299999997636,24.77494330105886,24.706213155553403,0.0687301455054552,32.673219801225414,32.56324804817142,0.10997175305399765,56.0,56.0,0.0,221.0,222.0,-1.0,62.0,57.0,5.0,0.00021659801541071443,0.106794
CBAA,high,count_b8,trace_0040,40,agx_host_proxy,True,True,True,,,113.62566460224608,113.50579964186144,0.11986496038463201,26.358935640612085,26.350360400612082,0.008575240000002537,36.69700774847792,36.69024139304801,0.00676635542991022,64.0,64.0,0.0,222.0,218.0,4.0,57.0,57.0,0.0,0.001054910972835468,0.100048
CBAA,high,count_b8,trace_0041,41,agx_host_proxy,True,True,True,,,89.91934254574215,89.80160354574213,0.11773900000002868,18.985886470093146,19.001975409746237,-0.016088939653091217,25.494898470308613,25.473444909856397,0.02145356045221547,50.0,50.0,0.0,265.0,263.0,2.0,56.0,56.0,0.0,0.0013093845736264654,0.11283
CBAA,high,count_b8,trace_0042,42,agx_host_proxy,True,True,True,,,105.71020518272866,105.6948411827287,0.01536399999996263,24.67045909337379,24.66538206922441,0.005077024149379383,33.41613658531006,33.40797286531007,0.00816371999999177,59.0,59.0,0.0,194.0,194.0,0.0,56.0,56.0,0.0,0.00014534074523273047,0.086037
CBAA,high,count_b8,trace_0043,43,agx_host_proxy,True,True,True,,,123.72542587888452,123.69964987888456,0.025775999999964938,28.896281195520174,28.884190675520173,0.012090520000000993,38.86625093430592,38.85273757430593,0.01351335999999037,68.0,68.0,0.0,247.0,245.0,2.0,58.0,58.0,0.0,0.0002083322794556165,0.119894
CBAA,high,count_b8,trace_0044,44,agx_host_proxy,True,True,True,,,114.90189004121947,112.95322286219651,1.9486671790229622,23.95463470862988,23.76809491303138,0.18653979559849887,34.33104523580684,33.98602013130838,0.34502510449846113,63.0,63.0,0.0,263.0,241.0,22.0,57.0,60.0,-3.0,0.016959400566203955,0.120364
CBAA,high,count_b8,trace_0045,45,agx_host_proxy,True,True,True,,,127.35068660439003,119.83381753147853,7.516869072911504,36.10769635642445,35.816639407365294,0.29105694905915414,47.522046299909555,46.6580263777278,0.8640199221817539,70.0,66.0,4.0,256.0,257.0,-1.0,62.0,64.0,-2.0,0.059024959137145186,0.132177
CBAA,high,count_b8,trace_0046,46,agx_host_proxy,True,True,True,,,105.11392680708974,105.09008680708975,0.023839999999992756,21.37400416658902,21.363587166589024,0.01041699999999679,29.561299790510365,29.551220127984326,0.010079662526038646,59.0,59.0,0.0,231.0,231.0,0.0,60.0,60.0,0.0,0.00022680153547821594,0.105708
CBAA,high,count_b8,trace_0047,47,agx_host_proxy,True,True,True,,,110.84665553090085,110.52732453090087,0.31933099999997694,26.492366356723615,26.0203820767419,0.4719842799817151,38.246996225190664,37.70273908755992,0.5442571376307441,62.0,62.0,0.0,229.0,232.0,-3.0,54.0,54.0,0.0,0.002880835677635368,0.100121
CBAA,high,count_b8,trace_0048,48,agx_host_proxy,True,True,True,,,94.79438955735824,91.77863600283716,3.0157535545210834,27.95237596759931,26.571083984931356,1.3812919826679533,36.08066500421225,34.62892241962249,1.4517425845897591,53.0,51.0,2.0,841.0,222.0,619.0,680.0,72.0,608.0,0.03181362914623032,0.14479
CBAA,high,count_b8,trace_0049,49,agx_host_proxy,True,True,True,,,96.79701158029656,118.89176168666995,-22.094750106373397,29.354213779031877,32.61381331860817,-3.2595995395762962,37.8105331396541,41.35250943449116,-3.541976294837063,53.0,65.0,-12.0,217.0,270.0,-53.0,56.0,54.0,2.0,-0.22825859750892225,0.105567
CBAA,high,eager_b1,trace_0000,0,rp2040_hardware,True,True,True,,,128.06533226744978,111.18474034663143,16.880591920818347,24.846897013463334,24.804566342931363,0.04233067053197104,34.49890334123183,33.491170393169526,1.007732948062305,70.0,62.0,8.0,524.0,426.0,98.0,96.0,93.0,3.0,0.13181234626061927,13.165006
CBAA,high,eager_b1,trace_0001,1,rp2040_hardware,True,True,True,,,114.34346628104127,99.24838490427939,15.095081376761883,22.650790269530134,22.59855657012268,0.0522336994074557,35.53084986591188,34.47114828648942,1.059701579422466,63.0,56.0,7.0,343.0,313.0,30.0,94.0,92.0,2.0,0.13201525078538504,10.474055
CBAA,high,eager_b1,trace_0002,2,rp2040_hardware,True,True,True,,,108.9264421550326,111.67877093514305,-2.752328780110446,32.24160163171219,29.36075429606947,2.8808473356427236,41.43285340458312,39.30814723112942,2.1247061734537027,59.0,61.0,-2.0,377.0,390.0,-13.0,99.0,100.0,-1.0,-0.025267774524326398,11.588786
CBAA,high,eager_b1,trace_0003,3,rp2040_hardware,True,True,True,,,113.79488689287756,99.5223709375143,14.27251595536326,30.475937583996018,25.864384710133155,4.611552873862863,41.82729148883148,35.17485587154081,6.652435617290671,62.0,55.0,7.0,392.0,334.0,58.0,105.0,94.0,11.0,0.1254231744946405,11.902737
CBAA,high,eager_b1,trace_0004,4,agx_host_proxy,False,True,False,stagnation_horizon,,,105.64482844671161,,5.461855472871067,20.042905109057184,,12.022715357947753,28.83605997189459,,22.0,59.0,,5283.0,421.0,,5145.0,117.0,,,0.408629
CBAA,high,eager_b1,trace_0005,5,agx_host_proxy,True,True,True,,,91.60192906269882,97.15560376571004,-5.553674703011225,20.418268326234145,23.518132549950447,-3.0998642237163025,28.103622473835987,32.508615638981105,-4.404993165145118,51.0,54.0,-3.0,384.0,331.0,53.0,93.0,101.0,-8.0,-0.06062835968454222,0.156391
CBAA,high,eager_b1,trace_0006,6,agx_host_proxy,True,True,True,,,100.80295370164419,100.820550594157,-0.017596892512813156,23.68498849461759,23.68285233956939,0.002136155048198418,33.66120117980333,33.65923082260539,0.0019703571979405865,56.0,56.0,0.0,329.0,329.0,0.0,94.0,94.0,0.0,-0.00017456723108428255,0.127767
CBAA,high,eager_b1,trace_0007,7,agx_host_proxy,True,True,True,,,107.0715305645828,107.46156589842236,-0.39003533383956324,23.35748958210329,23.05598175922918,0.30150782287411104,34.24629557931354,33.45323332307352,0.7930622562400202,59.0,60.0,-1.0,354.0,327.0,27.0,94.0,94.0,0.0,-0.0036427548180447827,0.131269
CBAA,high,eager_b1,trace_0008,8,agx_host_proxy,True,True,True,,,123.01691323820803,122.81238862737936,0.20452461082867046,30.63268984553533,30.41974793240983,0.21294191312550126,39.5858278275456,39.50822753169909,0.07760029584650852,69.0,69.0,0.0,489.0,489.0,0.0,94.0,95.0,-1.0,0.0016625731002746932,0.20864100000000002
CBAA,high,eager_b1,trace_0009,9,agx_host_proxy,True,True,True,,,119.04491501198979,119.0308650119898,0.014049999999983243,24.893208882370697,24.8233263115707,0.06988257079999727,35.04643522404093,34.955258370940925,0.09117685310000212,66.0,66.0,0.0,409.0,405.0,4.0,92.0,92.0,0.0,0.00011802268075514335,0.183072
CBAA,high,eager_b1,trace_0010,10,agx_host_proxy,True,True,True,,,89.08047665394426,89.17011865394427,-0.08964200000001199,23.634205222286248,23.649565035611147,-0.015359813324899108,31.915645216832456,31.93960813490333,-0.02396291807087536,49.0,49.0,0.0,328.0,329.0,-1.0,96.0,96.0,0.0,-0.0010063035512062773,0.137624
CBAA,high,eager_b1,trace_0011,11,agx_host_proxy,True,True,True,,,104.60230937739317,104.39459674743169,0.20771262996147755,19.430988043149817,19.464941828998512,-0.033953785848694906,28.217417614460405,28.152794144654827,0.06462346980557854,59.0,59.0,0.0,378.0,391.0,-13.0,98.0,101.0,-3.0,0.0019857365597166134,0.144388
CBAA,high,eager_b1,trace_0012,12,agx_host_proxy,True,True,True,,,94.60107525626114,89.55025527286163,5.050819983399506,19.048525117434522,20.95494993541142,-1.9064248179768981,27.402640224292405,29.5402495978431,-2.1376093735506956,53.0,49.0,4.0,329.0,331.0,-2.0,92.0,94.0,-2.0,0.053390724890996624,0.129533
CBAA,high,eager_b1,trace_0013,13,agx_host_proxy,True,True,True,,,94.69054511859704,94.68198611859702,0.008559000000019523,23.7860872750737,23.76671805837052,0.01936921670317915,31.221351994111952,31.19694787018435,0.02440412392760294,52.0,52.0,0.0,299.0,294.0,5.0,97.0,97.0,0.0,9.038917232232251e-05,0.125481
CBAA,high,eager_b1,trace_0014,14,agx_host_proxy,True,True,True,,,93.14277201673183,93.23447701673184,-0.0917050000000188,19.790000341422903,19.901001250119304,-0.11100090869640056,28.44159931634581,28.82939511744136,-0.3877958010955531,52.0,52.0,0.0,347.0,338.0,9.0,96.0,92.0,4.0,-0.0009845637832589442,0.131268
CBAA,high,eager_b1,trace_0015,15,agx_host_proxy,True,True,True,,,92.55831550071996,104.17912391043211,-11.620808409712154,22.984891529607584,22.644957951283075,0.33993357832450855,31.55587700283076,30.806773475572694,0.7491035272580646,48.0,58.0,-10.0,346.0,403.0,-57.0,96.0,101.0,-5.0,-0.12555120895239028,0.15629600000000002
CBAA,high,eager_b1,trace_0016,16,agx_host_proxy,True,True,True,,,94.99354741343996,94.67553476368796,0.31801264975199217,33.19019453857022,33.339418413367326,-0.14922387479710864,40.867194607318375,41.13853396544783,-0.27133935812945253,52.0,52.0,0.0,354.0,336.0,18.0,96.0,95.0,1.0,0.0033477289606620043,0.153922
CBAA,high,eager_b1,trace_0017,17,agx_host_proxy,True,True,True,,,108.3687478248269,108.38663697220682,-0.017889147379918313,22.094979534096893,22.504086736347567,-0.40910720225067365,32.922076300540205,33.5749964321091,-0.6529201315688979,61.0,61.0,0.0,391.0,375.0,16.0,94.0,95.0,-1.0,-0.00016507662715486293,0.15
CBAA,high,eager_b1,trace_0018,18,agx_host_proxy,True,True,True,,,98.85413862501878,95.2814420980768,3.572696526941982,32.21904369790351,28.89284620662717,3.3261974912763392,39.42563773078915,36.15103310595053,3.2746046248386165,55.0,53.0,2.0,338.0,328.0,10.0,92.0,94.0,-2.0,0.03614109208410801,0.159147
CBAA,high,eager_b1,trace_0019,19,agx_host_proxy,False,True,False,stagnation_horizon,,,129.78223142435294,,0.5001779576709723,28.241367595825967,,5.902944770841526,38.90334068189833,,11.0,73.0,,5476.0,526.0,,5378.0,241.0,,,0.430705
CBAA,high,eager_b1,trace_0020,20,agx_host_proxy,True,True,True,,,102.54134667090504,99.12065336482837,3.4206933060766715,28.7306608805566,30.584921641875216,-1.854260761318617,36.59805565331968,38.22274431428721,-1.6246886609675286,57.0,54.0,3.0,335.0,332.0,3.0,97.0,97.0,0.0,0.03335916112994891,0.134447
CBAA,high,eager_b1,trace_0021,21,agx_host_proxy,True,True,True,,,123.17468150797626,95.16183658733786,28.0128449206384,23.680569229190564,27.070971446637802,-3.390402217447239,34.21899328597544,36.47898329265797,-2.2599900066825285,69.0,53.0,16.0,412.0,319.0,93.0,97.0,95.0,2.0,0.22742372521437704,0.174445
CBAA,high,eager_b1,trace_0022,22,agx_host_proxy,True,True,True,,,87.31381637846091,87.39679137846092,-0.08297500000000468,22.904104550558433,22.911729788441978,-0.007625237883544855,30.746644841179055,30.75661137739212,-0.009966536213063648,49.0,49.0,0.0,364.0,365.0,-1.0,103.0,103.0,0.0,-0.0009503077913849319,0.158712
CBAA,high,eager_b1,trace_0023,23,agx_host_proxy,True,True,True,,,118.47341172700706,122.76508106186989,-4.291669334862831,26.571291766860735,27.465802519920086,-0.8945107530593503,37.09430436355714,37.11660159206078,-0.022297228503639133,65.0,69.0,-4.0,457.0,476.0,-19.0,101.0,96.0,5.0,-0.036224746736862205,0.188726
CBAA,high,eager_b1,trace_0024,24,agx_host_proxy,True,True,True,,,82.51105132963454,82.50073632963456,0.010314999999977204,19.42605657995925,19.418929039959252,0.007127539999999044,29.642647259731632,29.63437311973163,0.00827414000000104,45.0,45.0,0.0,329.0,329.0,0.0,92.0,92.0,0.0,0.00012501355677518175,0.13739400000000002
CBAA,high,eager_b1,trace_0025,25,agx_host_proxy,True,True,True,,,94.89521654376335,96.14613758046504,-1.2509210367016834,22.955961653448366,24.249462998603857,-1.2935013451554909,32.505592119348286,34.50096138368642,-1.9953692643381373,52.0,53.0,-1.0,358.0,342.0,16.0,100.0,100.0,0.0,-0.013182129534683017,0.15649800000000003
CBAA,high,eager_b1,trace_0026,26,agx_host_proxy,True,True,True,,,94.20480133143226,93.8313132064581,0.37348812497415906,26.140384939948724,25.888471527404903,0.2519134125438214,36.27568177773298,36.1203044643164,0.15537731341657945,52.0,52.0,0.0,320.0,321.0,-1.0,93.0,94.0,-1.0,0.003964640015110795,0.14790799999999998
CBAA,high,eager_b1,trace_0027,27,agx_host_proxy,True,True,True,,,86.8062522983935,92.45584719996042,-5.649594901566914,21.302532477551285,21.727956179423096,-0.4254237018718108,29.26796220589679,29.81166961582242,-0.5437074099256307,48.0,52.0,-4.0,354.0,391.0,-37.0,95.0,96.0,-1.0,-0.06508281088033413,0.14249
CBAA,high,eager_b1,trace_0028,28,agx_host_proxy,True,True,True,,,104.99223522134537,115.12518022111237,-10.132944999767005,23.187292163905088,24.220723842041547,-1.0334316781364592,35.15832302290095,36.550399361279354,-1.392076338378402,58.0,64.0,-6.0,326.0,333.0,-7.0,94.0,103.0,-9.0,-0.09651137513554844,0.13001000000000001
CBAA,high,eager_b1,trace_0029,29,agx_host_proxy,True,True,True,,,95.88540780282138,95.86500780282137,0.0204000000000093,29.716417328724155,29.706217041568284,0.010200287155871735,41.851853889864486,41.83549247571811,0.01636141414637393,53.0,53.0,0.0,317.0,316.0,1.0,94.0,94.0,0.0,0.00021275395774464278,0.14865
CBAA,high,eager_b1,trace_0030,30,agx_host_proxy,True,True,True,,,95.92919791923893,95.9117149192389,0.017483000000027005,26.96453866971793,26.937004202072977,0.027534467644951377,34.213313319247824,34.18612361161516,0.02718970763266526,53.0,53.0,0.0,368.0,365.0,3.0,98.0,98.0,0.0,0.00018224899591827743,0.14694300000000002
CBAA,high,eager_b1,trace_0031,31,agx_host_proxy,True,True,True,,,86.68322251140647,86.76905851140647,-0.08583600000000047,24.67188482583069,24.659703623607765,0.012181202222926402,32.59540344224542,32.48837821681301,0.10702522543240889,48.0,48.0,0.0,316.0,329.0,-13.0,95.0,95.0,0.0,-0.0009902262227123072,0.12504300000000002
CBAA,high,eager_b1,trace_0032,32,agx_host_proxy,True,True,True,,,97.58812881557188,97.37905681557186,0.20907200000002035,19.731144593590685,19.7095835433298,0.021561050260885395,29.72983328263636,29.684618193429504,0.04521508920685591,54.0,54.0,0.0,334.0,330.0,4.0,96.0,96.0,0.0,0.0021423917287638297,0.12458000000000001
CBAA,high,eager_b1,trace_0033,33,agx_host_proxy,False,True,False,stagnation_horizon,,,90.89797103957609,,1.5904159426290336,26.489951610838634,,4.255364007672785,35.170908449620384,,5.0,50.0,,5414.0,372.0,,5375.0,138.0,,,0.32431
CBAA,high,eager_b1,trace_0034,34,agx_host_proxy,True,True,True,,,102.6746460304568,102.8189352248912,-0.1442891944344069,24.91568280813676,24.890716099683917,0.02496670845284399,34.227683887399294,34.27088644269067,-0.043202555291372846,57.0,57.0,0.0,349.0,351.0,-2.0,98.0,98.0,0.0,-0.001405305009686674,0.133521
CBAA,high,eager_b1,trace_0035,35,agx_host_proxy,True,True,True,,,106.98587928536176,106.99858760971718,-0.012708324355415357,24.842110772715596,24.872053022784417,-0.029942250068820897,32.93488513461248,32.93302065585685,0.0018644787556283404,60.0,60.0,0.0,363.0,360.0,3.0,102.0,102.0,0.0,-0.0001187850624802423,0.15323
CBAA,high,eager_b1,trace_0036,36,agx_host_proxy,True,True,True,,,101.18865732554531,101.07684232554534,0.11181499999996447,24.955605502508487,24.646650262063464,0.3089552404450231,33.9652896813301,33.86124460976361,0.1040450715664889,56.0,56.0,0.0,2678.0,352.0,2326.0,2427.0,120.0,2307.0,0.0011050151563947723,0.260159
CBAA,high,eager_b1,trace_0037,37,agx_host_proxy,True,True,True,,,100.8932880342452,100.88240903424519,0.010879000000016958,15.866671484315296,15.86697461919149,-0.0003031348761943775,26.348673013085907,26.349865718897508,-0.0011927058116008027,57.0,57.0,0.0,343.0,339.0,4.0,94.0,94.0,0.0,0.00010782679613260703,0.123657
CBAA,high,eager_b1,trace_0038,38,agx_host_proxy,True,True,True,,,114.14404725970404,115.29789778121685,-1.1538505215128083,20.95914961084238,20.79532778899673,0.16382182184565153,28.193003217586323,28.060572171703857,0.13243104588246624,65.0,65.0,0.0,522.0,524.0,-2.0,98.0,98.0,0.0,-0.010108722699200705,0.203401
CBAA,high,eager_b1,trace_0039,39,agx_host_proxy,True,True,True,,,92.37216897294994,92.31675431019336,0.055414662756575694,25.06173231228269,25.065071682210814,-0.003339369928124114,33.13304551348545,33.129029841168744,0.004015672316704411,50.0,50.0,0.0,367.0,366.0,1.0,97.0,97.0,0.0,0.0005999064801953844,0.15632700000000002
CBAA,high,eager_b1,trace_0040,40,agx_host_proxy,True,True,True,,,97.78131422162596,97.77235922162598,0.008954999999986057,20.89728615383057,21.002861721661752,-0.10557556783118116,29.968949831161186,30.043295614381922,-0.07434578322073548,54.0,54.0,0.0,350.0,350.0,0.0,94.0,94.0,0.0,9.1581914921793e-05,0.127657
CBAA,high,eager_b1,trace_0041,41,agx_host_proxy,True,True,True,,,87.24645088980888,87.2373574033558,0.009093486453082278,19.63361116018755,19.62858203208412,0.00502912810343048,26.34768218228235,26.342881874720796,0.004800307561556139,48.0,48.0,0.0,344.0,345.0,-1.0,92.0,92.0,0.0,0.00010422758015185318,0.133155
CBAA,high,eager_b1,trace_0042,42,agx_host_proxy,True,True,True,,,90.97753882278485,91.10043797128098,-0.12289914849613126,20.84843201558358,20.45521114473528,0.3932208708482996,29.522705141427,29.546228078203654,-0.02352293677665429,50.0,50.0,0.0,321.0,322.0,-1.0,93.0,93.0,0.0,-0.0013508735242390598,0.11016200000000001
CBAA,high,eager_b1,trace_0043,43,agx_host_proxy,True,True,True,,,107.06201679462652,107.14711879462651,-0.08510199999999202,25.781845176053515,25.816519936053517,-0.03467476000000147,34.47835835390709,34.52466277390709,-0.04630441999999846,60.0,60.0,0.0,403.0,407.0,-4.0,92.0,92.0,0.0,-0.0007948850820103673,0.183678
CBAA,high,eager_b1,trace_0044,44,agx_host_proxy,True,True,True,,,118.23962778477109,114.07147202093523,4.1681557638358555,22.624740693036973,22.608547843535572,0.016192849501400985,31.494839808034325,31.41056486258093,0.08427494545339442,67.0,65.0,2.0,456.0,446.0,10.0,96.0,96.0,0.0,0.03525176661942014,0.173989
CBAA,high,eager_b1,trace_0045,45,agx_host_proxy,True,True,True,,,94.35689495791891,94.64329895791894,-0.28640400000003297,30.492171348568583,30.384616942385914,0.10755440618266832,39.63895150175548,39.60267745452844,0.036274047227038864,54.0,54.0,0.0,327.0,330.0,-3.0,96.0,96.0,0.0,-0.0030353266724997977,0.141294
CBAA,high,eager_b1,trace_0046,46,agx_host_proxy,True,True,True,,,102.80154910037272,105.01635288450564,-2.2148037841329113,23.533540511073262,23.5451761876601,-0.011635676586838173,33.680937581982484,33.78443289868737,-0.10349531670488687,57.0,57.0,0.0,331.0,346.0,-15.0,94.0,94.0,0.0,-0.021544459237384014,0.12571300000000002
CBAA,high,eager_b1,trace_0047,47,agx_host_proxy,True,True,True,,,111.75231040131045,111.73944040131045,0.012870000000006598,25.744431821058097,25.74500113550555,-0.0005693144474534506,37.67828490738894,37.66700734993781,0.011277557451130349,62.0,62.0,0.0,351.0,350.0,1.0,98.0,98.0,0.0,0.00011516540422108069,0.164337
CBAA,high,eager_b1,trace_0048,48,agx_host_proxy,True,True,True,,,86.08017556824967,86.06731656824964,0.01285900000003437,21.549721143076514,21.542469883076514,0.007251260000000315,30.34812390678811,30.340108366788108,0.008015540000002375,47.0,47.0,0.0,408.0,350.0,58.0,152.0,95.0,57.0,0.00014938398899801223,0.156091
CBAA,high,eager_b1,trace_0049,49,agx_host_proxy,False,True,False,stagnation_horizon,,,105.23235654285195,,1.644306721151119,29.968987957453002,,6.048965975475987,39.876290861632725,,9.0,58.0,,5065.0,384.0,,4997.0,140.0,,,0.363766
CBAA,low,bounded_b4_w5,trace_0000,0,rp2040_hardware,True,True,True,,,641.563501884809,653.4858546304177,-11.922352745608691,4.312085132837408,4.215808671368496,0.09627646146891244,18.573652796713937,18.914622880017692,-0.34097008330375544,140.0,144.0,-4.0,2107.0,2245.0,-138.0,75.0,83.0,-8.0,-0.018583277743485657,40.196014000000005
CBAA,low,bounded_b4_w5,trace_0001,1,agx_host_proxy,True,True,True,,,586.0914745735196,583.2315929831665,2.8598815903530976,4.9549145246548845,4.69241993017051,0.26249459448437484,20.975946537556958,20.048849431482882,0.9270971060740756,153.0,164.0,-11.0,2066.0,1995.0,71.0,84.0,79.0,5.0,0.004879582308263644,0.5806790000000001
CBAA,low,bounded_b4_w5,trace_0002,2,agx_host_proxy,True,True,True,,,523.2965906750087,526.2763151150235,-2.97972444001482,3.93376287612926,3.815880376233764,0.11788249989549593,16.446889506511067,16.944070255468965,-0.49718074895789854,121.0,136.0,-15.0,1589.0,1663.0,-74.0,77.0,77.0,0.0,-0.005694140747546674,0.45505
CBAA,low,bounded_b4_w5,trace_0003,3,agx_host_proxy,True,True,True,,,570.1812489523223,566.5662084281377,3.6150405241846784,3.48817394220235,3.4453343368130933,0.042839605389256796,16.745730293916488,16.102917754375984,0.642812539540504,132.0,142.0,-10.0,1983.0,1974.0,9.0,79.0,217.0,-138.0,0.006340160310124408,0.561932
CBAA,low,bounded_b4_w5,trace_0004,4,agx_host_proxy,True,True,True,,,664.9475657270111,669.9730160744064,-5.025450347395235,2.6211168168908583,2.614366613007237,0.006750203883621353,15.35502545524296,14.914530241069745,0.4404952141732146,121.0,123.0,-2.0,3872.0,2246.0,1626.0,1888.0,87.0,1801.0,-0.0075576641022826055,0.7405900000000001
CBAA,low,bounded_b4_w5,trace_0005,5,agx_host_proxy,True,True,True,,,578.2246018089771,579.3895105393404,-1.1649087303633223,2.812879555266128,2.653921627093312,0.15895792817281595,15.425364633714421,14.552493853662622,0.8728707800517999,119.0,119.0,0.0,2243.0,2174.0,69.0,78.0,78.0,0.0,-0.002014630174362873,0.655016
CBAA,low,bounded_b4_w5,trace_0006,6,agx_host_proxy,True,True,True,,,594.6347290681917,589.1320262413577,5.502702826834025,3.08478627299662,3.111221028005833,-0.026434755009212996,15.198011599803312,15.403052474366836,-0.20504087456352416,124.0,133.0,-9.0,2000.0,2017.0,-17.0,78.0,79.0,-1.0,0.009253921033937766,0.5739639999999999
CBAA,low,bounded_b4_w5,trace_0007,7,agx_host_proxy,True,True,True,,,643.1873990828233,642.0951437963737,1.0922552864495856,3.6560107474962336,3.5684297143932655,0.08758103310296805,18.260217618114524,18.502326991799947,-0.24210937368542318,150.0,141.0,9.0,2362.0,2337.0,25.0,85.0,84.0,1.0,0.0016981913638344395,0.6964049999999999
CBAA,low,bounded_b4_w5,trace_0008,8,agx_host_proxy,True,True,True,,,429.03390834723604,419.6096918614124,9.42421648582365,3.384136196828908,3.388863785321882,-0.004727588492973833,15.933072174585279,15.26144654797923,0.6716256266060494,142.0,150.0,-8.0,1640.0,1662.0,-22.0,74.0,74.0,0.0,0.021966134383476787,0.463351
CBAA,low,bounded_b4_w5,trace_0009,9,agx_host_proxy,True,True,True,,,549.5720185671603,549.6356451119331,-0.06362654477277374,2.8282938137514786,2.513271394615323,0.3150224191361555,14.869516702578379,13.734815034172508,1.1347016684058708,144.0,128.0,16.0,2101.0,2038.0,63.0,83.0,82.0,1.0,-0.00011577471673077599,0.626015
CBAA,low,bounded_b4_w5,trace_0010,10,agx_host_proxy,True,True,True,,,456.98273064103967,457.39545176077354,-0.4127211197338738,4.077289914272104,4.245469778992036,-0.1681798647199324,17.75562059051895,17.574889352853813,0.18073123766513888,153.0,141.0,12.0,1901.0,1816.0,85.0,80.0,79.0,1.0,-0.0009031437996681468,0.5735260000000001
CBAA,low,bounded_b4_w5,trace_0011,11,agx_host_proxy,True,True,True,,,585.4435021012623,585.4414891012624,0.0020129999999198844,2.7424069411860525,2.74166194118606,0.0007449999999926682,15.52397240516605,15.489350010749042,0.034622394417008096,122.0,122.0,0.0,2217.0,2195.0,22.0,76.0,76.0,0.0,3.43841889558064e-06,0.639938
CBAA,low,bounded_b4_w5,trace_0012,12,agx_host_proxy,True,True,True,,,546.7186486271592,544.8890648928925,1.8295837342666346,2.259827503891928,2.9357020832992817,-0.6758745794073535,14.491969118514787,15.261820115936427,-0.7698509974216403,108.0,118.0,-10.0,2656.0,2237.0,419.0,722.0,79.0,643.0,0.003346481300502225,0.6194000000000001
CBAA,low,bounded_b4_w5,trace_0013,13,agx_host_proxy,True,True,True,,,599.1287049297409,601.2567445206347,-2.1280395908937635,3.191293563766597,3.0971497237249395,0.09414384004165743,15.202696469564506,15.490981297463856,-0.28828482789934995,117.0,127.0,-10.0,1992.0,2023.0,-31.0,79.0,77.0,2.0,-0.003551890559380419,0.578152
CBAA,low,bounded_b4_w5,trace_0014,14,agx_host_proxy,True,True,True,,,564.2824724738548,561.4451881502931,2.8372843235616756,2.9570790183970774,3.4226396895153397,-0.46556067111826227,15.284291992238169,17.027910364713854,-1.7436183724756855,132.0,158.0,-26.0,1771.0,1651.0,120.0,74.0,78.0,-4.0,0.005028127687756839,0.525187
CBAA,low,bounded_b4_w5,trace_0015,15,agx_host_proxy,True,True,True,,,620.859113102763,630.1384495508124,-9.279336448049435,3.7217447136794486,3.7628975872396326,-0.041152873560184045,17.35238906301019,17.763257609169795,-0.41086854615960533,149.0,151.0,-2.0,2434.0,2492.0,-58.0,81.0,82.0,-1.0,-0.01494596157520449,0.7237910000000001
CBAA,low,bounded_b4_w5,trace_0016,16,agx_host_proxy,True,True,True,,,486.2524773171075,480.37345297255007,5.879024344557422,2.166280182466321,2.3955249814232937,-0.22924479895697258,13.220251018028105,13.72534287345168,-0.5050918554235757,125.0,120.0,5.0,1872.0,1791.0,81.0,80.0,80.0,0.0,0.012090476899973593,0.5205510000000001
CBAA,low,bounded_b4_w5,trace_0017,17,agx_host_proxy,True,True,True,,,657.1687642950503,658.618230578406,-1.4494662833557186,3.8256228532625616,3.5939295844131642,0.23169326884939734,19.68999698303316,19.214422342156524,0.47557464087663703,153.0,146.0,7.0,2522.0,2388.0,134.0,77.0,79.0,-2.0,-0.0022056226073230542,0.7582599999999999
CBAA,low,bounded_b4_w5,trace_0018,18,agx_host_proxy,True,True,True,,,623.0195886815634,623.0192616815634,0.00032699999997021223,2.6749548555272535,2.635872471189045,0.03908238433820843,13.532296608383726,13.53138158838373,0.0009150199999954367,127.0,127.0,0.0,2009.0,2006.0,3.0,79.0,79.0,0.0,5.248631117076286e-07,0.5921
CBAA,low,bounded_b4_w5,trace_0019,19,agx_host_proxy,True,True,True,,,529.9657291021517,529.9647481021517,0.0009810000000243235,3.5574472103670116,3.5563815303670157,0.001065679999995961,14.382864828133435,14.381556768133436,0.0013080599999995002,116.0,116.0,0.0,2341.0,1702.0,639.0,721.0,84.0,637.0,1.851063089846012e-06,0.50973
CBAA,low,bounded_b4_w5,trace_0020,20,agx_host_proxy,True,True,True,,,636.5720235130468,632.9632824081642,3.608741104882597,2.6489700106450838,2.8818406663568283,-0.2328706557117446,12.966838521518824,13.32792229707852,-0.3610837755596954,106.0,109.0,-3.0,2208.0,2108.0,100.0,78.0,95.0,-17.0,0.005669022469707443,0.643883
CBAA,low,bounded_b4_w5,trace_0021,21,agx_host_proxy,True,True,True,,,541.7706022887254,537.6096704536382,4.16093183508724,3.4696463207651393,3.4641920945366516,0.005454226228487791,16.22218422190308,16.130385202410046,0.0917990194930347,128.0,120.0,8.0,2021.0,2081.0,-60.0,74.0,71.0,3.0,0.007680246616389418,0.611752
CBAA,low,bounded_b4_w5,trace_0022,22,agx_host_proxy,True,True,True,,,531.1160793863677,532.6662929509184,-1.550213564550745,2.5580560009058826,3.0035347436940247,-0.44547874278814215,13.520885779537645,15.449993010634952,-1.9291072310973068,102.0,134.0,-32.0,4412.0,1882.0,2530.0,2646.0,84.0,2562.0,-0.0029187848470748727,0.6663669999999999
CBAA,low,bounded_b4_w5,trace_0023,23,agx_host_proxy,True,True,True,,,601.7266144608959,601.2154481860656,0.5111662748303161,3.071502518820567,3.40903161441764,-0.3375290955970729,15.510926426082767,16.470435932861953,-0.9595095067791863,117.0,136.0,-19.0,1945.0,1921.0,24.0,74.0,76.0,-2.0,0.0008494991953917221,0.560931
CBAA,low,bounded_b4_w5,trace_0024,24,agx_host_proxy,True,True,True,,,624.6439554824246,612.8845950814451,11.759360400979517,2.8860230864928056,2.9068546794378425,-0.020831592945036892,14.408084073114718,14.12604569722301,0.2820383758917089,132.0,116.0,16.0,4061.0,1986.0,2075.0,2092.0,105.0,1987.0,0.01882570110183414,0.7253660000000001
CBAA,low,bounded_b4_w5,trace_0025,25,agx_host_proxy,True,True,True,,,546.5916651598905,546.5908331598904,0.0008320000000594518,3.044917193393878,3.044183213393879,0.0007339799999992458,15.04944705233219,15.048333152332189,0.0011139000000017774,118.0,118.0,0.0,2074.0,2075.0,-1.0,76.0,76.0,0.0,1.5221600567510903e-06,0.610185
CBAA,low,bounded_b4_w5,trace_0026,26,agx_host_proxy,True,True,True,,,608.7585349562122,608.7581559562122,0.0003789999999526117,2.7953156917369295,2.794449571736928,0.0008661200000013025,14.888910969024298,14.887683549024299,0.001227419999999313,112.0,112.0,0.0,2906.0,2222.0,684.0,773.0,84.0,689.0,6.225785400772624e-07,0.7045560000000001
CBAA,low,bounded_b4_w5,trace_0027,27,agx_host_proxy,True,True,True,,,440.6846627096817,446.0502808688573,-5.3656181591756535,3.472945661834814,3.402123631676371,0.07082203015844257,17.589802108971504,16.452930692319942,1.1368714166515623,142.0,135.0,7.0,1688.0,1788.0,-100.0,79.0,79.0,0.0,-0.01217564079989429,0.494006
CBAA,low,bounded_b4_w5,trace_0028,28,agx_host_proxy,True,True,True,,,718.624300060095,725.4409579060842,-6.816657845989198,2.9243515394460298,2.9143828839884964,0.009968655457533337,14.750877047546606,14.532736344163746,0.2181407033828595,117.0,166.0,-49.0,2439.0,2541.0,-102.0,80.0,81.0,-1.0,-0.009485704623986629,0.7109599999999999
CBAA,low,bounded_b4_w5,trace_0029,29,agx_host_proxy,True,True,True,,,611.6640272830199,611.6637372830199,0.0002899999999499414,3.6093748471482563,3.6083566947520516,0.00101815239620473,16.333401136523513,16.331297556523513,0.002103579999999994,132.0,132.0,0.0,2137.0,2140.0,-3.0,77.0,77.0,0.0,4.74116487180236e-07,0.628284
CBAA,low,bounded_b4_w5,trace_0030,30,agx_host_proxy,True,True,True,,,384.5211771802543,384.5484774381111,-0.027300257856779808,3.967407003600138,3.9660988202201217,0.00130818338001637,16.449787109199995,16.44845171097712,0.0013353982228743178,131.0,131.0,0.0,3006.0,1333.0,1673.0,1757.0,84.0,1673.0,-7.099806064512827e-05,0.480236
CBAA,low,bounded_b4_w5,trace_0031,31,agx_host_proxy,True,True,True,,,490.04124648372346,490.34371036005257,-0.30246387632911365,3.1196020097748094,3.0944708487920343,0.025131160982775125,15.693649216993721,17.90825745886598,-2.2146082418722575,137.0,132.0,5.0,1602.0,1916.0,-314.0,78.0,75.0,3.0,-0.0006172212614742826,0.48368599999999995
CBAA,low,bounded_b4_w5,trace_0032,32,agx_host_proxy,True,True,True,,,631.751939919245,633.0971641516603,-1.3452242324152621,3.800571399304704,3.6110941341859037,0.18947726511880036,16.767272872921993,16.048997602020474,0.7182752709015183,130.0,119.0,11.0,1792.0,1932.0,-140.0,80.0,75.0,5.0,-0.0021293551272469667,0.532829
CBAA,low,bounded_b4_w5,trace_0033,33,agx_host_proxy,True,True,True,,,486.6097027004227,486.6086897004227,0.0010130000000003747,3.0205776677239338,3.016138640359937,0.004439027363996928,15.188710762054331,15.187988412131448,0.0007223499228832253,124.0,124.0,0.0,3180.0,2055.0,1125.0,1231.0,107.0,1124.0,2.0817505166435614e-06,0.675708
CBAA,low,bounded_b4_w5,trace_0034,34,agx_host_proxy,True,True,True,,,524.2613719722991,524.2604989722992,0.0008729999999559368,4.434141053713107,4.431427118117976,0.0027139355951311117,15.710415062729911,15.705766071539648,0.004648991190263629,105.0,105.0,0.0,1601.0,1602.0,-1.0,73.0,73.0,0.0,1.6651999300876668e-06,0.48236
CBAA,low,bounded_b4_w5,trace_0035,35,agx_host_proxy,True,True,True,,,636.324899141881,636.3246081418811,0.00029099999994741665,2.934735750046701,2.9338458900467046,0.0008898599999964674,16.020946529473736,16.01962972947374,0.0013167999999978974,128.0,128.0,0.0,2034.0,2033.0,1.0,78.0,78.0,0.0,4.5731355214898254e-07,0.5945429999999999
CBAA,low,bounded_b4_w5,trace_0036,36,agx_host_proxy,True,True,True,,,571.9672551130627,567.5844020376726,4.3828530753901305,3.379844275068999,3.4169821525759914,-0.03713787750699238,16.841644406734016,18.061426734788462,-1.2197823280544462,128.0,143.0,-15.0,1869.0,2018.0,-149.0,77.0,81.0,-4.0,0.0076627692166114595,0.559765
CBAA,low,bounded_b4_w5,trace_0037,37,agx_host_proxy,True,True,True,,,593.931952200687,597.8917894164427,-3.9598372157557833,3.530966474392379,3.60352946971789,-0.07256299532551092,16.429031762385886,16.275996920969728,0.15303484141615797,131.0,131.0,0.0,3415.0,1901.0,1514.0,1680.0,100.0,1580.0,-0.00666715639911855,0.655989
CBAA,low,bounded_b4_w5,trace_0038,38,agx_host_proxy,True,True,True,,,468.6417834615947,468.6413984615947,0.00038499999999430656,2.9277451966932477,2.9268893166932477,0.0008558800000000311,13.829985856105925,13.79714687214129,0.03283898396463414,120.0,120.0,0.0,1631.0,1636.0,-5.0,83.0,83.0,0.0,8.215229917198739e-07,0.48059
CBAA,low,bounded_b4_w5,trace_0039,39,agx_host_proxy,True,True,True,,,481.90267261760306,481.889071617603,0.013601000000051044,2.9846064261265095,3.0069558830579686,-0.022349456931459066,18.243733537873165,18.22262226008914,0.021111277784026328,148.0,148.0,0.0,1548.0,1552.0,-4.0,71.0,71.0,0.0,2.8223541334960887e-05,0.471349
CBAA,low,bounded_b4_w5,trace_0040,40,agx_host_proxy,True,True,True,,,590.7115361634651,590.6069521634653,0.10458399999981793,3.3960757750727573,3.3950326550727747,0.0010431199999825225,17.008128051591413,16.998698171591435,0.009429879999977686,131.0,131.0,0.0,2181.0,2178.0,3.0,69.0,69.0,0.0,0.00017704749881654054,0.628492
CBAA,low,bounded_b4_w5,trace_0041,41,agx_host_proxy,True,True,True,,,609.9075045235378,609.9062085235379,0.001295999999911146,3.3072390644072853,3.2783041636344588,0.028934900772826566,15.538887756652576,15.481565855106922,0.057321901545654086,118.0,118.0,0.0,2167.0,2166.0,1.0,78.0,78.0,0.0,2.124912368349339e-06,0.622032
CBAA,low,bounded_b4_w5,trace_0042,42,agx_host_proxy,True,True,True,,,620.1241264204775,624.3449931659318,-4.220866745454259,3.1949765839305373,3.1015782075192044,0.09339837641133286,16.420584595371327,16.789269870723647,-0.36868527535231976,141.0,137.0,4.0,1882.0,1909.0,-27.0,89.0,83.0,6.0,-0.006806486904191637,0.573939
CBAA,low,bounded_b4_w5,trace_0043,43,agx_host_proxy,True,True,True,,,531.1699662304101,531.1696912304101,0.00027499999998781277,3.9150021077011363,3.918331430735926,-0.0033293230347894998,15.780803998218005,15.78309184873911,-0.002287850521105028,125.0,125.0,0.0,1628.0,1629.0,-1.0,76.0,76.0,0.0,5.177250550128501e-07,0.484261
CBAA,low,bounded_b4_w5,trace_0044,44,agx_host_proxy,True,True,True,,,438.4311275088217,431.49655927290434,6.934568235917368,2.9281157783143046,3.241659740295982,-0.31354396198167755,15.092687467611572,15.318012852353222,-0.22532538474164987,149.0,120.0,29.0,1818.0,1760.0,58.0,77.0,80.0,-3.0,0.015816778966675528,0.551206
CBAA,low,bounded_b4_w5,trace_0045,45,agx_host_proxy,True,True,True,,,488.33469074914757,488.33439874914757,0.0002920000000017353,3.589972312330633,3.5892876068178587,0.0006847055127741086,15.783547537237906,15.781649277237912,0.0018982599999937122,124.0,124.0,0.0,1504.0,1504.0,0.0,75.0,75.0,0.0,5.979505563157557e-07,0.43754699999999996
CBAA,low,bounded_b4_w5,trace_0046,46,agx_host_proxy,True,True,True,,,475.28926892616875,475.28900292616873,0.0002660000000105356,3.076197473993317,3.0747824739933214,0.0014149999999957252,15.435212327066889,15.43335742706689,0.0018548999999996596,126.0,126.0,0.0,1832.0,1832.0,0.0,67.0,67.0,0.0,5.596591747411321e-07,0.522004
CBAA,low,bounded_b4_w5,trace_0047,47,agx_host_proxy,True,True,True,,,749.8234342928187,749.8230882928186,0.0003460000000359287,2.9109518892142985,3.003439961836024,-0.09248807262172543,13.899266600978308,14.318383406820145,-0.41911680584183664,115.0,121.0,-6.0,2328.0,2379.0,-51.0,88.0,112.0,-24.0,4.6144196648408544e-07,0.675796
CBAA,low,bounded_b4_w5,trace_0048,48,agx_host_proxy,True,True,True,,,569.6749316887325,569.6739896887325,0.0009420000000091022,3.1970839079535898,3.1962568479535904,0.0008270599999993244,16.461576296571938,16.46095158891232,0.0006247076596181955,130.0,130.0,0.0,1827.0,1832.0,-5.0,79.0,79.0,0.0,1.6535746047603973e-06,0.544994
CBAA,low,bounded_b4_w5,trace_0049,49,agx_host_proxy,True,True,True,,,494.2040148764899,494.2016538764899,0.002361000000007607,2.9245980531731104,2.923868673173109,0.000729380000001445,17.01969394517248,17.01852496517249,0.0011689799999921036,143.0,143.0,0.0,1782.0,1785.0,-3.0,81.0,81.0,0.0,4.777379238000852e-06,0.5272370000000001
CBAA,low,count_b2,trace_0000,0,agx_host_proxy,True,True,True,,,648.6273114625559,631.300549529657,17.326761932898876,4.021130379101661,4.044090838038213,-0.022960458936552186,17.90111043428498,17.991582651237973,-0.09047221695299257,148.0,138.0,10.0,2229.0,2143.0,86.0,76.0,71.0,5.0,0.026712970031788616,0.668202
CBAA,low,count_b2,trace_0001,1,agx_host_proxy,True,True,True,,,577.0585773270334,586.6330173034314,-9.574439976398025,5.677966900851645,5.496981114173561,0.18098578667808418,21.213106122463238,21.10878677011496,0.10431935234827705,148.0,153.0,-5.0,2104.0,2112.0,-8.0,73.0,81.0,-8.0,-0.01659179908692693,0.6272749999999999
CBAA,low,count_b2,trace_0002,2,agx_host_proxy,True,True,True,,,522.1753405094989,530.4823342161366,-8.306993706637627,3.9370410250537455,4.180774589565839,-0.24373356451209371,15.296871956875181,15.45012824433398,-0.15325628745879882,115.0,133.0,-18.0,5610.0,1610.0,4000.0,4219.0,126.0,4093.0,-0.015908437381459445,0.704252
CBAA,low,count_b2,trace_0003,3,agx_host_proxy,False,True,False,stagnation_horizon,,,567.2654208867258,,3.4965280511804617,3.603749553687215,,16.22354033808439,16.712075052929265,,97.0,141.0,,5973.0,1852.0,,4915.0,70.0,,,0.649478
CBAA,low,count_b2,trace_0004,4,agx_host_proxy,True,True,True,,,677.2376012475779,677.237272247578,0.0003289999999651627,2.8934356187032,2.8901822279940923,0.003253390709107684,16.210537685852294,16.207065355143186,0.003472330709108462,116.0,116.0,0.0,2212.0,2211.0,1.0,75.0,75.0,0.0,4.857970073709628e-07,0.627478
CBAA,low,count_b2,trace_0005,5,agx_host_proxy,True,True,True,,,577.4690698951409,577.4678738951409,0.001196000000049935,2.899233600272498,2.896336895158724,0.002896705113774267,14.662035452721838,14.578212840602971,0.08382261211886721,118.0,118.0,0.0,2177.0,2147.0,30.0,70.0,70.0,0.0,2.0711065966998184e-06,0.616913
CBAA,low,count_b2,trace_0006,6,agx_host_proxy,True,True,True,,,596.2243109960469,596.7410752978116,-0.5167643017646242,3.2940402147149825,3.2093087513905156,0.0847314633244669,18.07704709696751,17.802225082442376,0.2748220145251352,144.0,145.0,-1.0,2152.0,2147.0,5.0,76.0,73.0,3.0,-0.0008667279952092568,0.6452519999999999
CBAA,low,count_b2,trace_0007,7,agx_host_proxy,True,True,True,,,638.5275176858652,634.9905500746114,3.536967611253772,4.0002970067360195,4.309524793951828,-0.3092277872158089,17.701967554395523,17.169748682017623,0.5322188723779,131.0,117.0,14.0,2433.0,2407.0,26.0,75.0,73.0,2.0,0.0055392563566756805,0.713008
CBAA,low,count_b2,trace_0008,8,agx_host_proxy,True,True,True,,,448.8592918751174,447.7773285877118,1.0819632874055856,3.3568863653181857,3.117001933941824,0.23988443137636173,17.48729507206345,16.087356004683574,1.3999390673798757,161.0,135.0,26.0,1841.0,1907.0,-66.0,68.0,69.0,-1.0,0.002410473186119564,0.548094
CBAA,low,count_b2,trace_0009,9,agx_host_proxy,True,True,True,,,551.8578219092951,550.3983346485046,1.4594872607905245,3.0869934294938552,3.4450189358098937,-0.35802550631603847,14.04783305212866,13.89850336110727,0.14932969102138927,116.0,112.0,4.0,2178.0,2074.0,104.0,77.0,80.0,-3.0,0.0026446798484092335,0.645191
CBAA,low,count_b2,trace_0010,10,agx_host_proxy,True,True,True,,,455.2652674395177,457.9385950503663,-2.6733276108486166,4.743397537765899,4.142760294979569,0.6006372427863305,17.48121344032359,17.58850180386113,-0.1072883635375419,129.0,141.0,-12.0,1939.0,1764.0,175.0,68.0,73.0,-5.0,-0.005872021878330022,0.571983
CBAA,low,count_b2,trace_0011,11,agx_host_proxy,True,True,True,,,583.8207838829622,580.1558902504099,3.664893632552321,2.159342518821788,2.332759620232989,-0.17341710141120137,13.876147485586133,14.073503608706064,-0.19735612311993123,112.0,118.0,-6.0,2025.0,2098.0,-73.0,76.0,76.0,0.0,0.00627742919355714,0.597712
CBAA,low,count_b2,trace_0012,12,agx_host_proxy,True,True,True,,,540.1713914971657,532.9324525946779,7.238938902487803,2.083721281876429,2.2948877854029015,-0.21116650352647248,14.26917220842143,13.376281915149518,0.8928902932719129,121.0,112.0,9.0,2001.0,2175.0,-174.0,78.0,73.0,5.0,0.013401188986377087,0.587315
CBAA,low,count_b2,trace_0013,13,agx_host_proxy,True,True,True,,,597.897585400787,599.2567222649606,-1.3591368641735926,3.905644628980543,3.7397047867525224,0.1659398422280205,17.263104721221033,16.413746910411916,0.8493578108091171,149.0,127.0,22.0,2097.0,2130.0,-33.0,71.0,91.0,-20.0,-0.0022731934320532944,0.617261
CBAA,low,count_b2,trace_0014,14,agx_host_proxy,True,True,True,,,566.3797457191187,566.7196854434859,-0.33993972436724107,3.1206310023055246,2.927061619263871,0.1935693830416536,14.7030261258026,14.90869839382934,-0.2056722680267402,128.0,136.0,-8.0,3138.0,1747.0,1391.0,1467.0,73.0,1394.0,-0.0006001975299021822,0.605935
CBAA,low,count_b2,trace_0015,15,agx_host_proxy,True,True,True,,,612.989860362616,617.4175256927871,-4.427665330171067,4.279091339047116,4.5273928108874975,-0.24830147184038154,17.003758305818554,16.786748081927517,0.2170102238910374,129.0,115.0,14.0,2490.0,2559.0,-69.0,74.0,70.0,4.0,-0.007223064550450913,0.6913579999999999
CBAA,low,count_b2,trace_0016,16,agx_host_proxy,True,True,True,,,491.909720828461,486.5208851624369,5.388835666024079,2.869642100734963,2.2090110011391886,0.6606310995957743,15.560842148574423,13.47680160547825,2.0840405430961724,135.0,118.0,17.0,2123.0,1925.0,198.0,70.0,94.0,-24.0,0.010954928186717571,0.640821
CBAA,low,count_b2,trace_0017,17,agx_host_proxy,True,True,True,,,654.9962003755572,667.4829731556115,-12.486772780054253,3.9597844635120247,3.8757357295165282,0.0840487339954965,18.23302212774487,19.696860710275256,-1.4638385825303857,128.0,154.0,-26.0,2457.0,2680.0,-223.0,76.0,71.0,5.0,-0.01906388582543635,0.7303909999999999
CBAA,low,count_b2,trace_0018,18,agx_host_proxy,True,True,True,,,622.9037210227037,622.9725781852688,-0.06885716256510932,2.424264141389975,2.826279063341392,-0.4020149219514173,13.037080986193885,13.520169603143382,-0.48308861694949634,113.0,119.0,-6.0,2793.0,2031.0,762.0,797.0,88.0,709.0,-0.00011054222384810509,0.6616299999999999
CBAA,low,count_b2,trace_0019,19,agx_host_proxy,True,True,True,,,529.0199937430037,522.7125494720786,6.307444270925089,4.118294290571079,3.3853120620880346,0.7329822284830443,15.883539172985092,15.156419564047667,0.727119608937425,135.0,113.0,22.0,1933.0,1775.0,158.0,71.0,72.0,-1.0,0.011922884476062403,0.539397
CBAA,low,count_b2,trace_0020,20,agx_host_proxy,True,True,True,,,629.9175286977288,641.7244310295242,-11.806902331795413,2.8445098643482787,3.089800919034521,-0.24529105468624213,13.277301609127116,13.540824664417888,-0.26352305529077213,102.0,104.0,-2.0,2182.0,2278.0,-96.0,72.0,73.0,-1.0,-0.018743568473486717,0.642866
CBAA,low,count_b2,trace_0021,21,agx_host_proxy,True,True,True,,,539.8899055455622,542.4641308205112,-2.574225274948958,3.395848646767801,3.5917604679868593,-0.19591182121905826,15.677825613618879,16.011929595915994,-0.33410398229711546,134.0,126.0,8.0,2011.0,2136.0,-125.0,71.0,74.0,-3.0,-0.004768055947161462,0.5816439999999999
CBAA,low,count_b2,trace_0022,22,agx_host_proxy,True,True,True,,,532.7317089832919,535.5018214904128,-2.7701125071208708,2.906597670547681,2.9287888612311206,-0.022191190683439554,15.07805152402736,14.80329636471937,0.27475515930798977,132.0,120.0,12.0,4526.0,2188.0,2338.0,2541.0,74.0,2467.0,-0.005199826592653132,0.725106
CBAA,low,count_b2,trace_0023,23,agx_host_proxy,True,True,True,,,599.4737606967651,607.5557622238863,-8.082001527121179,2.5855436237433773,2.7774899036496348,-0.19194627990625746,15.014942906533456,15.860875804822298,-0.8459328982888419,124.0,131.0,-7.0,1929.0,1654.0,275.0,74.0,76.0,-2.0,-0.01348182699060508,0.562294
CBAA,low,count_b2,trace_0024,24,agx_host_proxy,True,True,True,,,623.4966484507429,608.6213594283232,14.875289022419679,2.948681543582033,2.714831714327311,0.23384982925472197,15.380224055799545,14.123436251362053,1.2567878044374918,115.0,113.0,2.0,6415.0,1973.0,4442.0,4410.0,106.0,4304.0,0.02385784921118922,0.843542
CBAA,low,count_b2,trace_0025,25,agx_host_proxy,True,True,True,,,547.0309976171521,547.0294306171522,0.0015669999999090578,2.251867905381507,2.251060560539585,0.0008073448419221307,14.399376487525103,14.398084267525107,0.0012922199999962913,126.0,126.0,0.0,4114.0,2165.0,1949.0,2049.0,106.0,1943.0,2.864554306309615e-06,0.727877
CBAA,low,count_b2,trace_0026,26,agx_host_proxy,True,True,True,,,612.6677613680159,612.6671003680159,0.000661000000036438,3.2817400775938452,3.28077291759384,0.000967160000005407,16.009820974390635,16.00846839439063,0.0013525800000060428,122.0,122.0,0.0,3306.0,2144.0,1162.0,1262.0,102.0,1160.0,1.0788881702547916e-06,0.716569
CBAA,low,count_b2,trace_0027,27,agx_host_proxy,True,True,True,,,440.7492451048549,442.04755852166943,-1.2983134168145511,2.6108188595350215,3.0334390418418193,-0.4226201823067979,15.015191614632556,15.587248794169158,-0.5720571795366016,122.0,121.0,1.0,2488.0,1741.0,747.0,848.0,68.0,780.0,-0.0029456962915629737,0.5541200000000001
CBAA,low,count_b2,trace_0028,28,agx_host_proxy,True,True,True,,,716.394662363724,716.4159835833022,-0.02132121957822619,4.232646118904111,4.233010641920099,-0.00036452301598721704,17.337572844253938,17.33754453015349,2.831410044734639e-05,150.0,150.0,0.0,2595.0,2601.0,-6.0,77.0,77.0,0.0,-2.976183477955772e-05,0.754262
CBAA,low,count_b2,trace_0029,29,agx_host_proxy,True,True,True,,,606.6298281808386,613.5081502764583,-6.878322095619751,3.543737831429497,3.9836117558855255,-0.4398739244560286,16.026900542923098,17.392187877759238,-1.3652873348361396,111.0,151.0,-40.0,3180.0,2260.0,920.0,1025.0,70.0,955.0,-0.011338582074420017,0.710136
CBAA,low,count_b2,trace_0030,30,agx_host_proxy,True,True,True,,,364.29374229364544,385.3769838083314,-21.083241514685938,3.4565523822808784,3.4760794275599816,-0.019527045279103206,15.6683265383406,15.996344116220195,-0.32801757787959573,118.0,131.0,-13.0,1359.0,1483.0,-124.0,72.0,72.0,0.0,-0.0578742895278487,0.388937
CBAA,low,count_b2,trace_0031,31,agx_host_proxy,True,True,True,,,499.2551511841844,489.0581851601219,10.196966024062476,3.0170513435981876,2.5877233834155575,0.4293279601826301,16.066158680944515,16.086121756708973,-0.019963075764458438,118.0,138.0,-20.0,1753.0,1640.0,113.0,69.0,85.0,-16.0,0.0204243581661126,0.493861
CBAA,low,count_b2,trace_0032,32,agx_host_proxy,True,True,True,,,623.5107242922272,621.1234537719673,2.3872705202599036,4.242849089143662,3.957707695655398,0.28514139348826406,17.637009720480364,17.482985347856406,0.15402437262395807,120.0,120.0,0.0,1959.0,1947.0,12.0,80.0,74.0,6.0,0.0038287561500562686,0.5731919999999999
CBAA,low,count_b2,trace_0033,33,agx_host_proxy,True,True,True,,,475.060683429364,475.059338429364,0.0013450000000148066,2.8569317874658857,2.854323063631972,0.00260872383391364,14.596184753896933,14.584137062668301,0.012047691228632473,118.0,118.0,0.0,1981.0,1983.0,-2.0,77.0,77.0,0.0,2.831217246406358e-06,0.580357
CBAA,low,count_b2,trace_0034,34,agx_host_proxy,True,True,True,,,524.1332049856715,522.8192476191132,1.3139573665582702,4.782429490068705,4.679867521013101,0.10256196905560433,17.168529382691624,16.255667279528833,0.9128621031627908,110.0,101.0,9.0,1644.0,1579.0,65.0,69.0,72.0,-3.0,0.0025069149484513017,0.483518
CBAA,low,count_b2,trace_0035,35,agx_host_proxy,True,True,True,,,641.143256877339,641.1428558773391,0.00040099999989706703,2.828850717713076,2.8298997377130775,-0.0010490200000012884,15.572517382546277,15.575705977775778,-0.00318859522950099,124.0,124.0,0.0,2087.0,2089.0,-2.0,72.0,72.0,0.0,6.254452426905657e-07,0.643165
CBAA,low,count_b2,trace_0036,36,agx_host_proxy,True,True,True,,,577.4522167120758,570.6714105354716,6.780806176604187,3.8196476710373584,3.633257673092726,0.1863899979446324,16.39832284867079,15.566760912916848,0.8315619357539425,123.0,120.0,3.0,2255.0,2110.0,145.0,71.0,71.0,0.0,0.011742627321119409,0.661843
CBAA,low,count_b2,trace_0037,37,agx_host_proxy,True,True,True,,,596.9483501717207,589.2639102776127,7.684439894107982,3.2919593252655184,3.403334712579463,-0.1113753873139447,17.08834715671369,16.84415604041256,0.24419111630113122,151.0,155.0,-4.0,4036.0,2030.0,2006.0,2086.0,97.0,1989.0,0.012872872321194025,0.7201470000000001
CBAA,low,count_b2,trace_0038,38,agx_host_proxy,True,True,True,,,473.41753180188215,473.31714280188214,0.10038900000000694,2.6917976208008705,2.6914463351480102,0.0003512856528602448,14.713009010295677,14.675934310085783,0.03707470020989412,121.0,121.0,0.0,1714.0,1717.0,-3.0,74.0,74.0,0.0,0.00021205171599352214,0.514405
CBAA,low,count_b2,trace_0039,39,agx_host_proxy,True,True,True,,,458.47745795051185,456.22075468553385,2.2567032649780003,2.7658672401376605,3.026358820387286,-0.2604915802496257,15.125393341100215,17.038573398143498,-1.9131800570432826,114.0,136.0,-22.0,1561.0,1645.0,-84.0,71.0,69.0,2.0,0.004922168420375401,0.449492
CBAA,low,count_b2,trace_0040,40,agx_host_proxy,True,True,True,,,604.8667976214664,600.5297081763727,4.3370894450937385,3.2947737208358925,3.400959900300607,-0.10618617946471431,17.677652977317816,17.386509115551956,0.2911438617658604,129.0,129.0,0.0,1997.0,1985.0,12.0,76.0,72.0,4.0,0.0071703215685645,0.6020030000000001
CBAA,low,count_b2,trace_0041,41,agx_host_proxy,True,True,True,,,605.9541880132324,609.970812256975,-4.016624243742626,3.2387970041271257,3.442517859976772,-0.2037208558496464,15.434826425187415,15.870830847883227,-0.4360044226958113,124.0,130.0,-6.0,3965.0,2188.0,1777.0,1821.0,93.0,1728.0,-0.006628593915510514,0.7725339999999999
CBAA,low,count_b2,trace_0042,42,agx_host_proxy,True,True,True,,,624.8582716814826,626.2051093402462,-1.3468376587635476,2.8452509729305837,3.33408564742955,-0.4888346744989662,16.171598406568968,17.209383057727244,-1.037784651158276,134.0,153.0,-19.0,1791.0,2126.0,-335.0,87.0,81.0,6.0,-0.00215542903055317,0.5145460000000001
CBAA,low,count_b2,trace_0043,43,agx_host_proxy,True,True,True,,,531.1373432393798,525.422474701,5.714868538379733,3.4441344032112635,3.228389184795934,0.21574521841532945,15.804022111488143,15.91113290461218,-0.10711079312403626,129.0,125.0,4.0,1727.0,1726.0,1.0,79.0,82.0,-3.0,0.010759681297355292,0.512483
CBAA,low,count_b2,trace_0044,44,agx_host_proxy,True,True,True,,,423.4776214635403,423.4771524635403,0.0004690000000096006,3.3472311576678124,3.3472328644717018,-1.7068038893341964e-06,15.482843600445369,15.48191316196887,0.0009304384764980966,129.0,129.0,0.0,1819.0,1819.0,0.0,73.0,73.0,0.0,1.107496538751528e-06,0.519018
CBAA,low,count_b2,trace_0045,45,agx_host_proxy,True,True,True,,,499.10230850720836,499.10200150720834,0.0003070000000207074,3.7277863366984434,3.711904880891829,0.015881455806614486,17.1516953293987,17.014758945210463,0.1369363841882354,148.0,148.0,0.0,1726.0,1711.0,15.0,74.0,74.0,0.0,6.151043479220323e-07,0.519464
CBAA,low,count_b2,trace_0046,46,agx_host_proxy,True,True,True,,,468.0562583724947,474.87110811574763,-6.814849743252921,4.2741646354329195,3.9213718157149526,0.35279281971796683,18.372095503189367,18.124606626970547,0.24748887621882076,151.0,139.0,12.0,1942.0,1965.0,-23.0,70.0,68.0,2.0,-0.014559894502744662,0.554196
CBAA,low,count_b2,trace_0047,47,agx_host_proxy,True,True,True,,,758.5036025585041,758.503187558504,0.0004150000000890941,4.081431576483534,4.082324563536152,-0.0008929870526177552,17.221709897643255,17.22049275764326,0.0012171399999942878,138.0,138.0,0.0,2816.0,2813.0,3.0,74.0,74.0,0.0,5.471298998307457e-07,0.827408
CBAA,low,count_b2,trace_0048,48,agx_host_proxy,True,True,True,,,566.7827064509717,568.1736040358768,-1.390897584905133,3.4352200839697735,3.499931080721594,-0.06471099675182046,17.39134450885923,17.650250991438305,-0.258906482579075,159.0,134.0,25.0,1977.0,1989.0,-12.0,76.0,78.0,-2.0,-0.002454022624674858,0.611757
CBAA,low,count_b2,trace_0049,49,agx_host_proxy,True,True,True,,,495.0444805322981,493.31499349491435,1.7294870373837625,2.5877800297193985,2.586868149719405,0.0009118799999936478,16.837052652681372,16.80113605193371,0.035916600747661676,127.0,127.0,0.0,1829.0,1819.0,10.0,76.0,76.0,0.0,0.0034935992731887975,0.525841
CBAA,low,count_b4,trace_0000,0,rp2040_hardware,True,True,True,,,635.7385058342882,641.3945588035261,-5.656052969237976,5.462323122515467,5.2211313369220305,0.24119178559343624,18.313847719012315,18.702902767464998,-0.3890550484526827,121.0,128.0,-7.0,2161.0,2258.0,-97.0,69.0,66.0,3.0,-0.008896823013442393,39.872509
CBAA,low,count_b4,trace_0001,1,rp2040_hardware,True,True,True,,,584.5113475988315,581.6447698407957,2.8665777580358736,5.4273857748113,6.403818534154875,-0.9764327593435755,19.39967903272473,21.672851674946262,-2.2731726422215317,124.0,143.0,-19.0,1917.0,2185.0,-268.0,71.0,69.0,2.0,0.004904229438507489,35.177321
CBAA,low,count_b4,trace_0002,2,rp2040_hardware,True,True,True,,,524.1526342764138,520.6257501199667,3.5268841564470677,4.593970960874412,4.51727055214722,0.07670040872719142,15.92479080643601,15.212448412262013,0.7123423941739961,112.0,107.0,5.0,1525.0,1502.0,23.0,62.0,65.0,-3.0,0.006728734963463243,28.2378
CBAA,low,count_b4,trace_0003,3,rp2040_hardware,True,True,True,,,551.6302974282344,564.230712541441,-12.600415113206623,4.166369877877745,5.154619589629232,-0.9882497117514868,15.69611694443958,17.724469369222998,-2.0283524247834173,110.0,122.0,-12.0,1704.0,2137.0,-433.0,72.0,63.0,9.0,-0.022842137518463448,31.322516
CBAA,low,count_b4,trace_0004,4,agx_host_proxy,True,True,True,,,661.8089995224382,661.8086125224381,0.00038700000004610047,5.529948805389285,5.525677954680178,0.0042708507091067105,18.538067999277335,18.51442391436094,0.023644084916394803,131.0,130.0,1.0,2127.0,2118.0,9.0,62.0,64.0,-2.0,5.84760860498059e-07,0.635644
CBAA,low,count_b4,trace_0005,5,agx_host_proxy,True,True,True,,,583.8052871620358,583.8041141620357,0.0011730000001080043,5.1352019243887455,5.132101979274972,0.00309994511377365,17.035912277828974,17.072852125720576,-0.03693984789160254,114.0,114.0,0.0,2236.0,2253.0,-17.0,65.0,65.0,0.0,2.009231546720194e-06,0.632278
CBAA,low,count_b4,trace_0006,6,agx_host_proxy,True,True,True,,,605.1715283837004,605.1712493837005,0.00027899999997771374,5.092127903707869,5.017973997192423,0.07415390651544573,17.986014316280528,17.982184696260816,0.0038296200197116548,134.0,134.0,0.0,2319.0,2315.0,4.0,63.0,63.0,0.0,4.6102631550243344e-07,0.694856
CBAA,low,count_b4,trace_0007,7,agx_host_proxy,True,True,True,,,637.5266633380487,646.0899224337761,-8.563259095727403,4.84103230298019,5.215100047715263,-0.37406774473507376,17.712552752807753,18.48366964361278,-0.771116890805029,119.0,133.0,-14.0,2419.0,2468.0,-49.0,69.0,69.0,0.0,-0.013432001496048382,0.686766
CBAA,low,count_b4,trace_0008,8,agx_host_proxy,True,True,True,,,428.04545919294736,428.04463119294735,0.0008280000000127075,5.663714550804234,5.695085719684048,-0.03137116887981417,18.47263263423981,18.469478491482565,0.0031541427572463476,168.0,168.0,0.0,1924.0,1925.0,-1.0,62.0,62.0,0.0,1.934373983487289e-06,0.533172
CBAA,low,count_b4,trace_0009,9,agx_host_proxy,True,True,True,,,549.3572756993666,552.7859426629321,-3.428666963565547,4.144373709260098,3.6425774591012265,0.5017962501588711,15.354927645311244,14.300616923451742,1.054310721859503,114.0,116.0,-2.0,2315.0,2093.0,222.0,74.0,74.0,0.0,-0.006241233374402181,0.68717
CBAA,low,count_b4,trace_0010,10,agx_host_proxy,True,True,True,,,453.6114640789946,453.61115807899455,0.00030600000002323213,5.79172052578293,5.789032685782905,0.002687840000024977,18.159495728509253,18.156366568509217,0.0031291600000358244,117.0,117.0,0.0,1959.0,1962.0,-3.0,60.0,60.0,0.0,6.745861254731064e-07,0.565063
CBAA,low,count_b4,trace_0011,11,agx_host_proxy,True,True,True,,,589.9174279620136,587.7899156643185,2.1275122976950342,4.430591490850255,4.280934425866132,0.14965706498412334,16.791460302690034,16.48818649378377,0.30327380890626543,122.0,124.0,-2.0,2318.0,2336.0,-18.0,70.0,68.0,2.0,0.00360645778010822,0.6720999999999999
CBAA,low,count_b4,trace_0012,12,agx_host_proxy,True,True,True,,,541.0462087646861,539.5964768287988,1.4497319358872574,4.289151361022918,3.064099393945684,1.2250519670772335,15.759481548892621,14.791857434807449,0.9676241140851722,112.0,117.0,-5.0,3249.0,2214.0,1035.0,1227.0,72.0,1155.0,0.0026794974484661447,0.659093
CBAA,low,count_b4,trace_0013,13,agx_host_proxy,True,True,True,,,599.4163969025029,599.416109902503,0.0002869999999575157,4.397302638569145,4.4307068579238695,-0.033404219354724596,16.140120523809138,16.13842793774163,0.0016925860675094384,117.0,117.0,0.0,2197.0,2204.0,-7.0,69.0,69.0,0.0,4.787990476079639e-07,0.634128
CBAA,low,count_b4,trace_0014,14,agx_host_proxy,True,True,True,,,558.6178920936707,565.4499403239186,-6.832048230247892,4.026002159509191,4.292609081708591,-0.26660692219939985,15.204428699908242,15.26197193349473,-0.05754323358648783,102.0,126.0,-24.0,1997.0,2030.0,-33.0,60.0,93.0,-33.0,-0.012230271043846684,0.575358
CBAA,low,count_b4,trace_0015,15,agx_host_proxy,True,True,True,,,619.8622770765859,616.0064140461632,3.855863030422711,5.107550632680605,4.646001479290001,0.461549153390604,18.24608838932963,16.838845109398306,1.407243279931322,131.0,115.0,16.0,2719.0,2552.0,167.0,67.0,68.0,-1.0,0.006220515706501538,0.749331
CBAA,low,count_b4,trace_0016,16,agx_host_proxy,True,True,True,,,497.46284854252,497.46213754252005,0.0007109999999670435,3.6335974312680106,3.6285141912680037,0.005083240000006928,15.072711789907977,15.059294969907974,0.013416820000003327,111.0,110.0,1.0,2003.0,2007.0,-4.0,70.0,70.0,0.0,1.429252459857355e-06,0.5563720000000001
CBAA,low,count_b4,trace_0017,17,agx_host_proxy,True,True,True,,,662.2892404357225,654.7609520886947,7.528288347027797,5.14566222179493,5.45829302828972,-0.31263080649479047,19.76871489487426,19.98181724339705,-0.21310234852278853,141.0,152.0,-11.0,2563.0,2453.0,110.0,65.0,65.0,0.0,0.011367070288013299,0.7355269999999999
CBAA,low,count_b4,trace_0018,18,agx_host_proxy,True,True,True,,,622.9262233757945,622.9258973757945,0.000325999999972737,3.798042112302062,4.133342010561333,-0.335299898259271,14.378643619917483,15.36613686723861,-0.9874932473211278,133.0,109.0,24.0,4975.0,2451.0,2524.0,2817.0,120.0,2697.0,5.233364525995722e-07,0.796172
CBAA,low,count_b4,trace_0019,19,agx_host_proxy,True,True,True,,,540.4537130236665,540.4518110236666,0.0019019999999727588,4.559687650936296,4.560526190936297,-0.0008385400000010534,15.696440240316957,15.655416553060144,0.04102368725681238,110.0,110.0,0.0,4218.0,1938.0,2280.0,2365.0,88.0,2277.0,3.5192653027243983e-06,0.707128
CBAA,low,count_b4,trace_0020,20,agx_host_proxy,True,True,True,,,625.817076231,640.1401367148271,-14.323060483827135,4.141994601571257,3.7570142951916585,0.3849803063795987,14.503675942294658,14.312619293532698,0.19105664876195938,109.0,99.0,10.0,2214.0,2279.0,-65.0,67.0,70.0,-3.0,-0.022886976127414336,0.6215360000000001
CBAA,low,count_b4,trace_0021,21,agx_host_proxy,True,True,True,,,541.5797449881178,541.5793719881178,0.00037299999996776023,5.052745273909431,5.106314249693945,-0.05356897578451392,17.283770645349463,17.010693678637992,0.2730769667114714,128.0,128.0,0.0,2132.0,2048.0,84.0,68.0,68.0,0.0,6.887259049467292e-07,0.6074569999999999
CBAA,low,count_b4,trace_0022,22,agx_host_proxy,True,True,True,,,531.2768177046433,537.9325130707668,-6.655695366123496,3.535168520932634,6.477559464589316,-2.9423909436566817,13.639608201817978,19.15587605561085,-5.516267853792872,105.0,132.0,-27.0,3885.0,2314.0,1571.0,2073.0,65.0,2008.0,-0.012527735343091227,0.650991
CBAA,low,count_b4,trace_0023,23,agx_host_proxy,True,True,True,,,601.4149256493071,604.9264349408327,-3.5115092915256128,4.969029274985192,4.33613564811818,0.6328936268670118,18.27705201554121,17.841667083664092,0.4353849318771168,132.0,134.0,-2.0,3892.0,2028.0,1864.0,1979.0,66.0,1913.0,-0.005838746498907511,0.694531
CBAA,low,count_b4,trace_0024,24,agx_host_proxy,True,True,True,,,613.9663016191517,613.9655476191517,0.0007540000000290092,3.25019730519708,3.2472578648430663,0.0029394403540137226,14.473547461344234,14.47069440099023,0.0028530603540044552,132.0,132.0,0.0,5758.0,2118.0,3640.0,3747.0,109.0,3638.0,1.2280804305392018e-06,0.8357669999999999
CBAA,low,count_b4,trace_0025,25,agx_host_proxy,True,True,True,,,560.0258057000686,560.0239047000686,0.0019010000000889704,4.15854968789893,4.157729784654614,0.0008199032443156895,16.600489214225405,16.598829074225407,0.0016601399999984778,128.0,128.0,0.0,4129.0,2331.0,1798.0,1877.0,78.0,1799.0,3.3944864339110175e-06,0.8089390000000001
CBAA,low,count_b4,trace_0026,26,agx_host_proxy,True,True,True,,,611.8249228221576,607.0101465325772,4.814776289580436,3.936888254578367,4.029558363524902,-0.09267010894653538,16.42749774261811,16.32434804724493,0.10314969537318319,110.0,115.0,-5.0,3044.0,2215.0,829.0,771.0,74.0,697.0,0.007869532786228083,0.7683500000000001
CBAA,low,count_b4,trace_0027,27,agx_host_proxy,True,True,True,,,453.825762968077,451.01262812457,2.8131348435069867,5.132156300587547,4.8292647211885535,0.30289157939899347,19.472613873589083,19.460537470817734,0.012076402771349137,153.0,162.0,-9.0,4045.0,1769.0,2276.0,2310.0,85.0,2225.0,0.006198711208259166,0.6657029999999999
CBAA,low,count_b4,trace_0028,28,agx_host_proxy,True,True,True,,,724.2230110017124,724.2227010017124,0.0003100000000131331,4.6844505744244955,4.683626274424496,0.000824299999999667,16.16596109132789,16.164979711327888,0.0009813800000024742,110.0,110.0,0.0,2580.0,2583.0,-3.0,68.0,68.0,0.0,4.280449465204857e-07,0.750702
CBAA,low,count_b4,trace_0029,29,agx_host_proxy,True,True,True,,,608.2536495066353,617.2767166176812,-9.023067111045975,4.241328211548909,4.359588212326409,-0.1182600007775001,16.353595926357766,17.1127501471821,-0.7591542208243354,135.0,131.0,4.0,2867.0,2349.0,518.0,640.0,64.0,576.0,-0.014834382199539182,0.723282
CBAA,low,count_b4,trace_0030,30,agx_host_proxy,True,True,True,,,378.77282563099305,381.7041829193564,-2.9313572883633583,5.120696891993016,5.091570717076977,0.02912617491603875,18.02812798582225,18.087597441344396,-0.059469455522147996,129.0,105.0,24.0,1400.0,1312.0,88.0,61.0,62.0,-1.0,-0.007739090795333709,0.418938
CBAA,low,count_b4,trace_0031,31,agx_host_proxy,True,True,True,,,499.24881689422824,492.73403306721417,6.514783827014071,5.391030245303821,5.3876682197217205,0.003362025582100081,18.12550262142345,18.160114422017354,-0.03461180059390401,124.0,128.0,-4.0,1804.0,1751.0,53.0,68.0,66.0,2.0,0.013049172289564594,0.524998
CBAA,low,count_b4,trace_0032,32,agx_host_proxy,True,True,True,,,615.8946660485057,632.9960157367443,-17.101349688238656,5.59538578833664,6.3596658564560755,-0.7642800681194357,19.67983347830655,22.05875764638531,-2.378924168078761,148.0,168.0,-20.0,2061.0,2019.0,42.0,62.0,66.0,-4.0,-0.0277666793219018,0.5892379999999999
CBAA,low,count_b4,trace_0033,33,agx_host_proxy,True,True,True,,,475.29283654760064,475.29150854760064,0.001328000000000884,4.9765367433842105,4.974235983384215,0.00230075999999535,16.70903071441537,16.706480274415377,0.0025504399999931593,118.0,118.0,0.0,2120.0,2121.0,-1.0,63.0,63.0,0.0,2.7940669370216454e-06,0.622341
CBAA,low,count_b4,trace_0034,34,agx_host_proxy,True,True,True,,,529.7168295974668,529.7137765974668,0.003053000000022621,6.550626334704471,6.632266184195689,-0.08163984949121872,18.217755008351904,18.323956335567182,-0.10620132721527753,115.0,115.0,0.0,1864.0,1876.0,-12.0,61.0,61.0,0.0,5.7634566799446485e-06,0.513382
CBAA,low,count_b4,trace_0035,35,agx_host_proxy,True,True,True,,,637.7883198799252,637.7880128799252,0.0003070000000207074,4.771031126515466,4.769712466515465,0.0013186600000016924,18.258511462322392,18.25688232232238,0.0016291400000127965,147.0,147.0,0.0,2284.0,2287.0,-3.0,65.0,65.0,0.0,4.81350928594154e-07,0.6580750000000001
CBAA,low,count_b4,trace_0036,36,agx_host_proxy,True,True,True,,,572.3998364661742,580.6532687719747,-8.253432305800516,4.282070158382018,4.402895887971905,-0.12082572958988713,16.051097200095352,16.31417103517627,-0.26307383508091675,101.0,119.0,-18.0,2901.0,2307.0,594.0,739.0,86.0,653.0,-0.01441899836442083,0.668289
CBAA,low,count_b4,trace_0037,37,agx_host_proxy,True,True,True,,,594.9515010242592,594.9508580242592,0.0006429999999681968,4.468479217978507,4.4671741579785165,0.001305059999990199,16.903429697515357,16.901971297515363,0.0014583999999935315,118.0,118.0,0.0,1951.0,1952.0,-1.0,69.0,69.0,0.0,1.0807603625862244e-06,0.571138
CBAA,low,count_b4,trace_0038,38,agx_host_proxy,True,True,True,,,472.46489945679116,472.46194745679117,0.0029519999999934043,3.482309969905822,3.4880561268483112,-0.0057461569424890335,13.778392362663434,13.787604178077167,-0.009211815413733504,108.0,108.0,0.0,1781.0,1781.0,0.0,67.0,67.0,0.0,6.248083198111475e-06,0.51043
CBAA,low,count_b4,trace_0039,39,agx_host_proxy,True,True,True,,,458.55250044445114,454.50965394701194,4.0428464974392,5.5827661637341235,5.558115117676323,0.024651046057800663,18.03477817950519,18.770021008275705,-0.7352428287705166,127.0,120.0,7.0,1856.0,1785.0,71.0,66.0,62.0,4.0,0.00881654007669935,0.5339649999999999
CBAA,low,count_b4,trace_0040,40,agx_host_proxy,True,True,True,,,591.8984122271681,593.4261370086316,-1.527724781463462,4.565221921809125,4.441830957334918,0.12339096447420683,16.955807580052277,17.164776535310263,-0.20896895525798698,120.0,124.0,-4.0,2149.0,2172.0,-23.0,68.0,70.0,-2.0,-0.0025810590971430546,0.6364890000000001
CBAA,low,count_b4,trace_0041,41,agx_host_proxy,True,True,True,,,609.5429885269633,609.5417335269633,0.001255000000014661,3.921635339689859,3.920734259689857,0.000901080000001997,15.565860527511964,15.564841927511956,0.001018600000007197,112.0,112.0,0.0,2294.0,2295.0,-1.0,69.0,69.0,0.0,2.0589195899825295e-06,0.64082
CBAA,low,count_b4,trace_0042,42,agx_host_proxy,True,True,True,,,635.8806914763519,625.1443428411374,10.73634863521454,4.75598378927177,4.234731417381376,0.5212523718903945,18.785902947824606,17.874648334598394,0.9112546132262125,176.0,155.0,21.0,2244.0,2183.0,61.0,74.0,72.0,2.0,0.016884218657886106,0.668881
CBAA,low,count_b4,trace_0043,43,agx_host_proxy,True,True,True,,,531.1134569167563,531.1131519167562,0.0003050000000257569,6.0492685232764565,6.047725223276456,0.0015433000000006913,18.06258063963451,18.060747679634506,0.0018329600000051016,122.0,122.0,0.0,1856.0,1857.0,-1.0,67.0,67.0,0.0,5.742652460669263e-07,0.537559
CBAA,low,count_b4,trace_0044,44,agx_host_proxy,True,True,True,,,432.7147172354403,430.3201863603925,2.394530875047792,4.57527977297082,5.267809562287538,-0.6925297893167182,16.94555214484077,17.58967716938267,-0.6441250245418999,107.0,119.0,-12.0,1919.0,1921.0,-2.0,65.0,64.0,1.0,0.00553374031358616,0.544549
CBAA,low,count_b4,trace_0045,45,agx_host_proxy,True,True,True,,,491.6404725331589,491.6401225331589,0.00035000000002582965,5.446343909871059,5.425116865120831,0.021227044750228075,17.59569167604772,17.600272254801542,-0.004580578753820674,128.0,128.0,0.0,2469.0,1866.0,603.0,693.0,85.0,608.0,7.119023342860035e-07,0.57133
CBAA,low,count_b4,trace_0046,46,agx_host_proxy,True,True,True,,,469.0652743067625,474.600933346526,-5.535659039763516,4.55207408746814,4.186476446816697,0.3655976406514423,17.27180335084427,17.210361011561396,0.06144233928287335,127.0,124.0,3.0,2021.0,1823.0,198.0,63.0,75.0,-12.0,-0.011801468458616418,0.605701
CBAA,low,count_b4,trace_0047,47,agx_host_proxy,True,True,True,,,752.1652938048038,754.99140001154,-2.826106206736199,4.3182819204590075,4.444131693929488,-0.1258497734704802,15.506271029315588,15.691269019745123,-0.1849979904295349,129.0,127.0,2.0,2532.0,2556.0,-24.0,79.0,79.0,0.0,-0.0037572940815182154,0.744124
CBAA,low,count_b4,trace_0048,48,agx_host_proxy,True,True,True,,,564.615479527397,564.615119527397,0.0003600000000005821,6.939979549122148,6.9388253736368934,0.0011541754852544273,20.47362215672177,20.47485859357689,-0.0012364368551196492,117.0,117.0,0.0,2710.0,2139.0,571.0,642.0,69.0,573.0,6.37602072656447e-07,0.674365
CBAA,low,count_b4,trace_0049,49,agx_host_proxy,True,True,True,,,495.76112956230816,490.0609784230001,5.700151139308048,5.03702174026147,5.159002008645604,-0.12198026838413423,17.56714863436586,17.953055389343497,-0.38590675497763627,126.0,125.0,1.0,3540.0,1834.0,1706.0,1783.0,85.0,1698.0,0.011497777456535432,0.64883
CBAA,low,count_b8,trace_0000,0,agx_host_proxy,True,True,True,,,643.504813585037,634.9754393569261,8.529374228110896,5.1356455847529,5.293436143535186,-0.15779055878228654,18.419072920178188,18.814809978339333,-0.3957370581611457,122.0,132.0,-10.0,2221.0,2287.0,-66.0,68.0,78.0,-10.0,0.013254561656800673,0.6653
CBAA,low,count_b8,trace_0001,1,agx_host_proxy,True,True,True,,,596.8535562021652,587.6060079944468,9.24754820771841,6.662920402429251,7.0193053413448725,-0.35638493891562106,23.002286718246204,22.110537242751178,0.8917494754950255,155.0,141.0,14.0,2356.0,2250.0,106.0,69.0,66.0,3.0,0.01549383112762437,0.697723
CBAA,low,count_b8,trace_0002,2,agx_host_proxy,True,True,True,,,523.2149575153019,520.6257501199667,2.5892073953351655,4.977248068062161,4.51727055214722,0.4599775159149404,15.996466103438287,15.212448412262013,0.784017691176274,117.0,107.0,10.0,2255.0,1502.0,753.0,677.0,65.0,612.0,0.004948649418646335,0.5284559999999999
CBAA,low,count_b8,trace_0003,3,agx_host_proxy,True,True,True,,,555.6503480415582,564.230712541441,-8.580364499882762,4.553922055210544,5.154619589629232,-0.6006975344186882,16.184810985292557,17.724469369222998,-1.5396583839304405,132.0,122.0,10.0,2047.0,2137.0,-90.0,63.0,63.0,0.0,-0.01544202128213374,0.5989410000000001
CBAA,low,count_b8,trace_0004,4,agx_host_proxy,True,True,True,,,661.8090425224382,661.8086125224381,0.00043000000005122274,5.493728752565669,5.525677954680178,-0.031949202114509134,18.511161065070045,18.51442391436094,-0.0032628492908948203,130.0,130.0,0.0,2114.0,2118.0,-4.0,64.0,64.0,0.0,6.497342472268258e-07,0.63168
CBAA,low,count_b8,trace_0005,5,agx_host_proxy,True,True,True,,,579.2836169113879,579.2831029113879,0.00051399999995283,5.3227080597504814,5.283960247596015,0.03874781215446621,16.778527920794716,16.77506929568095,0.003458625113765379,109.0,109.0,0.0,2211.0,2211.0,0.0,64.0,64.0,0.0,8.873028425926566e-07,0.661728
CBAA,low,count_b8,trace_0006,6,agx_host_proxy,True,True,True,,,591.0060555825114,591.0057415825114,0.0003140000000030341,5.709592377332611,5.635282710817167,0.07430966651544413,19.62458419411696,19.620556534097254,0.004027660019705337,148.0,148.0,0.0,2257.0,2253.0,4.0,58.0,58.0,0.0,5.312974326355206e-07,0.622696
CBAA,low,count_b8,trace_0007,7,agx_host_proxy,True,True,True,,,637.5266653380487,646.0899224337761,-8.563257095727408,4.80715035450729,5.215100047715263,-0.40794969320797314,17.71257093280775,18.48366964361278,-0.7710987108050311,119.0,133.0,-14.0,2417.0,2468.0,-51.0,69.0,69.0,0.0,-0.013431998316786858,0.6873779999999999
CBAA,low,count_b8,trace_0008,8,agx_host_proxy,True,True,True,,,434.0604119155277,426.931985502475,7.1284264130526935,6.100739614218405,6.097606271461167,0.003133342757237756,18.699072998642965,18.339916614865214,0.3591563837777514,176.0,176.0,0.0,1978.0,1927.0,51.0,61.0,61.0,0.0,0.0164226596514403,0.581226
CBAA,low,count_b8,trace_0009,9,agx_host_proxy,True,True,True,,,549.3572566993666,552.7859426629321,-3.428685963565499,4.1442984492600905,3.6425774591012265,0.501720990158864,15.354864625311235,14.300616923451742,1.0542477018594933,114.0,116.0,-2.0,2315.0,2093.0,222.0,74.0,74.0,0.0,-0.006241268176133027,0.6832309999999999
CBAA,low,count_b8,trace_0010,10,agx_host_proxy,True,True,True,,,453.61145707899453,453.61115807899455,0.000298999999984062,5.8671505181893355,5.864411758189325,0.0027387600000103873,18.24494646480822,18.241783584808214,0.003162880000004975,117.0,117.0,0.0,1956.0,1958.0,-2.0,59.0,59.0,0.0,6.591544268071528e-07,0.580523
CBAA,low,count_b8,trace_0011,11,agx_host_proxy,True,True,True,,,585.414837541423,585.413658541423,0.001178999999979169,4.125704615801977,4.034524337743317,0.09118027805866014,15.937332357227122,15.809708205857959,0.12762415136916339,123.0,123.0,0.0,2279.0,2265.0,14.0,72.0,70.0,2.0,2.013956470475938e-06,0.6196619999999999
CBAA,low,count_b8,trace_0012,12,agx_host_proxy,True,True,True,,,541.046230764686,539.5964768287988,1.4497539358872018,4.289169701022917,3.064099393945684,1.225070307077233,15.759495128892626,14.791857434807449,0.9676376940851767,112.0,117.0,-5.0,3253.0,2214.0,1039.0,1231.0,72.0,1159.0,0.0026795380014720677,0.665357
CBAA,low,count_b8,trace_0013,13,agx_host_proxy,True,True,True,,,601.2925956580165,601.2923106580165,0.0002849999999625652,3.985807625204059,4.019069350626288,-0.03326172542222894,15.736410986159813,15.734578286159811,0.0018327000000013527,125.0,125.0,0.0,3857.0,2154.0,1703.0,1800.0,94.0,1706.0,4.73978894835183e-07,0.7483339999999999
CBAA,low,count_b8,trace_0014,14,agx_host_proxy,True,True,True,,,558.6178570936706,565.4499403239186,-6.8320832302479175,4.026058759509197,4.292609081708591,-0.2665503221993939,15.20448675990825,15.26197193349473,-0.05748517358648009,102.0,126.0,-24.0,1997.0,2030.0,-33.0,60.0,93.0,-33.0,-0.01223033446476863,0.579318
CBAA,low,count_b8,trace_0015,15,agx_host_proxy,True,True,True,,,619.862206076586,616.0064140461632,3.8557920304227764,5.107650712680609,4.646001479290001,0.4616492333906086,18.24621682932963,16.838845109398306,1.407371719931323,131.0,115.0,16.0,2719.0,2552.0,167.0,67.0,68.0,-1.0,0.006220401877423676,0.80882
CBAA,low,count_b8,trace_0016,16,agx_host_proxy,True,True,True,,,490.014615396344,490.013895396344,0.0007200000000011642,4.4060416384377685,4.410675218437757,-0.004633579999988591,16.764629705454492,16.76306214545448,0.0015675600000122358,140.0,140.0,0.0,2028.0,2028.0,0.0,62.0,62.0,0.0,1.4693439284842523e-06,0.59071
CBAA,low,count_b8,trace_0017,17,agx_host_proxy,True,True,True,,,662.2892594357224,654.7609520886947,7.528307347027749,5.145676741794929,5.45829302828972,-0.3126162864947908,19.76874105487427,19.98181724339705,-0.21307618852278054,141.0,152.0,-11.0,2563.0,2453.0,110.0,65.0,65.0,0.0,0.01136709865028152,0.7685439999999999
CBAA,low,count_b8,trace_0018,18,agx_host_proxy,False,True,False,stagnation_horizon,,,622.7929822415973,,6.351952294333331,5.04083943948623,,18.325958788977214,16.06878509129578,,68.0,117.0,,10078.0,2439.0,,8970.0,200.0,,,0.805697
CBAA,low,count_b8,trace_0019,19,agx_host_proxy,True,True,True,,,532.4731116110039,532.4726196110039,0.0004920000000083746,4.7916156923111615,4.794432932311161,-0.002817239999999721,15.190405825849046,15.15142653859223,0.038979287256816875,101.0,101.0,0.0,3487.0,1820.0,1667.0,1757.0,87.0,1670.0,9.239903185342498e-07,0.624205
CBAA,low,count_b8,trace_0020,20,agx_host_proxy,True,True,True,,,625.8170662309999,640.1401367148271,-14.323070483827223,4.1420110415712585,3.7570142951916585,0.3849967463796,14.503705282294664,14.312619293532698,0.1910859887619658,109.0,99.0,10.0,2215.0,2279.0,-64.0,68.0,70.0,-2.0,-0.022886992472238413,0.618475
CBAA,low,count_b8,trace_0021,21,agx_host_proxy,True,True,True,,,541.5797369881178,543.2893123511911,-1.709575363073327,5.23121874514627,6.372590681187567,-1.1413719360412973,17.504773847603545,18.89797557618947,-1.3932017285859253,128.0,148.0,-20.0,2148.0,2133.0,15.0,67.0,62.0,5.0,-0.003156645727886298,0.610491
CBAA,low,count_b8,trace_0022,22,agx_host_proxy,True,True,True,,,531.2768077046434,537.9325130707668,-6.65570536612347,3.5351418209326466,6.477559464589316,-2.942417643656669,13.639591561817994,19.15587605561085,-5.516284493792856,105.0,132.0,-27.0,4247.0,2314.0,1933.0,2435.0,65.0,2370.0,-0.01252775440147507,0.665752
CBAA,low,count_b8,trace_0023,23,agx_host_proxy,True,True,True,,,597.7068976885,602.4792285561297,-4.772330867629648,5.161611950233797,4.7192316863388175,0.44238026389497964,18.202306344326814,18.191463017192838,0.010843327133976288,126.0,138.0,-12.0,1903.0,2073.0,-170.0,69.0,63.0,6.0,-0.007984399855657662,0.560339
CBAA,low,count_b8,trace_0024,24,agx_host_proxy,True,True,True,,,613.9670956191517,613.9655476191517,0.0015479999999570282,3.2056190486891905,3.2472578648430663,-0.04163881615387588,14.382556035958501,14.47069440099023,-0.08813836503172823,133.0,132.0,1.0,6212.0,2118.0,4094.0,4216.0,109.0,4107.0,2.521307755745373e-06,0.856127
CBAA,low,count_b8,trace_0025,25,agx_host_proxy,True,True,True,,,560.0257447000686,560.0239047000686,0.001840000000015607,4.158523207898951,4.157729784654614,0.0007934232443371769,16.600460974225435,16.598829074225407,0.001631900000027997,128.0,128.0,0.0,4081.0,2331.0,1750.0,1829.0,78.0,1751.0,3.285563239599013e-06,0.7806970000000001
CBAA,low,count_b8,trace_0026,26,agx_host_proxy,True,True,True,,,611.8249328221576,607.0101465325772,4.814786289580411,3.936925074578369,4.029558363524902,-0.09263328894653355,16.427602262618116,16.32434804724493,0.10325421537318746,110.0,115.0,-5.0,3091.0,2215.0,876.0,817.0,74.0,743.0,0.007869549002148871,0.743354
CBAA,low,count_b8,trace_0027,27,agx_host_proxy,True,True,True,,,445.9713840412975,440.4776977782782,5.493686263019299,6.548172338122077,6.653001097654836,-0.10482875953275883,20.744607616425302,20.92156918762252,-0.1769615711972179,131.0,137.0,-6.0,3805.0,1709.0,2096.0,2182.0,81.0,2101.0,0.012318472573815582,0.608485
CBAA,low,count_b8,trace_0028,28,agx_host_proxy,True,True,True,,,724.2229950017124,724.2227010017124,0.0002940000000535292,4.684417154424492,4.683626274424496,0.0007908799999958305,16.165929651327886,16.164979711327888,0.0009499399999981506,110.0,110.0,0.0,2582.0,2583.0,-1.0,68.0,68.0,0.0,4.0595231314470216e-07,0.7453299999999999
CBAA,low,count_b8,trace_0029,29,agx_host_proxy,True,True,True,,,608.2536365066352,617.2767166176812,-9.023080111046056,4.241249891548901,4.359588212326409,-0.11833832077750817,16.353502846357753,17.1127501471821,-0.7592473008243488,135.0,131.0,4.0,2950.0,2349.0,601.0,723.0,64.0,659.0,-0.014834403889252583,0.707143
CBAA,low,count_b8,trace_0030,30,agx_host_proxy,True,True,True,,,374.92707915831863,374.6317600995247,0.29531905879395026,5.292870034848493,5.250450631665116,0.04241940318337711,18.200642608564486,18.083987132147815,0.11665547641667118,106.0,106.0,0.0,1220.0,1228.0,-8.0,61.0,61.0,0.0,0.0007876706570699507,0.345853
CBAA,low,count_b8,trace_0031,31,agx_host_proxy,True,True,True,,,499.2488298942282,492.73403306721417,6.514796827014038,5.390847785303812,5.3876682197217205,0.003179565582091648,18.125303761423446,18.160114422017354,-0.03481066059390869,124.0,128.0,-4.0,1804.0,1751.0,53.0,68.0,66.0,2.0,0.013049197988895186,0.529066
CBAA,low,count_b8,trace_0032,32,agx_host_proxy,True,True,True,,,632.941827586644,632.9960157367443,-0.0541881501003445,6.36101139017904,6.3596658564560755,0.0013455337229641984,22.056409994377262,22.05875764638531,-0.0023476520080478736,168.0,168.0,0.0,2012.0,2019.0,-7.0,64.0,66.0,-2.0,-8.561316022826227e-05,0.601989
CBAA,low,count_b8,trace_0033,33,agx_host_proxy,True,True,True,,,475.2928465476007,475.29150854760064,0.0013380000000324799,4.9764997433842275,4.974235983384215,0.0022637600000123825,16.709013174415393,16.706480274415377,0.0025329000000162694,118.0,118.0,0.0,2120.0,2121.0,-1.0,63.0,63.0,0.0,2.815106538529565e-06,0.616664
CBAA,low,count_b8,trace_0034,34,agx_host_proxy,True,True,True,,,530.2091294843099,530.2084704843099,0.0006589999999278007,6.821897546894331,6.903441856385545,-0.08154430949121405,18.47601524744193,18.582192334657197,-0.10617708721526853,113.0,113.0,0.0,1891.0,1906.0,-15.0,60.0,60.0,0.0,1.2429057956221065e-06,0.55974
CBAA,low,count_b8,trace_0035,35,agx_host_proxy,True,True,True,,,637.8290008013065,638.2530727671101,-0.4240719658035914,4.413440355981129,4.412289875981136,0.0011504799999926263,18.1397902941854,18.146846913501474,-0.007056619316074375,139.0,139.0,0.0,2251.0,2256.0,-5.0,64.0,64.0,0.0,-0.0006648678019827078,0.662068
CBAA,low,count_b8,trace_0036,36,agx_host_proxy,True,True,True,,,581.194168185844,581.1919231858438,0.0022450000001299486,5.207321205440995,5.205866805440987,0.0014544000000080715,16.583070017070643,16.664237492712505,-0.08116747564186255,112.0,112.0,0.0,2903.0,2318.0,585.0,678.0,80.0,598.0,3.8627366257606395e-06,0.69893
CBAA,low,count_b8,trace_0037,37,agx_host_proxy,True,True,True,,,594.9515880242591,594.9508580242592,0.0007299999998622297,4.96466972417377,4.963507324173795,0.0011623999999743617,17.164784808594074,17.1634884885941,0.00129631999997315,114.0,114.0,0.0,2028.0,2030.0,-2.0,65.0,65.0,0.0,1.2269905897494034e-06,0.5930420000000001
CBAA,low,count_b8,trace_0038,38,agx_host_proxy,True,True,True,,,472.4646404567912,472.46194745679117,0.002693000000022039,3.482105229905823,3.4880561268483112,-0.005950896942488182,13.778184262663435,13.787604178077167,-0.009419915413731772,108.0,108.0,0.0,1780.0,1781.0,-1.0,67.0,67.0,0.0,5.699897451412186e-06,0.500319
CBAA,low,count_b8,trace_0039,39,agx_host_proxy,True,True,True,,,456.74761647846304,458.88427441917395,-2.1366579407109043,5.374004780693384,7.5047279847973405,-2.1307232041039565,17.54157702775788,20.396059666395917,-2.8544826386380358,124.0,134.0,-10.0,3522.0,1864.0,1658.0,1776.0,62.0,1714.0,-0.004677983778403918,0.636814
CBAA,low,count_b8,trace_0040,40,agx_host_proxy,True,True,True,,,593.4371250086319,593.4261370086316,0.010988000000338616,4.443639011622471,4.441830957334918,0.0018080542875527073,17.23903187146521,17.164776535310263,0.07425533615494828,124.0,124.0,0.0,2197.0,2172.0,25.0,70.0,70.0,0.0,1.85158621482921e-05,0.665315
CBAA,low,count_b8,trace_0041,41,agx_host_proxy,True,True,True,,,607.9480825641966,607.9476555641966,0.000427000000058797,4.489747050010219,4.48712449598602,0.0026225540241986423,16.51549406335779,16.51323337515292,0.002260688204867023,158.0,158.0,0.0,3266.0,2449.0,817.0,893.0,76.0,817.0,7.023626067834628e-07,0.7485890000000001
CBAA,low,count_b8,trace_0042,42,agx_host_proxy,True,True,True,,,636.1076185437943,625.3164714205982,10.791147123196083,5.438973528368808,4.7146537936965185,0.7243197346722896,19.644117371068663,18.333217512721646,1.3108998583470175,163.0,153.0,10.0,2377.0,2219.0,158.0,74.0,71.0,3.0,0.01696434189532214,0.716433
CBAA,low,count_b8,trace_0043,43,agx_host_proxy,True,True,True,,,531.1134139167563,531.1131519167562,0.0002620000000206346,6.049281883276463,6.047725223276456,0.001556660000007426,18.06260073963452,18.060747679634506,0.0018530600000126185,122.0,122.0,0.0,1856.0,1857.0,-1.0,67.0,67.0,0.0,4.933033004918588e-07,0.5457609999999999
CBAA,low,count_b8,trace_0044,44,agx_host_proxy,True,True,True,,,424.2641704246615,424.2637854246615,0.00038499999999430656,5.363871375320825,5.363299822124712,0.0005715531961127951,17.9700301174261,17.9686117389496,0.001418378476497395,112.0,112.0,0.0,1807.0,1810.0,-3.0,64.0,64.0,0.0,9.074534849571342e-07,0.516022
CBAA,low,count_b8,trace_0045,45,agx_host_proxy,True,True,True,,,491.6405215331589,491.6401225331589,0.0003990000000158034,5.446281529871018,5.425116865120831,0.02116466475018708,17.595611916047663,17.600272254801542,-0.0046603387538795005,128.0,128.0,0.0,2464.0,1866.0,598.0,688.0,85.0,603.0,8.115685801722359e-07,0.580184
CBAA,low,count_b8,trace_0046,46,agx_host_proxy,True,True,True,,,470.9357663509488,470.91863181149097,0.01713453945785659,4.75263609590959,4.536333579495187,0.21630251641440346,17.00441354399998,17.699954447736552,-0.6955409037365712,106.0,120.0,-14.0,1943.0,1852.0,91.0,65.0,74.0,-9.0,3.6384026617098475e-05,0.5747300000000001
CBAA,low,count_b8,trace_0047,47,agx_host_proxy,True,True,True,,,752.1653358048037,754.99140001154,-2.826064206736305,4.318294800459008,4.444131693929488,-0.12583689347047944,15.506281289315572,15.691269019745123,-0.18498773042955108,129.0,127.0,2.0,2531.0,2556.0,-25.0,79.0,79.0,0.0,-0.0037572380329285796,0.754862
CBAA,low,count_b8,trace_0048,48,agx_host_proxy,True,True,True,,,564.615485527397,564.615119527397,0.00036599999998543353,6.930365161966865,6.929174926481609,0.001190235485255542,20.497619918987436,20.498823295842556,-0.001203376855119842,117.0,117.0,0.0,2732.0,2137.0,595.0,664.0,67.0,597.0,6.482287669520074e-07,0.6624509999999999
CBAA,low,count_b8,trace_0049,49,agx_host_proxy,True,True,True,,,490.0613104230001,490.0609784230001,0.00033200000001443186,5.089955900702167,5.159002008645604,-0.06904610794343746,17.721088926491166,17.953055389343497,-0.23196646285233058,125.0,125.0,0.0,3556.0,1834.0,1722.0,1808.0,85.0,1723.0,6.774662536160293e-07,0.675228
CBAA,low,eager_b1,trace_0000,0,rp2040_hardware,True,True,True,,,639.6301853036285,660.7196958179827,-21.089510514354174,2.7193008947309494,2.4599107490069585,0.2593901457239909,16.796111948196245,17.00533020545418,-0.20921825725793397,140.0,142.0,-2.0,1929.0,2080.0,-151.0,100.0,96.0,4.0,-0.032971412229932696,37.643703
CBAA,low,eager_b1,trace_0001,1,rp2040_hardware,True,True,True,,,577.2875831022611,577.3286280995204,-0.04104499725929145,2.516207746805046,2.6646455868192906,-0.14843784001424476,16.27411316163887,16.70210507422261,-0.42799191258374236,125.0,131.0,-6.0,1642.0,1802.0,-160.0,94.0,98.0,-4.0,-7.109974033863934e-05,31.121107000000002
CBAA,low,eager_b1,trace_0002,2,rp2040_hardware,True,True,True,,,522.1119350407758,519.89824531767,2.2136897231058583,1.5871654518746612,1.6386197846051813,-0.051454332730520136,13.049669838406961,13.972621485559143,-0.9229516471521819,109.0,140.0,-31.0,1453.0,1523.0,-70.0,105.0,118.0,-13.0,0.004239875732649118,27.127548
CBAA,low,eager_b1,trace_0003,3,rp2040_hardware,True,True,True,,,554.8204055245706,546.2055695079621,8.614836016608479,1.7394803216328263,1.8257593664229002,-0.08627904479007387,14.618992339563455,14.051990037802682,0.5670023017607733,130.0,131.0,-1.0,1705.0,1640.0,65.0,98.0,96.0,2.0,0.015527251576955501,31.754763999999998
CBAA,low,eager_b1,trace_0004,4,agx_host_proxy,False,True,False,stagnation_horizon,,,661.1087318233475,,2.200899522857466,1.169738312640327,,15.23704573796609,13.672260774438442,,51.0,126.0,,7680.0,2052.0,,7105.0,234.0,,,0.623209
CBAA,low,eager_b1,trace_0005,5,agx_host_proxy,True,True,True,,,579.4189261746267,578.9758754016283,0.44305077299839013,0.9079413650038013,0.9050873194799189,0.0028540455238823537,12.5233700359298,12.690821611695084,-0.16745157576528413,135.0,125.0,10.0,1957.0,2066.0,-109.0,98.0,92.0,6.0,0.0007646467054907047,0.571141
CBAA,low,eager_b1,trace_0006,6,agx_host_proxy,True,True,True,,,596.0888153086809,594.6645891012802,1.424226207400693,1.433729243444162,1.3956586022392479,0.0380706412049141,13.842321063957552,15.28882665572842,-1.4465055917708671,118.0,162.0,-44.0,5314.0,1964.0,3350.0,3617.0,96.0,3521.0,0.0023892852387494747,0.755592
CBAA,low,eager_b1,trace_0007,7,agx_host_proxy,True,True,True,,,643.4948503356038,651.367248343789,-7.8723980081852005,1.8417492441764178,1.85158212568,-0.009832881503582191,16.993223113199743,17.48240015005761,-0.4891770368578676,142.0,154.0,-12.0,1987.0,2096.0,-109.0,92.0,92.0,0.0,-0.012233816640614117,0.587708
CBAA,low,eager_b1,trace_0008,8,agx_host_proxy,True,True,True,,,425.9706830186612,430.1135500815084,-4.142867062847188,1.3111213192416526,1.4108492872530458,-0.09972796801139316,14.751706891599191,15.271219954503595,-0.5195130629044034,142.0,144.0,-2.0,1591.0,1678.0,-87.0,98.0,96.0,2.0,-0.009725709369218948,0.46636599999999995
CBAA,low,eager_b1,trace_0009,9,agx_host_proxy,True,True,True,,,552.8130587377791,547.6593947070794,5.1536640306997015,1.5056217014669635,1.5271159277360926,-0.021494226269129113,13.462840168077873,13.32800661193082,0.13483355614705417,140.0,124.0,16.0,2003.0,1902.0,101.0,94.0,94.0,0.0,0.009322616297210675,0.594707
CBAA,low,eager_b1,trace_0010,10,agx_host_proxy,True,True,True,,,455.5603492495597,455.4643906965821,0.09595855297760636,2.067523055339761,2.1184352022037976,-0.050912146864036334,16.288582069042576,16.278428255175054,0.010153813867521677,133.0,139.0,-6.0,1766.0,1713.0,53.0,94.0,94.0,0.0,0.00021063850955351578,0.523096
CBAA,low,eager_b1,trace_0011,11,agx_host_proxy,True,True,True,,,586.8630533917328,584.6743684541046,2.1886849376281816,0.6860571269874629,0.7095847695760352,-0.023527642588572317,12.32494178460673,12.352252800589673,-0.027311015982942166,123.0,139.0,-16.0,4462.0,1778.0,2684.0,2573.0,106.0,2467.0,0.0037294645232458143,0.719475
CBAA,low,eager_b1,trace_0012,12,agx_host_proxy,True,True,True,,,527.7472527785883,542.6718757944227,-14.924623015834413,1.108147331063185,1.0864536814986656,0.021693649564519468,13.165153443562996,14.01749770269788,-0.8523442591348847,137.0,136.0,1.0,3960.0,1776.0,2184.0,2205.0,133.0,2072.0,-0.028279868700891008,0.68357
CBAA,low,eager_b1,trace_0013,13,agx_host_proxy,True,True,True,,,608.6856459190332,601.535214214213,7.150431704820107,1.1137930022452265,1.1234815226307988,-0.00968852038557233,13.552603198389688,14.01052478245428,-0.45792158406459116,112.0,131.0,-19.0,1678.0,1728.0,-50.0,94.0,94.0,0.0,0.01174733091335499,0.495459
CBAA,low,eager_b1,trace_0014,14,agx_host_proxy,True,True,True,,,556.7236021848793,556.7232671848793,0.00033499999995001417,1.2051910777616979,1.2035726565335865,0.0016184212281113997,12.68949548682394,12.68824624682394,0.0012492399999999293,122.0,122.0,0.0,1669.0,1667.0,2.0,92.0,92.0,0.0,6.017348620308105e-07,0.483343
CBAA,low,eager_b1,trace_0015,15,agx_host_proxy,True,True,True,,,622.0929169717843,639.7097115806939,-17.616794608909572,2.163065523094896,2.202768269099256,-0.03970274600436019,14.806329576441701,16.151144915998476,-1.3448153395567743,127.0,155.0,-28.0,2184.0,2353.0,-169.0,94.0,96.0,-2.0,-0.02831859056467701,0.632624
CBAA,low,eager_b1,trace_0016,16,agx_host_proxy,True,True,True,,,487.4731929689612,483.6310911251662,3.8421018437949783,0.8051044083875901,0.6828459367957841,0.12225847159180603,13.929664174964861,14.506964270907176,-0.5773000959423147,138.0,148.0,-10.0,3425.0,1722.0,1703.0,1879.0,124.0,1755.0,0.007881667954692261,0.621555
CBAA,low,eager_b1,trace_0017,17,agx_host_proxy,True,True,True,,,647.845999420207,651.1585015626413,-3.312502142434255,1.8551999127972076,1.8443006527449888,0.010899260052218862,16.67573085059844,16.874736786550187,-0.19900593595174598,138.0,146.0,-8.0,2200.0,2020.0,180.0,98.0,98.0,0.0,-0.005113101177438457,0.635106
CBAA,low,eager_b1,trace_0018,18,agx_host_proxy,True,True,True,,,622.6556972063211,623.0445783947495,-0.3888811884283996,0.9243607062669841,0.8893999923393359,0.03496071392764821,12.695817333030872,12.689956233605738,0.005861099425134242,114.0,114.0,0.0,3893.0,1778.0,2115.0,2225.0,110.0,2115.0,-0.0006245525258552982,0.643252
CBAA,low,eager_b1,trace_0019,19,agx_host_proxy,True,True,True,,,519.6843515456121,527.783796947737,-8.099445402124843,2.1760740598417976,2.247305585136919,-0.07123152529512122,13.769891494290126,14.654667033040642,-0.8847755387505156,113.0,129.0,-16.0,1443.0,1626.0,-183.0,92.0,92.0,0.0,-0.01558531708341032,0.405515
CBAA,low,eager_b1,trace_0020,20,agx_host_proxy,True,True,True,,,643.7342819145997,636.502813906452,7.231468008147658,1.2302974083946072,1.578223269092463,-0.3479258606978557,12.355829376991075,12.12019942387029,0.23562995312078527,116.0,120.0,-4.0,1980.0,1941.0,39.0,94.0,92.0,2.0,0.011233622647281992,0.546654
CBAA,low,eager_b1,trace_0021,21,agx_host_proxy,True,True,True,,,541.4565735536588,561.7094182455278,-20.252844691868972,1.799843926523325,1.8085332765631714,-0.008689350039846389,15.771148315440595,16.096071770955977,-0.32492345551538193,152.0,160.0,-8.0,2007.0,1963.0,44.0,94.0,96.0,-2.0,-0.037404374941736485,0.594811
CBAA,low,eager_b1,trace_0022,22,agx_host_proxy,True,True,True,,,531.2979234172053,533.2103788776126,-1.9124554604072728,1.235230460849913,1.2551633520327143,-0.019932891182801393,13.723842172856576,14.756830683850996,-1.0329885109944197,130.0,134.0,-4.0,1877.0,1798.0,79.0,100.0,100.0,0.0,-0.003599591445994612,0.535829
CBAA,low,eager_b1,trace_0023,23,agx_host_proxy,True,True,True,,,599.0076368003233,600.840798749734,-1.8331619494106235,1.5420786264071347,1.7408687507948841,-0.19879012438774946,16.98254329728091,16.54789720504052,0.4346460922403885,150.0,136.0,14.0,3553.0,1797.0,1756.0,1776.0,98.0,1678.0,-0.0030603315163103676,0.68191
CBAA,low,eager_b1,trace_0024,24,agx_host_proxy,True,True,True,,,606.8123587389318,615.7317992902704,-8.919440551338539,1.4531328684380174,1.4734015896716626,-0.020268721233645204,13.195631908041296,14.241915111999402,-1.0462832039581063,116.0,134.0,-18.0,4089.0,1996.0,2093.0,2382.0,127.0,2255.0,-0.014698844581667361,0.6277269999999999
CBAA,low,eager_b1,trace_0025,25,agx_host_proxy,True,True,True,,,554.1286992987942,546.6282851759796,7.500414122814618,1.2208494867671982,1.2525591543640042,-0.031709667596806046,13.880874024937027,13.483879473738885,0.39699455119814253,132.0,124.0,8.0,1904.0,1874.0,30.0,96.0,96.0,0.0,0.013535509227920869,0.574455
CBAA,low,eager_b1,trace_0026,26,agx_host_proxy,True,True,True,,,610.7847893754738,610.7843953754738,0.00039400000002842717,1.1904590771994457,1.1897572371994474,0.0007018399999982883,14.407535404998383,14.406165404998385,0.001369999999997873,142.0,142.0,0.0,1948.0,1947.0,1.0,94.0,94.0,0.0,6.450717288347854e-07,0.543005
CBAA,low,eager_b1,trace_0027,27,agx_host_proxy,True,True,True,,,437.21177892034694,453.7146555681509,-16.50287664780393,1.2278368696067097,1.1866659830037591,0.04117088660295054,14.706815698120144,15.569422069586631,-0.8626063714664873,137.0,155.0,-18.0,2082.0,1622.0,460.0,669.0,102.0,567.0,-0.03774572745628267,0.5
CBAA,low,eager_b1,trace_0028,28,agx_host_proxy,True,True,True,,,726.9247535678884,726.9244225678884,0.0003309999999601132,1.4380174559887393,1.4374428159887394,0.0005746399999999596,13.154460580687477,13.153598020687484,0.0008625599999927402,116.0,116.0,0.0,2002.0,2004.0,-2.0,93.0,93.0,0.0,4.5534286504277184e-07,0.5850679999999999
CBAA,low,eager_b1,trace_0029,29,agx_host_proxy,True,True,True,,,613.8186799127562,613.8184179127562,0.0002620000000206346,2.064155710299687,2.0850462124646896,-0.020890502165002545,15.701113717223684,15.697224381708255,0.0038893355154296927,135.0,135.0,0.0,1970.0,1973.0,-3.0,94.0,94.0,0.0,4.26836146560208e-07,0.58306
CBAA,low,eager_b1,trace_0030,30,agx_host_proxy,True,True,True,,,375.900853605769,375.9980666057691,-0.09721300000012434,2.3183402886674846,2.319539788667489,-0.0011995000000042388,13.883403862581986,13.888075542581996,-0.00467168000001017,120.0,120.0,0.0,1216.0,1219.0,-3.0,92.0,92.0,0.0,-0.00025861340581598616,0.346179
CBAA,low,eager_b1,trace_0031,31,agx_host_proxy,False,True,False,stagnation_horizon,,,490.0165115717751,,1.467949445389215,0.9476595677807181,,13.918024218184943,13.746275795215853,,70.0,130.0,,5997.0,1660.0,,5540.0,92.0,,,0.496177
CBAA,low,eager_b1,trace_0032,32,agx_host_proxy,True,True,True,,,622.8356148964908,622.8346918964909,0.0009229999999433858,1.9838612772690183,1.983027797269014,0.0008334800000042719,15.519162525864484,15.51782366586449,0.0013388599999935025,141.0,141.0,0.0,1813.0,1814.0,-1.0,92.0,92.0,0.0,1.4819319542232332e-06,0.517741
CBAA,low,eager_b1,trace_0033,33,agx_host_proxy,True,True,True,,,481.36598471707555,481.36177471707555,0.004210000000000491,1.380051637445617,1.3792490974456206,0.0008025399999964655,14.522692050817199,14.521282970817204,0.0014090799999948445,134.0,134.0,0.0,1855.0,1857.0,-2.0,97.0,97.0,0.0,8.745944112513335e-06,0.554029
CBAA,low,eager_b1,trace_0034,34,agx_host_proxy,True,True,True,,,526.4274178889925,526.4253688889926,0.00204899999994268,2.9284744686312085,2.927285668631209,0.0011887999999995458,15.495535399641787,15.49385699964179,0.001678399999995861,126.0,126.0,0.0,1384.0,1387.0,-3.0,96.0,96.0,0.0,3.892274471871736e-06,0.408694
CBAA,low,eager_b1,trace_0035,35,agx_host_proxy,False,True,False,stagnation_horizon,,,640.1554130564651,,2.5382626316176835,1.2733749965227155,,15.054753407991708,14.16857218701796,,49.0,131.0,,6057.0,2129.0,,5529.0,293.0,,,0.486757
CBAA,low,eager_b1,trace_0036,36,agx_host_proxy,True,True,True,,,577.0413665419701,577.0407485419702,0.0006179999999176289,1.370266367466465,1.3696154874664637,0.0006508800000013526,12.849755440763959,12.88237802835139,-0.032622587587431084,114.0,114.0,0.0,1917.0,1930.0,-13.0,96.0,96.0,0.0,1.0709804110251422e-06,0.559274
CBAA,low,eager_b1,trace_0037,37,agx_host_proxy,True,True,True,,,593.1290827648685,593.1278107648685,0.0012719999999717402,1.6281974518157827,1.6276084918157838,0.0005889599999988615,15.35363178144355,15.35240846144354,0.0012233200000100197,141.0,141.0,0.0,1827.0,1827.0,0.0,96.0,96.0,0.0,2.144558472908322e-06,0.551989
CBAA,low,eager_b1,trace_0038,38,agx_host_proxy,True,True,True,,,477.0221280651748,464.7164582425228,12.305669822652021,0.9749007075880253,0.9048378761111219,0.0700628314769034,12.046963761087573,11.851588441390962,0.19537531969661082,124.0,134.0,-10.0,1495.0,1517.0,-22.0,92.0,93.0,-1.0,0.025796853224743312,0.438973
CBAA,low,eager_b1,trace_0039,39,agx_host_proxy,True,True,True,,,460.6979021378451,460.6976121378451,0.00029000000000678483,1.268309822922683,1.266456773757696,0.001853049164987075,13.658275278242332,13.491623678090026,0.1666516001523064,135.0,135.0,0.0,1663.0,1690.0,-27.0,92.0,94.0,-2.0,6.294797494433003e-07,0.490294
CBAA,low,eager_b1,trace_0040,40,agx_host_proxy,True,True,True,,,602.7664625166144,610.1869214867737,-7.420458970159302,1.696983479514863,1.7473715678313406,-0.050388088316477564,15.549969016188335,16.33706282813114,-0.7870938119428033,133.0,135.0,-2.0,5477.0,1822.0,3655.0,3826.0,109.0,3717.0,-0.012310669938699132,0.661469
CBAA,low,eager_b1,trace_0041,41,agx_host_proxy,False,True,False,stagnation_horizon,,,610.7223911414742,,3.374799299330349,1.7063898055559836,,15.539432884861025,14.073943959151867,,55.0,126.0,,5675.0,2127.0,,5168.0,357.0,,,0.476102
CBAA,low,eager_b1,trace_0042,42,agx_host_proxy,True,True,True,,,629.4161331802153,629.4152481802153,0.0008850000000393266,0.8669841043855996,0.8754086720014009,-0.008424567615801348,13.351635574793155,13.377703630701127,-0.02606805590797201,135.0,135.0,0.0,1940.0,1950.0,-10.0,94.0,94.0,0.0,1.4060650075296563e-06,0.585099
CBAA,low,eager_b1,trace_0043,43,agx_host_proxy,True,True,True,,,531.1833350456924,530.7454176971235,0.4379173485689307,2.0301794062928846,2.0402100402674845,-0.010030633974599912,13.836995789345139,13.935465548904022,-0.09846975955888304,112.0,115.0,-3.0,1624.0,1828.0,-204.0,96.0,317.0,-221.0,0.0008244184628481635,0.476389
CBAA,low,eager_b1,trace_0044,44,agx_host_proxy,True,True,True,,,438.6019045819543,438.60161258195427,0.0002920000000017353,1.117298179792948,1.148397165723454,-0.031098985930505973,12.862904753017308,12.862494254540811,0.0004104984764961017,153.0,153.0,0.0,1630.0,1633.0,-3.0,96.0,96.0,0.0,6.657517829979557e-07,0.46927
CBAA,low,eager_b1,trace_0045,45,agx_host_proxy,True,True,True,,,495.84446609083057,495.84320809083056,0.0012580000000070868,2.28392730697329,2.283021666973289,0.0009056400000013731,16.48844098241496,16.48882110241496,-0.0003801199999990956,141.0,141.0,0.0,1379.0,1379.0,0.0,92.0,92.0,0.0,2.537085892931276e-06,0.41617099999999996
CBAA,low,eager_b1,trace_0046,46,agx_host_proxy,True,True,True,,,467.31316259740606,472.89333955595725,-5.580176958551192,1.8316026765417812,1.7312183208764438,0.10038435566533743,15.829142601577106,14.848789914270439,0.9803526873066666,152.0,151.0,1.0,2887.0,1725.0,1162.0,1361.0,119.0,1242.0,-0.011940979636729295,0.560005
CBAA,low,eager_b1,trace_0047,47,agx_host_proxy,True,True,True,,,755.2840044054593,753.478501514995,1.8055028904643677,1.7430270682517581,1.7442231744305248,-0.0011961061787666427,14.464404738688355,14.651483885421861,-0.187079146733506,131.0,135.0,-4.0,2502.0,2514.0,-12.0,96.0,96.0,0.0,0.002390495336764896,0.758719
CBAA,low,eager_b1,trace_0048,48,agx_host_proxy,True,True,True,,,585.3602196127457,585.3595346127457,0.0006849999999758438,0.9563210005500881,0.9555769005500875,0.0007441000000005804,15.419496787110704,15.41896562901401,0.0005311580966935736,155.0,155.0,0.0,3934.0,1807.0,2127.0,2249.0,117.0,2132.0,1.1702195964546693e-06,0.6595840000000001
CBAA,low,eager_b1,trace_0049,49,agx_host_proxy,True,True,True,,,493.8845399929313,485.1182064710833,8.766333521848026,0.8156338571492906,0.7871870453305889,0.02844681181870168,14.679622386080721,15.084622775726878,-0.4050003896461565,137.0,141.0,-4.0,3839.0,1783.0,2056.0,2135.0,113.0,2022.0,0.017749762974912098,0.656175
CBAA,medium,bounded_b4_w5,trace_0000,0,rp2040_hardware,True,True,True,,,209.28602230664842,176.11534584185128,33.17067646479714,9.812638910274554,7.711526745117072,2.101112165157482,23.85477380850178,21.621948856142733,2.2328249523590458,108.0,92.0,16.0,555.0,427.0,128.0,61.0,75.0,-14.0,0.1584944665640167,11.571902
CBAA,medium,bounded_b4_w5,trace_0001,1,agx_host_proxy,True,True,True,,,186.11464457338334,174.745541963791,11.369102609592346,10.11201693023918,8.285457508752044,1.8265594214871363,26.297783164342267,24.20225509509087,2.0955280692513973,102.0,96.0,6.0,382.0,302.0,80.0,65.0,63.0,2.0,0.061086555739086994,0.123639
CBAA,medium,bounded_b4_w5,trace_0002,2,agx_host_proxy,True,True,True,,,155.34983349227076,154.3873959639135,0.9624375283572704,10.400204886843909,10.735031585057357,-0.33482669821344757,24.55864783785972,24.1162234421263,0.4424243957334184,86.0,88.0,-2.0,285.0,299.0,-14.0,62.0,68.0,-6.0,0.00619529166347742,0.086635
CBAA,medium,bounded_b4_w5,trace_0003,3,agx_host_proxy,True,True,True,,,186.2357776221387,171.19317342676132,15.042604195377379,8.367196300058446,7.7453529586144745,0.621843341443971,22.63325953833087,21.235552318876312,1.3977072194545563,99.0,96.0,3.0,410.0,361.0,49.0,57.0,55.0,2.0,0.08077182798837894,0.12552100000000002
CBAA,medium,bounded_b4_w5,trace_0004,4,agx_host_proxy,True,True,True,,,190.75251016036304,189.3126396197039,1.4398705406591432,5.506438523723936,6.180350804068355,-0.6739122803444184,20.170987200828126,20.150234583238685,0.020752617589440803,107.0,97.0,10.0,456.0,445.0,11.0,59.0,55.0,4.0,0.007548370081466627,0.14232299999999998
CBAA,medium,bounded_b4_w5,trace_0005,5,agx_host_proxy,True,True,True,,,197.9423649203845,171.57368278380136,26.368682136583146,8.431970177821036,8.72545829939741,-0.29348812157637383,24.336548440769498,22.209315623017886,2.1272328177516115,112.0,97.0,15.0,343.0,286.0,57.0,61.0,63.0,-2.0,0.13321393905336557,0.106314
CBAA,medium,bounded_b4_w5,trace_0006,6,agx_host_proxy,True,True,True,,,166.33489759178676,166.3194755917868,0.015421999999944092,7.407394005244015,7.429491519971339,-0.022097514727324352,22.205160670238513,22.215100719177958,-0.009940048939444779,93.0,93.0,0.0,259.0,259.0,0.0,56.0,56.0,0.0,9.271656292951958e-05,0.083719
CBAA,medium,bounded_b4_w5,trace_0007,7,agx_host_proxy,True,True,True,,,204.66291740668055,175.8930281958012,28.76988921087934,6.877783766604092,7.738683556977252,-0.8608997903731597,23.87038884251126,21.164151274822245,2.7062375676890156,115.0,99.0,16.0,7046.0,443.0,6603.0,6771.0,222.0,6549.0,0.14057206637835332,0.575432
CBAA,medium,bounded_b4_w5,trace_0008,8,agx_host_proxy,True,True,True,,,151.19559308592505,140.2463101626575,10.94928292326756,11.415358017780047,11.395516106143152,0.019841911636895304,23.935769640538634,22.759763258300588,1.1760063822380467,85.0,79.0,6.0,311.0,297.0,14.0,54.0,53.0,1.0,0.07241800306338982,0.108909
CBAA,medium,bounded_b4_w5,trace_0009,9,agx_host_proxy,True,True,True,,,153.9781700544788,183.36701627727942,-29.388846222800623,6.785370386610898,13.609627723071805,-6.8242573364609065,18.66102272606911,27.03656747329392,-8.375544747224811,84.0,103.0,-19.0,330.0,378.0,-48.0,62.0,64.0,-2.0,-0.19086371926879372,0.104193
CBAA,medium,bounded_b4_w5,trace_0010,10,agx_host_proxy,True,True,True,,,142.97658173861973,149.89787950780894,-6.921297769189209,9.450257396791704,8.888768973324854,0.5614884234668498,21.762930051761874,22.38140498369655,-0.6184749319346778,79.0,84.0,-5.0,263.0,253.0,10.0,53.0,54.0,-1.0,-0.04840861129161883,0.089783
CBAA,medium,bounded_b4_w5,trace_0011,11,agx_host_proxy,True,True,True,,,179.16757397694292,179.16648797694288,0.001086000000043441,6.505989339517712,6.471099498250822,0.03488984126689054,20.116331671662174,20.113018292661206,0.003313379000967842,100.0,100.0,0.0,416.0,415.0,1.0,57.0,57.0,0.0,6.061364653981409e-06,0.131692
CBAA,medium,bounded_b4_w5,trace_0012,12,agx_host_proxy,True,True,True,,,163.45569833172436,177.02741300435488,-13.57171467263052,15.093901237997583,8.494394075144848,6.599507162852735,27.77160925407069,23.681980317851036,4.089628936219654,92.0,98.0,-6.0,270.0,324.0,-54.0,59.0,58.0,1.0,-0.08302992683122903,0.09587799999999999
CBAA,medium,bounded_b4_w5,trace_0013,13,agx_host_proxy,True,True,True,,,188.67673441779073,168.13255788403444,20.544176533756286,9.525390110377794,9.660366661039436,-0.1349765506616425,23.861905714073153,22.85704651549766,1.0048591985754918,106.0,93.0,13.0,419.0,316.0,103.0,60.0,58.0,2.0,0.10888558463315831,0.137409
CBAA,medium,bounded_b4_w5,trace_0014,14,agx_host_proxy,True,True,True,,,167.37476353795296,174.20771874593424,-6.832955207981286,5.840166611088672,5.742754644198839,0.09741196688983322,16.902391687419822,17.410133411940915,-0.5077417245210931,84.0,88.0,-4.0,376.0,382.0,-6.0,61.0,61.0,0.0,-0.04082428595295302,0.108477
CBAA,medium,bounded_b4_w5,trace_0015,15,agx_host_proxy,True,True,True,,,174.8970341260187,189.58238228961756,-14.68534816359886,10.570980277341468,8.909207297602316,1.6617729797391512,25.12366322107836,25.264256699547083,-0.14059347846872328,97.0,105.0,-8.0,327.0,389.0,-62.0,58.0,63.0,-5.0,-0.08396567864620057,0.103631
CBAA,medium,bounded_b4_w5,trace_0016,16,agx_host_proxy,True,True,True,,,143.466048403591,165.2042966272866,-21.738248223695592,7.9371165716876035,10.880855696386188,-2.9437391246985847,20.194768499325082,26.054602164558027,-5.859833665232944,80.0,92.0,-12.0,277.0,294.0,-17.0,56.0,62.0,-6.0,-0.15152189988911324,0.08874299999999999
CBAA,medium,bounded_b4_w5,trace_0017,17,agx_host_proxy,False,True,False,stagnation_horizon,,,177.45680880314603,,8.91239629079457,8.386120770668835,,17.875028161791978,22.265722513958185,,40.0,99.0,,5592.0,397.0,,5523.0,169.0,,,0.295667
CBAA,medium,bounded_b4_w5,trace_0018,18,agx_host_proxy,True,True,True,,,187.08520100315573,176.01345511125527,11.071745891900463,7.674333376794057,6.4210082263462605,1.2533251504477967,21.90690037573148,19.986297270198126,1.9206031055333561,104.0,92.0,12.0,383.0,382.0,1.0,66.0,59.0,7.0,0.05918023356488633,0.115798
CBAA,medium,bounded_b4_w5,trace_0019,19,agx_host_proxy,True,True,True,,,166.86211981313014,163.84782542480852,3.0142943883216162,8.68820763737764,8.866881713258245,-0.17867407588060402,20.60806523805673,20.64174213810877,-0.033676900052039827,88.0,86.0,2.0,429.0,413.0,16.0,59.0,60.0,-1.0,0.018064581653986788,0.135346
CBAA,medium,bounded_b4_w5,trace_0020,20,agx_host_proxy,True,True,True,,,162.57557927927047,180.5456053891774,-17.97002610990694,8.16827365417111,11.840882313906029,-3.6726086597349195,19.890970446057565,25.698516196242597,-5.807545750185032,83.0,100.0,-17.0,343.0,336.0,7.0,59.0,64.0,-5.0,-0.11053336663213258,0.113802
CBAA,medium,bounded_b4_w5,trace_0021,21,agx_host_proxy,True,True,True,,,177.94503723522672,184.39151269916024,-6.446475463933524,14.852157499334838,14.101665289534644,0.7504922098001945,28.3948904125496,29.113792908215537,-0.7189024956659367,100.0,104.0,-4.0,320.0,358.0,-38.0,65.0,63.0,2.0,-0.03622734055466737,0.107773
CBAA,medium,bounded_b4_w5,trace_0022,22,agx_host_proxy,True,True,True,,,167.92030052879474,163.30170594818108,4.61859458061366,8.958127389400575,6.074341144035709,2.883786245364866,23.218461466120072,18.430463414419997,4.787998051700075,95.0,91.0,4.0,329.0,364.0,-35.0,65.0,64.0,1.0,0.0275046826742766,0.118859
CBAA,medium,bounded_b4_w5,trace_0023,23,agx_host_proxy,True,True,True,,,170.65753414622966,170.45704923362985,0.20048491259981915,6.270743198864824,7.010291323660954,-0.73954812479613,19.017422056965678,19.702409492670427,-0.6849874357047483,93.0,92.0,1.0,372.0,376.0,-4.0,57.0,61.0,-4.0,0.00117477914820937,0.110647
CBAA,medium,bounded_b4_w5,trace_0024,24,agx_host_proxy,True,True,True,,,179.63905947905687,168.63849630745736,11.00056317159951,10.72565286860258,13.790841463575576,-3.0651885949729962,25.014559628740837,26.597538403879042,-1.582978775138205,96.0,95.0,1.0,365.0,328.0,37.0,60.0,67.0,-7.0,0.061237033880607715,0.117475
CBAA,medium,bounded_b4_w5,trace_0025,25,agx_host_proxy,True,True,True,,,169.7623294857606,167.60276298959965,2.1595664961609486,12.387304964031145,9.652335628166645,2.7349693358645,27.027692787412715,23.89804964414237,3.129643143270343,94.0,94.0,0.0,253.0,311.0,-58.0,57.0,61.0,-4.0,0.0127211172390403,0.082722
CBAA,medium,bounded_b4_w5,trace_0026,26,agx_host_proxy,True,True,True,,,178.90041344184027,178.9109815508896,-0.010568109049330587,7.707954541461011,7.718101912187185,-0.01014737072617411,22.08520368506167,22.073201418783103,0.01200226627856793,98.0,98.0,0.0,374.0,374.0,0.0,64.0,66.0,-2.0,-5.907258035916296e-05,0.120451
CBAA,medium,bounded_b4_w5,trace_0027,27,agx_host_proxy,True,True,True,,,137.93374782455467,143.2808139751211,-5.347066150566434,10.326134193989896,10.133471088478236,0.19266310551165944,21.621834904175213,22.196248585222616,-0.5744136810474032,77.0,80.0,-3.0,248.0,270.0,-22.0,56.0,59.0,-3.0,-0.038765467007883046,0.080703
CBAA,medium,bounded_b4_w5,trace_0028,28,agx_host_proxy,True,True,True,,,204.135012585133,202.143163147953,1.991849437180008,5.64573515727033,5.983484915856751,-0.33774975858642087,18.862015284744977,19.43145079024947,-0.5694355055044937,106.0,98.0,8.0,516.0,514.0,2.0,64.0,62.0,2.0,0.009757510051585696,0.16274
CBAA,medium,bounded_b4_w5,trace_0029,29,agx_host_proxy,True,True,True,,,161.50120382747647,161.40069282747646,0.10051100000001156,9.00158417841506,8.872846781025473,0.12873739738958712,20.537566835343164,20.45511856929771,0.08244826604545352,85.0,85.0,0.0,366.0,363.0,3.0,56.0,56.0,0.0,0.0006223544940716501,0.118259
CBAA,medium,bounded_b4_w5,trace_0030,30,agx_host_proxy,True,True,True,,,136.99853281445155,137.17006692850845,-0.17153411405689667,18.261991840418293,18.747029828789003,-0.4850379883707099,30.40628274097821,30.842734375980964,-0.4364516350027543,76.0,76.0,0.0,239.0,251.0,-12.0,61.0,64.0,-3.0,-0.0012520872343152719,0.088161
CBAA,medium,bounded_b4_w5,trace_0031,31,agx_host_proxy,True,True,True,,,146.59493890489108,146.4939419048911,0.10099699999997824,14.716637017055834,14.663193593995445,0.05344342306038996,25.718136102183916,25.702436410851067,0.01569969133284843,80.0,80.0,0.0,322.0,317.0,5.0,55.0,55.0,0.0,0.0006889528434914373,0.126699
CBAA,medium,bounded_b4_w5,trace_0032,32,agx_host_proxy,False,True,False,stagnation_horizon,,,194.59189763746969,,1.351357100263146,9.22967092486155,,12.170922498347636,24.105219032379438,,14.0,102.0,,5087.0,622.0,,5053.0,228.0,,,0.338219
CBAA,medium,bounded_b4_w5,trace_0033,33,agx_host_proxy,True,True,True,,,144.8237395511362,173.9908678156969,-29.167128264560688,8.841298345959348,10.777826519326753,-1.936528173367405,21.330034452003748,25.63183005302887,-4.301795601025123,80.0,96.0,-16.0,299.0,383.0,-84.0,56.0,60.0,-4.0,-0.20139742527682752,0.09639
CBAA,medium,bounded_b4_w5,trace_0034,34,agx_host_proxy,True,True,True,,,147.7484731273829,148.0191777843701,-0.27070465698719204,9.562564507042481,9.124737541768908,0.43782696527357245,21.936909775870614,21.632655103738788,0.304254672131826,79.0,82.0,-3.0,294.0,300.0,-6.0,60.0,62.0,-2.0,-0.001832199353788253,0.094995
CBAA,medium,bounded_b4_w5,trace_0035,35,agx_host_proxy,True,True,True,,,195.90668923277929,180.24579802284535,15.660891209933936,7.255814813814465,7.56307758435522,-0.30726277054075535,19.99181793731017,21.645442832109964,-1.653624894799794,93.0,95.0,-2.0,520.0,400.0,120.0,69.0,62.0,7.0,0.0799405639045098,0.15360700000000002
CBAA,medium,bounded_b4_w5,trace_0036,36,agx_host_proxy,True,True,True,,,170.55869527967874,158.35313884321573,12.205556436463013,10.678825206143262,10.50569772278601,0.17312748335725203,22.51075187275692,21.934715496341155,0.5760363764157646,93.0,87.0,6.0,403.0,333.0,70.0,66.0,63.0,3.0,0.07156220570548212,0.13428099999999998
CBAA,medium,bounded_b4_w5,trace_0037,37,agx_host_proxy,True,True,True,,,182.31791049837886,215.29396352767725,-32.976053029298384,12.011157954750432,10.769178944528726,1.2419790102217068,26.929239946471725,26.30419811898897,0.6250418274827538,101.0,119.0,-18.0,328.0,681.0,-353.0,59.0,241.0,-182.0,-0.18087116586163157,0.110912
CBAA,medium,bounded_b4_w5,trace_0038,38,agx_host_proxy,True,True,True,,,132.06361688775064,136.45860372211982,-4.394986834369178,11.068933224103965,11.076469012860802,-0.007535788756836581,21.059593863666617,21.630431747682014,-0.5708378840153969,68.0,75.0,-7.0,328.0,303.0,25.0,60.0,60.0,0.0,-0.03327931596864229,0.108337
CBAA,medium,bounded_b4_w5,trace_0039,39,agx_host_proxy,False,True,False,stagnation_horizon,,,144.04581031761361,,5.282346659132775,9.014969567969404,,11.989638915141672,21.28145901742665,,16.0,78.0,,5546.0,312.0,,5505.0,93.0,,,0.31535599999999997
CBAA,medium,bounded_b4_w5,trace_0040,40,agx_host_proxy,True,True,True,,,171.6921978545605,171.6900008545605,0.0021969999999953416,7.432493342935885,7.429141702935877,0.0033516400000079827,21.34514529912873,21.342627738742344,0.0025175603863871743,93.0,93.0,0.0,307.0,308.0,-1.0,59.0,59.0,0.0,1.279615513953877e-05,0.092556
CBAA,medium,bounded_b4_w5,trace_0041,41,agx_host_proxy,True,True,True,,,178.10197366574621,171.42090992347832,6.681063742267895,10.181671705133498,9.102630151019264,1.0790415541142337,22.421555744759218,21.582810518064242,0.8387452266949751,94.0,93.0,1.0,447.0,334.0,113.0,59.0,60.0,-1.0,0.03751257554734691,0.14052499999999998
CBAA,medium,bounded_b4_w5,trace_0042,42,agx_host_proxy,True,True,True,,,176.78400387585867,183.0601168564681,-6.27611298060944,5.966825252103304,4.926463936811022,1.040361315292282,20.19765134702587,17.715202075568115,2.4824492714577566,98.0,97.0,1.0,297.0,400.0,-103.0,59.0,61.0,-2.0,-0.03550158862233177,0.088372
CBAA,medium,bounded_b4_w5,trace_0043,43,agx_host_proxy,True,True,True,,,170.51003853434628,167.914942104534,2.595096429812287,11.46082785501608,11.483406494134607,-0.022578639118528088,25.798216799532312,25.653538246403567,0.14467855312874534,95.0,95.0,0.0,330.0,324.0,6.0,65.0,67.0,-2.0,0.01521961083417121,0.10650100000000001
CBAA,medium,bounded_b4_w5,trace_0044,44,agx_host_proxy,True,True,True,,,131.65124725193166,132.0809487405927,-0.4297014886610384,10.910842905063028,10.970975230347511,-0.0601323252844832,22.052077984516824,22.117836053063368,-0.06575806854654331,73.0,73.0,0.0,257.0,264.0,-7.0,58.0,58.0,0.0,-0.003263937848144721,0.089389
CBAA,medium,bounded_b4_w5,trace_0045,45,agx_host_proxy,True,True,True,,,156.54380576587337,152.76448583945057,3.779319926422801,14.092212983559026,12.802582034342558,1.289630949216468,27.34879699726145,24.060828797157853,3.2879682001035953,88.0,86.0,2.0,255.0,330.0,-75.0,61.0,60.0,1.0,0.024142251479915753,0.084215
CBAA,medium,bounded_b4_w5,trace_0046,46,agx_host_proxy,True,True,True,,,166.0589755222682,165.97227358248392,0.08670193978429097,10.545106115449311,10.457235185746807,0.08787092970250399,24.043682983894875,23.954704554228037,0.08897842966683811,93.0,93.0,0.0,355.0,347.0,8.0,57.0,57.0,0.0,0.000522115347945552,0.12141300000000001
CBAA,medium,bounded_b4_w5,trace_0047,47,agx_host_proxy,True,True,True,,,216.12517874899825,200.27917429320968,15.846004455788574,6.553619808072801,6.14987281488862,0.40374699318418106,21.4672001191529,20.128518049525262,1.3386820696276374,117.0,101.0,16.0,445.0,466.0,-21.0,62.0,65.0,-3.0,0.07331864129626323,0.148472
CBAA,medium,bounded_b4_w5,trace_0048,48,agx_host_proxy,True,True,True,,,175.54097333819178,175.5361733381918,0.004799999999988813,7.090333983452572,7.085737463452574,0.004596519999997994,21.907245457645576,21.902084057645578,0.00516139999999865,99.0,99.0,0.0,300.0,298.0,2.0,58.0,58.0,0.0,2.7344043437319233e-05,0.095487
CBAA,medium,bounded_b4_w5,trace_0049,49,agx_host_proxy,True,True,True,,,147.3490817665399,147.4476967665399,-0.09861499999999523,8.210485266581863,8.20307563366971,0.00740963291215202,20.744326686349407,20.763992690774163,-0.019666004424756522,82.0,82.0,0.0,271.0,270.0,1.0,60.0,60.0,0.0,-0.0006692610419944182,0.091769
CBAA,medium,count_b2,trace_0000,0,agx_host_proxy,True,True,True,,,183.3457252046011,183.43366020460107,-0.08793499999995902,10.253286745652202,10.249604334961457,0.0036824106907449305,25.58048924678577,25.5813818850149,-0.0008926382291285506,102.0,102.0,0.0,345.0,346.0,-1.0,74.0,76.0,-2.0,-0.0004796130365288291,0.118738
CBAA,medium,count_b2,trace_0001,1,agx_host_proxy,False,True,False,stagnation_horizon,,,174.29466146494858,,7.789861016459782,6.237502193278142,,23.302551000847384,21.735507068451042,,39.0,97.0,,5603.0,383.0,,5528.0,136.0,,,0.300035
CBAA,medium,count_b2,trace_0002,2,agx_host_proxy,True,True,True,,,163.55722357688822,160.02586533404806,3.531358242840156,7.304002622513328,7.255555887228812,0.04844673528451526,22.515348887058952,22.160176656320274,0.35517223073867754,91.0,89.0,2.0,356.0,337.0,19.0,67.0,68.0,-1.0,0.021590964713215893,0.113357
CBAA,medium,count_b2,trace_0003,3,agx_host_proxy,True,True,True,,,151.7004807138195,161.7204232910083,-10.0199425771888,7.6925960341006885,7.924934191932507,-0.23233815783181822,20.59156467463159,20.875878055911993,-0.28431338128040196,84.0,90.0,-6.0,320.0,348.0,-28.0,63.0,64.0,-1.0,-0.06605082943732564,0.106528
CBAA,medium,count_b2,trace_0004,4,agx_host_proxy,True,True,True,,,208.1182353112238,202.28536487541862,5.832870435805177,5.535131935877906,4.846536306736643,0.6885956291412629,23.14272932631402,20.059658298466836,3.0830710278471827,115.0,101.0,14.0,436.0,523.0,-87.0,65.0,65.0,0.0,0.028026714848329345,0.135039
CBAA,medium,count_b2,trace_0005,5,agx_host_proxy,True,True,True,,,189.05463787739697,183.25488434927567,5.7997535281213,5.849504979530999,6.850787930417848,-1.001282950886849,20.764012101301656,20.81078308757891,-0.04677098627725229,107.0,103.0,4.0,422.0,380.0,42.0,66.0,65.0,1.0,0.030677658021182608,0.13040500000000002
CBAA,medium,count_b2,trace_0006,6,agx_host_proxy,True,True,True,,,158.6583103325055,179.41778920252534,-20.759478870019848,8.68120768884247,11.973941332985277,-3.292733644142807,24.859855507917967,28.857726147673016,-3.9978706397550496,88.0,98.0,-10.0,312.0,387.0,-75.0,72.0,115.0,-43.0,-0.13084394272517788,0.103469
CBAA,medium,count_b2,trace_0007,7,agx_host_proxy,True,True,True,,,185.82529256487982,176.43603628906612,9.389256275813693,6.42726425937832,6.825176541504475,-0.39791228212615515,20.19149971948338,22.480812415575915,-2.2893126960925336,103.0,97.0,6.0,7595.0,585.0,7010.0,7251.0,327.0,6924.0,0.05052733213125705,0.6484989999999999
CBAA,medium,count_b2,trace_0008,8,agx_host_proxy,True,True,True,,,147.17191518494863,143.5447109825947,3.627204202353937,12.302914413487963,12.633862656281968,-0.3309482427940047,24.706744719917502,24.47775322315188,0.22899149676562303,81.0,81.0,0.0,292.0,288.0,4.0,62.0,66.0,-4.0,0.024646035201727767,0.096342
CBAA,medium,count_b2,trace_0009,9,agx_host_proxy,True,True,True,,,143.68557583211873,143.68097583211875,0.004599999999982174,5.651831418684918,5.6841041251128654,-0.03227270642794711,17.455072144349888,17.451098509423122,0.003973634926765612,79.0,79.0,0.0,321.0,321.0,0.0,67.0,67.0,0.0,3.201434781008765e-05,0.104446
CBAA,medium,count_b2,trace_0010,10,agx_host_proxy,True,True,True,,,139.66394897574472,158.99818990331147,-19.334240927566753,9.426934881894267,9.790814575644513,-0.36387969375024554,20.5846096735807,24.332359922752033,-3.7477502491713324,78.0,88.0,-10.0,311.0,332.0,-21.0,65.0,69.0,-4.0,-0.13843401299589853,0.10009599999999999
CBAA,medium,count_b2,trace_0011,11,agx_host_proxy,True,True,True,,,159.2585304548481,179.0384325558657,-19.779902101017598,5.09996013440089,5.613703333803309,-0.5137431994024189,19.901770705255803,21.360424337993862,-1.4586536327380593,87.0,99.0,-12.0,327.0,394.0,-67.0,63.0,69.0,-6.0,-0.12419995365099429,0.102684
CBAA,medium,count_b2,trace_0012,12,agx_host_proxy,True,True,True,,,161.70907124780783,156.16749625699285,5.541574990814979,7.195051217672968,8.34293107371286,-1.147879856039892,20.7711906740665,22.83728425406902,-2.0660935800025193,90.0,87.0,3.0,338.0,272.0,66.0,70.0,63.0,7.0,0.034268794867561285,0.10436799999999999
CBAA,medium,count_b2,trace_0013,13,agx_host_proxy,True,True,True,,,174.0770173513007,175.27156796090426,-1.1945506096035672,10.666916459950338,9.875343905088538,0.7915725548617996,23.708324957474648,24.26533479486053,-0.5570098373858805,95.0,92.0,3.0,387.0,364.0,23.0,71.0,67.0,4.0,-0.006862195985314207,0.127459
CBAA,medium,count_b2,trace_0014,14,agx_host_proxy,True,True,True,,,169.009935666047,181.69771471459194,-12.68777904854494,5.643323922725716,5.928855362255688,-0.2855314395299722,18.159552388790438,18.841827415304316,-0.682275026513878,91.0,98.0,-7.0,377.0,438.0,-61.0,68.0,74.0,-6.0,-0.0750712021665708,0.114734
CBAA,medium,count_b2,trace_0015,15,agx_host_proxy,True,True,True,,,177.40836486902953,175.84548639731392,1.5628784717156066,8.088003767086319,7.276964137079515,0.8110396300068032,23.500325251783075,22.00939064399681,1.490934607786265,100.0,98.0,2.0,361.0,350.0,11.0,65.0,68.0,-3.0,0.008809497076811404,0.12158300000000001
CBAA,medium,count_b2,trace_0016,16,agx_host_proxy,True,True,True,,,142.95489451281568,142.89437567618847,0.06051883662721025,7.700813154214139,7.528023208340347,0.17278994587379248,19.414894199152645,19.092892505692863,0.32200169345978225,80.0,80.0,0.0,265.0,266.0,-1.0,66.0,65.0,1.0,0.00042334217959766904,0.078265
CBAA,medium,count_b2,trace_0017,17,agx_host_proxy,True,True,True,,,215.03671478286486,199.39545805470476,15.641256728160101,7.6259921505767005,7.375739200588311,0.2502529499883899,24.526044193285493,22.519389145790665,2.006655047494828,119.0,113.0,6.0,3167.0,422.0,2745.0,2766.0,67.0,2699.0,0.07273761015161524,0.289999
CBAA,medium,count_b2,trace_0018,18,agx_host_proxy,False,True,False,stagnation_horizon,,,174.13400641300757,,5.258262685747261,4.6619906729374785,,16.82606147996071,20.32507280546112,,65.0,96.0,,5969.0,324.0,,5825.0,66.0,,,0.421379
CBAA,medium,count_b2,trace_0019,19,agx_host_proxy,True,True,True,,,161.18434547420028,161.17541147420036,0.00893399999992539,9.454506926594195,9.487739123906799,-0.03323219731260352,22.807542445737614,22.78605275018696,0.0214896955506525,90.0,90.0,0.0,406.0,413.0,-7.0,66.0,66.0,0.0,5.5427218900457036e-05,0.139961
CBAA,medium,count_b2,trace_0020,20,agx_host_proxy,True,True,True,,,170.8021167258332,175.21306425433144,-4.410947528498241,6.797455314170589,6.739440086512985,0.05801522765760403,16.998780539216472,17.08746862196654,-0.08868808275006757,79.0,85.0,-6.0,497.0,522.0,-25.0,65.0,65.0,0.0,-0.0258248996736883,0.15342399999999998
CBAA,medium,count_b2,trace_0021,21,agx_host_proxy,True,True,True,,,172.2281667741212,172.83701285862813,-0.6088460845069221,10.34646774696403,10.731040873297843,-0.38457312633381235,24.86514149550186,24.453650517015802,0.4114909784860572,96.0,99.0,-3.0,290.0,307.0,-17.0,68.0,77.0,-9.0,-0.003535113308762261,0.09057
CBAA,medium,count_b2,trace_0022,22,agx_host_proxy,True,True,True,,,161.41731212670152,168.85028136400325,-7.432969237301734,7.217086356928348,6.683885351983841,0.5332010049445071,20.70151424535713,19.09287283443866,1.608641410918473,88.0,90.0,-2.0,358.0,373.0,-15.0,67.0,68.0,-1.0,-0.04604815393944463,0.119588
CBAA,medium,count_b2,trace_0023,23,agx_host_proxy,True,True,True,,,192.25781064993987,166.84861183165708,25.40919881828279,5.3210856627541245,6.0497895367532815,-0.7287038739991569,20.627469155135365,19.043573630646296,1.5838955244890691,102.0,90.0,12.0,432.0,382.0,50.0,70.0,65.0,5.0,0.1321621146750052,0.133966
CBAA,medium,count_b2,trace_0024,24,agx_host_proxy,True,True,True,,,174.43857455821413,188.66567472151814,-14.227100163304016,7.156112862630393,7.150191505301033,0.005921357329359722,19.720930289970894,19.977655534677826,-0.2567252447069315,95.0,105.0,-10.0,402.0,472.0,-70.0,65.0,64.0,1.0,-0.08155936953357819,0.12446600000000001
CBAA,medium,count_b2,trace_0025,25,agx_host_proxy,True,True,True,,,163.58202157986278,159.07305469164328,4.508966888219504,11.524848605402052,9.312739799672332,2.21210880572972,25.906439435650146,22.13368657997057,3.7727528556795775,90.0,88.0,2.0,302.0,328.0,-26.0,70.0,76.0,-6.0,0.027563951372358914,0.094384
CBAA,medium,count_b2,trace_0026,26,agx_host_proxy,True,True,True,,,184.90030539200453,179.4753110136594,5.424994378345133,7.148274735665047,6.439186818188641,0.7090879174764062,22.314950130128597,21.828144688961064,0.4868054411675331,104.0,101.0,3.0,398.0,352.0,46.0,65.0,63.0,2.0,0.02934010501953298,0.127835
CBAA,medium,count_b2,trace_0027,27,agx_host_proxy,True,True,True,,,172.02173458130264,145.37507794465455,26.64665663664809,19.236450231203563,14.063730717176254,5.172719514027309,33.18645233108529,26.33078094816375,6.8556713829215425,97.0,81.0,16.0,376.0,338.0,38.0,79.0,85.0,-6.0,0.1549028481866289,0.15473499999999998
CBAA,medium,count_b2,trace_0028,28,agx_host_proxy,True,True,True,,,207.336086390492,206.25025692277254,1.0858294677194635,6.66946446274656,6.496413935346564,0.1730505273999956,22.970235942737474,24.77612082744828,-1.8058848847108067,110.0,114.0,-4.0,415.0,376.0,39.0,71.0,74.0,-3.0,0.005237050079523723,0.126875
CBAA,medium,count_b2,trace_0029,29,agx_host_proxy,True,True,True,,,175.48625652665686,168.30383950507124,7.182417021585621,10.871928373761834,11.522233425984542,-0.6503050522227074,27.156578097858816,27.839805766539357,-0.6832276686805407,97.0,94.0,3.0,377.0,305.0,72.0,74.0,69.0,5.0,0.04092865825361425,0.135825
CBAA,medium,count_b2,trace_0030,30,agx_host_proxy,True,True,True,,,113.51766480130546,129.00841730273785,-15.490752501432397,11.913546941275182,11.565916230800603,0.3476307104745793,23.392528039330394,23.008587988153927,0.38394005117646657,63.0,72.0,-9.0,240.0,319.0,-79.0,69.0,68.0,1.0,-0.13646116248556103,0.073207
CBAA,medium,count_b2,trace_0031,31,agx_host_proxy,True,True,True,,,141.44991996864883,141.44596096864885,0.003958999999980506,12.475311699037865,12.467489779037866,0.007821919999999594,22.79975512218725,22.79117592218725,0.008579199999999787,78.0,78.0,0.0,313.0,313.0,0.0,66.0,66.0,0.0,2.7988704418199634e-05,0.106588
CBAA,medium,count_b2,trace_0032,32,agx_host_proxy,False,True,False,stagnation_horizon,,,191.30033033960999,,8.971513527472842,8.494773534748603,,24.10466699856991,24.652828557149117,,76.0,104.0,,8579.0,446.0,,8403.0,193.0,,,0.576028
CBAA,medium,count_b2,trace_0033,33,agx_host_proxy,True,True,True,,,149.54150942050822,146.54940255089622,2.9921068696120017,8.556378611482456,8.795468908346939,-0.23909029686448235,21.16571178242026,21.399373867294553,-0.23366208487429319,84.0,80.0,4.0,329.0,308.0,21.0,62.0,62.0,0.0,0.02000853730316609,0.102262
CBAA,medium,count_b2,trace_0034,34,agx_host_proxy,True,True,True,,,148.87301669039027,145.28448573416415,3.5885309562261227,10.443811445172813,8.83584618955517,1.6079652556176427,22.03849466396558,20.946719432837558,1.0917752311280218,84.0,81.0,3.0,345.0,293.0,52.0,72.0,71.0,1.0,0.02410464324565381,0.106836
CBAA,medium,count_b2,trace_0035,35,agx_host_proxy,True,True,True,,,198.7050976164118,198.73451229436145,-0.029414677949660017,7.422611455812041,7.424659272424938,-0.002047816612896547,21.850948981819734,21.853303889116344,-0.0023549072966098095,98.0,98.0,0.0,516.0,519.0,-3.0,76.0,76.0,0.0,-0.00014803182355413588,0.16809000000000002
CBAA,medium,count_b2,trace_0036,36,agx_host_proxy,True,True,True,,,171.5011404872982,164.96586558689071,6.535274900407472,8.460152035584528,8.353435753476141,0.1067162821083869,21.352208491402187,21.109980201114762,0.2422282902874251,97.0,93.0,4.0,380.0,345.0,35.0,67.0,67.0,0.0,0.0381063057763834,0.119006
CBAA,medium,count_b2,trace_0037,37,agx_host_proxy,True,True,True,,,195.43795745384816,202.5262710932682,-7.0883136394200505,10.25053074235065,10.551925814847163,-0.3013950724965131,25.128550382091987,25.813092345370716,-0.6845419632787291,110.0,110.0,0.0,428.0,464.0,-36.0,73.0,65.0,8.0,-0.03626886881016409,0.145923
CBAA,medium,count_b2,trace_0038,38,agx_host_proxy,True,True,True,,,132.53993385770534,132.0385220854002,0.501411772305147,13.292947239450823,13.272366648460928,0.020580590989895953,22.61963800381324,22.601144848367127,0.018493155446112297,71.0,71.0,0.0,871.0,331.0,540.0,609.0,72.0,537.0,0.003783099611649587,0.150805
CBAA,medium,count_b2,trace_0039,39,agx_host_proxy,True,True,True,,,138.6236847782897,138.38458693784685,0.2390978404428381,9.282965081405488,9.977690906338621,-0.6947258249331334,20.731210261606634,21.48855076247678,-0.7573405008701464,77.0,77.0,0.0,283.0,269.0,14.0,71.0,71.0,0.0,0.0017247979003389181,0.09590599999999999
CBAA,medium,count_b2,trace_0040,40,agx_host_proxy,True,True,True,,,184.2527419810737,184.25090598107369,0.001836000000025706,7.114309193431437,7.110872109961108,0.0034370834703283393,20.052750311046637,20.04937490534113,0.0033754057055084274,97.0,97.0,0.0,398.0,398.0,0.0,67.0,67.0,0.0,9.964573554158008e-06,0.11774799999999999
CBAA,medium,count_b2,trace_0041,41,agx_host_proxy,True,True,True,,,172.58956108613256,174.7142728873963,-2.124711801263743,12.030745810038935,11.779554236067243,0.2511915739716919,26.9681314783461,25.1032533497961,1.86487812855,96.0,96.0,0.0,2101.0,394.0,1707.0,1870.0,104.0,1766.0,-0.012310778171591642,0.216194
CBAA,medium,count_b2,trace_0042,42,agx_host_proxy,True,True,True,,,186.39686070889428,199.21958666117695,-12.822725952282667,7.067508342332229,7.320382376199728,-0.2528740338674984,20.36543076568954,22.700556295112694,-2.3351255294231557,98.0,111.0,-13.0,1756.0,486.0,1270.0,1441.0,225.0,1216.0,-0.06879260682565136,0.205865
CBAA,medium,count_b2,trace_0043,43,agx_host_proxy,True,True,True,,,174.40150820299513,155.52915686754693,18.8723513354482,9.091695963439857,9.272605914669969,-0.18090995123011133,24.10372087610161,23.405524704580362,0.6981961715212499,96.0,86.0,10.0,379.0,278.0,101.0,72.0,68.0,4.0,0.10821208789938716,0.124548
CBAA,medium,count_b2,trace_0044,44,agx_host_proxy,True,True,True,,,153.97834377453447,154.13394085241123,-0.15559707787676302,12.96400858132616,11.28974937001764,1.6742592113085202,25.0189638957326,23.887785753871682,1.131178141860918,87.0,87.0,0.0,293.0,309.0,-16.0,76.0,75.0,1.0,-0.0010105127387562943,0.098573
CBAA,medium,count_b2,trace_0045,45,agx_host_proxy,True,True,True,,,152.58956497374643,152.56833297374646,0.021231999999969275,12.237843008552424,11.956059091269745,0.28178391728267904,23.66819906286084,23.89248539883795,-0.22428633597711212,85.0,85.0,0.0,330.0,314.0,16.0,69.0,69.0,0.0,0.00013914450836544632,0.10713099999999999
CBAA,medium,count_b2,trace_0046,46,agx_host_proxy,True,True,True,,,156.0458175355672,156.4578512737423,-0.41203373817509714,11.355832130803144,11.357695416100551,-0.0018632852974072023,25.459193484521947,25.55234170032909,-0.09314821580714394,87.0,87.0,0.0,5649.0,395.0,5254.0,5408.0,151.0,5257.0,-0.002640466400717104,0.47310599999999997
CBAA,medium,count_b2,trace_0047,47,agx_host_proxy,True,True,True,,,204.46774205820884,194.61820218780372,9.849539870405124,4.981276880645945,5.506245738656806,-0.5249688580108609,19.35621846024387,21.78769182850961,-2.431473368265742,103.0,108.0,-5.0,524.0,338.0,186.0,68.0,71.0,-3.0,0.048171607761977,0.16008699999999998
CBAA,medium,count_b2,trace_0048,48,agx_host_proxy,True,True,True,,,149.74454095333965,171.79582777499397,-22.051286821654315,7.453362571021125,10.852925427087673,-3.399562856066548,23.25093768894407,27.04850350996832,-3.79756582102425,83.0,97.0,-14.0,280.0,333.0,-53.0,66.0,66.0,0.0,-0.14725937040019035,0.085479
CBAA,medium,count_b2,trace_0049,49,agx_host_proxy,True,True,True,,,158.27798546794298,147.87095530269448,10.4070301652485,7.836648260912922,5.912122755425176,1.924525505487746,22.36626506094823,19.866646783852108,2.499618277096122,88.0,82.0,6.0,287.0,286.0,1.0,66.0,65.0,1.0,0.06575159605728176,0.08892800000000001
CBAA,medium,count_b4,trace_0000,0,rp2040_hardware,True,True,True,,,188.43019272493578,195.63232692103935,-7.202134196103572,9.335336817767757,8.808845033032203,0.5264917847355548,22.225693969692404,21.940865306183507,0.2848286635088968,100.0,100.0,0.0,500.0,545.0,-45.0,56.0,85.0,-29.0,-0.038221763147146016,10.042613
CBAA,medium,count_b4,trace_0001,1,rp2040_hardware,True,True,True,,,194.77230674162072,187.49559645876784,7.276710282852889,10.308494121254792,7.829139524078614,2.4793545971761786,26.19771630439254,22.464596621776728,3.7331196826158113,105.0,105.0,0.0,319.0,398.0,-79.0,59.0,58.0,1.0,0.03736008678331238,7.180281
CBAA,medium,count_b4,trace_0002,2,rp2040_hardware,True,True,True,,,149.18577721019716,161.6818324055708,-12.496055195373629,9.367472179441815,10.120283229374088,-0.7528110499322729,21.261837708311397,23.373869764810202,-2.112032056498805,84.0,92.0,-8.0,278.0,324.0,-46.0,58.0,64.0,-6.0,-0.08376170590154285,6.3642650000000005
CBAA,medium,count_b4,trace_0003,3,rp2040_hardware,True,True,True,,,180.45584042327118,147.27982513542486,33.176015287846326,11.156389747603049,6.99262815980127,4.163761587801779,25.498770405920837,19.278566378581505,6.2202040273393315,100.0,82.0,18.0,336.0,278.0,58.0,58.0,54.0,4.0,0.18384561680037495,7.708607
CBAA,medium,count_b4,trace_0004,4,agx_host_proxy,True,True,True,,,204.6419217092787,188.77732294413343,15.864598765145274,7.5936814323180375,6.496155794249448,1.0975256380685892,26.193723876425828,20.756663116554577,5.437060759871251,115.0,102.0,13.0,377.0,398.0,-21.0,57.0,53.0,4.0,0.07752369911617163,0.125819
CBAA,medium,count_b4,trace_0005,5,agx_host_proxy,True,True,True,,,181.97658644931442,181.95556045347703,0.021025995837391065,7.345351089630583,7.399630562961084,-0.054279473330501204,22.086486983777085,22.288525322796165,-0.20203833901907942,103.0,103.0,0.0,357.0,341.0,16.0,57.0,57.0,0.0,0.00011554231369895157,0.12003899999999999
CBAA,medium,count_b4,trace_0006,6,agx_host_proxy,True,True,True,,,161.24478973860607,161.25904564287248,-0.014255904266406105,7.32942329172397,7.327566585979958,0.0018567057440117551,21.646504131070852,21.64220016341217,0.0043039676586822395,91.0,91.0,0.0,292.0,292.0,0.0,54.0,54.0,0.0,-8.841156535672471e-05,0.08756299999999999
CBAA,medium,count_b4,trace_0007,7,agx_host_proxy,True,True,True,,,180.67011200189503,192.6845370693796,-12.014425067484552,8.022456529953276,9.833564230930333,-1.8111077009770575,21.939217777752532,25.01208201165863,-3.072864233906099,102.0,108.0,-6.0,7128.0,467.0,6661.0,6923.0,221.0,6702.0,-0.06649923960504621,0.537389
CBAA,medium,count_b4,trace_0008,8,agx_host_proxy,True,True,True,,,144.88272972297372,144.00201432397347,0.8807153990002519,9.722668176114027,9.771607392170301,-0.04893921605627405,21.80172292950246,21.793136537408092,0.008586392094368733,81.0,81.0,0.0,314.0,307.0,7.0,53.0,53.0,0.0,0.006078815609591589,0.097261
CBAA,medium,count_b4,trace_0009,9,agx_host_proxy,True,True,True,,,160.75479793651377,162.67965417758634,-1.9248562410725754,6.431620659488582,8.893072069115519,-2.461451409626937,18.55014650684425,21.438003671934204,-2.8878571650899545,87.0,91.0,-4.0,383.0,338.0,45.0,59.0,60.0,-1.0,-0.011973864953211231,0.118823
CBAA,medium,count_b4,trace_0010,10,agx_host_proxy,True,True,True,,,154.80238857000333,148.3706133088544,6.4317752611489425,9.70571469643992,8.81690361527033,0.8888110811695888,22.439580422142367,22.29855056553825,0.14102985660411704,86.0,83.0,3.0,292.0,242.0,50.0,52.0,54.0,-2.0,0.041548294703737235,0.098646
CBAA,medium,count_b4,trace_0011,11,agx_host_proxy,True,True,True,,,180.25961206384815,163.77825614832634,16.481355915521817,6.28197136968248,5.952027840605143,0.3299435290773367,19.8774115518983,19.13140210678875,0.74600944510955,98.0,87.0,11.0,400.0,352.0,48.0,55.0,54.0,1.0,0.09143121815708836,0.1245
CBAA,medium,count_b4,trace_0012,12,agx_host_proxy,True,True,True,,,158.874083274899,157.794889103778,1.079194171121003,9.588805958588788,7.533028013517511,2.0557779450712763,23.03770236813052,19.609517060375197,3.4281853077553244,89.0,89.0,0.0,244.0,321.0,-77.0,56.0,55.0,1.0,0.00679276411152396,0.07473600000000001
CBAA,medium,count_b4,trace_0013,13,agx_host_proxy,True,True,True,,,177.7168897554777,165.76223266491968,11.954657090558015,9.580630286680965,9.579137564941751,0.0014927217392131098,23.393566177458933,22.525159940584228,0.868406236874705,100.0,92.0,8.0,385.0,332.0,53.0,58.0,56.0,2.0,0.06726798509138067,0.12695499999999998
CBAA,medium,count_b4,trace_0014,14,agx_host_proxy,True,True,True,,,179.69267465459833,178.03839095281015,1.654283701788188,8.57339263399826,6.232621988319425,2.340770645678835,21.237864011512123,17.428909387886808,3.808954623625315,99.0,90.0,9.0,391.0,416.0,-25.0,56.0,62.0,-6.0,0.009206183306960169,0.131942
CBAA,medium,count_b4,trace_0015,15,agx_host_proxy,True,True,True,,,183.425713671721,180.9837777534575,2.4419359182635105,9.374111611594985,11.299022047072933,-1.9249104354779476,24.676714989686815,27.842985198466543,-3.1662702087797285,102.0,102.0,0.0,346.0,288.0,58.0,65.0,65.0,0.0,0.013312942168151352,0.12281500000000001
CBAA,medium,count_b4,trace_0016,16,agx_host_proxy,True,True,True,,,139.31352764176359,139.32918015765176,-0.01565251588817773,9.610664286463168,9.33490451548849,0.27575977097467685,22.58840618597388,22.376901345535927,0.2115048404379536,76.0,76.0,0.0,234.0,229.0,5.0,63.0,60.0,3.0,-0.0001123546015461416,0.07041599999999999
CBAA,medium,count_b4,trace_0017,17,agx_host_proxy,True,True,True,,,185.95534139655862,205.19439763954338,-19.23905624298476,7.031994132890975,7.970898927329894,-0.938904794438919,22.044095702388493,23.634520691661297,-1.5904249892728046,104.0,115.0,-11.0,285.0,398.0,-113.0,53.0,56.0,-3.0,-0.10346062715109944,0.09425299999999999
CBAA,medium,count_b4,trace_0018,18,agx_host_proxy,True,True,True,,,177.26350967784393,175.70183201424314,1.5616776636007899,6.415117977081053,6.4120025393161235,0.0031154377649293963,18.448998044386677,20.40432534457668,-1.9553273001900031,90.0,97.0,-7.0,459.0,345.0,114.0,57.0,56.0,1.0,0.008809921830155342,0.137141
CBAA,medium,count_b4,trace_0019,19,agx_host_proxy,True,True,True,,,161.7941609734647,161.78926097346468,0.004900000000020555,11.255830100648444,11.318471960819236,-0.06264186017079254,23.175428556493145,23.16823777653931,0.007190779953834436,90.0,90.0,0.0,318.0,321.0,-3.0,58.0,58.0,0.0,3.028539454414666e-05,0.10699399999999999
CBAA,medium,count_b4,trace_0020,20,agx_host_proxy,True,True,True,,,176.59010395575925,165.37630843278055,11.2137955229787,8.680398480776946,11.060971039530925,-2.380572558753979,20.595789905868646,24.080281785698396,-3.4844918798297506,92.0,93.0,-1.0,394.0,274.0,120.0,55.0,61.0,-6.0,0.06350183431449856,0.121847
CBAA,medium,count_b4,trace_0021,21,agx_host_proxy,True,True,True,,,170.58387677535472,169.13107970514025,1.4527970702144728,10.214771020366276,9.497993615596396,0.7167774047698803,24.252967115962242,23.37224846415513,0.8807186518071113,95.0,93.0,2.0,269.0,288.0,-19.0,57.0,55.0,2.0,0.008516614217460246,0.080266
CBAA,medium,count_b4,trace_0022,22,agx_host_proxy,True,True,True,,,159.73831367040677,161.86271393343216,-2.124400263025393,8.35694437066008,7.627158733171725,0.729785637488356,21.851260761110023,20.937085080535883,0.9141756805741394,90.0,91.0,-1.0,342.0,346.0,-4.0,63.0,61.0,2.0,-0.013299253098469143,0.113554
CBAA,medium,count_b4,trace_0023,23,agx_host_proxy,True,True,True,,,175.4860324330116,176.75437004454042,-1.2683376115288354,6.424390749319449,7.596790899482929,-1.1724001501634804,19.539874492868208,22.646564571113025,-3.1066900782448172,98.0,96.0,2.0,387.0,318.0,69.0,56.0,62.0,-6.0,-0.0072275701601094595,0.112121
CBAA,medium,count_b4,trace_0024,24,agx_host_proxy,True,True,True,,,180.7950682719512,182.03222838359662,-1.2371601116454087,7.231712731408089,5.987501771685323,1.244210959722766,20.812562151597945,19.24808179023983,1.5644803613581146,94.0,99.0,-5.0,346.0,409.0,-63.0,62.0,60.0,2.0,-0.006842886387722023,0.096168
CBAA,medium,count_b4,trace_0025,25,agx_host_proxy,True,True,True,,,169.30882570951061,179.92885869471118,-10.620032985200567,12.166094655569156,10.983311309981577,1.1827833455875787,25.506965195068233,25.34580510210041,0.16116009296782252,94.0,100.0,-6.0,293.0,322.0,-29.0,60.0,65.0,-5.0,-0.06272580853771763,0.09781000000000001
CBAA,medium,count_b4,trace_0026,26,agx_host_proxy,True,True,True,,,178.87246260355096,175.1483048390874,3.7241577644635697,7.757819000323546,6.877283136789344,0.8805358635342024,22.030849871980298,20.865924737984184,1.164925133996114,98.0,91.0,7.0,357.0,384.0,-27.0,63.0,58.0,5.0,0.02082018500923595,0.112982
CBAA,medium,count_b4,trace_0027,27,agx_host_proxy,True,True,True,,,137.73403382455464,141.54175104249347,-3.80771721793883,10.324028212251688,9.786849601871893,0.5371786103797955,21.59553404412137,21.765108788881758,-0.16957474476038925,77.0,80.0,-3.0,243.0,279.0,-36.0,55.0,58.0,-3.0,-0.027645434553881527,0.082179
CBAA,medium,count_b4,trace_0028,28,agx_host_proxy,True,True,True,,,202.93896411761816,214.52401440295358,-11.585050285335427,7.753144693475698,6.540728272537535,1.2124164209381627,21.77041532053589,21.86862283686176,-0.09820751632587132,102.0,110.0,-8.0,424.0,529.0,-105.0,55.0,149.0,-94.0,-0.057086377353444226,0.120117
CBAA,medium,count_b4,trace_0029,29,agx_host_proxy,True,True,True,,,162.8575266010363,159.94156512268103,2.9159614783552854,10.070653470582462,9.967946427230249,0.10270704335221303,22.88859626909773,22.09611078942737,0.7924854796703578,91.0,89.0,2.0,312.0,341.0,-29.0,61.0,56.0,5.0,0.01790498443156836,0.103833
CBAA,medium,count_b4,trace_0030,30,agx_host_proxy,True,True,True,,,127.21458532267071,137.17006692850845,-9.955481605837733,17.166584216845642,18.747029828789003,-1.580445611943361,28.35094434006448,30.842734375980964,-2.491790035916484,70.0,76.0,-6.0,238.0,251.0,-13.0,60.0,64.0,-4.0,-0.07825739148216664,0.09162999999999999
CBAA,medium,count_b4,trace_0031,31,agx_host_proxy,True,True,True,,,146.59479090489108,146.4939419048911,0.10084899999998242,14.669880627372763,14.663193593995445,0.00668703337731813,25.71489932218392,25.7058341288066,0.009065193377320924,80.0,80.0,0.0,320.0,318.0,2.0,54.0,54.0,0.0,0.000687943953379708,0.11049999999999999
CBAA,medium,count_b4,trace_0032,32,agx_host_proxy,True,True,True,,,180.66747448161578,187.42586258536767,-6.758388103751884,8.88737723714148,8.341595912862097,0.5457813242793836,23.287150679286512,21.75022004714244,1.5369306321440703,98.0,96.0,2.0,414.0,476.0,-62.0,56.0,58.0,-2.0,-0.03740788497289587,0.134975
CBAA,medium,count_b4,trace_0033,33,agx_host_proxy,True,True,True,,,144.82263355113625,173.8908678156969,-29.068234264560658,8.941305581203842,10.840351102468139,-1.8990455212642967,21.27645706458612,25.623895074552877,-4.347438009966758,80.0,96.0,-16.0,288.0,372.0,-84.0,54.0,57.0,-3.0,-0.20071610045881944,0.095239
CBAA,medium,count_b4,trace_0034,34,agx_host_proxy,True,True,True,,,162.74659398820904,166.93174536233155,-4.185151374122512,11.07722872647466,10.52366971730495,0.5535590091697102,23.84371657655132,23.336170851081256,0.507545725470063,91.0,92.0,-1.0,311.0,342.0,-31.0,61.0,62.0,-1.0,-0.025715753992527336,0.100649
CBAA,medium,count_b4,trace_0035,35,agx_host_proxy,True,True,True,,,191.67246158544202,192.5973185043384,-0.9248569188963813,6.605293072695912,7.355016466721135,-0.7497233940252226,19.594509598466257,21.4064548753379,-1.8119452768716435,99.0,98.0,1.0,485.0,482.0,3.0,60.0,58.0,2.0,-0.004825194559752169,0.155854
CBAA,medium,count_b4,trace_0036,36,agx_host_proxy,True,True,True,,,170.55886927967876,158.36678774873735,12.192081530941408,10.67956102614326,11.71094831260584,-1.0313872864625804,22.51154577275692,23.89068929097866,-1.3791435182217384,93.0,88.0,5.0,400.0,264.0,136.0,64.0,59.0,5.0,0.07148312827372874,0.13895600000000002
CBAA,medium,count_b4,trace_0037,37,agx_host_proxy,True,True,True,,,213.3940323026084,217.90938981824303,-4.5153575156346335,8.895187201911313,8.808112587011584,0.08707461489972879,24.90952784787022,24.83856478775392,0.0709630601162985,121.0,123.0,-2.0,446.0,693.0,-247.0,56.0,198.0,-142.0,-0.021159717855799853,0.141907
CBAA,medium,count_b4,trace_0038,38,agx_host_proxy,True,True,True,,,133.46472518081617,133.0302169625237,0.43450821829247843,11.363385816440248,11.353974698655225,0.009411117785022682,21.318593200984512,21.238133984155557,0.08045921682895596,71.0,71.0,0.0,313.0,317.0,-4.0,61.0,61.0,0.0,0.0032556034390646116,0.098994
CBAA,medium,count_b4,trace_0039,39,agx_host_proxy,False,True,False,stagnation_horizon,,,156.54649587036903,,5.2370407557962135,10.18083553677089,,11.98975751514167,23.687491545068315,,16.0,87.0,,5349.0,289.0,,5308.0,90.0,,,0.33142299999999997
CBAA,medium,count_b4,trace_0040,40,agx_host_proxy,True,True,True,,,190.0780629246711,195.70308690979675,-5.625023985125665,8.396573536238106,8.920057753589816,-0.5234842173517098,23.318757843628056,24.292399864424542,-0.9736420207964862,107.0,106.0,1.0,310.0,329.0,-19.0,53.0,54.0,-1.0,-0.029593230794628264,0.103012
CBAA,medium,count_b4,trace_0041,41,agx_host_proxy,True,True,True,,,171.18905848176843,192.10658056497806,-20.917522083209633,10.67315387601247,11.582002746977182,-0.9088488709647109,23.75480369875465,25.151876006424104,-1.397072307669454,96.0,99.0,-3.0,335.0,384.0,-49.0,56.0,54.0,2.0,-0.12218959709646011,0.10964
CBAA,medium,count_b4,trace_0042,42,agx_host_proxy,True,True,True,,,181.32177680851512,181.41398280851516,-0.09220600000003287,6.111141889435265,6.156347314009861,-0.04520542457459609,18.43427460018604,18.461976103289985,-0.027701503103944702,98.0,98.0,0.0,383.0,375.0,8.0,57.0,57.0,0.0,-0.0005085213790807214,0.120478
CBAA,medium,count_b4,trace_0043,43,agx_host_proxy,False,True,False,stagnation_horizon,,,166.0812736329621,,9.54592190774099,10.286588514461565,,22.389362374817257,23.508287921498102,,29.0,94.0,,5565.0,264.0,,5515.0,65.0,,,0.314805
CBAA,medium,count_b4,trace_0044,44,agx_host_proxy,False,True,False,stagnation_horizon,,,131.93580325193165,,8.118986832967591,11.013703988274935,,18.830684976569913,22.086598197032888,,40.0,73.0,,5243.0,256.0,,5151.0,56.0,,,0.358757
CBAA,medium,count_b4,trace_0045,45,agx_host_proxy,True,True,True,,,152.7774658379561,152.76396952183904,0.01349631611705604,13.425719722662702,12.826131156354897,0.5995885663078049,25.2070890440944,24.09571944900832,1.111369595086078,86.0,86.0,0.0,345.0,325.0,20.0,60.0,57.0,3.0,8.83397040462168e-05,0.11305000000000001
CBAA,medium,count_b4,trace_0046,46,agx_host_proxy,True,True,True,,,162.5598875425927,162.54308854259273,0.01679899999996337,13.203469655891885,13.189012555875456,0.01445710001642908,25.72513903218448,25.702483802528867,0.022655229655612175,91.0,91.0,0.0,281.0,279.0,2.0,58.0,57.0,1.0,0.00010334037660773988,0.09484
CBAA,medium,count_b4,trace_0047,47,agx_host_proxy,True,True,True,,,205.31977515641518,203.39094053753348,1.9288346188816945,7.5472585598093875,6.84113813270716,0.7061204271022277,22.56618231650759,22.14071925060825,0.4254630658993399,115.0,110.0,5.0,358.0,404.0,-46.0,59.0,55.0,4.0,0.009394295398055467,0.111443
CBAA,medium,count_b4,trace_0048,48,agx_host_proxy,True,True,True,,,158.10226225225333,183.41254187603377,-25.310279623780445,7.746904506676529,7.933131836223155,-0.18622732954662613,21.94031814958287,22.65357197102707,-0.7132538214442015,87.0,103.0,-16.0,274.0,322.0,-48.0,53.0,54.0,-1.0,-0.1600880295020555,0.088725
CBAA,medium,count_b4,trace_0049,49,agx_host_proxy,True,True,True,,,147.3489817665399,147.4476967665399,-0.09871499999999855,8.21038592658187,8.20307563366971,0.0073102929121589,20.74417888634941,20.763992690774163,-0.019813804424753556,82.0,82.0,0.0,271.0,270.0,1.0,60.0,60.0,0.0,-0.0006699401571461338,0.088109
CBAA,medium,count_b8,trace_0000,0,agx_host_proxy,True,True,True,,,178.13547758140845,178.039280137172,0.09619744423645216,10.177465684387633,10.181171796942701,-0.003706112555068586,23.391964861621034,23.04779133846187,0.3441735231591636,87.0,85.0,2.0,1093.0,455.0,638.0,702.0,60.0,642.0,0.0005400240622617672,0.18101499999999998
CBAA,medium,count_b8,trace_0001,1,agx_host_proxy,True,True,True,,,194.1739161741251,180.2508412941157,13.923074880009409,11.29975862515724,11.161966839346666,0.13779178581057394,25.746302443882193,24.735282020498616,1.0110204233835773,110.0,96.0,14.0,398.0,327.0,71.0,55.0,55.0,0.0,0.07170414623313213,0.1318
CBAA,medium,count_b8,trace_0002,2,agx_host_proxy,True,True,True,,,167.3463060002055,147.5564023213085,19.78990367889699,9.427584641656908,9.27202202871754,0.15556261293936835,23.233000706352342,22.800006446201493,0.4329942601508492,93.0,82.0,11.0,354.0,241.0,113.0,51.0,51.0,0.0,0.11825718865209185,0.108152
CBAA,medium,count_b8,trace_0003,3,agx_host_proxy,True,True,True,,,169.01754075229402,172.46617326331153,-3.4486325110175073,10.00919506926846,8.559804134076808,1.4493909351916514,22.584157556982124,22.37207682411974,0.2120807328623826,91.0,97.0,-6.0,361.0,443.0,-82.0,57.0,211.0,-154.0,-0.020403991773088794,0.124852
CBAA,medium,count_b8,trace_0004,4,agx_host_proxy,True,True,True,,,198.91868538498122,189.40168763348836,9.516997751492852,9.858788872995518,6.759711771355409,3.099077101640109,25.317666639101514,20.379439851544962,4.938226787556552,103.0,97.0,6.0,421.0,428.0,-7.0,52.0,53.0,-1.0,0.04784365899600604,0.132936
CBAA,medium,count_b8,trace_0005,5,agx_host_proxy,True,True,True,,,161.99424362677107,161.9735222084626,0.02072141830845453,10.697234884759085,10.690755826450697,0.006479058308388019,23.113648766102727,23.106522027794334,0.007126738308393499,89.0,89.0,0.0,276.0,278.0,-2.0,51.0,51.0,0.0,0.00012791453476702504,0.083606
CBAA,medium,count_b8,trace_0006,6,agx_host_proxy,True,True,True,,,164.78256745079938,173.31778993128228,-8.5352224804829,8.339547522067027,7.565961588667787,0.7735859333992403,22.327916137770533,22.45700803482256,-0.12909189705202806,93.0,92.0,1.0,340.0,324.0,16.0,53.0,55.0,-2.0,-0.05179687762196896,0.107647
CBAA,medium,count_b8,trace_0007,7,agx_host_proxy,False,True,False,stagnation_horizon,,,185.271566140602,,0.3424264918258456,11.867575830211235,,7.109508802839614,26.960248443094873,,4.0,105.0,,7367.0,404.0,,7359.0,221.0,,,0.409671
CBAA,medium,count_b8,trace_0008,8,agx_host_proxy,True,True,True,,,125.2561174284051,125.23981138087842,0.016306047526683187,10.477085694090178,10.39933161915394,0.07775407493623732,21.727471099487822,21.64977162951029,0.07769946997753152,70.0,70.0,0.0,210.0,205.0,5.0,51.0,51.0,0.0,0.00013018164590646465,0.067884
CBAA,medium,count_b8,trace_0009,9,agx_host_proxy,True,True,True,,,164.76665712479928,183.36580121995942,-18.599144095160142,6.900030570847239,13.59350279814548,-6.6934722272982405,18.24174058083447,27.02554826897093,-8.78380768813646,91.0,103.0,-12.0,444.0,368.0,76.0,59.0,61.0,-2.0,-0.11288172267203664,0.134518
CBAA,medium,count_b8,trace_0010,10,agx_host_proxy,True,True,True,,,154.80270657000332,148.3706133088544,6.432093261148935,9.705276864483826,8.851464961298705,0.8538119031851217,22.42615742882167,22.29855056553825,0.12760686328342175,86.0,83.0,3.0,290.0,238.0,52.0,51.0,53.0,-2.0,0.041550263581730584,0.102266
CBAA,medium,count_b8,trace_0011,11,agx_host_proxy,True,True,True,,,166.90209068651146,166.7842829399223,0.11780774658916471,6.046813925496932,6.014300450061211,0.03251347543572081,19.356401889771956,19.238358210213267,0.11804367955868855,89.0,89.0,0.0,348.0,346.0,2.0,51.0,51.0,0.0,0.0007058494360651264,0.104323
CBAA,medium,count_b8,trace_0012,12,agx_host_proxy,True,True,True,,,177.2922027940197,167.36813455287484,9.924068241144852,12.964659252490904,7.221672143718823,5.7429871087720805,27.208116307621847,19.901902010345037,7.30621429727681,100.0,90.0,10.0,241.0,322.0,-81.0,54.0,52.0,2.0,0.05597577380588338,0.078136
CBAA,medium,count_b8,trace_0013,13,agx_host_proxy,True,True,True,,,170.6464181666396,170.79957173629975,-0.15315356966016225,10.776374693006415,11.08145716064847,-0.3050824676420554,24.113241481916088,24.391594252325767,-0.2783527704096791,93.0,95.0,-2.0,314.0,309.0,5.0,52.0,54.0,-2.0,-0.0008974906787120768,0.103782
CBAA,medium,count_b8,trace_0014,14,agx_host_proxy,True,True,True,,,180.79662931883277,180.7885153188328,0.00811399999997775,6.180930000976383,6.168124910050419,0.012805090925963825,17.439690446724406,17.427211571123497,0.012478875600908879,90.0,90.0,0.0,423.0,425.0,-2.0,58.0,58.0,0.0,4.487915527268379e-05,0.13119499999999998
CBAA,medium,count_b8,trace_0015,15,agx_host_proxy,True,True,True,,,184.98502241886146,188.97419716833863,-3.989174749477172,9.90884113992922,14.132589192316733,-4.223748052387512,25.17059396526501,31.74872603273353,-6.57813206746852,102.0,106.0,-4.0,381.0,256.0,125.0,63.0,65.0,-2.0,-0.021564852642201954,0.128501
CBAA,medium,count_b8,trace_0016,16,agx_host_proxy,True,True,True,,,142.22911291460935,154.8990246395657,-12.669911724956364,8.384173522841786,8.833197395240049,-0.44902387239826247,21.878928850355866,23.464105279596577,-1.5851764292407111,78.0,86.0,-8.0,230.0,266.0,-36.0,53.0,55.0,-2.0,-0.08908100082549941,0.073251
CBAA,medium,count_b8,trace_0017,17,agx_host_proxy,True,True,True,,,182.90824268609174,190.81106053367873,-7.902817847586988,7.143026831257982,7.510441204907243,-0.367414373649261,21.92734412877091,21.95350458641029,-0.026160457639381463,102.0,107.0,-5.0,277.0,365.0,-88.0,53.0,53.0,0.0,-0.043206460963871665,0.08572
CBAA,medium,count_b8,trace_0018,18,agx_host_proxy,True,True,True,,,159.7485303872331,173.5784066037057,-13.829876216472599,6.431303017715926,6.707686691910707,-0.27638367419478094,18.55971677753373,19.378425015114992,-0.8187082375812622,88.0,96.0,-8.0,1114.0,342.0,772.0,850.0,55.0,795.0,-0.08657279151769814,0.134042
CBAA,medium,count_b8,trace_0019,19,agx_host_proxy,True,True,True,,,159.06022149272945,159.17432717151428,-0.11410567878482425,12.196940687502936,12.446008207022535,-0.24906751951959905,24.148075636084332,24.17893750032705,-0.030861864242716308,89.0,89.0,0.0,308.0,320.0,-12.0,58.0,60.0,-2.0,-0.0007173740719959952,0.101737
CBAA,medium,count_b8,trace_0020,20,agx_host_proxy,True,True,True,,,175.9460938002781,179.5230342563106,-3.576940456032503,9.677464744644205,11.686967529064399,-2.009502784420194,20.762081522504598,24.794113035025564,-4.032031512520966,94.0,102.0,-8.0,483.0,330.0,153.0,55.0,59.0,-4.0,-0.020329752021052534,0.155554
CBAA,medium,count_b8,trace_0021,21,agx_host_proxy,True,True,True,,,155.6939187686921,163.06484532666482,-7.370926557972723,9.65321766971184,9.9857628342843,-0.3325451645724602,22.433883649516503,22.95397254443777,-0.520088894921269,88.0,92.0,-4.0,246.0,259.0,-13.0,51.0,51.0,0.0,-0.04734241784307194,0.07753499999999999
CBAA,medium,count_b8,trace_0022,22,agx_host_proxy,True,True,True,,,166.3801870330942,153.70750814119407,12.67267889190012,10.006182987865701,8.345252892039726,1.6609300958259752,23.113227688502153,20.525026814889557,2.588200873612596,93.0,83.0,10.0,475.0,342.0,133.0,195.0,59.0,136.0,0.0761669951084947,0.119405
CBAA,medium,count_b8,trace_0023,23,agx_host_proxy,True,True,True,,,170.0963868832013,169.35277221290653,0.743614670294761,6.816583324791671,7.298600604023647,-0.48201727923197524,18.914418623791583,19.63097134480345,-0.7165527210118654,92.0,85.0,7.0,343.0,378.0,-35.0,51.0,56.0,-5.0,0.004371725254842555,0.100598
CBAA,medium,count_b8,trace_0024,24,agx_host_proxy,True,True,True,,,174.176030759281,190.1982737100918,-16.022242950810806,6.838272890791425,6.541333341582176,0.2969395492092497,20.113059647066912,19.020838307308846,1.0922213397580656,92.0,99.0,-7.0,345.0,498.0,-153.0,51.0,51.0,0.0,-0.09198879364149858,0.09887
CBAA,medium,count_b8,trace_0025,25,agx_host_proxy,True,True,True,,,169.33488133715645,168.68737514844435,0.6475061887121001,12.220411865504468,10.372384835822892,1.8480270296815764,25.509384598999567,23.41272507056123,2.0966595284383374,94.0,90.0,4.0,293.0,322.0,-29.0,58.0,56.0,2.0,0.003823820488720657,0.092557
CBAA,medium,count_b8,trace_0026,26,agx_host_proxy,True,True,True,,,174.49284539168266,174.50621711601127,-0.013371724328607115,9.075890048114953,9.068465548114952,0.007424500000000833,21.313136406862,21.305218581348566,0.007917825513434451,98.0,98.0,0.0,374.0,374.0,0.0,55.0,55.0,0.0,-7.663193467097012e-05,0.119705
CBAA,medium,count_b8,trace_0027,27,agx_host_proxy,True,True,True,,,146.17974582343035,148.25645093693535,-2.0767051135049996,11.638415554254,13.811215889877131,-2.1728003356231316,23.121957824580104,25.627711947824682,-2.5057541232445786,81.0,83.0,-2.0,248.0,279.0,-31.0,55.0,56.0,-1.0,-0.014206517474817883,0.08134
CBAA,medium,count_b8,trace_0028,28,agx_host_proxy,True,True,True,,,214.3495720212145,214.52401440295358,-0.17444238173908388,8.007426675420174,6.540728272537535,1.4666984028826384,24.108321735223228,21.86862283686176,2.2396988983614676,119.0,110.0,9.0,462.0,529.0,-67.0,56.0,149.0,-93.0,-0.0008138219269307385,0.133954
CBAA,medium,count_b8,trace_0029,29,agx_host_proxy,True,True,True,,,174.2234807061438,168.7195206070603,5.503960099083486,8.994168361252784,11.182450785274147,-2.188282424021363,21.7797716324291,24.913578331953488,-3.1338066995243885,93.0,93.0,0.0,411.0,330.0,81.0,51.0,53.0,-2.0,0.03159137951311401,0.129121
CBAA,medium,count_b8,trace_0030,30,agx_host_proxy,True,True,True,,,129.7199433324938,129.67165012087517,0.04829321161864186,18.54263100359071,17.762027838476733,0.7806031651139769,29.818451387561034,28.68757627483394,1.130875112727093,72.0,72.0,0.0,4345.0,260.0,4085.0,4143.0,57.0,4086.0,0.00037228825713297086,0.34466800000000003
CBAA,medium,count_b8,trace_0031,31,agx_host_proxy,True,True,True,,,146.49481990489107,146.4939419048911,0.0008779999999717347,14.664644430733508,14.659195510469612,0.0054489202638965395,25.70455790758913,25.698438327325235,0.006119580263895585,80.0,80.0,0.0,314.0,314.0,0.0,53.0,53.0,0.0,5.99338598144125e-06,0.10325000000000001
CBAA,medium,count_b8,trace_0032,32,agx_host_proxy,True,True,True,,,193.37090738790448,194.28014936928068,-0.9092419813761978,11.182904406935178,9.681875105854843,1.5010293010803348,25.656696376725638,23.61831126157727,2.038385115148369,103.0,103.0,0.0,441.0,480.0,-39.0,56.0,56.0,0.0,-0.004702061926783262,0.156945
CBAA,medium,count_b8,trace_0033,33,agx_host_proxy,True,True,True,,,144.8220125511362,173.8908678156969,-29.06885526456071,8.94079676120384,10.840351102468139,-1.8995543412642988,21.275972244586118,25.623895074552877,-4.347922829966759,80.0,96.0,-16.0,287.0,372.0,-85.0,53.0,57.0,-4.0,-0.20072124915607417,0.09327099999999999
CBAA,medium,count_b8,trace_0034,34,agx_host_proxy,True,True,True,,,150.90035610916604,150.90327642489814,-0.0029203157320978335,13.612185191804695,13.611620895999398,0.0005642958052973768,25.87731403917803,25.873817142138826,0.0034968970392057486,85.0,85.0,0.0,250.0,249.0,1.0,54.0,54.0,0.0,-1.9352609943380024e-05,0.082209
CBAA,medium,count_b8,trace_0035,35,agx_host_proxy,True,True,True,,,191.85564355367018,190.71018830217565,1.1454552514945249,7.904286525953774,8.416884980281136,-0.5125984543273621,21.605699653946097,22.131689917067593,-0.5259902631214963,101.0,99.0,2.0,504.0,469.0,35.0,58.0,59.0,-1.0,0.005970401653439464,0.16392299999999999
CBAA,medium,count_b8,trace_0036,36,agx_host_proxy,True,True,True,,,162.62166317122396,158.36678774873735,4.254875422486606,11.61500252896642,11.71094831260584,-0.09594578363942041,22.98773200496769,23.89068929097866,-0.9029572860109703,87.0,88.0,-1.0,360.0,264.0,96.0,64.0,59.0,5.0,0.026164259665741197,0.12045
CBAA,medium,count_b8,trace_0037,37,agx_host_proxy,True,True,True,,,201.73668026536592,201.8801517864484,-0.14347152108248906,13.965875659459053,13.995325889019481,-0.0294502295604282,27.616187540840368,27.637195684763253,-0.021008143922884415,114.0,114.0,0.0,470.0,469.0,1.0,59.0,59.0,0.0,-0.000711182125599398,0.155174
CBAA,medium,count_b8,trace_0038,38,agx_host_proxy,True,True,True,,,132.6095564956833,132.5949014956833,0.014655000000004748,9.494225057300815,9.486550497300815,0.007674559999999886,19.384731076537367,19.376636736537368,0.008094339999999534,73.0,73.0,0.0,330.0,330.0,0.0,52.0,52.0,0.0,0.0001105123973511049,0.107802
CBAA,medium,count_b8,trace_0039,39,agx_host_proxy,False,True,False,stagnation_horizon,,,153.86838570377867,,5.231611480973501,10.8967964591813,,11.981524402907603,23.429864604076798,,16.0,86.0,,5542.0,286.0,,5504.0,83.0,,,0.27373800000000004
CBAA,medium,count_b8,trace_0040,40,agx_host_proxy,True,True,True,,,186.1698769964824,186.15648599648242,0.013390999999984388,8.192335660801833,8.1868496141537,0.005486046648131904,21.85790083706898,21.85190213042085,0.005998706648128405,101.0,101.0,0.0,351.0,350.0,1.0,53.0,53.0,0.0,7.192892972818263e-05,0.108703
CBAA,medium,count_b8,trace_0041,41,agx_host_proxy,True,True,True,,,180.4648134138616,174.34403370952066,6.120779704340947,10.933101901539201,11.686049449642693,-0.7529475481034922,24.627149033019464,24.713269944524658,-0.08612091150519419,100.0,94.0,6.0,355.0,302.0,53.0,55.0,53.0,2.0,0.033916748581365314,0.11769800000000001
CBAA,medium,count_b8,trace_0042,42,agx_host_proxy,True,True,True,,,178.897413207837,178.88422320783698,0.013190000000008695,7.467962027592493,7.46136517233994,0.0065968552525523805,20.585374187459134,20.577710787459115,0.007663400000019749,95.0,95.0,0.0,341.0,332.0,9.0,52.0,52.0,0.0,7.37294059399562e-05,0.110764
CBAA,medium,count_b8,trace_0043,43,agx_host_proxy,False,True,False,stagnation_horizon,,,162.83715251285463,,9.546372707740993,10.035892253359913,,22.38983937481726,23.278367140416186,,29.0,92.0,,5564.0,256.0,,5514.0,60.0,,,0.31453
CBAA,medium,count_b8,trace_0044,44,agx_host_proxy,False,True,False,stagnation_horizon,,,145.33130104706842,,8.077414547203896,13.316375385270092,,18.8198669018801,26.144518020120415,,40.0,81.0,,5213.0,246.0,,5122.0,59.0,,,0.359178
CBAA,medium,count_b8,trace_0045,45,agx_host_proxy,True,True,True,,,150.37489605619447,139.6881895770453,10.686706479149166,13.659123264089189,15.058681396788467,-1.399558132699278,25.14693850795038,25.151399266143386,-0.0044607581930051765,84.0,79.0,5.0,285.0,277.0,8.0,60.0,61.0,-1.0,0.07106709137910618,0.089923
CBAA,medium,count_b8,trace_0046,46,agx_host_proxy,True,True,True,,,162.5587605425927,162.54308854259273,0.0156719999999666,13.223196160553876,13.229866621906256,-0.0066704613523800305,25.710415549161926,25.71347350947206,-0.0030579603101337227,91.0,91.0,0.0,272.0,276.0,-4.0,55.0,55.0,0.0,9.640821539027616e-05,0.089669
CBAA,medium,count_b8,trace_0047,47,agx_host_proxy,True,True,True,,,198.56108857831754,202.87983031301786,-4.318741734700325,8.202195848949295,7.078048741794851,1.1241471071544433,23.622987261535506,21.87737995417903,1.745607307356476,111.0,107.0,4.0,346.0,417.0,-71.0,57.0,56.0,1.0,-0.021750191669587384,0.108106
CBAA,medium,count_b8,trace_0048,48,agx_host_proxy,True,True,True,,,161.9772156880895,161.99320582739605,-0.015990139306552464,8.365435889966982,8.363572012256027,0.0018638777109547533,21.02848461239015,21.027848325823722,0.0006362865664293338,91.0,91.0,0.0,292.0,292.0,0.0,52.0,52.0,0.0,-9.871844776825764e-05,0.093435
CBAA,medium,count_b8,trace_0049,49,agx_host_proxy,True,True,True,,,143.47293252881107,147.4476967665399,-3.9747642377288344,8.45013282427824,8.298173306514695,0.15195951776354555,20.681629621728632,20.764071122257626,-0.08244150052899357,81.0,82.0,-1.0,242.0,263.0,-21.0,59.0,57.0,2.0,-0.027703931101642845,0.080711
CBAA,medium,eager_b1,trace_0000,0,rp2040_hardware,True,True,True,,,195.33715716700576,190.36813701987876,4.969020147126997,10.983618548915391,8.90049633996527,2.0831222089501207,26.010628667054466,24.204090867009782,1.8065378000446835,106.0,106.0,0.0,494.0,507.0,-13.0,96.0,96.0,0.0,0.02543817171905843,11.759462
CBAA,medium,eager_b1,trace_0001,1,rp2040_hardware,True,True,True,,,168.4557743695808,199.36505636205476,-30.90928199247395,5.072222299186373,6.837564821394459,-1.765342522208086,20.341433321938865,24.130844936780534,-3.7894116148416686,92.0,112.0,-20.0,389.0,494.0,-105.0,98.0,99.0,-1.0,-0.18348603429088178,9.079725
CBAA,medium,eager_b1,trace_0002,2,rp2040_hardware,True,True,True,,,157.69028836199394,176.11620073687425,-18.425912374880312,9.278801985888062,7.238377851819377,2.0404241340686857,22.805638899075753,21.22728515763495,1.5783537414408038,85.0,99.0,-14.0,425.0,613.0,-188.0,94.0,176.0,-82.0,-0.11684874551425624,9.900214
CBAA,medium,eager_b1,trace_0003,3,rp2040_hardware,True,True,True,,,180.1783249294643,167.9414048477838,12.236920081680523,10.36606149000304,8.748122562384113,1.6179389276189262,26.545297149179806,22.88011998695137,3.665177162228435,99.0,94.0,5.0,453.0,407.0,46.0,97.0,96.0,1.0,0.0679156057559698,10.753364
CBAA,medium,eager_b1,trace_0004,4,agx_host_proxy,True,True,True,,,192.30623141750627,193.0949014846392,-0.7886700671329265,5.550954362260104,5.047298410823824,0.5036559514362793,20.51367942016789,21.32909358133643,-0.8154141611685404,103.0,109.0,-6.0,464.0,448.0,16.0,94.0,92.0,2.0,-0.004101115503744052,0.140005
CBAA,medium,eager_b1,trace_0005,5,agx_host_proxy,True,True,True,,,176.30711899395814,180.13541797629347,-3.828298982335326,4.437557259346949,3.7902991618038575,0.6472580975430917,19.48031374346633,20.884833159440127,-1.4045194159737981,99.0,101.0,-2.0,424.0,413.0,11.0,95.0,95.0,0.0,-0.02171380829191882,0.120696
CBAA,medium,eager_b1,trace_0006,6,agx_host_proxy,True,True,True,,,160.02889851129433,161.88870875790855,-1.8598102466142166,4.1669126547111786,4.207506955089168,-0.04059430037798961,18.50091297228053,18.57465290497964,-0.07373993269910883,88.0,90.0,-2.0,401.0,404.0,-3.0,92.0,92.0,0.0,-0.011621714977204302,0.11688
CBAA,medium,eager_b1,trace_0007,7,agx_host_proxy,False,True,False,stagnation_horizon,,,209.23810790115758,,0.391886215489397,5.812496771015878,,7.157338569746587,21.371389833183194,,4.0,115.0,,7741.0,531.0,,7724.0,96.0,,,0.47338
CBAA,medium,eager_b1,trace_0008,8,agx_host_proxy,True,True,True,,,149.4478504512083,133.48682493172714,15.961025519481154,12.306632790188853,11.93637317377448,0.37025961641437277,25.129915533036137,24.24612884001856,0.8837866930175764,83.0,73.0,10.0,356.0,320.0,36.0,97.0,92.0,5.0,0.10679996715437608,0.117412
CBAA,medium,eager_b1,trace_0009,9,agx_host_proxy,True,True,True,,,175.1451426259166,150.21776074625274,24.92738187966387,6.3260612694675675,4.203061801928025,2.1229994675395423,18.445074279594337,16.02886245352557,2.4162118260687677,93.0,80.0,13.0,529.0,542.0,-13.0,102.0,212.0,-110.0,0.14232414045820824,0.165348
CBAA,medium,eager_b1,trace_0010,10,agx_host_proxy,True,True,True,,,148.55130539267168,148.8233466171546,-0.27204122448293333,9.573901453534562,7.702948948143647,1.8709525053909148,22.711164249459845,22.28478361787011,0.4263806315897334,83.0,82.0,1.0,362.0,337.0,25.0,94.0,92.0,2.0,-0.001831294742000656,0.117051
CBAA,medium,eager_b1,trace_0011,11,agx_host_proxy,True,True,True,,,169.97666498131605,173.24416860909668,-3.267503627780627,4.1296526921649015,4.313519738705879,-0.18386704654097752,19.067232473008872,20.779925401424453,-1.7126929284155814,94.0,95.0,-1.0,410.0,431.0,-21.0,93.0,98.0,-5.0,-0.019223248250810152,0.12712900000000002
CBAA,medium,eager_b1,trace_0012,12,agx_host_proxy,False,True,False,stagnation_horizon,,,163.4095130757461,,6.303297671509762,4.5175028273192375,,21.98867079791512,19.609297130733815,,57.0,90.0,,5338.0,417.0,,5185.0,96.0,,,0.39372300000000005
CBAA,medium,eager_b1,trace_0013,13,agx_host_proxy,True,True,True,,,166.6759037271013,161.4553294572074,5.220574269893916,8.345568040795694,8.123149446277006,0.22241859451868784,20.49988280601503,19.574117661721854,0.9257651442931767,90.0,83.0,7.0,481.0,483.0,-2.0,96.0,97.0,-1.0,0.03132170969621122,0.145371
CBAA,medium,eager_b1,trace_0014,14,agx_host_proxy,True,True,True,,,183.6051735855196,174.0326153154257,9.572558270093907,5.43002680048057,6.464318107116537,-1.0342913066359678,18.52783487439553,19.58281335408618,-1.05497847969065,99.0,95.0,4.0,495.0,444.0,51.0,98.0,92.0,6.0,0.05213664780331041,0.14918499999999998
CBAA,medium,eager_b1,trace_0015,15,agx_host_proxy,True,True,True,,,183.03876649988612,184.27931400884452,-1.2405475089584002,7.812123717729341,5.644104557370988,2.1680191603583534,24.310467753581147,22.2320728098979,2.0783949436832465,104.0,100.0,4.0,487.0,495.0,-8.0,96.0,98.0,-2.0,-0.006777512396310713,0.15449
CBAA,medium,eager_b1,trace_0016,16,agx_host_proxy,True,True,True,,,142.7899241725238,143.87874483381125,-1.088820661287457,7.002881752526341,10.715237501533553,-3.7123557490072114,20.717878307868173,23.359736835954855,-2.641858528086683,80.0,81.0,-1.0,346.0,345.0,1.0,98.0,96.0,2.0,-0.0076253325827941865,0.104376
CBAA,medium,eager_b1,trace_0017,17,agx_host_proxy,True,True,True,,,173.13503249734308,186.2062031833293,-13.071170685986232,5.689464537611055,5.594734213653496,0.09473032395755965,20.029573264934186,19.920910938882706,0.10866232605147985,96.0,103.0,-7.0,408.0,455.0,-47.0,98.0,97.0,1.0,-0.07549697191518315,0.12457700000000001
CBAA,medium,eager_b1,trace_0018,18,agx_host_proxy,True,True,True,,,170.4109881104278,164.50347006269362,5.907518047734186,4.416498557884212,3.833266688704161,0.5832318691800515,20.09064037549432,18.87820044994978,1.2124399255445404,95.0,89.0,6.0,388.0,393.0,-5.0,92.0,95.0,-3.0,0.03466629771494584,0.11123100000000001
CBAA,medium,eager_b1,trace_0019,19,agx_host_proxy,False,True,False,stagnation_horizon,,,163.36380206131602,,2.287172153427452,10.031596328340783,,9.946242642516241,23.836832301773722,,13.0,92.0,,5560.0,567.0,,5516.0,192.0,,,0.300018
CBAA,medium,eager_b1,trace_0020,20,agx_host_proxy,True,True,True,,,180.66178179074524,175.06467128874556,5.59711050199968,6.528181408331951,5.382302918115781,1.1458784902161705,19.071871489227505,17.36462824088849,1.7072432483390152,98.0,91.0,7.0,513.0,522.0,-9.0,92.0,92.0,0.0,0.030981154101992828,0.170469
CBAA,medium,eager_b1,trace_0021,21,agx_host_proxy,True,True,True,,,159.78166386973797,165.8145829858428,-6.032919116104836,7.570687826454782,6.174070966660739,1.396616859794043,23.049203788892953,20.034863106842245,3.014340682050708,90.0,94.0,-4.0,353.0,365.0,-12.0,98.0,96.0,2.0,-0.03775726807440918,0.107614
CBAA,medium,eager_b1,trace_0022,22,agx_host_proxy,True,True,True,,,162.22116691302236,159.3442532954748,2.876913617547558,7.234891030066289,4.069820579253402,3.1650704508128875,19.576276110647353,15.890048773205619,3.686227337441734,91.0,88.0,3.0,431.0,425.0,6.0,99.0,92.0,7.0,0.017734514381160037,0.14030700000000002
CBAA,medium,eager_b1,trace_0023,23,agx_host_proxy,True,True,True,,,169.70202848260757,181.00896515909199,-11.306936676484412,5.783631011194394,5.5529916893407485,0.2306393218536451,20.453597786336893,19.261014087402486,1.1925836989344063,91.0,94.0,-3.0,388.0,487.0,-99.0,94.0,96.0,-2.0,-0.06662817632520661,0.112287
CBAA,medium,eager_b1,trace_0024,24,agx_host_proxy,True,True,True,,,182.4035419593068,189.48410972053358,-7.080567761226774,8.673261231349526,8.814463864349783,-0.14120263300025648,23.463367258098998,23.96138091049366,-0.4980136523946612,102.0,106.0,-4.0,1699.0,523.0,1176.0,1338.0,132.0,1206.0,-0.038818148404192766,0.235155
CBAA,medium,eager_b1,trace_0025,25,agx_host_proxy,True,True,True,,,163.783798458884,163.77951245888403,0.00428599999997914,5.181397367187756,5.104805251065467,0.07659211612228933,19.27064822557165,19.268758625870454,0.0018895997011973975,90.0,90.0,0.0,408.0,407.0,1.0,99.0,99.0,0.0,2.616864451983686e-05,0.126127
CBAA,medium,eager_b1,trace_0026,26,agx_host_proxy,True,True,True,,,166.6656455115985,168.3854661845094,-1.7198206729108847,6.060692102033552,6.241911656658488,-0.18121955462493577,19.446195949153932,19.483579897421812,-0.037383948267880385,94.0,94.0,0.0,381.0,392.0,-11.0,92.0,94.0,-2.0,-0.010318987261182149,0.119889
CBAA,medium,eager_b1,trace_0027,27,agx_host_proxy,True,True,True,,,168.14156841883442,162.19806156163696,5.9435068571974625,13.49872672938557,16.112961506309112,-2.614234776923542,29.36631018649369,29.89933865807408,-0.5330284715803906,95.0,91.0,4.0,430.0,408.0,22.0,96.0,96.0,0.0,0.03534823014373464,0.15845299999999998
CBAA,medium,eager_b1,trace_0028,28,agx_host_proxy,True,True,True,,,215.69596112099964,215.6877041209996,0.008257000000043035,5.372130051974794,5.371222547317929,0.0009075046568645107,22.004784978325063,22.00001668684559,0.004768291479471998,118.0,118.0,0.0,479.0,479.0,0.0,96.0,96.0,0.0,3.8280735332874777e-05,0.14355600000000002
CBAA,medium,eager_b1,trace_0029,29,agx_host_proxy,True,True,True,,,161.25036439101106,161.24814539101104,0.002219000000025062,6.841422181743864,6.8397339131561745,0.0016882685876895565,22.112948407827712,22.109894943533867,0.0030534642938455647,90.0,90.0,0.0,368.0,368.0,0.0,98.0,98.0,0.0,1.3761209212800766e-05,0.122652
CBAA,medium,eager_b1,trace_0030,30,agx_host_proxy,True,True,True,,,130.11120356639165,142.16786483916235,-12.056661272770697,14.672852267822021,15.125538059317321,-0.4526857914953002,27.10946116393556,28.828509237660324,-1.719048073724764,72.0,79.0,-7.0,333.0,351.0,-18.0,95.0,97.0,-2.0,-0.09266428210863918,0.106505
CBAA,medium,eager_b1,trace_0031,31,agx_host_proxy,True,True,True,,,150.5855302209346,139.6351499127139,10.950380308220701,15.630700528229,15.994756898891485,-0.3640563706624853,26.251509457441983,27.524035900786078,-1.2725264433440948,78.0,78.0,0.0,498.0,383.0,115.0,93.0,93.0,0.0,0.07271867550723253,0.155678
CBAA,medium,eager_b1,trace_0032,32,agx_host_proxy,True,True,True,,,177.55141800171137,183.6813321059955,-6.129914104284126,7.344033406201701,7.1637671665320095,0.18026623966969169,21.435204267412583,21.657896173158964,-0.22269190574638031,98.0,102.0,-4.0,433.0,483.0,-50.0,96.0,96.0,0.0,-0.03452472626394367,0.134119
CBAA,medium,eager_b1,trace_0033,33,agx_host_proxy,True,True,True,,,148.99082645362557,161.84900113220138,-12.858174678575807,10.45395660254287,10.886003109667232,-0.43204650712436177,23.7794471138459,25.37370143720519,-1.5942543233592907,83.0,91.0,-8.0,349.0,358.0,-9.0,96.0,102.0,-6.0,-0.08630178773172993,0.11832
CBAA,medium,eager_b1,trace_0034,34,agx_host_proxy,True,True,True,,,144.9603260819329,151.52360035692823,-6.5632742749953366,9.697821111163025,8.192188748428224,1.5056323627348007,22.098037972519172,20.741032541256583,1.3570054312625892,80.0,81.0,-1.0,371.0,424.0,-53.0,97.0,96.0,1.0,-0.04527634872513817,0.11641699999999999
CBAA,medium,eager_b1,trace_0035,35,agx_host_proxy,True,True,True,,,188.96445622691613,208.7664239385421,-19.801967711625963,8.227260360998642,6.958045508351661,1.2692148526469813,21.676566165802935,21.07891558886886,0.5976505769340754,103.0,109.0,-6.0,459.0,585.0,-126.0,97.0,100.0,-3.0,-0.10479202336256806,0.139261
CBAA,medium,eager_b1,trace_0036,36,agx_host_proxy,True,True,True,,,162.93873308226142,162.93635808226142,0.002375000000000682,4.815143512707494,4.829543374446593,-0.014399861739098796,17.170581316176165,17.214905518352637,-0.04432420217647248,87.0,87.0,0.0,451.0,453.0,-2.0,94.0,94.0,0.0,1.4576030849593246e-05,0.129408
CBAA,medium,eager_b1,trace_0037,37,agx_host_proxy,True,True,True,,,213.99067814240288,173.6734582096365,40.31721993276639,9.725158660921968,5.8639636882248,3.8611949726971684,26.21768160501301,19.619126538051965,6.598555066961044,119.0,95.0,24.0,565.0,373.0,192.0,105.0,94.0,11.0,0.18840643098451593,0.19409600000000002
CBAA,medium,eager_b1,trace_0038,38,agx_host_proxy,True,True,True,,,139.78089726067563,139.7795232606756,0.0013740000000268537,8.67473679154911,8.67093035154911,0.0038064399999999665,19.20242754110242,19.19768534110242,0.0047421999999990305,71.0,71.0,0.0,464.0,464.0,0.0,92.0,92.0,0.0,9.829669339326806e-06,0.132856
CBAA,medium,eager_b1,trace_0039,39,agx_host_proxy,True,True,True,,,146.2062692337778,146.20350423377778,0.0027650000000107866,7.743933994128586,7.741242274128586,0.00269171999999962,19.970946182845424,19.968001302845423,0.002944880000001149,80.0,80.0,0.0,381.0,379.0,2.0,94.0,92.0,2.0,1.891163774646124e-05,0.130082
CBAA,medium,eager_b1,trace_0040,40,agx_host_proxy,True,True,True,,,191.47701764960362,197.01929703337416,-5.542279383770534,6.112547501714802,5.6219369679118705,0.49061053380293185,20.74311964598676,20.434652921161057,0.3084667248257027,106.0,110.0,-4.0,439.0,467.0,-28.0,96.0,94.0,2.0,-0.028944880444674123,0.14291700000000002
CBAA,medium,eager_b1,trace_0041,41,agx_host_proxy,True,True,True,,,170.16679618805347,170.16606018805348,0.0007359999999891897,7.772027560306525,7.767603020306524,0.004424540000001365,21.84831185230273,21.846002550583645,0.002309301719083834,96.0,96.0,0.0,385.0,387.0,-2.0,92.0,92.0,0.0,4.3251681084471195e-06,0.11071700000000001
CBAA,medium,eager_b1,trace_0042,42,agx_host_proxy,True,True,True,,,186.16307183861127,191.71117888643087,-5.548107047819599,2.8996922583046425,3.48556627363801,-0.5858740153333675,16.93241121410775,18.196205752615658,-1.2637945385079092,104.0,108.0,-4.0,507.0,496.0,11.0,95.0,97.0,-2.0,-0.029802403844245602,0.146935
CBAA,medium,eager_b1,trace_0043,43,agx_host_proxy,True,True,True,,,162.3848365712316,162.3794465712316,0.005390000000005557,10.377127547753805,10.342997192980311,0.034130354773493465,24.06976987047881,24.065623210427184,0.004146660051628004,90.0,90.0,0.0,361.0,360.0,1.0,97.0,97.0,0.0,3.319275440869865e-05,0.11715199999999999
CBAA,medium,eager_b1,trace_0044,44,agx_host_proxy,True,True,True,,,132.97782600684775,132.97312900684776,0.004696999999993068,8.101196263803393,8.067333373200508,0.03386289060288483,20.767084612591916,20.763948637678602,0.0031359749133130776,74.0,74.0,0.0,335.0,334.0,1.0,97.0,97.0,0.0,3.5321678365769e-05,0.108581
CBAA,medium,eager_b1,trace_0045,45,agx_host_proxy,True,True,True,,,141.33909200367071,140.12777017993747,1.2113218237332433,9.893760946177851,9.853523228724018,0.040237717453832644,20.59690937627984,20.397803310040114,0.19910606623972527,75.0,73.0,2.0,417.0,421.0,-4.0,94.0,94.0,0.0,0.00857032408062862,0.12920500000000001
CBAA,medium,eager_b1,trace_0046,46,agx_host_proxy,False,True,False,stagnation_horizon,,,186.94713287626172,,6.250229084418916,13.939484626644713,,20.539697835101105,28.835187262686944,,30.0,105.0,,7401.0,565.0,,7323.0,138.0,,,0.45045599999999997
CBAA,medium,eager_b1,trace_0047,47,agx_host_proxy,False,True,False,stagnation_horizon,,,212.42580269300174,,4.682140998631266,4.280627730805024,,18.711707185658305,19.34957538840015,,75.0,110.0,,5406.0,532.0,,5154.0,98.0,,,0.421576
CBAA,medium,eager_b1,trace_0048,48,agx_host_proxy,True,True,True,,,178.71845668730813,173.63802981621953,5.080426871088605,3.92145912956296,3.8692607208790912,0.05219840868386871,20.259692564920265,18.95022420335237,1.3094683615678946,99.0,98.0,1.0,426.0,454.0,-28.0,98.0,92.0,6.0,0.028426984908321427,0.12944599999999998
CBAA,medium,eager_b1,trace_0049,49,agx_host_proxy,True,True,True,,,152.81927061480454,152.81615761480458,0.0031129999999564006,4.390317836729562,4.392011980741746,-0.00169414401218404,19.19513435536253,19.198498107600606,-0.0033637522380765006,85.0,85.0,0.0,427.0,427.0,0.0,94.0,94.0,0.0,2.037046759503919e-05,0.129844
HIPC,high,bounded_b4_w5,trace_0000,0,agx_host_proxy,True,True,True,,,103.56658583393684,155.95676681011213,-52.39018097617529,6.051873310678924,6.972668725334569,-0.920795414655645,33.219372325130124,35.706180726171816,-2.486808401041692,56.0,88.0,-32.0,285.0,566.0,-281.0,56.0,59.0,-3.0,-0.505859882840784,1.28213
HIPC,high,bounded_b4_w5,trace_0001,1,agx_host_proxy,True,True,True,,,93.73295322985125,94.30916932064784,-0.5762160907965921,4.048250538824234,4.075909391023439,-0.027658852199205164,31.760273271628122,31.374822255549297,0.38545101607882515,53.0,53.0,0.0,229.0,247.0,-18.0,56.0,56.0,0.0,-0.006147422767994936,1.334535
HIPC,high,bounded_b4_w5,trace_0002,2,agx_host_proxy,True,True,True,,,128.56883529129274,136.20262962674985,-7.633794335457111,10.863087033645641,10.993681680914134,-0.13059464726849335,36.62433522319418,40.43448125122226,-3.810146028028079,69.0,76.0,-7.0,430.0,389.0,41.0,59.0,63.0,-4.0,-0.05937515353671486,1.4883140000000001
HIPC,high,bounded_b4_w5,trace_0003,3,agx_host_proxy,True,True,True,,,136.8383912774802,106.63322957002909,30.205161707451126,6.9349627283996345,6.360730852094333,0.5742318763053014,34.49325620954055,32.33458415806436,2.158672051476188,77.0,59.0,18.0,524.0,300.0,224.0,56.0,56.0,0.0,0.22073601878438667,1.130846
HIPC,high,bounded_b4_w5,trace_0004,4,agx_host_proxy,True,True,True,,,92.58715564825872,106.5493903243814,-13.96223467612269,8.603301568095088,8.75891737336115,-0.15561580526606278,29.966459460298896,31.40824562343629,-1.4417861631373938,51.0,59.0,-8.0,230.0,303.0,-73.0,57.0,58.0,-1.0,-0.1508009893852407,1.1732049999999998
HIPC,high,bounded_b4_w5,trace_0005,5,agx_host_proxy,True,True,True,,,102.78014550972317,85.18667511408091,17.593470395642257,6.772949171265008,7.18191652668888,-0.4089673554238722,31.51696807359918,26.931617757755397,4.585350315843783,57.0,47.0,10.0,272.0,243.0,29.0,57.0,57.0,0.0,0.1711757685143371,1.125194
HIPC,high,bounded_b4_w5,trace_0006,6,agx_host_proxy,True,True,True,,,114.3247477516549,111.27470707754725,3.050040674107649,8.63762585766985,8.590432151974293,0.04719370569555714,36.22641453346407,35.58414430240868,0.6422702310553916,63.0,63.0,0.0,348.0,293.0,55.0,56.0,56.0,0.0,0.0266787439648079,1.0854009999999998
HIPC,high,bounded_b4_w5,trace_0007,7,agx_host_proxy,True,True,True,,,117.63456216867141,102.17129233380122,15.46326983487019,7.856402020645622,6.147598255044377,1.7088037656012451,37.447887159988845,34.79003385577911,2.6578533042097376,65.0,56.0,9.0,289.0,297.0,-8.0,58.0,56.0,2.0,0.13145175660787548,0.896568
HIPC,high,bounded_b4_w5,trace_0008,8,agx_host_proxy,True,True,True,,,82.93494219047406,122.05916898710005,-39.12422679662599,7.8057035626639415,8.148916153656044,-0.34321259099210266,33.179539131824235,35.31445760956842,-2.1349184777441863,45.0,67.0,-22.0,202.0,413.0,-211.0,58.0,60.0,-2.0,-0.471745994670987,1.3803370000000001
HIPC,high,bounded_b4_w5,trace_0009,9,agx_host_proxy,True,True,True,,,123.81148955395874,115.89174835177434,7.919741202184397,8.573356745107809,8.296179366064209,0.27717737904360007,33.00543368451864,32.85884737812865,0.1465863063899917,69.0,65.0,4.0,459.0,389.0,70.0,57.0,57.0,0.0,0.06396612487836087,1.258432
HIPC,high,bounded_b4_w5,trace_0010,10,agx_host_proxy,True,True,True,,,115.63454651291005,104.03833025708482,11.596216255825226,8.668441090781116,8.71610586570578,-0.047664774924664144,35.43123530586064,35.28249667981009,0.14873862605055166,64.0,57.0,7.0,372.0,311.0,61.0,58.0,59.0,-1.0,0.10028332021460873,1.354735
HIPC,high,bounded_b4_w5,trace_0011,11,agx_host_proxy,True,True,True,,,104.44941699236247,92.42251929310902,12.026897699253453,4.279274442813858,5.268272525881627,-0.9889980830677692,27.558734961001708,27.966275563828862,-0.40754060282715443,58.0,51.0,7.0,349.0,224.0,125.0,54.0,54.0,0.0,0.11514566615659408,1.248118
HIPC,high,bounded_b4_w5,trace_0012,12,agx_host_proxy,True,True,True,,,124.41353662736175,123.11694784098066,1.2965887863810934,6.783203261821844,6.70611983320175,0.07708342862009321,35.841448458649175,34.74009077958371,1.1013576790654653,69.0,68.0,1.0,313.0,339.0,-26.0,58.0,58.0,0.0,0.010421605409904729,1.322663
HIPC,high,bounded_b4_w5,trace_0013,13,agx_host_proxy,True,True,True,,,108.62883683847542,107.428478091326,1.2003587471494228,11.307015397068518,7.799202670309627,3.5078127267588917,34.32765517459435,31.390330192858013,2.937324981736335,60.0,59.0,1.0,302.0,335.0,-33.0,59.0,60.0,-1.0,0.011050092977928912,1.337775
HIPC,high,bounded_b4_w5,trace_0014,14,agx_host_proxy,True,True,True,,,88.17251383184798,98.35284426247082,-10.180330430622845,7.073281476045973,4.321724781719098,2.751556694326875,29.0416661224323,28.356102894173343,0.6855632282589568,48.0,55.0,-7.0,236.0,261.0,-25.0,56.0,59.0,-3.0,-0.1154592285985806,1.036857
HIPC,high,bounded_b4_w5,trace_0015,15,agx_host_proxy,True,True,True,,,118.11090956610147,117.69770056610149,0.4132089999999806,7.693102497708676,7.638977197143105,0.05412530056557063,32.2358192845755,31.986386047953353,0.24943323662214567,66.0,66.0,0.0,358.0,353.0,5.0,55.0,55.0,0.0,0.003498482921839881,1.4814180000000001
HIPC,high,bounded_b4_w5,trace_0016,16,agx_host_proxy,True,True,True,,,91.05496143168787,90.59614743168788,0.4588139999999896,11.3906226343845,11.171590906752808,0.2190317276316911,35.03657824242821,34.7027797136255,0.3337985288027099,50.0,50.0,0.0,261.0,254.0,7.0,57.0,57.0,0.0,0.0050388687533979735,1.4126539999999999
HIPC,high,bounded_b4_w5,trace_0017,17,agx_host_proxy,True,True,True,,,114.00179396469525,137.52816089113074,-23.526366926435486,8.175816322261888,7.4847819229439425,0.6910343993179451,38.53894070209491,39.08918916681905,-0.5502484647241346,63.0,78.0,-15.0,287.0,430.0,-143.0,57.0,57.0,0.0,-0.20636839218268152,1.2511919999999999
HIPC,high,bounded_b4_w5,trace_0018,18,agx_host_proxy,True,True,True,,,91.688453060898,98.04971097112319,-6.361257910225191,9.380357756688356,11.302332968986626,-1.9219752122982694,31.528664409705584,36.617533841160856,-5.088869431455272,51.0,54.0,-3.0,230.0,249.0,-19.0,57.0,59.0,-2.0,-0.06937905153662202,1.207774
HIPC,high,bounded_b4_w5,trace_0019,19,agx_host_proxy,True,True,True,,,104.8000650396365,99.53178700008864,5.268278039547852,10.777692329968223,10.421081208014611,0.35661112195361255,34.84578240101965,34.17596273600994,0.6698196650097046,58.0,56.0,2.0,233.0,221.0,12.0,56.0,56.0,0.0,0.050269797423840655,1.390291
HIPC,high,bounded_b4_w5,trace_0020,20,agx_host_proxy,True,True,True,,,97.73540757343278,97.43277241783593,0.30263515559684606,8.74876249362479,8.687742338757419,0.061020154867371446,31.289020463235936,31.112309668805352,0.17671079443058346,54.0,54.0,0.0,270.0,265.0,5.0,58.0,57.0,1.0,0.0030964740733235635,1.132008
HIPC,high,bounded_b4_w5,trace_0021,21,agx_host_proxy,True,True,True,,,100.95516200956855,98.13643478066888,2.818727228899675,11.189443762271285,11.449061754023473,-0.25961799175218836,34.20667117979902,34.1573216822432,0.04934949755581641,57.0,54.0,3.0,291.0,262.0,29.0,55.0,55.0,0.0,0.02792058546379744,1.4799660000000001
HIPC,high,bounded_b4_w5,trace_0022,22,agx_host_proxy,True,True,True,,,97.64551320753978,93.05891392040591,4.586599287133865,9.271480609725925,8.943044328655917,0.3284362810700081,30.516786043757858,30.161149335697374,0.35563670806048364,54.0,52.0,2.0,300.0,268.0,32.0,58.0,56.0,2.0,0.046971941018788224,1.39626
HIPC,high,bounded_b4_w5,trace_0023,23,agx_host_proxy,True,True,True,,,119.20067356132809,118.9262525613281,0.2744209999999896,7.543790821092057,7.4371243210920595,0.10666649999999755,31.306468096519037,31.11032103651904,0.1961470599999977,67.0,67.0,0.0,371.0,371.0,0.0,57.0,57.0,0.0,0.0023021765884468893,1.2200499999999999
HIPC,high,bounded_b4_w5,trace_0024,24,agx_host_proxy,True,True,True,,,99.47819514543183,98.94404814543184,0.5341469999999902,9.932995055454255,9.679362262487006,0.25363279296724883,31.428637032229382,31.50755864348865,-0.07892161125926833,55.0,55.0,0.0,333.0,292.0,41.0,55.0,58.0,-3.0,0.005369488250355725,1.676539
HIPC,high,bounded_b4_w5,trace_0025,25,agx_host_proxy,True,True,True,,,109.43313946823925,103.15694692834373,6.2761925398955185,7.403331130469267,7.3036369210554,0.09969420941386709,31.534942515445497,32.64303350758801,-1.108090992142511,61.0,57.0,4.0,335.0,263.0,72.0,56.0,56.0,0.0,0.05735184579728754,1.088469
HIPC,high,bounded_b4_w5,trace_0026,26,agx_host_proxy,True,True,True,,,95.57367765707694,100.18534949237903,-4.61167183530209,7.692446300326788,7.5240766660273355,0.1683696342994523,32.91127897950593,32.80557471429435,0.10570426521157827,52.0,56.0,-4.0,267.0,254.0,13.0,55.0,55.0,0.0,-0.04825253090970293,1.0919450000000002
HIPC,high,bounded_b4_w5,trace_0027,27,agx_host_proxy,True,True,True,,,109.16221341771589,119.26021227699273,-10.097998859276842,7.4757197113538405,6.92443071300488,0.5512889983489604,35.73709767211078,31.934621350865545,3.8024763212452335,60.0,66.0,-6.0,286.0,356.0,-70.0,59.0,56.0,3.0,-0.0925045264576693,1.605826
HIPC,high,bounded_b4_w5,trace_0028,28,agx_host_proxy,True,True,True,,,133.81266883025944,133.49085021344072,0.3218186168187174,7.475891554877778,7.361803574504911,0.11408798037286694,32.50651434336236,32.300431251962124,0.20608309140023806,75.0,75.0,0.0,461.0,457.0,4.0,56.0,56.0,0.0,0.0024049936349968652,1.340887
HIPC,high,bounded_b4_w5,trace_0029,29,agx_host_proxy,True,True,True,,,95.81463155722903,93.66021699857187,2.154414558657166,5.252329208277297,5.128402915753096,0.12392629252420129,28.99391188109419,29.627859682662415,-0.633947801568226,52.0,52.0,0.0,310.0,304.0,6.0,54.0,55.0,-1.0,0.022485235539108216,1.246741
HIPC,high,bounded_b4_w5,trace_0030,30,agx_host_proxy,True,True,True,,,106.25639370688886,88.18622877235141,18.070164934537445,12.965771953464852,12.46959625100792,0.49617570245693265,36.29414977890823,34.7046381773206,1.5895116015876312,59.0,49.0,10.0,312.0,224.0,88.0,59.0,59.0,0.0,0.17006190690401637,1.3695030000000001
HIPC,high,bounded_b4_w5,trace_0031,31,agx_host_proxy,True,True,True,,,101.10638536615951,112.64974824849084,-11.543362882331323,10.961340002293811,10.976813684894301,-0.01547368260048998,35.75199662865163,36.560357032573535,-0.8083604039219026,56.0,62.0,-6.0,316.0,312.0,4.0,61.0,61.0,0.0,-0.11417046352242463,1.545888
HIPC,high,bounded_b4_w5,trace_0032,32,agx_host_proxy,True,True,True,,,101.52403914550403,117.81854004873662,-16.29450090323259,4.500655359807902,4.457493028882733,0.043162330925168746,30.437331684081535,31.39963131982582,-0.9622996357442837,56.0,66.0,-10.0,248.0,371.0,-123.0,57.0,57.0,0.0,-0.16049894232320036,1.0289270000000001
HIPC,high,bounded_b4_w5,trace_0033,33,agx_host_proxy,True,True,True,,,85.1661651693995,84.99396516939946,0.17220000000004632,7.677964362634498,7.251601539814475,0.4263628228200229,30.286391189948585,30.022575164329652,0.263816025618933,46.0,46.0,0.0,221.0,230.0,-9.0,57.0,57.0,0.0,0.002021929714194979,1.375429
HIPC,high,bounded_b4_w5,trace_0034,34,agx_host_proxy,True,True,True,,,128.5172409005655,99.18327617267862,29.33396472788688,7.19008205785363,6.584706263189214,0.6053757946644156,33.83222691302631,28.530210954851476,5.3020159581748345,71.0,55.0,16.0,402.0,311.0,91.0,59.0,56.0,3.0,0.22824925684938047,1.4777
HIPC,high,bounded_b4_w5,trace_0035,35,agx_host_proxy,True,True,True,,,116.73545060074882,134.34911835905726,-17.613667758308438,9.32806529502834,9.90731252000325,-0.5792472249749103,33.55538170406011,34.35239256679814,-0.797010862738027,64.0,76.0,-12.0,324.0,482.0,-158.0,58.0,58.0,0.0,-0.15088533661080888,1.59914
HIPC,high,bounded_b4_w5,trace_0036,36,agx_host_proxy,True,True,True,,,95.14537121190104,102.15305110492505,-7.007679893024019,8.777185270618164,8.672334733095608,0.10485053752255524,30.812351786192302,30.382013159545,0.43033862664730194,53.0,56.0,-3.0,294.0,308.0,-14.0,57.0,57.0,0.0,-0.0736523469693235,1.43518
HIPC,high,bounded_b4_w5,trace_0037,37,agx_host_proxy,True,True,True,,,125.17288632788836,115.82658490149879,9.346301426389573,4.195190306011914,4.156123952633571,0.03906635337834263,26.91349623219294,26.497555429361334,0.4159408028316065,71.0,65.0,6.0,367.0,314.0,53.0,56.0,56.0,0.0,0.07466713998994229,1.011242
HIPC,high,bounded_b4_w5,trace_0038,38,agx_host_proxy,True,True,True,,,91.45914148236905,114.65369216764793,-23.194550685278884,4.77958771781078,4.560461321786248,0.21912639602453154,29.487112155321412,29.791654059090185,-0.3045419037687722,51.0,65.0,-14.0,268.0,345.0,-77.0,59.0,61.0,-2.0,-0.2536056025602448,1.3003069999999999
HIPC,high,bounded_b4_w5,trace_0039,39,agx_host_proxy,True,True,True,,,127.53280841892712,131.88852801068924,-4.355719591762124,10.695634587019093,10.653878303524095,0.041756283494997604,36.45421714197766,36.74143876668632,-0.2872216247086641,71.0,74.0,-3.0,325.0,387.0,-62.0,57.0,59.0,-2.0,-0.034153718135447986,1.586632
HIPC,high,bounded_b4_w5,trace_0040,40,agx_host_proxy,True,True,True,,,113.47729947359299,104.44437429033466,9.032925183258328,4.611317371643025,4.24084204327516,0.37047532836786523,27.239180123004637,27.44322695559681,-0.20404683259217293,63.0,58.0,5.0,392.0,317.0,75.0,56.0,56.0,0.0,0.07960116450744721,1.018621
HIPC,high,bounded_b4_w5,trace_0041,41,agx_host_proxy,True,True,True,,,96.97856612174368,118.15032150917378,-21.171755387430096,7.2112405470019585,7.099558363214849,0.11168218378710915,27.866051888918904,28.144167574173657,-0.27811568525475394,54.0,62.0,-8.0,318.0,422.0,-104.0,57.0,57.0,0.0,-0.2183137597729768,1.174198
HIPC,high,bounded_b4_w5,trace_0042,42,agx_host_proxy,True,True,True,,,102.04817309174804,129.01625737122194,-26.9680842794739,9.756596027118459,8.723241990862903,1.033354036255556,31.025700407059478,35.10242809352164,-4.07672768646216,56.0,71.0,-15.0,250.0,350.0,-100.0,59.0,63.0,-4.0,-0.26426817318157975,0.905906
HIPC,high,bounded_b4_w5,trace_0043,43,agx_host_proxy,True,True,True,,,98.91610084803841,98.55403384803844,0.3620669999999677,9.532639441674668,9.417050006619212,0.11558943505545649,30.98483411469366,30.706345139509242,0.2784889751844162,56.0,56.0,0.0,265.0,259.0,6.0,57.0,57.0,0.0,0.0036603444423693923,1.402752
HIPC,high,bounded_b4_w5,trace_0044,44,agx_host_proxy,True,True,True,,,130.59216943937096,106.59866543214967,23.99350400722129,9.202734494157642,9.31528078307095,-0.11254628891330754,30.493894201229647,29.424969708528728,1.0689244927009192,74.0,59.0,15.0,485.0,350.0,135.0,57.0,56.0,1.0,0.18372850462799434,1.13139
HIPC,high,bounded_b4_w5,trace_0045,45,agx_host_proxy,True,True,True,,,122.91893721591248,121.94867021591249,0.9702669999999927,14.633238787095834,14.491295670418618,0.1419431166772167,41.442107805262346,41.10088146236488,0.341226342897464,68.0,68.0,0.0,370.0,366.0,4.0,58.0,58.0,0.0,0.00789355181533726,1.61346
HIPC,high,bounded_b4_w5,trace_0046,46,agx_host_proxy,True,True,True,,,97.02761203367075,96.81376390077858,0.2138481328921671,6.447422468877352,6.363711011833882,0.08371145704346983,32.061918792752415,31.89436279322272,0.16755599952969646,54.0,54.0,0.0,233.0,234.0,-1.0,60.0,60.0,0.0,0.0022039925378969133,1.248606
HIPC,high,bounded_b4_w5,trace_0047,47,agx_host_proxy,True,True,True,,,98.70485563329683,98.32760589406332,0.37724973923350547,7.9722803903333785,7.4622920496027465,0.509988340730632,30.802201871756193,30.570137600897016,0.23206427085917625,55.0,55.0,0.0,255.0,256.0,-1.0,55.0,55.0,0.0,0.003821997781295017,0.8596119999999999
HIPC,high,bounded_b4_w5,trace_0048,48,agx_host_proxy,True,True,True,,,102.66945485554648,94.59372368494685,8.075731170599624,8.228235908212692,8.171459814571264,0.056776093641428105,33.682938304674494,33.24414190478867,0.438796399885824,56.0,53.0,3.0,290.0,235.0,55.0,56.0,56.0,0.0,0.0786575830363762,1.0845209999999998
HIPC,high,bounded_b4_w5,trace_0049,49,agx_host_proxy,True,True,True,,,102.34087725820184,98.25059400135886,4.09028325684298,7.919570995647058,8.179669841368447,-0.2600988457213891,33.563144097987994,33.77628253997022,-0.21313844198222398,56.0,55.0,1.0,288.0,265.0,23.0,55.0,61.0,-6.0,0.03996724834127973,1.212669
HIPC,high,count_b2,trace_0000,0,agx_host_proxy,True,True,True,,,110.14047511078697,125.13415479834791,-14.993679687560942,6.085138169745964,5.993026096434066,0.09211207331189808,31.638558121034123,36.431512675520494,-4.792954554486371,60.0,70.0,-10.0,360.0,424.0,-64.0,66.0,66.0,0.0,-0.13613233166535058,1.608976
HIPC,high,count_b2,trace_0001,1,agx_host_proxy,True,True,True,,,118.51774796750533,133.34716495421523,-14.829416986709901,5.481207457981019,5.699202035663034,-0.21799457768201513,33.54278701007163,34.18065443983203,-0.637867429760405,66.0,75.0,-9.0,405.0,447.0,-42.0,68.0,67.0,1.0,-0.12512401932220113,1.767827
HIPC,high,count_b2,trace_0002,2,agx_host_proxy,True,True,True,,,114.66270932212137,111.31758849194664,3.3451208301747357,14.378949868247913,10.931822195666467,3.4471276725814466,41.73546909748848,36.781545377419214,4.95392372006927,63.0,59.0,4.0,308.0,341.0,-33.0,71.0,70.0,1.0,0.02917357220975221,1.5329249999999999
HIPC,high,count_b2,trace_0003,3,agx_host_proxy,True,True,True,,,133.0833091318572,126.84970078047431,6.233608351382884,6.537696718586125,7.355789371925961,-0.8180926533398356,36.52540945308623,34.17544944225865,2.34996001082758,75.0,71.0,4.0,421.0,408.0,13.0,68.0,67.0,1.0,0.04683989594222298,1.248527
HIPC,high,count_b2,trace_0004,4,agx_host_proxy,True,True,True,,,105.31818765455456,104.14002709025007,1.1781605643044912,7.000534974534963,6.55583608540318,0.4446988891317831,28.887245604509964,28.500047202999927,0.38719840151003737,58.0,58.0,0.0,282.0,269.0,13.0,68.0,68.0,0.0,0.011186677159398885,1.4355229999999999
HIPC,high,count_b2,trace_0005,5,agx_host_proxy,True,True,True,,,105.63394838164942,110.85763537960278,-5.223686997953365,6.1623258369056915,6.923250781471997,-0.7609249445663053,34.14738014525771,33.733197029863526,0.41418311539418795,58.0,61.0,-3.0,275.0,324.0,-49.0,68.0,68.0,0.0,-0.049450835436733676,1.3212949999999999
HIPC,high,count_b2,trace_0006,6,agx_host_proxy,True,True,True,,,93.7104337570807,111.27154936501017,-17.56111560792948,8.236714109633867,9.18917603118971,-0.9524619215558427,35.84937458029581,33.7486457629211,2.1007288173747085,52.0,63.0,-11.0,247.0,369.0,-122.0,66.0,67.0,-1.0,-0.18739765577707163,1.531469
HIPC,high,count_b2,trace_0007,7,agx_host_proxy,True,True,True,,,138.08480644160366,129.87987486871398,8.204931572889677,6.3068816699945085,7.128413028925838,-0.8215313589313293,38.032111969667554,35.04357419810037,2.988537771567181,77.0,73.0,4.0,370.0,396.0,-26.0,67.0,67.0,0.0,0.05941951025842629,1.255381
HIPC,high,count_b2,trace_0008,8,agx_host_proxy,True,True,True,,,85.49869677586149,82.04480407887777,3.453892696983715,6.811582396439975,7.384618808369903,-0.5730364119299285,32.554197906257784,33.14770025027244,-0.5935023440146594,47.0,46.0,1.0,259.0,229.0,30.0,68.0,67.0,1.0,0.040397021559734916,1.865137
HIPC,high,count_b2,trace_0009,9,agx_host_proxy,True,True,True,,,89.12533678537045,88.26012936333733,0.865207422033123,8.789855521859671,8.749474068342805,0.04038145351686673,32.83992837787963,32.58504322813702,0.2548851497426128,49.0,49.0,0.0,243.0,234.0,9.0,68.0,68.0,0.0,0.009707760477996232,0.943232
HIPC,high,count_b2,trace_0010,10,agx_host_proxy,True,True,True,,,100.1777880581253,102.74044658862198,-2.5626585304966767,7.8509936576904575,8.198674468956995,-0.34768081126653705,33.51682226538134,33.503698349272035,0.013123916109307743,56.0,56.0,0.0,341.0,353.0,-12.0,68.0,68.0,0.0,-0.02558110515486494,1.7171429999999999
HIPC,high,count_b2,trace_0011,11,agx_host_proxy,True,True,True,,,120.2037751906632,104.86643441112427,15.33734077953892,3.648705990839231,3.862160705498916,-0.2134547146596848,31.195026809196484,25.995188317235325,5.1998384919611595,67.0,59.0,8.0,397.0,361.0,36.0,69.0,69.0,0.0,0.12759450154715476,1.31929
HIPC,high,count_b2,trace_0012,12,agx_host_proxy,True,True,True,,,104.52692327810148,104.4671881535386,0.05973512456287722,5.932742175713056,5.743146043888438,0.18959613182461776,27.938063554735255,27.614278767204294,0.3237847875309612,58.0,58.0,0.0,356.0,348.0,8.0,69.0,69.0,0.0,0.0005714807505043229,1.485627
HIPC,high,count_b2,trace_0013,13,agx_host_proxy,True,True,True,,,108.30901941356525,96.23821929675744,12.070800116807817,11.036120715017091,6.890530447545732,4.145590267471359,33.51829861633442,30.865007482210288,2.6532911341241316,60.0,53.0,7.0,350.0,330.0,20.0,70.0,69.0,1.0,0.11144778322400728,1.34841
HIPC,high,count_b2,trace_0014,14,agx_host_proxy,True,True,True,,,114.82909713242404,117.82405819155996,-2.9949610591359175,10.211713608558473,8.873178942730698,1.3385346658277744,35.33244730041246,34.33987072567475,0.9925765747377113,62.0,65.0,-3.0,372.0,370.0,2.0,72.0,69.0,3.0,-0.026081900266811703,1.336503
HIPC,high,count_b2,trace_0015,15,agx_host_proxy,True,True,True,,,130.4645403329103,100.39508112029776,30.069459212612543,7.195796143466862,8.365832917413378,-1.1700367739465163,29.684110958294283,31.25008032362171,-1.565969365327426,74.0,56.0,18.0,534.0,289.0,245.0,67.0,67.0,0.0,0.23047993834863784,1.5201959999999999
HIPC,high,count_b2,trace_0016,16,agx_host_proxy,True,True,True,,,94.90597442935675,98.87586788761988,-3.9698934582631296,9.692053826945862,10.148176623370816,-0.45612279642495324,33.17344711899709,33.53020499942499,-0.35675788042789947,52.0,55.0,-3.0,322.0,354.0,-32.0,69.0,70.0,-1.0,-0.04182975289103764,1.97824
HIPC,high,count_b2,trace_0017,17,agx_host_proxy,True,True,True,,,98.80569006445907,98.21201709650094,0.5936729679581276,6.888144877333317,6.678421798088504,0.20972307924481282,35.21741893782739,34.67014981820823,0.547269119619159,55.0,55.0,0.0,262.0,251.0,11.0,72.0,74.0,-2.0,0.0060084896686701545,1.707374
HIPC,high,count_b2,trace_0018,18,agx_host_proxy,True,True,True,,,82.85993701787723,116.03615526294658,-33.17621824506935,7.526559348372531,8.83169222098296,-1.3051328726104297,29.627598657361407,31.44988434671277,-1.8222856893513644,45.0,64.0,-19.0,247.0,430.0,-183.0,67.0,68.0,-1.0,-0.400389131817847,1.244694
HIPC,high,count_b2,trace_0019,19,agx_host_proxy,True,True,True,,,126.67776631094566,101.52962499667649,25.148141314269168,10.397748173779283,10.102230377902876,0.2955177958764068,36.40627945323527,34.16552523308089,2.240754220154379,72.0,58.0,14.0,351.0,260.0,91.0,66.0,68.0,-2.0,0.198520561631471,1.710289
HIPC,high,count_b2,trace_0020,20,agx_host_proxy,True,True,True,,,105.56360687998537,84.09596990460476,21.467636975380614,7.387452132764173,7.486050178041581,-0.09859804527740845,30.297653343365365,28.422463492656068,1.8751898507092974,59.0,47.0,12.0,334.0,236.0,98.0,69.0,70.0,-1.0,0.203362101863259,1.1012279999999999
HIPC,high,count_b2,trace_0021,21,agx_host_proxy,True,True,True,,,102.65252362563584,103.78340095045407,-1.1308773248182291,9.945693835603256,9.92075703144075,0.024936804162505766,31.511740313343566,33.43311156089185,-1.9213712475482865,58.0,58.0,0.0,315.0,293.0,22.0,68.0,67.0,1.0,-0.011016556484694259,1.419789
HIPC,high,count_b2,trace_0022,22,agx_host_proxy,True,True,True,,,92.88129900267738,98.99563686151052,-6.114337858833139,7.146518964206558,6.33277440311038,0.8137445610961773,29.641053622508018,28.928269230663272,0.7127843918447461,51.0,55.0,-4.0,262.0,317.0,-55.0,72.0,71.0,1.0,-0.06582959028875003,0.901421
HIPC,high,count_b2,trace_0023,23,agx_host_proxy,True,True,True,,,107.92368757213056,104.39744554827786,3.526242023852703,7.168209564347216,7.104344295041623,0.06386526930559278,33.367641838450986,33.54295887513706,-0.17531703668607435,61.0,57.0,4.0,329.0,301.0,28.0,68.0,70.0,-2.0,0.03267347607536063,1.48347
HIPC,high,count_b2,trace_0024,24,agx_host_proxy,True,True,True,,,122.49419297926254,88.82636422704107,33.66782875222147,8.661309851628898,8.509708518690607,0.15160133293829148,31.560398927313773,30.345984252688645,1.2144146746251288,68.0,49.0,19.0,411.0,273.0,138.0,67.0,66.0,1.0,0.2748524475598709,1.831423
HIPC,high,count_b2,trace_0025,25,agx_host_proxy,True,True,True,,,97.02712476401858,97.42842096758329,-0.4012962035647121,8.467721279695436,8.066666661689753,0.40105461800568243,34.21170984933574,33.96918713430543,0.24252271503031153,53.0,54.0,-1.0,270.0,265.0,5.0,68.0,68.0,0.0,-0.004135917708998508,1.407696
HIPC,high,count_b2,trace_0026,26,agx_host_proxy,True,True,True,,,98.1746345097463,95.34346315849214,2.831171351254156,7.982990934833909,7.323765120997696,0.6592258138362128,31.536388863601537,32.61967696046855,-1.0832880968670153,54.0,52.0,2.0,327.0,283.0,44.0,67.0,67.0,0.0,0.02883811450271395,1.463458
HIPC,high,count_b2,trace_0027,27,agx_host_proxy,True,True,True,,,110.38677876698547,99.56261554861338,10.824163218372092,5.690415947077397,6.0274888288601876,-0.3370728817827908,34.796989905645596,33.12226502798097,1.674724877664623,61.0,55.0,6.0,324.0,323.0,1.0,68.0,68.0,0.0,0.09805669971782334,1.998201
HIPC,high,count_b2,trace_0028,28,agx_host_proxy,True,True,True,,,122.03749153847211,108.93439307267813,13.103098465793977,6.709464208406956,7.1846870674299534,-0.4752228590229972,31.112007844040267,33.00759593297371,-1.8955880889334402,68.0,61.0,7.0,416.0,237.0,179.0,71.0,68.0,3.0,0.10736945098271909,1.49137
HIPC,high,count_b2,trace_0029,29,agx_host_proxy,True,True,True,,,113.98878269687681,94.78792702370329,19.20085567317352,5.880669658973086,4.684482492706246,1.1961871662668404,31.34351474026821,31.890841628391218,-0.5473268881230098,64.0,52.0,12.0,418.0,314.0,104.0,69.0,65.0,4.0,0.1684451330990449,1.5274130000000001
HIPC,high,count_b2,trace_0030,30,agx_host_proxy,True,True,True,,,94.37434365512154,101.84027643532313,-7.465932780201598,10.042718265019136,10.531660346598022,-0.48894208157888563,35.84490246926108,35.128082482609436,0.7168199866516431,52.0,57.0,-5.0,304.0,280.0,24.0,72.0,72.0,0.0,-0.07910977169266316,1.939715
HIPC,high,count_b2,trace_0031,31,agx_host_proxy,True,True,True,,,107.82605979043512,116.67821078940453,-8.852150998969407,11.984072192358145,11.688698647079274,0.2953735452788706,35.52785362406362,38.36729940290672,-2.8394457788431,60.0,64.0,-4.0,400.0,423.0,-23.0,72.0,73.0,-1.0,-0.08209658236769447,2.066296
HIPC,high,count_b2,trace_0032,32,agx_host_proxy,True,True,True,,,104.80754414569903,102.62248577778605,2.1850583679129727,3.3448164648378187,3.2475151931266404,0.0973012717111783,30.250898170957967,29.730912735545402,0.5199854354125648,59.0,58.0,1.0,306.0,292.0,14.0,69.0,69.0,0.0,0.020848292799184348,1.374679
HIPC,high,count_b2,trace_0033,33,agx_host_proxy,True,True,True,,,94.9216835254494,94.51504064585367,0.4066428795957222,6.936919869867334,6.857311051771301,0.07960881809603304,30.341651144312277,30.059398261638638,0.2822528826736388,52.0,52.0,0.0,292.0,293.0,-1.0,68.0,68.0,0.0,0.004283983010970275,1.532395
HIPC,high,count_b2,trace_0034,34,agx_host_proxy,True,True,True,,,98.97057271646304,122.01830689546833,-23.04773417900529,5.346933744397068,5.204177575692512,0.14275616870455643,30.932579245781717,34.541718391302446,-3.6091391455207287,55.0,68.0,-13.0,318.0,329.0,-11.0,76.0,74.0,2.0,-0.23287461663007497,1.469373
HIPC,high,count_b2,trace_0035,35,agx_host_proxy,True,True,True,,,143.07741741314726,104.55290318232045,38.52451423082681,7.878417510882711,8.650773020215281,-0.77235550933257,32.8166835571879,31.256223845559102,1.5604597116287984,80.0,58.0,22.0,537.0,346.0,191.0,68.0,68.0,0.0,0.26925642723606236,1.8106419999999999
HIPC,high,count_b2,trace_0036,36,agx_host_proxy,True,True,True,,,100.92151313988322,102.23007693210585,-1.3085637922226283,10.888373761111533,10.314741606395673,0.5736321547158596,33.37561891342119,32.81609972623661,0.5595191871845842,56.0,56.0,0.0,332.0,339.0,-7.0,70.0,68.0,2.0,-0.012966153117511042,1.910226
HIPC,high,count_b2,trace_0037,37,agx_host_proxy,True,True,True,,,115.7554114926758,112.53671303214229,3.218698460533517,3.8668553863898834,3.94794355840776,-0.08108817201787666,26.00748933068222,29.257805379761212,-3.250316049078993,65.0,63.0,2.0,346.0,295.0,51.0,67.0,67.0,0.0,0.027806030137408944,1.409788
HIPC,high,count_b2,trace_0038,38,agx_host_proxy,True,True,True,,,87.80037403763423,117.3169728696994,-29.51659883206517,5.477302785889562,5.184976864535712,0.29232592135385005,27.970926653848842,28.525891851867883,-0.5549651980190404,49.0,67.0,-18.0,302.0,467.0,-165.0,68.0,73.0,-5.0,-0.33617850898235757,1.5411100000000002
HIPC,high,count_b2,trace_0039,39,agx_host_proxy,True,True,True,,,110.83660780340998,111.9968662337807,-1.1602584303707175,10.04916397764445,8.537151704279658,1.5120122733647925,33.98894471734517,33.898030855399554,0.09091386194561579,62.0,63.0,-1.0,322.0,380.0,-58.0,69.0,69.0,0.0,-0.010468187843033404,2.038874
HIPC,high,count_b2,trace_0040,40,agx_host_proxy,True,True,True,,,113.40310715983168,85.60073618682259,27.80237097300909,3.435011914755788,3.3635141373475577,0.07149777740823016,27.957737350951316,26.996759091084925,0.9609782598663905,64.0,47.0,17.0,359.0,247.0,112.0,69.0,69.0,0.0,0.24516410237176395,1.404053
HIPC,high,count_b2,trace_0041,41,agx_host_proxy,True,True,True,,,97.62073689835807,96.97810953671865,0.6426273616394269,7.00477480611529,6.382597305571785,0.6221775005435051,28.03395418883958,27.76625810598605,0.2676960828535293,54.0,54.0,0.0,336.0,361.0,-25.0,66.0,67.0,-1.0,0.006582898081465266,1.568887
HIPC,high,count_b2,trace_0042,42,agx_host_proxy,True,True,True,,,91.51712152315191,140.0554244849488,-48.53830296179687,4.431439118610981,3.606574207206275,0.8248649114047057,26.557906198057477,28.869588760154805,-2.311682562097328,50.0,78.0,-28.0,300.0,496.0,-196.0,69.0,70.0,-1.0,-0.5303740125777197,0.949999
HIPC,high,count_b2,trace_0043,43,agx_host_proxy,True,True,True,,,115.52617086731229,109.23864726899153,6.28752359832076,6.214108644161292,6.101885837188,0.11222280697329179,34.72060461989605,34.68489612374472,0.03570849615132943,64.0,61.0,3.0,324.0,284.0,40.0,69.0,67.0,2.0,0.05442510169875103,1.752421
HIPC,high,count_b2,trace_0044,44,agx_host_proxy,True,True,True,,,87.86058135902897,87.79624635902898,0.0643349999999856,7.120405894809748,7.083641084605199,0.03676481020454858,29.22672975465177,29.135348270103144,0.09138148454862716,49.0,49.0,0.0,282.0,280.0,2.0,69.0,68.0,1.0,0.0007322396347127542,1.390204
HIPC,high,count_b2,trace_0045,45,agx_host_proxy,True,True,True,,,104.29438876584473,114.8914565529314,-10.597067787086672,13.618491997913093,12.975736485761866,0.6427555121512274,41.22076836511907,39.92672339154559,1.2940449735734774,58.0,65.0,-7.0,272.0,319.0,-47.0,76.0,70.0,6.0,-0.10160726681929695,2.254515
HIPC,high,count_b2,trace_0046,46,agx_host_proxy,True,True,True,,,103.71355398033347,102.312793330183,1.400760650150474,5.532959760081401,4.312997827609738,1.219961932471663,34.30939404422693,32.59947141957304,1.7099226246538848,58.0,58.0,0.0,283.0,296.0,-13.0,68.0,67.0,1.0,0.01350605197095156,1.741395
HIPC,high,count_b2,trace_0047,47,agx_host_proxy,True,True,True,,,110.80843634794037,122.91194434731315,-12.10350799937278,4.198139911511065,4.715343477259218,-0.5172035657481526,32.7406164961215,32.18201276952743,0.5586037265940647,62.0,68.0,-6.0,336.0,370.0,-34.0,68.0,70.0,-2.0,-0.10922912007681039,1.159252
HIPC,high,count_b2,trace_0048,48,agx_host_proxy,True,True,True,,,129.45766179203918,115.18301827215922,14.274643519879959,8.689715441669364,8.5798792958491,0.10983614582026391,31.949053527984322,31.773063188826228,0.17599033915809414,73.0,65.0,8.0,517.0,414.0,103.0,66.0,68.0,-2.0,0.11026495706998594,1.69149
HIPC,high,count_b2,trace_0049,49,agx_host_proxy,True,True,True,,,97.84749968124582,99.19677205351854,-1.349272372272722,5.750947118421734,9.691270143242345,-3.9403230248206116,34.43390685629473,35.227574104341414,-0.7936672480466811,53.0,54.0,-1.0,285.0,306.0,-21.0,66.0,68.0,-2.0,-0.013789543694710613,1.377821
HIPC,high,count_b4,trace_0000,0,rp2040_hardware,True,True,True,,,153.96112263826987,155.95676681011213,-1.9956441718422582,22.00229943003107,6.972668725334569,15.029630704696501,74.72104656824816,35.706180726171816,39.01486584207634,44.0,88.0,-44.0,262.0,566.0,-304.0,60.0,59.0,1.0,-0.01296200065084615,257.988126
HIPC,high,count_b4,trace_0001,1,rp2040_hardware,True,True,True,,,179.91016691020897,94.30916932064784,85.60099758956113,21.386431203387666,4.075909391023439,17.31052181236423,93.57944000445865,31.374822255549297,62.20461774890935,55.0,53.0,2.0,270.0,247.0,23.0,60.0,56.0,4.0,0.47579855579970404,328.80758499999996
HIPC,high,count_b4,trace_0002,2,rp2040_hardware,True,True,True,,,160.2585763435071,136.20262962674985,24.055946716757234,27.715798970938437,10.993681680914134,16.7221172900243,82.50312534830313,40.43448125122226,42.06864409708087,48.0,76.0,-28.0,234.0,389.0,-155.0,58.0,63.0,-5.0,0.15010707860772698,276.756021
HIPC,high,count_b4,trace_0003,3,rp2040_hardware,True,True,True,,,167.60622685965893,106.63322957002909,60.972997289629845,28.73260559843407,6.360730852094333,22.371874746339735,79.88571642048514,32.33458415806436,47.55113226242078,56.0,59.0,-3.0,302.0,300.0,2.0,59.0,56.0,3.0,0.3637871839969533,271.349272
HIPC,high,count_b4,trace_0004,4,agx_host_proxy,True,True,True,,,92.73056564825869,108.81127103438257,-16.08070538612388,8.723148965279785,8.842367238132939,-0.11921827285315345,30.061948208546852,32.03161096071872,-1.969662752171871,51.0,59.0,-8.0,230.0,302.0,-72.0,56.0,59.0,-3.0,-0.17341321357965692,1.205405
HIPC,high,count_b4,trace_0005,5,agx_host_proxy,True,True,True,,,110.66544764582687,85.18667511408091,25.47877253174596,6.76239497509794,7.18191652668888,-0.4195215515909405,32.12152447280408,26.931617757755397,5.189906715048686,61.0,47.0,14.0,281.0,243.0,38.0,57.0,57.0,0.0,0.23023240834201558,1.1306230000000002
HIPC,high,count_b4,trace_0006,6,agx_host_proxy,True,True,True,,,114.32551375165491,111.27470707754725,3.050806674107662,8.638117697669848,8.590432151974293,0.04768554569555583,36.22727353346407,35.58414430240868,0.64312923105539,63.0,63.0,0.0,348.0,293.0,55.0,56.0,56.0,0.0,0.026685265379474406,1.095945
HIPC,high,count_b4,trace_0007,7,agx_host_proxy,True,True,True,,,117.6311691686714,102.17129233380122,15.459876834870187,7.8552638206456225,6.147598255044377,1.7076655656012454,37.446117419988845,34.79003385577911,2.6560835642097373,65.0,56.0,9.0,289.0,297.0,-8.0,58.0,56.0,2.0,0.13142670385858582,0.872526
HIPC,high,count_b4,trace_0008,8,agx_host_proxy,True,True,True,,,82.93771719047405,122.05916898710005,-39.121451796626005,7.805924882663945,8.148916153656044,-0.3429912709920995,33.18086215182424,35.31445760956842,-2.1335954577441782,45.0,67.0,-22.0,202.0,413.0,-211.0,58.0,60.0,-2.0,-0.4716967517538494,1.3889749999999998
HIPC,high,count_b4,trace_0009,9,agx_host_proxy,True,True,True,,,123.61451555395871,115.89174835177434,7.722767202184372,8.53877149685331,8.296179366064209,0.24259213078910058,33.03539206747627,32.85884737812865,0.17654468934762235,69.0,65.0,4.0,458.0,389.0,69.0,57.0,57.0,0.0,0.06247459829111512,1.258541
HIPC,high,count_b4,trace_0010,10,agx_host_proxy,True,True,True,,,115.64474551291008,104.03833025708482,11.606415255825254,8.672348030781118,8.71610586570578,-0.04375783492466212,35.43756328586065,35.28249667981009,0.15506660605056055,64.0,57.0,7.0,372.0,311.0,61.0,58.0,59.0,-1.0,0.10036266848396985,1.4007479999999999
HIPC,high,count_b4,trace_0011,11,agx_host_proxy,True,True,True,,,104.45065699236247,92.42251929310902,12.028137699253449,4.279062042813857,5.268272525881627,-0.9892104830677697,27.559093961001707,27.966275563828862,-0.4071816028271549,58.0,51.0,7.0,349.0,224.0,125.0,54.0,54.0,0.0,0.1151561708236355,1.260343
HIPC,high,count_b4,trace_0012,12,agx_host_proxy,True,True,True,,,124.40569962736173,123.11694784098066,1.28875178638107,6.782773541821842,6.70611983320175,0.0766537086200918,35.83968389864917,34.74009077958371,1.0995931190654602,69.0,68.0,1.0,313.0,339.0,-26.0,58.0,58.0,0.0,0.010359266418189272,1.302517
HIPC,high,count_b4,trace_0013,13,agx_host_proxy,True,True,True,,,108.63539383847541,107.428478091326,1.2069157471494094,11.309246437068518,7.799202670309627,3.5100437667588915,34.33096337459434,31.390330192858013,2.9406331817363274,60.0,59.0,1.0,302.0,335.0,-33.0,59.0,60.0,-1.0,0.011109783878943843,1.3640349999999999
HIPC,high,count_b4,trace_0014,14,agx_host_proxy,True,True,True,,,96.0826124216188,98.35284426247082,-2.27023184085202,7.341577044957659,4.321724781719098,3.019852263238561,29.93277705893416,28.356102894173343,1.5766741647608171,52.0,55.0,-3.0,280.0,261.0,19.0,56.0,59.0,-3.0,-0.023627915432711658,1.0353860000000001
HIPC,high,count_b4,trace_0015,15,agx_host_proxy,True,True,True,,,118.11588256610148,117.69770056610149,0.4181819999999874,7.694177697708678,7.638977197143105,0.05520050056557313,32.23816604457551,31.986386047953353,0.25177999662215456,66.0,66.0,0.0,358.0,353.0,5.0,55.0,55.0,0.0,0.003540438346773214,1.502543
HIPC,high,count_b4,trace_0016,16,agx_host_proxy,True,True,True,,,91.05605043168788,90.59614743168788,0.45990299999999706,11.3903578343845,11.171590906752808,0.21876692763169103,35.03657066242821,34.7027797136255,0.333790948802708,50.0,50.0,0.0,261.0,254.0,7.0,57.0,57.0,0.0,0.00505076815675226,1.407968
HIPC,high,count_b4,trace_0017,17,agx_host_proxy,True,True,True,,,117.22704677008103,137.52816089113074,-20.301114121049707,7.603363348301318,7.4847819229439425,0.11858142535737581,35.864819218936574,39.08918916681905,-3.2243699478824723,65.0,78.0,-13.0,307.0,430.0,-123.0,58.0,57.0,1.0,-0.17317773227595296,1.2988220000000001
HIPC,high,count_b4,trace_0018,18,agx_host_proxy,True,True,True,,,91.68408606089801,98.04971097112319,-6.365624910225179,9.377206796688355,11.302332968986626,-1.9251261722982704,31.518403369705585,36.617533841160856,-5.099130471455272,51.0,54.0,-3.0,230.0,249.0,-19.0,57.0,59.0,-2.0,-0.06942998707536913,1.1509740000000002
HIPC,high,count_b4,trace_0019,19,agx_host_proxy,True,True,True,,,104.71552903963651,99.53178700008864,5.183742039547866,10.78591950996822,10.421081208014611,0.36483830195360945,34.867171461019645,34.17596273600994,0.6912087250097017,58.0,56.0,2.0,234.0,221.0,13.0,56.0,56.0,0.0,0.049503087909585373,1.409349
HIPC,high,count_b4,trace_0020,20,agx_host_proxy,True,True,True,,,99.50191376701913,97.43277241783593,2.069141349183198,8.992592102192688,8.687742338757419,0.3048497634352696,31.97658407332362,31.112309668805352,0.8642744045182695,55.0,54.0,1.0,282.0,265.0,17.0,57.0,57.0,0.0,0.020794990476545334,1.101257
HIPC,high,count_b4,trace_0021,21,agx_host_proxy,True,True,True,,,100.95920400956857,98.13643478066888,2.8227692288996877,11.190258902271284,11.449061754023473,-0.25880285175218987,34.20854699979901,34.1573216822432,0.0512253175558115,57.0,54.0,3.0,291.0,262.0,29.0,55.0,55.0,0.0,0.027959503609320806,1.498919
HIPC,high,count_b4,trace_0022,22,agx_host_proxy,True,True,True,,,98.04121115417777,93.05891392040591,4.98229723377186,9.286207014291273,8.943044328655917,0.343162685635356,30.21884646181925,30.161149335697374,0.05769712612187661,54.0,52.0,2.0,304.0,268.0,36.0,58.0,56.0,2.0,0.050818397438366934,1.379449
HIPC,high,count_b4,trace_0023,23,agx_host_proxy,True,True,True,,,107.56253585823183,118.9262525613281,-11.363716703096273,7.315000871307454,7.4371243210920595,-0.12212344978460532,31.633021529898937,31.11032103651904,0.5227004933798973,59.0,67.0,-8.0,308.0,371.0,-63.0,57.0,57.0,0.0,-0.10564753436153393,1.190636
HIPC,high,count_b4,trace_0024,24,agx_host_proxy,True,True,True,,,99.47717314543183,98.94404814543184,0.5331249999999983,9.937396675454258,9.679362262487006,0.2580344129672518,31.484523092229384,31.50755864348865,-0.02303555125926593,55.0,55.0,0.0,333.0,292.0,41.0,55.0,58.0,-3.0,0.0053592697012066265,1.633231
HIPC,high,count_b4,trace_0025,25,agx_host_proxy,True,True,True,,,109.43256146823929,103.15694692834373,6.275614539895557,7.403258270469268,7.3036369210554,0.09962134941386847,31.535574415445502,32.64303350758801,-1.1074590921425056,61.0,57.0,4.0,335.0,263.0,72.0,56.0,56.0,0.0,0.05734686692604682,1.0944349999999998
HIPC,high,count_b4,trace_0026,26,agx_host_proxy,True,True,True,,,95.57430365707694,100.18534949237903,-4.611045835302093,7.692194540326786,7.5240766660273355,0.16811787429945024,32.91172433950593,32.80557471429435,0.10614962521157878,52.0,56.0,-4.0,267.0,254.0,13.0,55.0,55.0,0.0,-0.04824566498382917,1.081501
HIPC,high,count_b4,trace_0027,27,agx_host_proxy,True,True,True,,,122.16380289580056,119.26021227699273,2.9035906188078258,7.471115001760723,6.92443071300488,0.5466842887558432,35.40172151285612,31.934621350865545,3.467100161990576,68.0,66.0,2.0,387.0,356.0,31.0,59.0,56.0,3.0,0.023768011063673575,1.613427
HIPC,high,count_b4,trace_0028,28,agx_host_proxy,True,True,True,,,133.80009083025942,133.49085021344072,0.3092406168186983,7.523914084218675,7.422713178162137,0.10120090605653775,32.49637644336236,32.300431251962124,0.19594519140023436,75.0,75.0,0.0,453.0,453.0,0.0,55.0,55.0,0.0,0.0023112138033673318,1.298467
HIPC,high,count_b4,trace_0029,29,agx_host_proxy,True,True,True,,,95.81144155722906,93.66021699857187,2.1512245586571908,5.251991168277296,5.128402915753096,0.12358825252420047,28.992527281094187,29.627859682662415,-0.6353324015682276,52.0,52.0,0.0,310.0,304.0,6.0,54.0,55.0,-1.0,0.022452689612985778,1.232202
HIPC,high,count_b4,trace_0030,30,agx_host_proxy,True,True,True,,,106.25506070688884,88.18622877235141,18.068831934537428,12.964435913464849,12.46959625100792,0.4948396624569291,36.29184273890822,34.7046381773206,1.587204561587626,59.0,49.0,10.0,312.0,224.0,88.0,59.0,59.0,0.0,0.17005149509425643,1.3458269999999999
HIPC,high,count_b4,trace_0031,31,agx_host_proxy,True,True,True,,,100.225071015433,112.64974824849084,-12.424677233057835,10.872793446897253,10.976813684894301,-0.10402023799704807,34.91637836064626,36.560357032573535,-1.6439786719272718,56.0,62.0,-6.0,340.0,312.0,28.0,60.0,61.0,-1.0,-0.1239677568414458,1.681496
HIPC,high,count_b4,trace_0032,32,agx_host_proxy,True,True,True,,,97.79285103162977,117.81854004873662,-20.025689017106856,4.491995259807908,4.457493028882733,0.03450223092517479,30.33990567795049,31.39963131982582,-1.0597256418753283,54.0,66.0,-12.0,256.0,371.0,-115.0,57.0,57.0,0.0,-0.204776615119134,1.100371
HIPC,high,count_b4,trace_0033,33,agx_host_proxy,True,True,True,,,85.16330816939949,84.99396516939946,0.16934300000002622,7.677516582634496,7.251601539814475,0.42591504282002113,30.28551994994858,30.022575164329652,0.2629447856189273,46.0,46.0,0.0,221.0,230.0,-9.0,57.0,57.0,0.0,0.0019884502333232966,1.3679350000000001
HIPC,high,count_b4,trace_0034,34,agx_host_proxy,True,True,True,,,128.5192479005655,99.18327617267862,29.33597172788687,7.193241717853629,6.584706263189214,0.6085354546644153,33.83857357302631,28.530210954851476,5.308362618174833,71.0,55.0,16.0,402.0,311.0,91.0,59.0,56.0,3.0,0.22826130876974882,1.522298
HIPC,high,count_b4,trace_0035,35,agx_host_proxy,True,True,True,,,116.73348260074881,134.34911835905726,-17.615635758308443,9.327188995028342,9.90731252000325,-0.5801235249749084,33.55400950406011,34.35239256679814,-0.7983830627380257,64.0,76.0,-12.0,324.0,482.0,-158.0,58.0,58.0,0.0,-0.15090473929024578,1.5823289999999999
HIPC,high,count_b4,trace_0036,36,agx_host_proxy,True,True,True,,,95.14478721190099,102.15305110492505,-7.008263893024065,8.777716590618162,8.672334733095608,0.1053818575225538,30.813416266192302,30.382013159545,0.4314031066473021,53.0,56.0,-3.0,294.0,308.0,-14.0,57.0,57.0,0.0,-0.07365893706205535,1.438822
HIPC,high,count_b4,trace_0037,37,agx_host_proxy,True,True,True,,,117.71580286139042,112.70557780207925,5.010225059311168,5.515722631832985,5.402819074026377,0.11290355780660821,32.3372214406815,32.00440604882093,0.33281539186057074,66.0,63.0,3.0,292.0,268.0,24.0,55.0,57.0,-2.0,0.042562042967252876,1.199908
HIPC,high,count_b4,trace_0038,38,agx_host_proxy,True,True,True,,,91.45909448236904,114.65369216764793,-23.194597685278893,4.77900047781078,4.560461321786248,0.21853915602453178,29.486852895321405,29.791654059090185,-0.3048011637687793,51.0,65.0,-14.0,268.0,345.0,-77.0,59.0,61.0,-2.0,-0.25360624677680593,1.3023500000000001
HIPC,high,count_b4,trace_0039,39,agx_host_proxy,True,True,True,,,121.2514135473736,131.88852801068924,-10.63711446331564,11.042963764437708,10.653878303524095,0.38908546091361274,37.1214069211274,36.74143876668632,0.37996815444108023,67.0,74.0,-7.0,288.0,387.0,-99.0,58.0,59.0,-1.0,-0.08772775633794702,1.530076
HIPC,high,count_b4,trace_0040,40,agx_host_proxy,True,True,True,,,95.31441641424912,104.44437429033466,-9.129957876085541,4.5807481116430235,4.24084204327516,0.3399060683678634,26.836906521817756,27.44322695559681,-0.6063204337790538,53.0,58.0,-5.0,284.0,317.0,-33.0,56.0,56.0,0.0,-0.09578779600774694,0.973488
HIPC,high,count_b4,trace_0041,41,agx_host_proxy,True,True,True,,,96.9819031217437,118.15032150917378,-21.16841838743008,7.212710147001958,7.099558363214849,0.11315178378710833,27.868713868918906,28.144167574173657,-0.2754537052547512,54.0,62.0,-8.0,318.0,422.0,-104.0,57.0,57.0,0.0,-0.21827183944675596,1.196696
HIPC,high,count_b4,trace_0042,42,agx_host_proxy,True,True,True,,,102.04675109174808,129.01625737122194,-26.969506279473862,9.75609172711846,8.723241990862903,1.0328497362555566,31.02480220705948,35.10242809352164,-4.077625886462158,56.0,71.0,-15.0,250.0,350.0,-100.0,59.0,63.0,-4.0,-0.2642857904924984,0.896302
HIPC,high,count_b4,trace_0043,43,agx_host_proxy,True,True,True,,,98.92303884803842,98.55403384803844,0.36900499999997294,9.522880976610718,9.417050006619212,0.10583096999150676,30.949819554523124,30.706345139509242,0.2434744150138819,56.0,56.0,0.0,263.0,259.0,4.0,57.0,57.0,0.0,0.003730223053163819,1.4680639999999998
HIPC,high,count_b4,trace_0044,44,agx_host_proxy,True,True,True,,,113.46350168257281,106.59866543214967,6.864836250423139,9.385782448819453,9.31528078307095,0.07050166574850358,29.888650535548596,29.424969708528728,0.4636808270198678,64.0,59.0,5.0,383.0,350.0,33.0,57.0,56.0,1.0,0.06050259465487243,1.042465
HIPC,high,count_b4,trace_0045,45,agx_host_proxy,True,True,True,,,122.4978752159125,121.94867021591249,0.5492050000000148,14.622230307095833,14.491295670418618,0.13093463667721572,41.40464014526235,41.10088146236488,0.30375868289746677,68.0,68.0,0.0,365.0,366.0,-1.0,58.0,58.0,0.0,0.004483383887532712,1.607346
HIPC,high,count_b4,trace_0046,46,agx_host_proxy,True,True,True,,,113.68584164958472,101.20299920139024,12.482842448194475,6.624082220471184,6.469788650434909,0.15429357003627509,32.222420452843714,31.65807518057943,0.5643452722642834,63.0,54.0,9.0,333.0,258.0,75.0,58.0,57.0,1.0,0.10980120538378468,1.67149
HIPC,high,count_b4,trace_0047,47,agx_host_proxy,True,True,True,,,98.70500863329681,98.32760589406332,0.37740273923348866,7.972406070333374,7.4622920496027465,0.5101140207306276,30.80235725175618,30.570137600897016,0.23221965085916452,55.0,55.0,0.0,255.0,256.0,-1.0,55.0,55.0,0.0,0.0038235419302336893,0.863503
HIPC,high,count_b4,trace_0048,48,agx_host_proxy,True,True,True,,,102.6687488555465,94.59372368494685,8.075025170599645,8.22904258821269,8.171459814571264,0.0575827736414265,33.68415734467449,33.24414190478867,0.44001543988581915,56.0,53.0,3.0,290.0,235.0,55.0,56.0,56.0,0.0,0.07865124744006663,1.084227
HIPC,high,count_b4,trace_0049,49,agx_host_proxy,True,True,True,,,102.33941325820186,98.25059400135886,4.088819256842996,7.919928255647058,8.179669841368447,-0.2597415857213896,33.563611457987996,33.77628253997022,-0.21267108198222218,56.0,55.0,1.0,288.0,265.0,23.0,55.0,61.0,-6.0,0.039953514747313665,1.215776
HIPC,high,count_b8,trace_0000,0,agx_host_proxy,True,True,True,,,116.60377571826976,115.66450420134449,0.9392715169252739,8.013602958881282,8.057038870657484,-0.04343591177620176,35.13732375859932,34.60469940976747,0.5326243488318525,62.0,64.0,-2.0,309.0,322.0,-13.0,53.0,55.0,-2.0,0.008055241017192093,1.257109
HIPC,high,count_b8,trace_0001,1,agx_host_proxy,True,True,True,,,111.97403382696864,98.30166417715758,13.67236964981106,7.146867934027763,7.235083368900618,-0.08821543487285499,32.06189172852681,31.52202037906551,0.5398713494613006,62.0,55.0,7.0,341.0,253.0,88.0,52.0,52.0,0.0,0.12210303748580421,1.269418
HIPC,high,count_b8,trace_0002,2,agx_host_proxy,True,True,True,,,97.83848400773682,100.43330018163238,-2.594816173895552,14.181597869840544,12.490086597781218,1.6915112720593264,33.34054406748073,34.606214510377654,-1.2656704428969263,54.0,56.0,-2.0,253.0,263.0,-10.0,52.0,53.0,-1.0,-0.02652142661665077,1.396105
HIPC,high,count_b8,trace_0003,3,agx_host_proxy,True,True,True,,,170.4288621449714,90.26722633611965,80.16163580885174,7.742678145037989,5.688151829989813,2.054526315048176,38.80646051706764,33.0253514890538,5.781109028013844,95.0,50.0,45.0,503.0,193.0,310.0,51.0,51.0,0.0,0.4703524672990194,0.9983960000000001
HIPC,high,count_b8,trace_0004,4,agx_host_proxy,True,True,True,,,136.2532364369489,123.46664091125173,12.786595525697166,9.791197110155304,9.989088554396389,-0.19789144424108507,35.55205098165598,36.91094024829159,-1.3588892666356074,76.0,67.0,9.0,375.0,280.0,95.0,52.0,70.0,-18.0,0.09384434351850537,1.187791
HIPC,high,count_b8,trace_0005,5,agx_host_proxy,True,True,True,,,88.02353966280937,84.09971418465189,3.9238254781574824,6.129986205937219,7.574405263593153,-1.4444190576559341,26.401113628691597,27.0025349872978,-0.6014213586062027,49.0,47.0,2.0,232.0,181.0,51.0,52.0,52.0,0.0,0.044577001711001735,0.9499519999999999
HIPC,high,count_b8,trace_0006,6,agx_host_proxy,True,True,True,,,94.84154613967674,118.74165478639327,-23.900108646716532,8.778185025327124,9.15402354647524,-0.37583852114811656,33.93861462025338,32.88443210916489,1.0541825110884915,53.0,67.0,-14.0,221.0,344.0,-123.0,52.0,52.0,0.0,-0.25200041141798696,0.972374
HIPC,high,count_b8,trace_0007,7,agx_host_proxy,True,True,True,,,101.21167406015768,110.67895522893457,-9.467281168776893,8.785691152242684,6.311993219189337,2.473697933053347,36.183576858699475,36.76694950937976,-0.5833726506802819,55.0,60.0,-5.0,232.0,256.0,-24.0,51.0,53.0,-2.0,-0.0935394188139777,1.007586
HIPC,high,count_b8,trace_0008,8,agx_host_proxy,True,True,True,,,87.81569676422794,87.28243580647163,0.5332609577563119,8.319249715561947,8.791729061120831,-0.4724793455588845,33.56442607176719,33.765674911870896,-0.20124884010370891,49.0,47.0,2.0,232.0,215.0,17.0,52.0,52.0,0.0,0.00607250158463171,1.422679
HIPC,high,count_b8,trace_0009,9,agx_host_proxy,True,True,True,,,129.7095390096045,122.62874968492649,7.080789324678008,11.006627670128193,10.964000917374811,0.04262675275338168,33.994050897967405,34.04750090041985,-0.05345000245244336,73.0,69.0,4.0,412.0,410.0,2.0,52.0,52.0,0.0,0.05458958052540533,1.0147229999999998
HIPC,high,count_b8,trace_0010,10,agx_host_proxy,True,True,True,,,116.43655853868256,98.44984344996764,17.986715088714917,11.948020259610573,11.969049641389685,-0.021029381779111844,34.36973265018921,34.58927401831182,-0.21954136812260572,65.0,55.0,10.0,374.0,258.0,116.0,52.0,53.0,-1.0,0.15447652622556143,1.045434
HIPC,high,count_b8,trace_0011,11,agx_host_proxy,True,True,True,,,109.31850858343903,116.70128009665547,-7.38277151321644,5.504038374163933,5.078749392605906,0.42528898155802697,29.642235850747774,31.498774291230443,-1.8565384404826695,60.0,63.0,-3.0,329.0,338.0,-9.0,54.0,51.0,3.0,-0.06753450636020547,1.151324
HIPC,high,count_b8,trace_0012,12,agx_host_proxy,True,True,True,,,87.43522994446676,104.49867080019494,-17.06344085572819,7.455900204074509,7.525766131730403,-0.06986592765589439,27.737829051967356,28.163689396966788,-0.4258603449994318,44.0,54.0,-10.0,218.0,292.0,-74.0,52.0,52.0,0.0,-0.19515521222470383,1.032911
HIPC,high,count_b8,trace_0013,13,agx_host_proxy,True,True,True,,,108.39471395324044,113.12577978213065,-4.731065828890209,11.10051245528179,9.82863993851175,1.2718725167700384,34.65633110814835,33.46945712986995,1.186873978278399,60.0,63.0,-3.0,286.0,306.0,-20.0,54.0,54.0,0.0,-0.04364664711354012,1.2421929999999999
HIPC,high,count_b8,trace_0014,14,agx_host_proxy,True,True,True,,,112.213367968239,90.4075115333971,21.8058564348419,8.567703977464195,6.581354370829644,1.9863496066345512,30.325974954119943,28.09162804002266,2.2343469140972836,62.0,50.0,12.0,371.0,242.0,129.0,53.0,54.0,-1.0,0.19432494389629099,0.96458
HIPC,high,count_b8,trace_0015,15,agx_host_proxy,True,True,True,,,110.50792499233154,119.0989759796646,-8.591050987333062,8.252515985691476,8.324598698793839,-0.07208271310236292,31.532777913539885,31.513802724717102,0.018975188822782485,62.0,66.0,-4.0,306.0,350.0,-44.0,51.0,51.0,0.0,-0.0777414921864583,1.187291
HIPC,high,count_b8,trace_0016,16,agx_host_proxy,True,True,True,,,86.46340239695976,86.44858787462422,0.014814522335541369,11.559305455673249,11.692498201451974,-0.1331927457787252,34.202266234235275,33.21353730395081,0.9887289302844664,46.0,45.0,1.0,218.0,249.0,-31.0,51.0,53.0,-2.0,0.0001713386464660137,1.2346329999999999
HIPC,high,count_b8,trace_0017,17,agx_host_proxy,True,True,True,,,127.82968711537885,126.87010695455379,0.9595801608250554,10.046938196148474,9.966170294133923,0.08076790201455175,33.235954115510694,32.62388568499682,0.6120684305138724,71.0,71.0,0.0,357.0,356.0,1.0,52.0,52.0,0.0,0.00750670820275841,1.322474
HIPC,high,count_b8,trace_0018,18,agx_host_proxy,True,True,True,,,114.5906434399338,122.9483471505114,-8.357703710577596,10.68418201443386,8.083625914055164,2.6005561003786966,33.0384154192943,32.512579616124526,0.5258358031697767,59.0,69.0,-10.0,327.0,392.0,-65.0,52.0,53.0,-1.0,-0.07293530658075537,1.011825
HIPC,high,count_b8,trace_0019,19,agx_host_proxy,True,True,True,,,87.6234827468746,126.83863323615135,-39.21515048927675,10.328448225057091,10.193143671178568,0.13530455387852314,31.665919227629775,32.81033369775294,-1.1444144701231629,48.0,72.0,-24.0,207.0,449.0,-242.0,53.0,53.0,0.0,-0.4475415637445146,1.432092
HIPC,high,count_b8,trace_0020,20,agx_host_proxy,True,True,True,,,104.26062684597045,99.33015293451774,4.930473911452708,7.64515568838068,8.852827258450974,-1.2076715700702936,30.06081248508465,31.112136448090244,-1.0513239630055935,57.0,56.0,1.0,294.0,270.0,24.0,52.0,52.0,0.0,0.04728989322821499,0.9742689999999999
HIPC,high,count_b8,trace_0021,21,agx_host_proxy,True,True,True,,,120.25074188194593,120.5735321776329,-0.32279029568697126,12.51644392406517,12.386591753704826,0.12985217036034413,39.37951397034466,38.10976086781943,1.2697531025252289,64.0,64.0,0.0,342.0,310.0,32.0,54.0,54.0,0.0,-0.0026843102224172973,1.579258
HIPC,high,count_b8,trace_0022,22,agx_host_proxy,True,True,True,,,109.2294429669672,101.31256726135521,7.916875705611986,9.74104216561081,9.482939397796146,0.25810276781466435,31.72576455457178,30.461437698785296,1.2643268557864822,62.0,56.0,6.0,323.0,293.0,30.0,52.0,52.0,0.0,0.07247931959157002,1.281733
HIPC,high,count_b8,trace_0023,23,agx_host_proxy,True,True,True,,,122.53554832322388,105.26531541943001,17.270232903793868,8.843559961125878,10.003127148037008,-1.1595671869111293,33.83465203439757,37.35408019523256,-3.519428160834991,67.0,58.0,9.0,371.0,235.0,136.0,52.0,53.0,-1.0,0.1409405934858879,1.169115
HIPC,high,count_b8,trace_0024,24,agx_host_proxy,True,True,True,,,85.53516582913207,89.39227699756515,-3.8571111684330788,12.492631839379081,12.214168091581241,0.27846374779784,33.60856621483466,33.67564372661302,-0.06707751177835775,47.0,47.0,0.0,201.0,223.0,-22.0,52.0,52.0,0.0,-0.04509386438950939,1.234664
HIPC,high,count_b8,trace_0025,25,agx_host_proxy,True,True,True,,,101.59730978941661,101.55819178941658,0.039118000000030406,9.153228312997042,9.041876037503986,0.11135227549305604,33.006318015931676,32.810764727199036,0.19555328873263988,56.0,56.0,0.0,245.0,247.0,-2.0,51.0,51.0,0.0,0.0003850298800343366,0.8903099999999999
HIPC,high,count_b8,trace_0026,26,agx_host_proxy,True,True,True,,,90.73255576332063,101.53013078210788,-10.797575018787242,7.9882211453745615,7.833905023050873,0.15431612232368863,31.40788626878134,31.54758711588894,-0.13970084710760133,50.0,52.0,-2.0,217.0,278.0,-61.0,56.0,55.0,1.0,-0.11900441829229558,1.2526110000000001
HIPC,high,count_b8,trace_0027,27,agx_host_proxy,True,True,True,,,122.68940615223202,119.26021227699273,3.4291938752392923,7.202416610696173,7.045720816963076,0.15669579373309706,37.1168457524654,31.934621350865545,5.182224401599857,68.0,66.0,2.0,327.0,340.0,-13.0,52.0,51.0,1.0,0.02795020354882455,1.232653
HIPC,high,count_b8,trace_0028,28,agx_host_proxy,True,True,True,,,130.13125256032836,133.49085021344072,-3.3595976531123597,7.708878936069113,7.608276255696251,0.10060268037286235,32.52976878760935,32.30975468486072,0.2200141027486282,73.0,75.0,-2.0,368.0,440.0,-72.0,51.0,51.0,0.0,-0.025816993128186964,1.2096669999999998
HIPC,high,count_b8,trace_0029,29,agx_host_proxy,True,True,True,,,83.44259741286302,81.45840965901047,1.9841877538525523,6.722722062518137,6.712327800434132,0.010394262084005845,29.245406519766,28.93562676765545,0.30977975211055053,44.0,44.0,0.0,229.0,231.0,-2.0,54.0,52.0,2.0,0.023779074661770795,1.202434
HIPC,high,count_b8,trace_0030,30,agx_host_proxy,True,True,True,,,106.99949950113339,103.92367123808133,3.0758282630520597,13.270931887731278,13.607321363517281,-0.3363894757860031,34.663396907053894,34.51777605276394,0.14562085428995175,60.0,58.0,2.0,324.0,329.0,-5.0,53.0,54.0,-1.0,0.028746192995224983,0.949233
HIPC,high,count_b8,trace_0031,31,agx_host_proxy,True,True,True,,,108.27164764362804,101.29037782412698,6.981269819501065,12.125695647353604,10.134584548009641,1.9911110993439625,36.39694316397325,34.13647878846838,2.260464375504867,60.0,56.0,4.0,266.0,286.0,-20.0,52.0,52.0,0.0,0.06447920551167417,1.194498
HIPC,high,count_b8,trace_0032,32,agx_host_proxy,True,True,True,,,97.71635503162975,108.63081568403624,-10.91446065240649,4.936116868934574,4.934054963587949,0.0020619053466255366,29.629103289601094,29.813987600494144,-0.18488431089305024,54.0,60.0,-6.0,223.0,318.0,-95.0,53.0,52.0,1.0,-0.11169533133807125,0.931221
HIPC,high,count_b8,trace_0033,33,agx_host_proxy,True,True,True,,,83.92331811402894,83.64128111402897,0.2820369999999741,7.9841764416471035,7.878382601647102,0.10579384000000136,29.930207093714174,29.729470184173728,0.20073690954044565,45.0,45.0,0.0,216.0,206.0,10.0,53.0,53.0,0.0,0.0033606512032420192,1.1643780000000001
HIPC,high,count_b8,trace_0034,34,agx_host_proxy,True,True,True,,,95.80594827300028,116.94984705855425,-21.143898785553972,6.7532108646247115,6.806877038740156,-0.0536661741154445,31.304661824416577,31.540595921709098,-0.23593409729252102,53.0,65.0,-12.0,240.0,345.0,-105.0,54.0,53.0,1.0,-0.22069505251703328,1.198667
HIPC,high,count_b8,trace_0035,35,agx_host_proxy,True,True,True,,,107.46825524131353,98.92614735218653,8.542107889126996,8.584557240212137,7.862015386503073,0.722541853709064,31.5632544612684,29.374379622434905,2.1888748388334953,60.0,55.0,5.0,258.0,254.0,4.0,51.0,51.0,0.0,0.07948494064546041,1.243798
HIPC,high,count_b8,trace_0036,36,agx_host_proxy,True,True,True,,,118.36513713911287,107.19195967871498,11.173177460397895,10.781804077903553,11.681153963941275,-0.8993498860377223,34.397438539755655,34.94422967684963,-0.546791137093976,64.0,61.0,3.0,379.0,315.0,64.0,55.0,53.0,2.0,0.09439584771710455,1.255104
HIPC,high,count_b8,trace_0037,37,agx_host_proxy,True,True,True,,,113.04608480207924,117.44159786139046,-4.395513059311227,5.6261003146912705,5.51096529381241,0.11513502087886085,31.924257588141685,32.14483459822736,-0.22057701008567676,63.0,66.0,-3.0,301.0,281.0,20.0,52.0,52.0,0.0,-0.038882488208299114,1.074979
HIPC,high,count_b8,trace_0038,38,agx_host_proxy,True,True,True,,,97.83039723177357,100.85956131367833,-3.029164081904753,4.9342750365660235,4.812794876819562,0.12148015974646142,28.72757063713971,28.877017889229116,-0.14944725208940568,54.0,56.0,-2.0,302.0,305.0,-3.0,56.0,58.0,-2.0,-0.030963424126023424,1.195534
HIPC,high,count_b8,trace_0039,39,agx_host_proxy,True,True,True,,,99.69107425045964,99.09791045618111,0.5931637942785244,12.370046412945207,12.038379085667227,0.3316673272779802,33.633390906756404,33.33374472551594,0.29964618124046183,55.0,55.0,0.0,264.0,264.0,0.0,53.0,53.0,0.0,0.005950019083837785,1.358112
HIPC,high,count_b8,trace_0040,40,agx_host_proxy,True,True,True,,,120.22624175160344,119.99882734890163,0.227414402701811,6.4374759414414555,6.356722721171276,0.0807532202701795,28.889185635058492,28.74271636257217,0.14646927248632124,68.0,68.0,0.0,366.0,368.0,-2.0,51.0,51.0,0.0,0.0018915537855010594,1.026566
HIPC,high,count_b8,trace_0041,41,agx_host_proxy,True,True,True,,,89.75700633888499,108.36099650405218,-18.60399016516719,8.687141488578948,8.499664216990134,0.1874772715888149,26.940244895236436,27.825549973307652,-0.885305078071216,50.0,60.0,-10.0,289.0,361.0,-72.0,52.0,52.0,0.0,-0.20727061790503895,1.2061030000000001
HIPC,high,count_b8,trace_0042,42,agx_host_proxy,True,True,True,,,119.83150359766097,118.09944705668977,1.7320565409712003,9.805523845556438,9.430174735620199,0.3753491099362396,35.12945938960445,34.95577699150711,0.1736823980973412,66.0,66.0,0.0,309.0,291.0,18.0,54.0,54.0,0.0,0.014454100040225223,0.906853
HIPC,high,count_b8,trace_0043,43,agx_host_proxy,True,True,True,,,98.95638784803843,98.55403384803844,0.40235399999998833,11.131764061839641,10.969360321839643,0.16240373999999846,31.001457339509237,30.69634513950924,0.3051121999999964,56.0,56.0,0.0,256.0,248.0,8.0,52.0,52.0,0.0,0.004065972988200215,1.262263
HIPC,high,count_b8,trace_0044,44,agx_host_proxy,True,True,True,,,102.68509568071936,104.18689592673395,-1.5018002460145965,8.97562471931361,9.309711613011814,-0.33408689369820443,30.846631747911935,31.694130671996316,-0.8474989240843804,56.0,59.0,-3.0,320.0,243.0,77.0,52.0,52.0,0.0,-0.01462529918347811,0.81086
HIPC,high,count_b8,trace_0045,45,agx_host_proxy,True,True,True,,,117.51735718767063,116.12939991515003,1.3879572725205946,17.849889058007196,17.273122452533624,0.5767666054735727,46.02429115700127,47.44825381218766,-1.4239626551863864,64.0,64.0,0.0,306.0,260.0,46.0,55.0,56.0,-1.0,0.011810657640165284,1.412388
HIPC,high,count_b8,trace_0046,46,agx_host_proxy,True,True,True,,,121.23595985744741,89.43428073236535,31.80167912508206,6.691914597408634,6.413029517284568,0.2788850801240663,35.29921061216766,31.003373564514746,4.295837047652917,67.0,51.0,16.0,359.0,225.0,134.0,56.0,52.0,4.0,0.26231226413743375,1.36188
HIPC,high,count_b8,trace_0047,47,agx_host_proxy,True,True,True,,,113.45100035375069,98.62837723043121,14.822623123319474,6.3751801433249184,6.3100248318240935,0.06515531150082499,32.51488209879717,32.21262888295899,0.302253215838185,63.0,55.0,8.0,319.0,224.0,95.0,51.0,51.0,0.0,0.1306522029519455,0.912351
HIPC,high,count_b8,trace_0048,48,agx_host_proxy,True,True,True,,,110.2985955658432,95.78573120714282,14.512864358700384,8.93776492595239,9.261309488145853,-0.3235445621934634,35.49349354761986,34.303770600257266,1.189722947362597,61.0,53.0,8.0,302.0,250.0,52.0,51.0,51.0,0.0,0.13157796148036055,1.156387
HIPC,high,count_b8,trace_0049,49,agx_host_proxy,True,True,True,,,95.59110638836977,95.76249082576349,-0.17138443739372633,8.273403408143768,11.209311654083457,-2.9359082459396895,32.83819609566605,35.78349010424496,-2.9452940085789123,52.0,53.0,-1.0,255.0,197.0,58.0,54.0,53.0,1.0,-0.001792891032115704,0.756841
HIPC,high,eager_b1,trace_0000,0,rp2040_hardware,True,True,True,,,233.54829206746993,118.3313847281384,115.21690733933153,52.230669114816415,6.490484935747031,45.74018417906938,156.76012026869975,33.50606573552666,123.25405453317309,46.0,66.0,-20.0,365.0,481.0,-116.0,92.0,92.0,0.0,0.4933322625457113,610.400203
HIPC,high,eager_b1,trace_0001,1,rp2040_hardware,True,True,True,,,258.22890241835853,135.36105198675347,122.86785043160506,44.92416192222159,6.10738540767861,38.81677651454298,181.66531736738665,34.34127317241842,147.32404419496822,41.0,76.0,-35.0,383.0,572.0,-189.0,92.0,92.0,0.0,0.4758098310488342,704.9989860000001
HIPC,high,eager_b1,trace_0002,2,rp2040_hardware,True,True,True,,,276.17737850792963,105.29038360725359,170.88699490067603,78.664345555315,10.041033979893312,68.62331157542168,197.9083825003706,38.3624224187458,159.5459600816248,44.0,59.0,-15.0,405.0,362.0,43.0,92.0,97.0,-5.0,0.6187581177861369,763.026121
HIPC,high,eager_b1,trace_0003,3,rp2040_hardware,True,True,True,,,246.78881313743858,85.56617133022586,161.2226418072127,54.95680466795956,6.895713676372102,48.061090991587456,172.42856815322506,33.238801100368754,139.1897670528563,46.0,47.0,-1.0,351.0,309.0,42.0,92.0,94.0,-2.0,0.6532818070543035,647.73937
HIPC,high,eager_b1,trace_0004,4,agx_host_proxy,True,True,True,,,80.67018076556725,96.01570146966284,-15.345520704095591,3.947525964657738,4.946640767846448,-0.9991148031887103,27.320241807529513,28.930084245892395,-1.6098424383628824,44.0,54.0,-10.0,295.0,373.0,-78.0,92.0,92.0,0.0,-0.19022544090598562,1.849562
HIPC,high,eager_b1,trace_0005,5,agx_host_proxy,True,True,True,,,85.1379426861629,83.41379759841404,1.724145087748866,5.172870718312257,5.2434192176698495,-0.07054849935759222,27.98120801161294,24.157474181658294,3.8237338299546444,47.0,47.0,0.0,325.0,339.0,-14.0,94.0,92.0,2.0,0.02025119509998547,1.8261260000000001
HIPC,high,eager_b1,trace_0006,6,agx_host_proxy,True,True,True,,,103.24236866364693,123.09330307223163,-19.850934408584706,6.768153663862981,7.993604322176292,-1.225450658313311,34.15564467420236,35.63168948818033,-1.4760448139779712,57.0,69.0,-12.0,391.0,459.0,-68.0,92.0,92.0,0.0,-0.1922750772336212,1.876025
HIPC,high,eager_b1,trace_0007,7,agx_host_proxy,True,True,True,,,137.44082709742585,136.9267556205999,0.5140714768259613,6.778016113332523,6.410316491454137,0.3676996218783861,33.06224107339264,32.72394511901625,0.3382959543763917,78.0,78.0,0.0,617.0,613.0,4.0,92.0,92.0,0.0,0.003740311286555037,1.49802
HIPC,high,eager_b1,trace_0008,8,agx_host_proxy,True,True,True,,,88.28340746218045,87.25289157913993,1.0305158830405219,6.6491317586869165,7.056223354239039,-0.4070915955521226,32.70081495271523,33.00222444252784,-0.3014094898126132,49.0,49.0,0.0,340.0,339.0,1.0,92.0,92.0,0.0,0.01167281500186751,2.822609
HIPC,high,eager_b1,trace_0009,9,agx_host_proxy,True,True,True,,,95.7991638477336,96.35800043476752,-0.5588365870339231,8.625774685415887,6.40528379705041,2.220490888365477,36.941141615050476,31.128271814176998,5.812869800873479,53.0,53.0,0.0,334.0,357.0,-23.0,94.0,92.0,2.0,-0.005833418211479974,2.384734
HIPC,high,eager_b1,trace_0010,10,agx_host_proxy,True,True,True,,,116.15713063998555,126.72110982483271,-10.563979184847156,7.962908147224418,8.442520808552613,-0.47961266132819524,32.913956884204886,34.85500825871288,-1.9410513745079925,63.0,71.0,-8.0,510.0,519.0,-9.0,92.0,92.0,0.0,-0.09094559349601088,2.600623
HIPC,high,eager_b1,trace_0011,11,agx_host_proxy,True,True,True,,,103.56274525601003,127.70805226929045,-24.145307013280416,4.193548376263676,2.8866220552579094,1.3069263210057667,27.874654656431527,26.60748059630162,1.267174060129907,58.0,72.0,-14.0,421.0,562.0,-141.0,93.0,92.0,1.0,-0.23314664895752363,1.7909920000000001
HIPC,high,eager_b1,trace_0012,12,agx_host_proxy,True,True,True,,,128.9772864428318,127.67718344979883,1.300102993032965,5.848397004281391,5.544794284657028,0.30360271962436247,29.179252830453347,28.616968801110414,0.5622840293429334,72.0,72.0,0.0,497.0,496.0,1.0,92.0,92.0,0.0,0.010080092618549747,2.227208
HIPC,high,eager_b1,trace_0013,13,agx_host_proxy,True,True,True,,,107.75690351208321,86.6037672481163,21.153136263966914,9.25952157202802,6.879030775274036,2.3804907967539846,32.77561736995765,29.533892271706947,3.241725098250704,60.0,48.0,12.0,424.0,340.0,84.0,94.0,94.0,0.0,0.19630423271762748,2.189324
HIPC,high,eager_b1,trace_0014,14,agx_host_proxy,True,True,True,,,108.99063498174517,104.30761068332387,4.6830242984213015,6.614706899416171,9.310986216621568,-2.6962793172053976,30.766090136929453,34.92326508638486,-4.157174949455406,60.0,57.0,3.0,422.0,373.0,49.0,92.0,94.0,-2.0,0.042967217313722966,2.160303
HIPC,high,eager_b1,trace_0015,15,agx_host_proxy,True,True,True,,,111.50531429258656,110.9314923542197,0.5738219383668621,5.818387106979546,5.999486013707118,-0.18109890672757256,30.13624877896203,29.696585361671005,0.4396634172910261,62.0,62.0,0.0,422.0,423.0,-1.0,94.0,94.0,0.0,0.005146139823086555,2.056073
HIPC,high,eager_b1,trace_0016,16,agx_host_proxy,True,True,True,,,103.96575404425751,109.41983270573729,-5.454078661479784,11.762045738487535,11.803147548475433,-0.04110180998789836,35.13175102426844,35.234679505552236,-0.10292848128379717,58.0,62.0,-4.0,442.0,459.0,-17.0,94.0,94.0,0.0,-0.05246033861455975,2.748811
HIPC,high,eager_b1,trace_0017,17,agx_host_proxy,True,True,True,,,98.34331464265256,101.6114925764531,-3.268177933800544,6.527717561824587,6.216962280993917,0.31075528083067017,34.92844566208394,34.724995919801785,0.20344974228215307,55.0,57.0,-2.0,346.0,347.0,-1.0,94.0,94.0,0.0,-0.033232334558541514,2.503576
HIPC,high,eager_b1,trace_0018,18,agx_host_proxy,True,True,True,,,96.24433727508149,88.94694512878343,7.2973921462980655,8.602376916375205,8.912679099965082,-0.3103021835898776,31.901760883827823,29.74233447089807,2.1594264129297542,53.0,49.0,4.0,359.0,347.0,12.0,92.0,92.0,0.0,0.07582152210618863,1.7156399999999998
HIPC,high,eager_b1,trace_0019,19,agx_host_proxy,True,True,True,,,125.81937819948355,124.89416431425731,0.9252138852262419,9.357348113411614,9.03158723195198,0.3257608814596349,32.39115553316627,31.759931263374728,0.6312242697915416,70.0,70.0,0.0,538.0,537.0,1.0,92.0,92.0,0.0,0.007353508644426281,2.727266
HIPC,high,eager_b1,trace_0020,20,agx_host_proxy,True,True,True,,,89.26072616315709,94.33786192034401,-5.077135757186923,6.215702906885633,6.387392073267179,-0.17168916638154652,27.076935943822424,27.89966097150743,-0.8227250276850064,49.0,53.0,-4.0,353.0,371.0,-18.0,92.0,92.0,0.0,-0.05687983926891402,1.5396079999999999
HIPC,high,eager_b1,trace_0021,21,agx_host_proxy,True,True,True,,,101.8266371904463,102.18827163652263,-0.361634446076323,9.284479000659138,9.083956212635972,0.20052278802316614,31.144122778456186,32.18691858319322,-1.0427958047370325,57.0,58.0,-1.0,420.0,391.0,29.0,92.0,92.0,0.0,-0.003551471953256772,2.284025
HIPC,high,eager_b1,trace_0022,22,agx_host_proxy,True,True,True,,,114.20670253064326,114.41351871778853,-0.20681618714527872,8.174352720846512,7.507801498582524,0.6665512222639878,31.188352713809362,32.639072966212375,-1.4507202524030127,64.0,65.0,-1.0,472.0,415.0,57.0,94.0,98.0,-4.0,-0.001810893603987796,1.706021
HIPC,high,eager_b1,trace_0023,23,agx_host_proxy,True,True,True,,,97.98763450539084,111.52834394941239,-13.540709444021545,6.246482471005999,6.5713538021809015,-0.3248713311749025,30.950909168319754,30.80016795664265,0.1507412116771043,53.0,63.0,-10.0,360.0,446.0,-86.0,92.0,92.0,0.0,-0.13818794088019948,2.181614
HIPC,high,eager_b1,trace_0024,24,agx_host_proxy,True,True,True,,,105.55770823166354,99.5396641675893,6.018044064074246,9.975771832490572,8.898597302366396,1.0771745301241769,32.705742935237964,30.494412563630494,2.2113303716074704,58.0,55.0,3.0,432.0,437.0,-5.0,94.0,96.0,-2.0,0.057011886340566156,2.008007
HIPC,high,eager_b1,trace_0025,25,agx_host_proxy,True,True,True,,,128.2588502334138,112.6196094469615,15.63924078645229,6.4076706254670155,6.981582044572877,-0.5739114191058619,33.50326470068468,31.352621325891068,2.1506433747936136,72.0,63.0,9.0,542.0,438.0,104.0,92.0,94.0,-2.0,0.12193498349619526,1.846479
HIPC,high,eager_b1,trace_0026,26,agx_host_proxy,True,True,True,,,108.14946382772088,101.59629620357188,6.553167624148998,9.038933901650083,7.893672810231192,1.1452610914188908,36.927708594784264,34.321136340333624,2.60657225445064,58.0,56.0,2.0,382.0,371.0,11.0,92.0,92.0,0.0,0.06059362101496882,2.057235
HIPC,high,eager_b1,trace_0027,27,agx_host_proxy,True,True,True,,,98.77978226564201,99.20957262697424,-0.42979036133222337,7.279769514549474,6.415187824824821,0.8645816897246528,33.723516310680765,33.01079373393162,0.7127225767491439,55.0,55.0,0.0,372.0,404.0,-32.0,92.0,92.0,0.0,-0.0043509952287241966,2.955775
HIPC,high,eager_b1,trace_0028,28,agx_host_proxy,True,True,True,,,101.81490155241836,103.76366538421264,-1.948763831794281,7.299313615080989,7.343296161572301,-0.0439825464913115,32.07531275744642,31.669126874138374,0.4061858833080443,56.0,58.0,-2.0,325.0,320.0,5.0,92.0,92.0,0.0,-0.019140261416360355,2.156882
HIPC,high,eager_b1,trace_0029,29,agx_host_proxy,True,True,True,,,88.79857516935003,92.5208610848355,-3.7222859154854717,4.471418721367424,6.979848744836029,-2.5084300234686046,31.42881176419919,36.92801346844106,-5.4992017042418695,48.0,51.0,-3.0,337.0,343.0,-6.0,97.0,95.0,2.0,-0.041918306778983845,2.4513700000000003
HIPC,high,eager_b1,trace_0030,30,agx_host_proxy,True,True,True,,,106.20452109668567,107.65617025674307,-1.4516491600574,11.034936849588957,9.298673554224887,1.7362632953640702,35.50551882360018,35.63982472236084,-0.13430589876066534,58.0,60.0,-2.0,445.0,464.0,-19.0,92.0,94.0,-2.0,-0.013668430920524171,2.641546
HIPC,high,eager_b1,trace_0031,31,agx_host_proxy,True,True,True,,,118.57073120927107,104.16384808494651,14.406883124324565,11.578904606292536,10.900622389155975,0.6782822171365606,38.03713877480474,35.94063033211417,2.0965084426905705,66.0,58.0,8.0,508.0,378.0,130.0,96.0,98.0,-2.0,0.1215045481915531,2.761277
HIPC,high,eager_b1,trace_0032,32,agx_host_proxy,True,True,True,,,99.50252733313636,93.53086872240351,5.971658610732845,4.34352043499174,3.8701877235937956,0.47333271139794464,30.668980790365037,29.541144719248788,1.1278360711162492,54.0,52.0,2.0,389.0,377.0,12.0,92.0,92.0,0.0,0.06001514504993043,2.0195149999999997
HIPC,high,eager_b1,trace_0033,33,agx_host_proxy,True,True,True,,,89.33571586026183,91.26085699817224,-1.9251411379104155,8.118792336807351,6.703859936505476,1.4149324003018746,34.59769655106549,31.121329173058285,3.476367378007204,49.0,50.0,-1.0,326.0,352.0,-26.0,92.0,93.0,-1.0,-0.021549512637495456,2.113049
HIPC,high,eager_b1,trace_0034,34,agx_host_proxy,True,True,True,,,118.29882566911175,105.22798261262504,13.070843056486709,5.5242176547907995,5.221655395172983,0.30256225961781613,31.79005357217503,31.845282343818432,-0.05522877164340301,65.0,59.0,6.0,509.0,424.0,85.0,98.0,96.0,2.0,0.11049004909859855,2.075217
HIPC,high,eager_b1,trace_0035,35,agx_host_proxy,True,True,True,,,96.4520487314849,157.7598296644925,-61.30778093300759,8.571070838483053,8.254971863572251,0.3160989749108012,31.353717872959244,32.61475906277166,-1.261041189812417,53.0,88.0,-35.0,349.0,732.0,-383.0,92.0,92.0,0.0,-0.6356296391762891,1.9968460000000001
HIPC,high,eager_b1,trace_0036,36,agx_host_proxy,True,True,True,,,96.68204258517012,78.65212891787819,18.029913667291936,9.779741461553591,9.932293942092958,-0.15255248053936654,31.72270142196311,30.25360569390615,1.4690957280569599,54.0,44.0,10.0,371.0,309.0,62.0,92.0,92.0,0.0,0.18648668548152406,2.660472
HIPC,high,eager_b1,trace_0037,37,agx_host_proxy,True,True,True,,,149.2615411548323,114.07669495133263,35.18484620349966,5.0806940582103906,4.86011862399974,0.22057543421065073,31.469751600991728,28.32533787428186,3.1444137267098675,81.0,62.0,19.0,570.0,416.0,154.0,92.0,94.0,-2.0,0.23572613501961395,2.253398
HIPC,high,eager_b1,trace_0038,38,agx_host_proxy,True,True,True,,,108.76249979795567,108.51650425412429,0.2459955438313841,5.184137681295434,5.004887803522527,0.17924987777290724,30.217942226093953,27.96746621136767,2.2504760147262814,59.0,61.0,-2.0,468.0,473.0,-5.0,94.0,92.0,2.0,0.002261768020120552,1.9364020000000002
HIPC,high,eager_b1,trace_0039,39,agx_host_proxy,True,True,True,,,128.85655439283724,127.64444407666433,1.212110316172911,9.940207876845465,9.801538613093975,0.13866926375149013,35.77693688051041,34.78940842672053,0.987528453789885,71.0,71.0,0.0,470.0,513.0,-43.0,92.0,92.0,0.0,0.009406664037264438,2.886648
HIPC,high,eager_b1,trace_0040,40,agx_host_proxy,True,True,True,,,104.86918067206284,109.33541431198032,-4.466233639917476,2.7716494586412077,2.8796682534259017,-0.108018794784694,27.795104513965434,27.877661825645685,-0.08255731168025093,59.0,61.0,-2.0,358.0,422.0,-64.0,92.0,92.0,0.0,-0.04258861956673302,1.78179
HIPC,high,eager_b1,trace_0041,41,agx_host_proxy,True,True,True,,,90.5569114535028,107.83471686412337,-17.27780541062056,6.7255660921538025,6.824075634912673,-0.0985095427588707,26.858696919590475,27.65250322673464,-0.7938063071441661,50.0,60.0,-10.0,384.0,463.0,-79.0,92.0,92.0,0.0,-0.19079499436652045,2.057374
HIPC,high,eager_b1,trace_0042,42,agx_host_proxy,True,True,True,,,139.65466913154157,109.66672011566479,29.98794901587678,3.9901603141848563,4.463105736744217,-0.472945422559361,28.611320131664133,29.840771201798983,-1.22945107013485,70.0,61.0,9.0,591.0,413.0,178.0,93.0,92.0,1.0,0.21472929764797874,1.6086070000000001
HIPC,high,eager_b1,trace_0043,43,agx_host_proxy,True,True,True,,,108.56522869786606,124.81652151397849,-16.251292816112425,6.490196958308459,6.03596098235061,0.45423597595784937,34.30796327278245,36.62426351773345,-2.3163002449510017,60.0,70.0,-10.0,389.0,439.0,-50.0,92.0,93.0,-1.0,-0.14969150814704504,2.647592
HIPC,high,eager_b1,trace_0044,44,agx_host_proxy,True,True,True,,,117.63050871582618,130.68356356285597,-13.053054847029784,9.28109487411358,7.646828554662003,1.6342663194515765,30.061410482736115,30.194949951974877,-0.13353946923876236,66.0,74.0,-8.0,534.0,588.0,-54.0,92.0,92.0,0.0,-0.11096657652449315,2.223763
HIPC,high,eager_b1,trace_0045,45,agx_host_proxy,True,True,True,,,105.69314519442838,108.66414024151437,-2.9709950470859923,11.037792059919026,11.45707156692881,-0.4192795070097848,42.13041644324853,38.83903018533619,3.291386257912336,58.0,60.0,-2.0,358.0,400.0,-42.0,92.0,94.0,-2.0,-0.028109628506377427,2.824445
HIPC,high,eager_b1,trace_0046,46,agx_host_proxy,True,True,True,,,94.04846072373361,97.19783488802918,-3.1493741642955655,3.5327799025051942,5.559250974182734,-2.02647107167754,33.465290739507786,33.954240547805085,-0.48894980829729917,52.0,55.0,-3.0,329.0,354.0,-25.0,92.0,93.0,-1.0,-0.033486716742199746,2.476871
HIPC,high,eager_b1,trace_0047,47,agx_host_proxy,True,True,True,,,118.24916832103402,111.66483272099937,6.584335600034649,5.263512615748506,5.065209393375924,0.1983032223725818,34.228060969971395,33.41762107854121,0.8104398914301854,66.0,61.0,5.0,388.0,386.0,2.0,94.0,94.0,0.0,0.0556818766129405,1.230435
HIPC,high,eager_b1,trace_0048,48,agx_host_proxy,True,True,True,,,118.70298679511404,85.9875953833245,32.71539141178954,8.413682711675955,8.320839997294723,0.09284271438123248,30.018377773528513,29.66172801238442,0.3566497611440944,67.0,47.0,20.0,542.0,346.0,196.0,92.0,92.0,0.0,0.27560714599589287,2.621643
HIPC,high,eager_b1,trace_0049,49,agx_host_proxy,True,True,True,,,96.40482334763428,124.72952040994873,-28.324697062314456,5.142641723131973,9.239879829660476,-4.097238106528502,32.151728203015395,38.67170505345368,-6.519976850438283,54.0,70.0,-16.0,347.0,461.0,-114.0,92.0,94.0,-2.0,-0.2938099576218925,1.9556820000000001
HIPC,low,bounded_b4_w5,trace_0000,0,rp2040_hardware,True,True,True,,,637.4408895661678,636.0822607119617,1.358628854206131,2.131961295072716,2.0141676329823164,0.11779366209039965,18.860285146040116,17.802209635683354,1.0580755103567618,111.0,132.0,-21.0,2343.0,2428.0,-85.0,71.0,76.0,-5.0,0.0021313801427624017,72.561736
HIPC,low,bounded_b4_w5,trace_0001,1,agx_host_proxy,True,True,True,,,589.658036893088,589.6533678930881,0.0046689999999216525,1.9936354311087723,1.9916124311087724,0.002022999999999886,18.51499095709999,18.511047997099993,0.003942959999996276,100.0,100.0,0.0,2142.0,2144.0,-2.0,73.0,73.0,0.0,7.918148668883822e-06,0.9777170000000001
HIPC,low,bounded_b4_w5,trace_0002,2,agx_host_proxy,True,True,True,,,520.5819322720778,520.5802352720779,0.0016969999999218999,2.3492546269416503,2.2259290718665814,0.12332555507506893,16.148723793604272,15.813640225032826,0.33508356857144683,79.0,79.0,0.0,1840.0,1813.0,27.0,71.0,71.0,0.0,3.2598134793409947e-06,0.811688
HIPC,low,bounded_b4_w5,trace_0003,3,agx_host_proxy,True,True,True,,,551.8095089360387,551.8071369360388,0.0023719999999229913,2.3601544124099587,2.3590184124099602,0.0011359999999984716,17.914383831383365,17.912089431383368,0.002294399999996699,102.0,102.0,0.0,2108.0,2108.0,0.0,78.0,78.0,0.0,4.298584858562005e-06,0.955717
HIPC,low,bounded_b4_w5,trace_0004,4,agx_host_proxy,True,True,True,,,669.8981990127695,669.8977240127695,0.0004750000000512955,1.8091910657159191,1.6630460308794186,0.14614503483650054,15.75692552373934,15.751755291840318,0.005170231899022326,121.0,121.0,0.0,2429.0,2431.0,-2.0,77.0,77.0,0.0,7.090629602397858e-07,1.062818
HIPC,low,bounded_b4_w5,trace_0005,5,agx_host_proxy,True,True,True,,,578.8858988832787,578.8844148832786,0.0014840000001186127,1.615581964713278,1.724175972899606,-0.10859400818632792,13.149678551293285,13.124036456486209,0.025642094807075466,85.0,85.0,0.0,2183.0,2182.0,1.0,76.0,74.0,2.0,2.563544910977064e-06,0.967431
HIPC,low,bounded_b4_w5,trace_0006,6,agx_host_proxy,True,True,True,,,596.22590032741,596.22546332741,0.00043700000003354944,2.293465043722855,2.2833637433190725,0.010101300403782432,15.979818397327143,15.94039253692336,0.039425860403783375,123.0,123.0,0.0,2334.0,2337.0,-3.0,82.0,82.0,0.0,7.329436708361317e-07,1.080244
HIPC,low,bounded_b4_w5,trace_0007,7,agx_host_proxy,True,True,True,,,631.1059720126874,631.1050310126874,0.000941000000011627,2.171260250941315,2.3055132679577124,-0.13425301701639736,16.711217460599947,16.695701413964795,0.015516046635152492,105.0,105.0,0.0,2374.0,2376.0,-2.0,80.0,80.0,0.0,1.491033268169913e-06,1.067959
HIPC,low,bounded_b4_w5,trace_0008,8,agx_host_proxy,True,True,True,,,427.33083080389264,427.225414571036,0.10541623285661217,1.9928574809220494,2.071411160084621,-0.07855367916257161,16.810027948185823,16.907377540845147,-0.09734959265932375,88.0,88.0,0.0,1974.0,1987.0,-13.0,73.0,73.0,0.0,0.0002466852968654372,0.8788680000000001
HIPC,low,bounded_b4_w5,trace_0009,9,agx_host_proxy,True,True,True,,,542.6963752125812,542.3218314604615,0.37454375211973456,1.7695001041977536,2.1771089817265272,-0.4076088775287736,14.851777758087374,16.69166479950539,-1.8398870414180148,105.0,136.0,-31.0,2168.0,2412.0,-244.0,79.0,80.0,-1.0,0.0006901534066318776,0.954185
HIPC,low,bounded_b4_w5,trace_0010,10,agx_host_proxy,True,True,True,,,455.6049957334426,455.76593711779867,-0.16094138435607874,2.51338117747877,2.512025075132536,0.0013561023462340671,19.037040406002728,17.04602854658517,1.9910118594175579,144.0,112.0,32.0,2092.0,2214.0,-122.0,73.0,75.0,-2.0,-0.00035324762867666075,1.007966
HIPC,low,bounded_b4_w5,trace_0011,11,agx_host_proxy,True,True,True,,,580.3969754407374,587.222317216795,-6.8253417760575985,1.941400739832769,2.031670680429363,-0.0902699405965941,15.805115248051838,16.59584102531655,-0.7907257772647114,92.0,89.0,3.0,2520.0,2530.0,-10.0,77.0,80.0,-3.0,-0.011759781778453658,1.103179
HIPC,low,bounded_b4_w5,trace_0012,12,agx_host_proxy,True,True,True,,,540.7984523026212,540.6211772144227,0.1772750881984848,1.6655247407694025,1.7597350116719477,-0.09421027090254519,15.589775702781793,14.804785318799784,0.7849903839820094,121.0,121.0,0.0,2367.0,2305.0,62.0,79.0,80.0,-1.0,0.00032780250654135533,1.10783
HIPC,low,bounded_b4_w5,trace_0013,13,agx_host_proxy,True,True,True,,,598.9286279374469,598.9281869374469,0.0004410000000234504,2.0503554580973367,2.078535491351357,-0.028180033254020298,15.271506787741835,15.425872728788613,-0.1543659410467786,91.0,91.0,0.0,2221.0,2225.0,-4.0,73.0,74.0,-1.0,7.363147785106528e-07,0.9987670000000001
HIPC,low,bounded_b4_w5,trace_0014,14,agx_host_proxy,True,True,True,,,563.7378490672854,563.7328200672855,0.0050289999999222346,2.0399765438740696,2.039558405798312,0.00041813807575774575,16.13823659454334,16.13814349935393,9.309518940980865e-05,116.0,116.0,0.0,2086.0,2087.0,-1.0,74.0,74.0,0.0,8.920813119507245e-06,0.917945
HIPC,low,bounded_b4_w5,trace_0015,15,agx_host_proxy,True,True,True,,,619.383820287864,619.381316287864,0.002503999999930784,1.8930561678908686,1.8912822078908653,0.001773960000003294,17.43793404269884,17.43407206269884,0.0038619799999999316,131.0,131.0,0.0,2443.0,2443.0,0.0,82.0,82.0,0.0,4.0427274945074094e-06,1.0922129999999999
HIPC,low,bounded_b4_w5,trace_0016,16,agx_host_proxy,True,True,True,,,491.6252314459722,493.3727937693747,-1.7475623234025193,2.326901672260944,2.337050953917187,-0.010149281656242959,16.834112569328706,16.8908342073192,-0.056721637990495566,122.0,122.0,0.0,2308.0,2293.0,15.0,70.0,70.0,0.0,-0.003554663616964033,0.994638
HIPC,low,bounded_b4_w5,trace_0017,17,agx_host_proxy,True,True,True,,,655.8456845618255,655.8447075618254,0.0009770000000344226,1.984046488700052,1.9824685487000526,0.0015779399999993338,18.405148624414565,18.40203802441457,0.0031105999999958556,108.0,108.0,0.0,2629.0,2631.0,-2.0,73.0,73.0,0.0,1.4896796960510036e-06,1.13725
HIPC,low,bounded_b4_w5,trace_0018,18,agx_host_proxy,True,True,True,,,622.948446922447,622.9480209224471,0.00042599999994763493,1.6589843257482955,1.6574338057482911,0.0015505200000043295,13.038631427282189,13.036226567282183,0.0024048600000057263,100.0,100.0,0.0,2335.0,2341.0,-6.0,75.0,75.0,0.0,6.838447098667687e-07,0.97285
HIPC,low,bounded_b4_w5,trace_0019,19,agx_host_proxy,True,True,True,,,518.703745248254,518.579867575339,0.1238776729150004,1.922132713632801,1.8473942559200431,0.07473845771275789,14.471487516936717,14.765281321294264,-0.29379380435754676,94.0,94.0,0.0,1831.0,1819.0,12.0,76.0,75.0,1.0,0.000238821628048419,0.8717
HIPC,low,bounded_b4_w5,trace_0020,20,agx_host_proxy,True,True,True,,,631.5572714150112,631.455352785561,0.10191862945021057,2.055697741694878,1.7993339662090866,0.25636377548579126,14.466556675912255,13.5380803156799,0.928476360232354,108.0,109.0,-1.0,2422.0,2184.0,238.0,76.0,77.0,-1.0,0.00016137670178645989,1.0475850000000002
HIPC,low,bounded_b4_w5,trace_0021,21,agx_host_proxy,True,True,True,,,539.4174437837395,545.985761312328,-6.568317528588523,1.7789292238300076,1.9632165560191912,-0.18428733218918358,15.271509537977119,16.786595458212705,-1.5150859202355864,101.0,114.0,-13.0,2283.0,2530.0,-247.0,77.0,76.0,1.0,-0.012176687284184045,1.011651
HIPC,low,bounded_b4_w5,trace_0022,22,agx_host_proxy,True,True,True,,,531.4085067622846,531.4061627622847,0.0023439999998799976,1.8402407311396423,1.836961504000434,0.0032792271392083627,14.897945857891955,14.885183750752752,0.012762107139202783,106.0,106.0,0.0,2130.0,2136.0,-6.0,77.0,77.0,0.0,4.4109192270204685e-06,0.928015
HIPC,low,bounded_b4_w5,trace_0023,23,agx_host_proxy,True,True,True,,,604.5924939719364,603.0593818184385,1.533112153497882,2.1826485192417304,1.8964393932631607,0.28620912597856973,16.46631218178944,16.651414678356165,-0.18510249656672428,116.0,102.0,14.0,2142.0,2136.0,6.0,72.0,73.0,-1.0,0.0025357776829578785,0.968252
HIPC,low,bounded_b4_w5,trace_0024,24,agx_host_proxy,True,True,True,,,628.4584268809676,639.9806607961523,-11.522233915184643,1.8010863085023314,1.5492899334017076,0.2517963751006238,15.06058858251815,15.719496216761135,-0.6589076342429845,133.0,97.0,36.0,2440.0,2545.0,-105.0,81.0,76.0,5.0,-0.01833412270779686,1.026831
HIPC,low,bounded_b4_w5,trace_0025,25,agx_host_proxy,True,True,True,,,571.7422976809074,571.7394486809073,0.002849000000082924,2.239606524462392,2.2376476044623868,0.001958920000005193,16.694594312737824,16.691492032737816,0.0031022800000073403,87.0,87.0,0.0,2611.0,2614.0,-3.0,77.0,77.0,0.0,4.983014220985565e-06,1.1440839999999999
HIPC,low,bounded_b4_w5,trace_0026,26,agx_host_proxy,True,True,True,,,608.512153023582,608.745525110211,-0.2333720866290605,2.112240157810913,1.9634132341489132,0.1488269236619999,17.51416861437663,17.427517441961044,0.08665117241558562,149.0,147.0,2.0,2262.0,2342.0,-80.0,79.0,79.0,0.0,-0.00038351261428301586,1.025552
HIPC,low,bounded_b4_w5,trace_0027,27,agx_host_proxy,True,True,True,,,449.2573453536727,449.25480835367273,0.0025369999999611537,2.6133714901490084,2.607096630149003,0.006274860000005322,17.46759029138459,17.457977131384588,0.009613160000000676,115.0,115.0,0.0,2039.0,2038.0,1.0,71.0,71.0,0.0,5.647097429122565e-06,0.985815
HIPC,low,bounded_b4_w5,trace_0028,28,agx_host_proxy,True,True,True,,,721.7792107752562,721.7787687752561,0.00044200000002092565,1.7565634413917464,1.7630529013917515,-0.006489460000005165,15.41341621044658,15.418735030446584,-0.005318820000002944,110.0,110.0,0.0,2488.0,2492.0,-4.0,78.0,78.0,0.0,6.123756315261251e-07,1.0583820000000002
HIPC,low,bounded_b4_w5,trace_0029,29,agx_host_proxy,True,True,True,,,611.8606086362936,611.8650624328469,-0.004453796553320899,1.5997432268772207,1.89862907759556,-0.2988858507183394,17.110937418970043,18.521664425439575,-1.410727006469532,104.0,136.0,-32.0,2332.0,2383.0,-51.0,75.0,76.0,-1.0,-7.279103263809479e-06,1.0075939999999999
HIPC,low,bounded_b4_w5,trace_0030,30,agx_host_proxy,True,True,True,,,374.6691251026018,385.29908937643705,-10.629964273835242,2.151169995364421,2.3017347764602745,-0.15056478109585347,17.955582406861705,19.474303147833663,-1.5187207409719576,89.0,111.0,-22.0,1510.0,1598.0,-88.0,68.0,72.0,-4.0,-0.028371604601591507,0.668588
HIPC,low,bounded_b4_w5,trace_0031,31,agx_host_proxy,True,True,True,,,476.85120872366775,490.37997678407953,-13.528768060411778,2.078636786544019,2.0248874639341317,0.05374932260988752,18.072569498917854,17.46890575213527,0.6036637467825834,119.0,117.0,2.0,2104.0,1993.0,111.0,74.0,72.0,2.0,-0.028371047011965557,0.9313640000000001
HIPC,low,bounded_b4_w5,trace_0032,32,agx_host_proxy,True,True,True,,,626.8866608135559,626.881419813556,0.005240999999841733,1.9126600566614587,1.9104980566614866,0.0021619999999720196,17.52032758816699,17.516163228167027,0.004164359999961675,89.0,89.0,0.0,2217.0,2220.0,-3.0,77.0,77.0,0.0,8.360362929145934e-06,1.000305
HIPC,low,bounded_b4_w5,trace_0033,33,agx_host_proxy,True,True,True,,,482.9575748909114,482.95340289091143,0.004171999999982745,1.575981092704918,1.5734110327049122,0.002570060000005814,15.33103901400047,15.326936354000464,0.004102660000006253,115.0,115.0,0.0,2310.0,2313.0,-3.0,74.0,74.0,0.0,8.638439931137015e-06,1.079081
HIPC,low,bounded_b4_w5,trace_0034,34,agx_host_proxy,True,True,True,,,531.1481943128323,531.1461793128323,0.0020150000000285218,2.6115092277440684,2.6085049677440626,0.003004260000005754,20.642789354756204,20.636813414756194,0.005975940000009672,103.0,103.0,0.0,2461.0,2462.0,-1.0,75.0,75.0,0.0,3.793668173221238e-06,1.163381
HIPC,low,bounded_b4_w5,trace_0035,35,agx_host_proxy,True,True,True,,,672.2811658846409,672.2564358846397,0.02473000000122738,2.3513487064495253,2.349567406449521,0.0017813000000042045,19.872601332812103,19.869151872812072,0.0034494600000307685,156.0,156.0,0.0,2606.0,2607.0,-1.0,77.0,77.0,0.0,3.678520425108992e-05,1.204934
HIPC,low,bounded_b4_w5,trace_0036,36,agx_host_proxy,True,True,True,,,567.1897793717766,567.1888843717766,0.000895000000014079,2.1022030258925404,2.100886085892543,0.0013169399999974907,15.411039106008278,15.407934446008282,0.0031046599999964286,101.0,101.0,0.0,2149.0,2149.0,0.0,77.0,77.0,0.0,1.5779550911608234e-06,0.954936
HIPC,low,bounded_b4_w5,trace_0037,37,agx_host_proxy,True,True,True,,,618.2329671378005,618.2304661378006,0.002500999999938358,2.021384665714867,2.020103325714862,0.0012813400000051267,17.77047164204402,17.767863682044016,0.0026079600000024072,121.0,121.0,0.0,2533.0,2533.0,0.0,73.0,73.0,0.0,4.045400573698134e-06,1.068279
HIPC,low,bounded_b4_w5,trace_0038,38,agx_host_proxy,True,True,True,,,470.50158913343614,470.5006501334361,0.0009390000000166765,2.3524752572841154,2.34978465728412,0.0026905999999953245,16.1777222490452,16.173431129045202,0.004291119999997761,130.0,130.0,0.0,1956.0,1957.0,-1.0,72.0,72.0,0.0,1.995742462307332e-06,0.837276
HIPC,low,bounded_b4_w5,trace_0039,39,agx_host_proxy,True,True,True,,,456.656954647525,456.65609364752504,0.0008609999999862339,2.2268969199646733,2.2283385281300743,-0.0014416081654009538,16.401064854940877,16.363623282046433,0.037441572894444164,114.0,114.0,0.0,1862.0,1861.0,1.0,69.0,69.0,0.0,1.8854415578775207e-06,0.7876799999999999
HIPC,low,bounded_b4_w5,trace_0040,40,agx_host_proxy,True,True,True,,,593.1474783192724,593.1422963192723,0.005182000000104381,2.000469654847564,2.000630164551761,-0.00016050970419678734,16.89248567186608,16.89242663642237,5.903544370866598e-05,94.0,94.0,0.0,2372.0,2375.0,-3.0,75.0,75.0,0.0,8.736444458615864e-06,1.0727520000000001
HIPC,low,bounded_b4_w5,trace_0041,41,agx_host_proxy,True,True,True,,,606.3527137178537,606.3523127178537,0.00040100000001075387,1.9560184663399087,1.9538199663399114,0.0021984999999973276,16.354682957731704,16.350513097731707,0.004169859999997527,90.0,90.0,0.0,2453.0,2461.0,-8.0,79.0,79.0,0.0,6.613312531447596e-07,1.079267
HIPC,low,bounded_b4_w5,trace_0042,42,agx_host_proxy,True,True,True,,,642.5769681647677,626.3082308062923,16.26873735847539,1.894915823076305,2.006150680227148,-0.1112348571508428,16.479826755261158,16.084992383025885,0.3948343722352732,88.0,90.0,-2.0,2224.0,2137.0,87.0,82.0,77.0,5.0,0.02531795903756048,0.971997
HIPC,low,bounded_b4_w5,trace_0043,43,agx_host_proxy,True,True,True,,,530.7975244692943,530.7971194692943,0.00040500000000065484,2.191338494924482,2.2062648961704268,-0.01492640124594491,16.409363945752315,16.430631969490143,-0.021268023737828656,89.0,89.0,0.0,1979.0,1981.0,-2.0,75.0,74.0,1.0,7.630028048936075e-07,0.938608
HIPC,low,bounded_b4_w5,trace_0044,44,agx_host_proxy,True,True,True,,,426.1566738449183,426.1520478449184,0.00462599999991653,2.049229000119073,2.047444960119077,0.00178403999999599,16.92523458770172,16.92139566770173,0.0038389199999890877,123.0,123.0,0.0,1958.0,1959.0,-1.0,69.0,69.0,0.0,1.08551626287565e-05,0.824953
HIPC,low,bounded_b4_w5,trace_0045,45,agx_host_proxy,True,True,True,,,494.44431772936343,499.017075967932,-4.572758238568554,2.4486048634589306,2.3737640405000193,0.07484082295891126,19.821490396581964,21.09001681326325,-1.2685264166812864,126.0,117.0,9.0,2030.0,2106.0,-76.0,72.0,67.0,5.0,-0.009248277459366972,0.9506039999999999
HIPC,low,bounded_b4_w5,trace_0046,46,agx_host_proxy,True,True,True,,,472.87191002086576,479.47728671259785,-6.60537669173209,2.0885419114914394,2.222624355951327,-0.13408244445988737,18.39567531799805,18.637642032480947,-0.24196671448289564,96.0,106.0,-10.0,2162.0,2174.0,-12.0,68.0,72.0,-4.0,-0.013968638338954462,0.955773
HIPC,low,bounded_b4_w5,trace_0047,47,agx_host_proxy,True,True,True,,,773.8967787841061,773.81437333589,0.08240544821615003,1.245831226848194,1.2537065802682865,-0.007875353420092601,15.315751756285962,15.376242836412038,-0.0604910801260754,100.0,104.0,-4.0,2873.0,2897.0,-24.0,83.0,83.0,0.0,0.00010648118776979517,1.2556029999999998
HIPC,low,bounded_b4_w5,trace_0048,48,agx_host_proxy,True,True,True,,,564.4401274398994,564.5775462523083,-0.13741881240889597,2.0912581593617485,2.393813823604582,-0.30255566424283353,15.8640591616158,17.16601844362253,-1.3019592820067292,88.0,91.0,-3.0,2105.0,2148.0,-43.0,74.0,75.0,-1.0,-0.00024346038796387327,0.9536330000000001
HIPC,low,bounded_b4_w5,trace_0049,49,agx_host_proxy,True,True,True,,,501.28077238139576,501.27540138139574,0.005371000000025106,2.0340172545805046,2.0328654145805065,0.0011518399999981277,16.738750972403704,16.736074352403705,0.0026766199999990192,108.0,108.0,0.0,2082.0,2084.0,-2.0,75.0,75.0,0.0,1.0714554189879479e-05,0.963818
HIPC,low,count_b2,trace_0000,0,agx_host_proxy,True,True,True,,,636.1399814631922,636.1390214631921,0.0009600000000773434,1.2332251288911447,1.2314008380848374,0.0018242908063073049,15.925282216655436,15.921923024236522,0.0033591924189142475,96.0,96.0,0.0,2198.0,2199.0,-1.0,77.0,77.0,0.0,1.5091018141466876e-06,0.949272
HIPC,low,count_b2,trace_0001,1,agx_host_proxy,True,True,True,,,595.972881025163,595.966987025163,0.005894000000012056,2.5003666393999895,2.4980887593999967,0.002277879999992738,19.236248240803516,19.23215862080352,0.004089619999994909,105.0,105.0,0.0,2235.0,2235.0,0.0,68.0,68.0,0.0,9.889711743046915e-06,1.06134
HIPC,low,count_b2,trace_0002,2,agx_host_proxy,True,True,True,,,520.7598232838376,520.6779686577632,0.08185462607434602,1.4578550584164265,1.9312172291608847,-0.4733621707444582,15.19661179671421,17.77318122145946,-2.5765694247452497,89.0,100.0,-11.0,1703.0,2099.0,-396.0,68.0,69.0,-1.0,0.0001571830667699792,0.784188
HIPC,low,count_b2,trace_0003,3,agx_host_proxy,True,True,True,,,565.0433348241922,565.0408448241922,0.0024900000000798173,2.636247414529481,2.6339594345294812,0.0022879799999997452,17.903030455666805,17.899258475666798,0.0037719800000068915,89.0,89.0,0.0,2333.0,2339.0,-6.0,67.0,67.0,0.0,4.406741654345072e-06,1.0347819999999999
HIPC,low,count_b2,trace_0004,4,agx_host_proxy,True,True,True,,,684.6535717174963,684.6531447174964,0.0004269999999451102,1.9417384309112526,1.7955877760747663,0.14615065483648637,17.402684820077763,17.397260888178753,0.005423931899009915,127.0,127.0,0.0,2636.0,2637.0,-1.0,73.0,73.0,0.0,6.236730772819222e-07,1.131363
HIPC,low,count_b2,trace_0005,5,agx_host_proxy,True,True,True,,,595.6964769712527,595.6954669712527,0.0010099999999511056,1.6211895856253644,1.7545519035049941,-0.1333623178796297,13.966633757289086,13.961822932175316,0.0048108251137701785,87.0,87.0,0.0,2309.0,2313.0,-4.0,73.0,73.0,0.0,1.6954943314191307e-06,1.029483
HIPC,low,count_b2,trace_0006,6,agx_host_proxy,True,True,True,,,605.3225777995555,605.3220687995555,0.0005089999999654538,2.671675215557011,2.6661251599773648,0.005550055579646163,16.369078350648852,16.33523159620786,0.03384675444099372,117.0,117.0,0.0,2492.0,2498.0,-6.0,70.0,70.0,0.0,8.408739713885286e-07,1.124255
HIPC,low,count_b2,trace_0007,7,agx_host_proxy,True,True,True,,,631.1059680126874,631.1050310126874,0.000937000000021726,2.9394941553694958,3.0743858897193923,-0.13489173434989654,16.800969888361774,16.792838471060595,0.008131417301179056,105.0,105.0,0.0,2478.0,2482.0,-4.0,71.0,71.0,0.0,1.4846951978164292e-06,1.116666
HIPC,low,count_b2,trace_0008,8,agx_host_proxy,True,True,True,,,427.14458150735317,427.1303546477888,0.014226859564359984,1.571006459869708,1.656470847956848,-0.08546438808713996,16.55203757993615,16.587648977944742,-0.03561139800859081,88.0,88.0,0.0,1987.0,2003.0,-16.0,70.0,70.0,0.0,3.33068946213826e-05,0.93232
HIPC,low,count_b2,trace_0009,9,agx_host_proxy,True,True,True,,,542.1309516430925,541.8303465737982,0.3006050692943063,2.2207915488362047,2.473389920257923,-0.25259837142171815,15.078922844550684,16.612827437372736,-1.5339045928220525,94.0,117.0,-23.0,2225.0,2421.0,-196.0,70.0,70.0,0.0,0.000554487930237577,0.936888
HIPC,low,count_b2,trace_0010,10,agx_host_proxy,True,True,True,,,455.59696297267084,455.563418160986,0.03354481168486245,3.4162953369714266,3.0244760159693227,0.3918193210021039,19.72274292829724,16.89516209898176,2.8275808293154796,125.0,94.0,31.0,2390.0,2244.0,146.0,62.0,63.0,-1.0,7.3628260087578e-05,1.086231
HIPC,low,count_b2,trace_0011,11,agx_host_proxy,True,True,True,,,580.083101535412,587.5400269119671,-7.456925376555091,2.3143175852527174,2.1386677458528673,0.17564983939985002,15.346767153901537,16.413741373891746,-1.0669742199902092,107.0,95.0,12.0,2452.0,2504.0,-52.0,72.0,71.0,1.0,-0.012854926055969367,1.075612
HIPC,low,count_b2,trace_0012,12,agx_host_proxy,True,True,True,,,543.2902931247794,530.4428316471201,12.847461477659294,2.1285476350652908,2.076253923306271,0.05229371175901987,16.66423000455415,16.156740397676103,0.5074896068780461,133.0,126.0,7.0,2645.0,2514.0,131.0,157.0,82.0,75.0,0.023647507861342506,1.1104559999999999
HIPC,low,count_b2,trace_0013,13,agx_host_proxy,True,True,True,,,598.9286489374468,598.9281869374469,0.0004619999999704305,2.1129863550263073,2.1107270950263053,0.0022592600000019836,15.102334958339823,15.09852441833982,0.0038105400000016942,91.0,91.0,0.0,2272.0,2278.0,-6.0,69.0,69.0,0.0,7.713773598742687e-07,0.972873
HIPC,low,count_b2,trace_0014,14,agx_host_proxy,True,True,True,,,573.6018914098091,573.6001194098092,0.0017719999999599167,2.118858670497706,2.116431770497704,0.002426900000002341,16.243998990038477,16.239006270038477,0.004992720000000617,122.0,122.0,0.0,2174.0,2175.0,-1.0,70.0,70.0,0.0,3.089250622247188e-06,1.030252
HIPC,low,count_b2,trace_0015,15,agx_host_proxy,True,True,True,,,618.038212185864,618.035563185864,0.0026490000000194414,2.656325078699371,2.654318258699369,0.002006820000001852,18.162264461341852,18.159056121341848,0.0032083400000040285,131.0,131.0,0.0,2646.0,2646.0,0.0,74.0,74.0,0.0,4.2861427461750565e-06,1.1367690000000001
HIPC,low,count_b2,trace_0016,16,agx_host_proxy,True,True,True,,,491.9482647667915,493.7167730653868,-1.7685082985952931,2.1931387446777317,2.499700971491103,-0.3065622268133712,15.72332928013341,16.325683377433133,-0.6023540972997239,95.0,104.0,-9.0,2306.0,2411.0,-105.0,68.0,66.0,2.0,-0.003594907077136772,0.958723
HIPC,low,count_b2,trace_0017,17,agx_host_proxy,True,True,True,,,655.6664983788025,655.4297443507205,0.23675402808203216,2.0605180787216772,1.890940714879386,0.16957736384229127,18.73183605129352,18.68051848489467,0.051317566398850545,111.0,111.0,0.0,2696.0,2737.0,-41.0,72.0,72.0,0.0,0.0003610891034808533,1.183679
HIPC,low,count_b2,trace_0018,18,agx_host_proxy,True,True,True,,,622.9208088836336,622.9204238836336,0.00038500000005115,1.8609009479297118,1.8673497576730103,-0.006448809743298423,14.107528259081159,14.113470799081158,-0.0059425399999994966,128.0,128.0,0.0,2461.0,2460.0,1.0,74.0,74.0,0.0,6.180560908554765e-07,1.0217910000000001
HIPC,low,count_b2,trace_0019,19,agx_host_proxy,True,True,True,,,520.843220211946,520.841653211946,0.0015670000000227446,2.204447487284947,2.2018502472849457,0.0025972400000013884,15.68478702925709,15.68017324925708,0.0046137800000085605,94.0,94.0,0.0,2174.0,2174.0,0.0,69.0,69.0,0.0,3.0085828886955416e-06,0.979094
HIPC,low,count_b2,trace_0020,20,agx_host_proxy,True,True,True,,,638.1688260917372,631.455352785561,6.7134733061761835,2.311914856904165,2.2488771685424958,0.06303768836166945,14.125722457306223,13.817186271208344,0.3085361860978786,117.0,109.0,8.0,2366.0,2279.0,87.0,69.0,70.0,-1.0,0.010519901680705284,1.008244
HIPC,low,count_b2,trace_0021,21,agx_host_proxy,True,True,True,,,539.4173867837395,539.4164467837395,0.0009400000000141517,2.1525839129113726,2.1503782702393104,0.002205642672062247,15.911814580736477,15.912589258064415,-0.0007746773279375674,101.0,101.0,0.0,2320.0,2322.0,-2.0,71.0,71.0,0.0,1.742620877719338e-06,1.0223989999999998
HIPC,low,count_b2,trace_0022,22,agx_host_proxy,True,True,True,,,531.3595824374383,531.3558954374382,0.0036870000001272274,1.5819790241605942,1.5766773563074585,0.005301667853135683,14.889554351114526,14.874738343261386,0.014816007853140079,106.0,106.0,0.0,2277.0,2283.0,-6.0,70.0,70.0,0.0,6.938804007663362e-06,0.980245
HIPC,low,count_b2,trace_0023,23,agx_host_proxy,True,True,True,,,603.4372460871248,603.0593818184385,0.37786426868626677,1.5466408175056814,1.4284795806908916,0.11816123681478974,16.243371962493203,15.900699014135489,0.34267294835771445,118.0,104.0,14.0,2332.0,2049.0,283.0,69.0,73.0,-4.0,0.0006261865192055288,1.025651
HIPC,low,count_b2,trace_0024,24,agx_host_proxy,True,True,True,,,620.5429443635655,624.667551290372,-4.12460692680645,2.1485080765919076,2.0174824928412525,0.1310255837506551,15.27864304504484,16.131977321300234,-0.8533342762553939,141.0,145.0,-4.0,2336.0,2490.0,-154.0,76.0,75.0,1.0,-0.006646771128848599,1.01162
HIPC,low,count_b2,trace_0025,25,agx_host_proxy,True,True,True,,,561.4569323572134,561.4551593572135,0.001772999999957392,2.1548632384090554,2.153291758409052,0.0015714800000035112,15.87120534093346,15.868633440933461,0.0025718999999995162,87.0,87.0,0.0,2506.0,2506.0,0.0,71.0,71.0,0.0,3.1578557459672855e-06,1.138271
HIPC,low,count_b2,trace_0026,26,agx_host_proxy,True,True,True,,,608.5147145255135,608.5142005255135,0.00051399999995283,2.204629921294595,2.202957981294601,0.0016719399999938211,17.59447976199264,17.59193134199264,0.0025484200000001067,134.0,134.0,0.0,2414.0,2416.0,-2.0,73.0,73.0,0.0,8.446796563557532e-07,1.090316
HIPC,low,count_b2,trace_0027,27,agx_host_proxy,True,True,True,,,445.70347094727,445.70152794726994,0.001943000000039774,2.345488969627396,2.3424537896273723,0.003035180000023896,18.357608422024143,18.352956442024105,0.0046519800000375255,107.0,107.0,0.0,1958.0,1960.0,-2.0,68.0,68.0,0.0,4.359400647947041e-06,0.9359689999999999
HIPC,low,count_b2,trace_0028,28,agx_host_proxy,True,True,True,,,721.7792207752561,721.7787687752561,0.0004519999999956781,2.1726044819099184,2.178709821909923,-0.0061053400000044,17.361377589252314,17.365980589252324,-0.004603000000010127,141.0,141.0,0.0,2680.0,2682.0,-2.0,71.0,71.0,0.0,6.26230275111258e-07,1.1269280000000002
HIPC,low,count_b2,trace_0029,29,agx_host_proxy,True,True,True,,,610.7128359463169,610.7124069463168,0.0004290000000537475,2.4237087388398675,2.4147598841640954,0.008948854675772111,18.59841285727576,18.762279091151928,-0.16386623387616694,125.0,125.0,0.0,2366.0,2381.0,-15.0,67.0,67.0,0.0,7.024578079957986e-07,1.069442
HIPC,low,count_b2,trace_0030,30,agx_host_proxy,True,True,True,,,390.4678127570811,368.73716959481567,21.730643162265437,1.7385158863464114,1.6717629059985204,0.06675298034789101,16.847730558436815,16.10100750822929,0.7467230502075246,117.0,89.0,28.0,1715.0,1415.0,300.0,68.0,68.0,0.0,0.05565284116205646,0.762742
HIPC,low,count_b2,trace_0031,31,agx_host_proxy,True,True,True,,,476.82699879369244,476.82657079369244,0.00042799999999942884,1.7650352766753143,1.789474625995799,-0.024439349320484638,14.970256079784106,14.939104313979822,0.03115176580428347,97.0,97.0,0.0,1856.0,1854.0,2.0,69.0,69.0,0.0,8.976001801118869e-07,0.85369
HIPC,low,count_b2,trace_0032,32,agx_host_proxy,True,True,True,,,629.6397477123985,629.6381547123985,0.001592999999957101,2.065753033983142,2.063689053983146,0.0020639799999959685,16.723964862458878,16.71973262245889,0.004232239999989673,106.0,106.0,0.0,2249.0,2251.0,-2.0,72.0,72.0,0.0,2.5300181663320564e-06,1.019524
HIPC,low,count_b2,trace_0033,33,agx_host_proxy,True,True,True,,,476.61595353031265,476.6123865303127,0.003566999999975451,1.8793246146200637,1.8757433746200645,0.003581239999999264,15.75886737046921,15.753796170469217,0.005071199999992615,115.0,115.0,0.0,2243.0,2243.0,0.0,68.0,68.0,0.0,7.484013016254586e-06,0.954607
HIPC,low,count_b2,trace_0034,34,agx_host_proxy,True,True,True,,,524.3229550149177,524.3609888241889,-0.038033809271155405,2.3789258324111846,2.3328361351995097,0.046089697211674885,18.612827446611654,18.798213295922633,-0.185385849310979,95.0,97.0,-2.0,1992.0,1983.0,9.0,69.0,69.0,0.0,-7.253889784412221e-05,0.940492
HIPC,low,count_b2,trace_0035,35,agx_host_proxy,True,True,True,,,668.1529974222766,668.1518854222766,0.0011120000000346408,1.9394789113997954,1.9382028513997995,0.0012760599999959155,18.158554585335633,18.15592366533563,0.0026309200000014243,108.0,108.0,0.0,2493.0,2495.0,-2.0,74.0,74.0,0.0,1.6642894731067866e-06,1.1520869999999999
HIPC,low,count_b2,trace_0036,36,agx_host_proxy,True,True,True,,,570.9183420465631,570.9178580465631,0.0004840000000285727,2.2271325022480193,2.2259887022480203,0.001143799999999029,14.761796579864896,14.759462259864902,0.0023343199999938946,95.0,95.0,0.0,2318.0,2320.0,-2.0,71.0,71.0,0.0,8.47756963445218e-07,1.00972
HIPC,low,count_b2,trace_0037,37,agx_host_proxy,True,True,True,,,602.3082800209097,602.2030700178871,0.10521000302264838,2.4692068200493495,2.4777993800493583,-0.008592560000008742,18.30063795274585,18.30404729262495,-0.003409339879102191,123.0,123.0,0.0,2532.0,2536.0,-4.0,69.0,70.0,-1.0,0.00017467799549260042,1.087836
HIPC,low,count_b2,trace_0038,38,agx_host_proxy,True,True,True,,,479.04266501876754,479.0417490187675,0.0009160000000179025,1.6102770076475807,1.6094408676475773,0.0008361400000034269,14.972840566545743,14.972444526545738,0.000396040000005371,118.0,118.0,0.0,1872.0,1870.0,2.0,70.0,70.0,0.0,1.912147010918153e-06,0.8350029999999999
HIPC,low,count_b2,trace_0039,39,agx_host_proxy,True,True,True,,,483.2213221545951,483.21108915459513,0.01023299999997107,2.089296224506386,2.086231704506389,0.0030645199999970174,15.447437190861814,15.442189570861817,0.0052476199999969,108.0,108.0,0.0,1797.0,1802.0,-5.0,70.0,70.0,0.0,2.1176631764393185e-05,0.813856
HIPC,low,count_b2,trace_0040,40,agx_host_proxy,True,True,True,,,591.5897976415093,591.5888576415093,0.0009400000000141517,1.420898242557042,1.4205035774091406,0.0003946651479014296,16.25794946000395,16.25716606970815,0.0007833902958012118,94.0,94.0,0.0,2328.0,2332.0,-4.0,75.0,75.0,0.0,1.5889388284950977e-06,1.050222
HIPC,low,count_b2,trace_0041,41,agx_host_proxy,True,True,True,,,615.1981452849277,615.1966082849277,0.0015369999999848005,2.126502928086602,2.1249260680866118,0.0015768599999903543,16.436310254609896,16.42665774915389,0.009652505456006821,91.0,91.0,0.0,2443.0,2443.0,0.0,70.0,70.0,0.0,2.4983820444922542e-06,1.067932
HIPC,low,count_b2,trace_0042,42,agx_host_proxy,True,True,True,,,642.8804924155679,643.0122979707497,-0.13180555518181336,2.1478477630363106,2.2430526431006377,-0.09520488006432704,16.886222950858386,16.660069666505056,0.22615328435333026,86.0,85.0,1.0,2286.0,2294.0,-8.0,76.0,73.0,3.0,-0.00020502341685087593,1.027792
HIPC,low,count_b2,trace_0043,43,agx_host_proxy,True,True,True,,,531.5097838663295,531.5093218663295,0.0004619999999704305,1.7389956685088683,1.7371536685088647,0.001842000000003674,15.916331237001309,15.912856457001302,0.003474780000006561,97.0,97.0,0.0,1991.0,1994.0,-3.0,72.0,72.0,0.0,8.692220049266672e-07,0.911411
HIPC,low,count_b2,trace_0044,44,agx_host_proxy,True,True,True,,,427.84229521678577,427.84185521678575,0.00044000000002597517,2.072158591889552,2.069906211889546,0.002252380000006049,17.129470167766225,17.12585796776622,0.0036122000000062826,109.0,109.0,0.0,1995.0,1995.0,0.0,67.0,67.0,0.0,1.0284163228954003e-06,0.9004730000000001
HIPC,low,count_b2,trace_0045,45,agx_host_proxy,True,True,True,,,493.45368784274814,493.4531998427481,0.00048800000001847366,2.188792302213647,2.1869383622136445,0.0018539400000023853,17.52658904732368,17.523229507323677,0.003359540000001715,112.0,112.0,0.0,1961.0,1962.0,-1.0,70.0,70.0,0.0,9.889479236681428e-07,0.865562
HIPC,low,count_b2,trace_0046,46,agx_host_proxy,True,True,True,,,466.76803253065845,474.5184250773281,-7.750392546669673,1.7134706280833714,1.809649478558745,-0.09617885047537356,17.472552528478317,18.019242283467708,-0.5466897549893908,101.0,108.0,-7.0,2141.0,2156.0,-15.0,69.0,71.0,-2.0,-0.01660437734917206,0.9269989999999999
HIPC,low,count_b2,trace_0047,47,agx_host_proxy,True,True,True,,,767.0652945522716,767.0628395522715,0.002455000000054497,1.0823241482332668,1.0815674482332673,0.0007566999999994994,14.205678255457668,14.202813615457664,0.0028646400000038597,88.0,88.0,0.0,2693.0,2697.0,-4.0,80.0,80.0,0.0,3.200509809907977e-06,1.1823039999999998
HIPC,low,count_b2,trace_0048,48,agx_host_proxy,True,True,True,,,564.5084001052016,565.2041936925615,-0.6957935873598444,2.149440231625638,2.0840678455500408,0.06537238607559726,15.885935281565663,17.069236828802474,-1.1833015472368107,93.0,85.0,8.0,2212.0,2209.0,3.0,69.0,68.0,1.0,-0.0012325655158190322,1.000063
HIPC,low,count_b2,trace_0049,49,agx_host_proxy,True,True,True,,,499.29016705839575,499.28518405839577,0.00498299999998153,2.2906133431570437,2.2890234431570446,0.0015898999999990338,16.897118854490223,16.894120714490224,0.0029981399999989833,108.0,108.0,0.0,2117.0,2117.0,0.0,68.0,68.0,0.0,9.980168504697852e-06,1.0103469999999999
HIPC,low,count_b4,trace_0000,0,rp2040_hardware,True,True,True,,,632.7728406374955,648.3396942647161,-15.566853627220553,4.148214974480993,3.372582469554889,0.7756325049261039,21.682403588045133,19.74837922829767,1.9340243597474647,108.0,148.0,-40.0,2229.0,2614.0,-385.0,62.0,67.0,-5.0,-0.024601014183126945,69.460624
HIPC,low,count_b4,trace_0001,1,rp2040_hardware,True,True,True,,,581.5578961868225,580.6427031868226,0.9151929999999311,3.8993679753502604,4.274281354147133,-0.3749133787968728,20.294244265341263,20.13006662733183,0.1641776380094342,107.0,107.0,0.0,2118.0,2222.0,-104.0,62.0,62.0,0.0,0.0015736919849265187,71.109622
HIPC,low,count_b4,trace_0002,2,rp2040_hardware,True,True,True,,,542.5347966946075,522.5791808879677,19.9556158066398,3.377147621086254,4.4076826435620955,-1.0305350224758416,19.28793894483452,18.8852423529604,0.4026965918741183,89.0,93.0,-4.0,1912.0,1938.0,-26.0,58.0,61.0,-3.0,0.03678218600579974,60.463057
HIPC,low,count_b4,trace_0003,3,rp2040_hardware,True,True,True,,,566.4510439654081,548.9170313254361,17.534012639971934,3.7109798301773966,3.6760745198964786,0.034905310280918034,18.867386024665418,18.144825673785153,0.7225603508802649,134.0,89.0,45.0,2078.0,2225.0,-147.0,62.0,60.0,2.0,0.030954153632105755,60.3135
HIPC,low,count_b4,trace_0004,4,agx_host_proxy,True,True,True,,,670.1723782941915,670.1719192941915,0.0004589999999780048,3.4219097481813248,3.2749670133448237,0.1469427348365011,17.83621851359613,17.829965681697114,0.006252831899015376,129.0,129.0,0.0,2677.0,2678.0,-1.0,66.0,66.0,0.0,6.848984154588859e-07,1.158626
HIPC,low,count_b4,trace_0005,5,agx_host_proxy,True,True,True,,,590.9065807179588,590.9054847179589,0.0010959999999613501,4.389141812616177,4.521649290495809,-0.13250747787963135,20.976361190926813,21.00819883271599,-0.031837641789177695,98.0,98.0,0.0,2449.0,2465.0,-16.0,61.0,61.0,0.0,1.8547771098262208e-06,1.088975
HIPC,low,count_b4,trace_0006,6,agx_host_proxy,True,True,True,,,596.4581706042596,596.4576756042596,0.0004950000000008004,3.3725449143585533,3.3671936387789,0.005351275579653425,16.676618710884657,16.642912396443656,0.033706314441001695,123.0,123.0,0.0,2555.0,2562.0,-7.0,61.0,61.0,0.0,8.29898934068295e-07,1.10466
HIPC,low,count_b4,trace_0007,7,agx_host_proxy,True,True,True,,,631.1059430126874,631.1050310126874,0.0009119999999711581,4.892794631077034,5.024727911063397,-0.13193327998636306,19.251540919643208,19.237894115978023,0.013646803665185558,105.0,105.0,0.0,2705.0,2709.0,-4.0,65.0,65.0,0.0,1.4450822561067593e-06,1.185765
HIPC,low,count_b4,trace_0008,8,agx_host_proxy,True,True,True,,,431.2865457164798,430.8843601059613,0.40218561051847246,3.796140664604163,3.8429184241207883,-0.04677775951662522,18.677264779930336,18.757273675043198,-0.08000889511286147,88.0,88.0,0.0,2045.0,2065.0,-20.0,62.0,62.0,0.0,0.0009325252886113962,0.9735370000000001
HIPC,low,count_b4,trace_0009,9,agx_host_proxy,True,True,True,,,542.7445394426123,540.4439588454402,2.300580597172143,2.7912594809807874,2.6833791820967483,0.10788029888403905,15.546225274474882,15.106029704818825,0.44019556965605666,94.0,90.0,4.0,2202.0,2310.0,-108.0,66.0,68.0,-2.0,0.004238790867495033,0.936808
HIPC,low,count_b4,trace_0010,10,agx_host_proxy,True,True,True,,,455.3827039232249,455.3771896124065,0.005514310818398371,4.581138621200213,4.059053843759585,0.5220847774406279,18.41471759658412,18.20601941829591,0.20869817828820914,96.0,114.0,-18.0,2152.0,2321.0,-169.0,59.0,59.0,0.0,1.2109179314214919e-05,0.958796
HIPC,low,count_b4,trace_0011,11,agx_host_proxy,True,True,True,,,585.3798154835905,581.8695930440908,3.510222439499671,3.0505128879267196,3.630245005417368,-0.5797321174906482,16.48734968061467,16.688264159124046,-0.20091447850937527,107.0,89.0,18.0,2603.0,2495.0,108.0,66.0,65.0,1.0,0.005996486975895858,1.108551
HIPC,low,count_b4,trace_0012,12,agx_host_proxy,True,True,True,,,545.656928666359,545.6525326663589,0.004396000000156164,4.517540976312779,4.521872861291126,-0.004331884978346245,17.96463331171661,17.882730042799565,0.08190326891704558,121.0,121.0,0.0,2596.0,2598.0,-2.0,64.0,64.0,0.0,8.056344140814696e-06,1.114036
HIPC,low,count_b4,trace_0013,13,agx_host_proxy,True,True,True,,,598.9286269374469,598.9281869374469,0.00044000000002597517,2.9859874622728633,2.980059642272859,0.005927820000004136,15.81101222644604,15.803631226446036,0.007381000000004079,89.0,89.0,0.0,2303.0,2306.0,-3.0,64.0,64.0,0.0,7.346451317177222e-07,0.9698990000000001
HIPC,low,count_b4,trace_0014,14,agx_host_proxy,True,True,True,,,573.6019224098092,573.6001194098092,0.0018029999999953361,3.0863036567664532,3.084208716766446,0.002094940000007206,16.83810276803313,16.83467638803313,0.0034263800000005062,122.0,122.0,0.0,2214.0,2214.0,0.0,61.0,61.0,0.0,3.1432949046275775e-06,0.926642
HIPC,low,count_b4,trace_0015,15,agx_host_proxy,True,True,True,,,619.7458533507814,619.7443463507815,0.0015069999999468564,3.056419171484077,3.0538534314840646,0.0025657400000125286,18.1488011460984,18.144669006098386,0.004132140000013607,131.0,131.0,0.0,2600.0,2601.0,-1.0,70.0,70.0,0.0,2.431641925151989e-06,1.1127859999999998
HIPC,low,count_b4,trace_0016,16,agx_host_proxy,True,True,True,,,502.3857894124005,502.38303641240054,0.0027529999999842403,3.756927247745625,3.751884455025679,0.005042792719946121,17.31289696438901,17.30703209166907,0.005864872719943293,123.0,123.0,0.0,2507.0,2463.0,44.0,125.0,79.0,46.0,5.479852452045267e-06,1.056062
HIPC,low,count_b4,trace_0017,17,agx_host_proxy,True,True,True,,,658.2191156169946,658.7507710901021,-0.5316554731075485,3.1297652044099307,3.03686107010167,0.09290413430826083,20.475221655472996,20.18946871502351,0.2857529404494876,110.0,112.0,-2.0,2927.0,2932.0,-5.0,62.0,62.0,0.0,-0.000807718069094956,1.219181
HIPC,low,count_b4,trace_0018,18,agx_host_proxy,True,True,True,,,622.9209018836336,622.6579513110978,0.26295057253582854,2.5905085560757537,3.3931362047466043,-0.8026276486708506,14.504608230098006,15.313687418816404,-0.8090791887183979,128.0,133.0,-5.0,2522.0,2515.0,7.0,69.0,69.0,0.0,0.0004221251393888043,1.069152
HIPC,low,count_b4,trace_0019,19,agx_host_proxy,True,True,True,,,523.1811342284248,523.1796632284247,0.0014710000000377477,3.072997428271234,3.070469708271232,0.0025277200000020095,16.54330391145608,16.539199091456076,0.004104820000002007,94.0,94.0,0.0,2235.0,2239.0,-4.0,66.0,66.0,0.0,2.8116457261157627e-06,1.009908
HIPC,low,count_b4,trace_0020,20,agx_host_proxy,True,True,True,,,653.212382586008,631.455352785561,21.757029800446958,3.524880351530285,3.30545566334564,0.2194246881846449,15.723053221896897,15.317861076470772,0.4051921454261258,105.0,97.0,8.0,2502.0,2468.0,34.0,63.0,67.0,-4.0,0.03330774244406218,1.033684
HIPC,low,count_b4,trace_0021,21,agx_host_proxy,True,True,True,,,539.4174117837396,539.4164467837395,0.0009650000000647196,3.53168925184918,3.5284809691771244,0.003208282672055418,17.19474404936773,17.190438506695678,0.0043055426720535195,102.0,102.0,0.0,2390.0,2390.0,0.0,64.0,64.0,0.0,1.788967094839724e-06,1.010873
HIPC,low,count_b4,trace_0022,22,agx_host_proxy,True,True,True,,,531.1263851243192,531.1253791243192,0.0010059999999612046,2.656842273426366,2.651303245573232,0.005539027853134204,15.798083977832778,15.78300246997964,0.015081507853137666,106.0,106.0,0.0,2271.0,2276.0,-5.0,66.0,66.0,0.0,1.8940877880238111e-06,0.985813
HIPC,low,count_b4,trace_0023,23,agx_host_proxy,True,True,True,,,604.9209445052684,603.0593818184385,1.8615626868298705,3.406037390171764,2.642853618913111,0.7631837712586531,19.410830766735504,17.644358280899382,1.7664724858361218,114.0,104.0,10.0,2504.0,2241.0,263.0,64.0,67.0,-3.0,0.003077365238778995,1.021983
HIPC,low,count_b4,trace_0024,24,agx_host_proxy,True,True,True,,,620.2373478552921,639.9806607961523,-19.743312940860164,3.5328774562995564,2.4452864542502137,1.0875910020493427,17.058354366081645,15.810766145956189,1.247588220125456,138.0,97.0,41.0,2398.0,2561.0,-163.0,68.0,69.0,-1.0,-0.0318318672829526,1.062425
HIPC,low,count_b4,trace_0025,25,agx_host_proxy,True,True,True,,,566.0670269711559,566.0630549711561,0.003971999999748732,3.765468013198557,3.7634774931985744,0.001990519999982787,16.939200555482305,16.93620195548233,0.0029985999999766477,83.0,83.0,0.0,2589.0,2589.0,0.0,64.0,64.0,0.0,7.016836894743079e-06,1.16127
HIPC,low,count_b4,trace_0026,26,agx_host_proxy,True,True,True,,,608.7050432661431,614.0476102976005,-5.342567031457406,3.199079314715199,3.197300974715196,0.001778340000003098,18.387149293281976,18.408590816565965,-0.02144152328398974,124.0,124.0,0.0,2497.0,2500.0,-3.0,64.0,64.0,0.0,-0.008776938996251234,1.1146340000000001
HIPC,low,count_b4,trace_0027,27,agx_host_proxy,True,True,True,,,435.11279047778567,454.5910689124499,-19.47827843466422,3.7685090764752776,4.597568126433979,-0.8290590499587012,20.059580090622024,22.19035159664058,-2.1307715060185544,128.0,123.0,5.0,1941.0,2129.0,-188.0,59.0,60.0,-1.0,-0.0447660442555036,0.896662
HIPC,low,count_b4,trace_0028,28,agx_host_proxy,True,True,True,,,725.1411114515103,725.1406544515103,0.0004569999999830543,3.2093339949536306,3.2156286749536225,-0.006294679999991892,16.4431167990169,16.448134059016887,-0.005017259999988255,122.0,122.0,0.0,2750.0,2752.0,-2.0,69.0,69.0,0.0,6.302221633362924e-07,1.11903
HIPC,low,count_b4,trace_0029,29,agx_host_proxy,True,True,True,,,606.7667524438456,606.7663014438456,0.00045099999999820284,2.5477706217913267,2.433702002213005,0.1140686195783216,17.234394038329626,17.04429385673838,0.19010018159124442,112.0,112.0,0.0,2420.0,2400.0,20.0,62.0,62.0,0.0,7.432839689744562e-07,1.066924
HIPC,low,count_b4,trace_0030,30,agx_host_proxy,True,True,True,,,380.7477709439777,386.4066002982242,-5.658829354246507,3.1118700991670067,3.1559939407135356,-0.04412384154652882,22.3845759645807,21.79079700856422,0.5937789560164823,106.0,121.0,-15.0,1617.0,1428.0,189.0,59.0,61.0,-2.0,-0.014862409674038861,0.7019909999999999
HIPC,low,count_b4,trace_0031,31,agx_host_proxy,True,True,True,,,491.96417134388946,474.72935062123724,17.234820722652216,3.0039823498791076,3.3828269218941154,-0.37884457201500776,17.28795687124649,17.413765070946894,-0.1258081997004048,85.0,102.0,-17.0,2127.0,2304.0,-177.0,60.0,59.0,1.0,0.035032674585980875,0.9643039999999999
HIPC,low,count_b4,trace_0032,32,agx_host_proxy,True,True,True,,,625.5814905839391,625.579636583939,0.0018540000000939472,4.3006583234204605,4.298526023420465,0.002132299999995091,18.4173285853194,18.415337125319397,0.0019914600000028315,106.0,106.0,0.0,2224.0,2225.0,-1.0,66.0,66.0,0.0,2.963642671657949e-06,0.997567
HIPC,low,count_b4,trace_0033,33,agx_host_proxy,True,True,True,,,483.5475167579881,483.5390837579881,0.00843299999996816,3.0318506884328857,3.027754308432877,0.004096380000008892,16.33920309567114,16.33356059567113,0.005642500000011097,111.0,111.0,0.0,2383.0,2385.0,-2.0,62.0,62.0,0.0,1.7439857940970078e-05,1.070046
HIPC,low,count_b4,trace_0034,34,agx_host_proxy,True,True,True,,,531.7259440659857,531.7248970659857,0.0010469999999713764,4.866442194618837,4.863157474618839,0.0032847199999981314,22.943172245176775,22.937248685176783,0.005923559999992278,144.0,144.0,0.0,2261.0,2285.0,-24.0,58.0,58.0,0.0,1.9690594593997215e-06,1.018685
HIPC,low,count_b4,trace_0035,35,agx_host_proxy,True,True,True,,,667.9687849035665,668.0671439035666,-0.09835900000007314,4.063823534538341,4.061566294538347,0.002257239999994276,20.531409056010876,20.52992919601088,0.0014798599999963358,122.0,122.0,0.0,2629.0,2630.0,-1.0,64.0,64.0,0.0,-0.00014725089289056083,1.171963
HIPC,low,count_b4,trace_0036,36,agx_host_proxy,True,True,True,,,566.8727724426544,566.8717594426544,0.0010130000000572181,4.192128815490554,4.190602715490551,0.0015261000000021951,17.72221121727902,17.719214617279018,0.0029966000000030135,105.0,105.0,0.0,2367.0,2368.0,-1.0,64.0,64.0,0.0,1.7869970993530026e-06,1.037479
HIPC,low,count_b4,trace_0037,37,agx_host_proxy,True,True,True,,,596.6969647497237,596.687674749724,0.00928999999973712,3.3254753266402033,3.3232931866402278,0.0021821399999755187,19.2036628375529,19.200193117552928,0.003469719999973364,112.0,112.0,0.0,2473.0,2475.0,-2.0,61.0,61.0,0.0,1.5569041822818188e-05,1.083809
HIPC,low,count_b4,trace_0038,38,agx_host_proxy,True,True,True,,,477.28260916419026,477.28169016419025,0.0009190000000103282,3.6144818482507164,3.6084437682507216,0.006038079999994839,16.991375289677197,16.984085929677203,0.00728935999999436,130.0,130.0,0.0,2025.0,2026.0,-1.0,59.0,59.0,0.0,1.9254839425632257e-06,0.818394
HIPC,low,count_b4,trace_0039,39,agx_host_proxy,True,True,True,,,476.61708494385283,476.61552394385285,0.0015609999999810498,3.0678869122204127,3.060137060385815,0.007749851834597532,17.430312325040674,17.420712033206073,0.009600291834601649,88.0,88.0,0.0,1850.0,1854.0,-4.0,62.0,62.0,0.0,3.275165849677716e-06,0.786277
HIPC,low,count_b4,trace_0040,40,agx_host_proxy,True,True,True,,,591.6171612461185,591.6148962461184,0.0022650000000794535,2.7624086930419764,2.7623539301722424,5.4762869734048536e-05,17.388911315924037,17.3887661279064,0.00014518801763685474,100.0,100.0,0.0,2442.0,2445.0,-3.0,66.0,66.0,0.0,3.82848934826147e-06,1.058049
HIPC,low,count_b4,trace_0041,41,agx_host_proxy,True,True,True,,,615.1981912849277,615.1966082849277,0.0015829999999823485,4.245941878044604,4.277345250934267,-0.03140337288966233,18.482628261372835,18.547240007152155,-0.06461174577932027,99.0,99.0,0.0,2636.0,2653.0,-17.0,62.0,62.0,0.0,2.5731545092420234e-06,1.155176
HIPC,low,count_b4,trace_0042,42,agx_host_proxy,True,True,True,,,628.4368730050719,626.3828132520762,2.0540597529957267,2.873923583477827,3.361915501018362,-0.48799191754053517,16.97826458695271,17.12163405685139,-0.14336946989867982,90.0,90.0,0.0,2242.0,2290.0,-48.0,68.0,67.0,1.0,0.0032685220126781917,1.0488080000000002
HIPC,low,count_b4,trace_0043,43,agx_host_proxy,True,True,True,,,530.7750480649385,530.7745640649384,0.0004840000000285727,3.9264559697729284,3.9237765897729266,0.0026793800000017853,17.78651977115992,17.78226641115992,0.004253359999999873,85.0,85.0,0.0,2097.0,2102.0,-5.0,63.0,63.0,0.0,9.118740637735423e-07,0.977055
HIPC,low,count_b4,trace_0044,44,agx_host_proxy,True,True,True,,,438.6879195630193,438.68628556301934,0.0016339999999672727,3.7293860443534137,3.7262478043534286,0.003138239999985082,17.486099004073182,17.481789964073197,0.004309039999984776,125.0,125.0,0.0,3764.0,2251.0,1513.0,1730.0,217.0,1513.0,3.7247435525348265e-06,2.322978
HIPC,low,count_b4,trace_0045,45,agx_host_proxy,True,True,True,,,495.6591089282659,495.44533531765137,0.21377361061450983,4.029227552383047,4.00304438909272,0.02618316329032755,18.635661685326536,18.54671761133192,0.08894407399461457,120.0,108.0,12.0,2008.0,1978.0,30.0,60.0,60.0,0.0,0.0004312916009487645,0.874741
HIPC,low,count_b4,trace_0046,46,agx_host_proxy,True,True,True,,,507.29976418133634,471.5235808521595,35.77618332917683,3.410491469380516,3.828091260445028,-0.4175997910645117,19.147850781665987,18.979998569231974,0.16785221243401338,110.0,99.0,11.0,2391.0,2200.0,191.0,57.0,57.0,0.0,0.07052276751382146,1.0036880000000001
HIPC,low,count_b4,trace_0047,47,agx_host_proxy,True,True,True,,,767.0653435522714,767.0628395522715,0.002503999999930784,1.500773479033409,1.4997382590334085,0.0010352200000005585,14.660480195209717,14.658473855209715,0.0020063400000012166,88.0,88.0,0.0,2795.0,2800.0,-5.0,76.0,76.0,0.0,3.2643894304164315e-06,1.218701
HIPC,low,count_b4,trace_0048,48,agx_host_proxy,True,True,True,,,564.6622726964325,564.6610066964325,0.0012659999999868887,3.952200994973044,3.949062234973029,0.003138760000014784,19.191290307191295,19.18678128719128,0.00450902000001463,95.0,95.0,0.0,2356.0,2361.0,-5.0,59.0,59.0,0.0,2.2420481431163397e-06,1.033091
HIPC,low,count_b4,trace_0049,49,agx_host_proxy,True,True,True,,,504.0837218305987,504.0758408305986,0.007881000000054428,3.774797835648428,3.7723500356484334,0.002447799999994782,18.460275786196377,18.45650508619638,0.003770699999996907,108.0,108.0,0.0,2225.0,2225.0,0.0,61.0,61.0,0.0,1.563430767300774e-05,1.0471
HIPC,low,count_b8,trace_0000,0,agx_host_proxy,True,True,True,,,632.8105137304684,648.3396942647161,-15.529180534247644,4.0506426658340295,3.372582469554889,0.6780601962791404,20.6005342378662,19.74837922829767,0.8521550095685306,144.0,148.0,-4.0,2600.0,2614.0,-14.0,64.0,67.0,-3.0,-0.024540016635788628,1.12828
HIPC,low,count_b8,trace_0001,1,agx_host_proxy,True,True,True,,,585.6734133144296,585.6669903144294,0.0064230000001543885,4.688207153458263,4.685140693458252,0.0030664600000109843,20.64927812009253,20.644495340092515,0.004782780000013531,107.0,107.0,0.0,2261.0,2261.0,0.0,61.0,61.0,0.0,1.0966862852464984e-05,1.060411
HIPC,low,count_b8,trace_0002,2,agx_host_proxy,True,True,True,,,524.2110857875803,522.6806624488189,1.5304233387613522,3.908013457293032,4.5981274968206725,-0.6901140395276406,17.678169432598036,19.07654019161152,-1.3983707590134848,89.0,93.0,-4.0,1913.0,1965.0,-52.0,59.0,60.0,-1.0,0.0029194791568782413,0.891693
HIPC,low,count_b8,trace_0003,3,agx_host_proxy,True,True,True,,,572.7337123974179,548.9170313254361,23.816681071981748,4.354889247941734,3.6760745198964786,0.6788147280452552,20.734143673643445,18.144825673785153,2.5893179998582916,90.0,89.0,1.0,2382.0,2225.0,157.0,60.0,60.0,0.0,0.041584213669363046,1.074898
HIPC,low,count_b8,trace_0004,4,agx_host_proxy,True,True,True,,,661.7294585474946,661.7284805474945,0.0009780000000318978,4.900562049850695,4.753773195014207,0.14678885483648774,20.33592046578393,20.32978603388493,0.006134431898999537,108.0,108.0,0.0,2524.0,2525.0,-1.0,65.0,65.0,0.0,1.4779453859869281e-06,1.081272
HIPC,low,count_b8,trace_0005,5,agx_host_proxy,True,True,True,,,585.4558528038255,585.4536868038255,0.002165999999988344,5.19003035705732,5.322214074936953,-0.13218371787963346,21.56486274920846,21.55843158409469,0.006431165113767179,111.0,111.0,0.0,2472.0,2475.0,-3.0,60.0,60.0,0.0,3.6996811794007757e-06,1.1057020000000002
HIPC,low,count_b8,trace_0006,6,agx_host_proxy,True,True,True,,,596.4581816042596,596.4576756042596,0.000505999999973028,3.3724060343585482,3.3671936387789,0.005212395579648366,16.67649597088466,16.642912396443656,0.03358357444100335,123.0,123.0,0.0,2555.0,2562.0,-7.0,61.0,61.0,0.0,8.483411169112789e-07,1.1657440000000001
HIPC,low,count_b8,trace_0007,7,agx_host_proxy,True,True,True,,,631.1058150126873,631.1050310126874,0.0007839999999532665,4.89266403107703,5.024727911063397,-0.13206387998636693,19.25140227964321,19.237894115978023,0.013508163665186146,105.0,105.0,0.0,2705.0,2709.0,-4.0,65.0,65.0,0.0,1.2422639457655854e-06,1.0893789999999999
HIPC,low,count_b8,trace_0008,8,agx_host_proxy,True,True,True,,,443.7950668695592,439.81321424993797,3.981852619621236,3.990820154331203,3.9882959976071515,0.002524156724051707,19.542811973311856,19.34446420773809,0.198347765573768,101.0,101.0,0.0,2195.0,2192.0,3.0,61.0,61.0,0.0,0.008972277785123706,1.014432
HIPC,low,count_b8,trace_0009,9,agx_host_proxy,True,True,True,,,542.7444264426124,540.4439588454402,2.300467597172201,2.7909404009807877,2.6833791820967483,0.10756121888403936,15.545926494474882,15.106029704818825,0.43989678965605705,94.0,90.0,4.0,2202.0,2310.0,-108.0,66.0,68.0,-2.0,0.004238583548891483,0.903407
HIPC,low,count_b8,trace_0010,10,agx_host_proxy,True,True,True,,,455.38270992322487,455.3908553539852,-0.008145430760350791,4.581104081200238,4.660716997287961,-0.07961291608772303,18.414701736584142,18.595625931319084,-0.18092419473494203,96.0,124.0,-28.0,2152.0,2314.0,-162.0,59.0,57.0,2.0,-1.7887000500576905e-05,0.9878009999999999
HIPC,low,count_b8,trace_0011,11,agx_host_proxy,True,True,True,,,585.3798154835905,581.8695930440908,3.510222439499671,3.0505320879267193,3.630245005417368,-0.5797129174906486,16.487395020614667,16.688264159124046,-0.20086913850937904,107.0,89.0,18.0,2603.0,2495.0,108.0,66.0,65.0,1.0,0.005996486975895858,1.144497
HIPC,low,count_b8,trace_0012,12,agx_host_proxy,True,True,True,,,545.6568846663589,545.6525326663589,0.0043520000000398795,4.517638596312777,4.521872861291126,-0.0042342649783488895,17.9646591517166,17.882730042799565,0.0819291089170342,121.0,121.0,0.0,2596.0,2598.0,-2.0,64.0,64.0,0.0,7.975708036197332e-06,1.062692
HIPC,low,count_b8,trace_0013,13,agx_host_proxy,True,True,True,,,598.9286079374468,598.9281869374469,0.0004209999999602587,2.986274022272862,2.980059642272859,0.006214380000002961,15.811318146446036,15.803631226446036,0.007686919999999375,89.0,89.0,0.0,2303.0,2306.0,-3.0,64.0,64.0,0.0,7.029218414028884e-07,0.964209
HIPC,low,count_b8,trace_0014,14,agx_host_proxy,True,True,True,,,573.6018914098091,573.6001194098092,0.0017719999999599167,3.143079945790923,3.140956085790916,0.002123860000007305,16.932476643029617,16.929091623029606,0.003385020000010286,122.0,122.0,0.0,2224.0,2224.0,0.0,60.0,60.0,0.0,3.089250622247188e-06,0.9619380000000001
HIPC,low,count_b8,trace_0015,15,agx_host_proxy,True,True,True,,,619.7458603507815,619.7443463507815,0.00151400000004287,3.056288931484063,3.0538534314840646,0.0024354999999984805,18.14862808609839,18.144669006098386,0.003959080000004889,131.0,131.0,0.0,2600.0,2601.0,-1.0,70.0,70.0,0.0,2.4429368502533166e-06,1.1135329999999999
HIPC,low,count_b8,trace_0016,16,agx_host_proxy,True,True,True,,,502.38576541240053,502.38303641240054,0.002728999999987991,3.7569937677456284,3.751884455025679,0.005109312719949521,17.31288522438902,17.30703209166907,0.00585313271995247,123.0,123.0,0.0,2507.0,2463.0,44.0,125.0,79.0,46.0,5.432080659665582e-06,1.0419230000000002
HIPC,low,count_b8,trace_0017,17,agx_host_proxy,True,True,True,,,658.2191016169945,658.7507710901021,-0.5316694731076268,3.1297328644099367,3.03686107010167,0.09287179430826686,20.475150115473003,20.18946871502351,0.2856814004494943,110.0,112.0,-2.0,2927.0,2932.0,-5.0,62.0,62.0,0.0,-0.0008077393557882424,1.245422
HIPC,low,count_b8,trace_0018,18,agx_host_proxy,True,True,True,,,622.6583843110978,622.6579513110978,0.00043300000004364847,3.3943553447466033,3.3931362047466043,0.0012191399999990082,15.315632138816403,15.313687418816404,0.0019447199999991227,133.0,133.0,0.0,2512.0,2515.0,-3.0,69.0,69.0,0.0,6.954053955648807e-07,1.033449
HIPC,low,count_b8,trace_0019,19,agx_host_proxy,True,True,True,,,523.1811372284246,522.7921969955727,0.3889402328519509,3.333585757537351,2.984332699132542,0.349253058404809,16.842897657490926,16.32614040686649,0.5167572506244369,94.0,94.0,0.0,2249.0,2220.0,29.0,65.0,65.0,0.0,0.0007434140972902408,1.008326
HIPC,low,count_b8,trace_0020,20,agx_host_proxy,True,True,True,,,653.212405586008,631.455352785561,21.757052800447013,3.524973091530284,3.30545566334564,0.21951742818464393,15.723147741896904,15.317861076470772,0.40528666542613223,105.0,97.0,8.0,2502.0,2468.0,34.0,63.0,67.0,-4.0,0.033307776481875585,1.043648
HIPC,low,count_b8,trace_0021,21,agx_host_proxy,True,True,True,,,539.4174077837395,539.4164467837395,0.0009609999999611318,3.5317235718491853,3.5284809691771244,0.0032426026720608903,17.19477682936774,17.190438506695678,0.004338322672062134,102.0,102.0,0.0,2390.0,2390.0,0.0,64.0,64.0,0.0,1.7815517002121133e-06,1.021289
HIPC,low,count_b8,trace_0022,22,agx_host_proxy,True,True,True,,,533.7244268455803,533.7175158455804,0.0069109999999454885,3.6793877784831333,3.672693510630005,0.0066942678531281,18.361075863060325,18.344827415207195,0.016248447853129733,126.0,126.0,0.0,2634.0,2637.0,-3.0,63.0,63.0,0.0,1.2948629765347075e-05,1.0981619999999999
HIPC,low,count_b8,trace_0023,23,agx_host_proxy,True,True,True,,,604.9208805052683,603.0593818184385,1.8614986868298047,3.4064555301717396,2.873833497053251,0.5326220331184888,19.411260346735475,17.869338159039522,1.5419221876959526,114.0,104.0,10.0,2504.0,2256.0,248.0,64.0,66.0,-2.0,0.003077259765400994,1.062447
HIPC,low,count_b8,trace_0024,24,agx_host_proxy,True,True,True,,,620.2373968552922,639.9806607961523,-19.74326394086006,3.532919516299564,2.4452864542502137,1.0876330620493504,17.058375166081653,15.810766145956189,1.2476090201254646,138.0,97.0,41.0,2398.0,2561.0,-163.0,68.0,69.0,-1.0,-0.03183178576616264,1.057387
HIPC,low,count_b8,trace_0025,25,agx_host_proxy,True,True,True,,,566.0670649711561,566.0630549711561,0.004009999999993852,3.8669258725293263,3.86463821252933,0.002287659999996361,17.040650274813082,17.037362674813085,0.0032875999999966155,83.0,83.0,0.0,2598.0,2598.0,0.0,63.0,63.0,0.0,7.083966279151359e-06,1.1757009999999999
HIPC,low,count_b8,trace_0026,26,agx_host_proxy,True,True,True,,,608.7050552661431,614.0476102976005,-5.342555031457437,3.199103954715186,3.197300974715196,0.0018029799999901286,18.38715433328196,18.408590816565965,-0.021436483284006158,124.0,124.0,0.0,2497.0,2500.0,-3.0,64.0,64.0,0.0,-0.0087769191092417,1.104371
HIPC,low,count_b8,trace_0027,27,agx_host_proxy,True,True,True,,,450.2189364911476,450.1921834911476,0.02675299999998515,5.385180947689524,5.378882307689517,0.006298640000006905,21.56794170263611,21.5596785626361,0.008263140000007496,137.0,137.0,0.0,2127.0,2127.0,0.0,58.0,58.0,0.0,5.942220069304255e-05,1.0300859999999998
HIPC,low,count_b8,trace_0028,28,agx_host_proxy,True,True,True,,,725.1410804515102,725.1406544515103,0.00042599999994763493,3.209304614953612,3.2156286749536225,-0.006324060000010512,16.443122899016878,16.448134059016887,-0.00501116000000934,122.0,122.0,0.0,2750.0,2752.0,-2.0,69.0,69.0,0.0,5.874718884804946e-07,1.162898
HIPC,low,count_b8,trace_0029,29,agx_host_proxy,True,True,True,,,606.7667564438456,606.7663014438456,0.0004549999999881038,2.547847201791315,2.433702002213005,0.11414519957831004,17.23446535832961,17.04429385673838,0.1901715015912302,112.0,112.0,0.0,2420.0,2400.0,20.0,62.0,62.0,0.0,7.498762830297093e-07,1.018381
HIPC,low,count_b8,trace_0030,30,agx_host_proxy,True,True,True,,,392.16541170003677,393.0410843720606,-0.8756726720238248,5.141904814886513,5.174097477411899,-0.032192662525385884,23.263658707878985,23.51196106553538,-0.24830235765639586,123.0,117.0,6.0,1710.0,1674.0,36.0,59.0,57.0,2.0,-0.0022329166364463008,0.781283
HIPC,low,count_b8,trace_0031,31,agx_host_proxy,True,True,True,,,491.96416834388947,474.72935062123724,17.234817722652224,3.0035473498791103,3.3828269218941154,-0.37927957201500506,17.287495451246496,17.413765070946894,-0.1262696197003983,85.0,102.0,-17.0,2127.0,2304.0,-177.0,60.0,59.0,1.0,0.03503266870160523,0.942258
HIPC,low,count_b8,trace_0032,32,agx_host_proxy,True,True,True,,,625.581533583939,625.579636583939,0.0018969999999853826,4.264635323495887,4.262409203495889,0.0022261199999977777,18.38528090539482,18.383220305394822,0.0020605999999965263,106.0,106.0,0.0,2229.0,2233.0,-4.0,65.0,65.0,0.0,3.032378512066242e-06,0.985114
HIPC,low,count_b8,trace_0033,33,agx_host_proxy,True,True,True,,,483.54742775798815,483.5390837579881,0.008344000000022334,3.057737977044522,3.0530551180816565,0.004682858962865577,16.367059404282774,16.36086140531991,0.006197998962864659,111.0,111.0,0.0,2385.0,2387.0,-2.0,61.0,61.0,0.0,1.7255804748481554e-05,1.10083
HIPC,low,count_b8,trace_0034,34,agx_host_proxy,True,True,True,,,564.0556661635984,564.0534651635984,0.0022010000000136642,5.142748721721531,5.1396818139074645,0.0030669078140661554,23.061901632036022,23.056320598361413,0.005581033674609159,121.0,121.0,0.0,2387.0,2388.0,-1.0,59.0,59.0,0.0,3.902097136943373e-06,1.018427
HIPC,low,count_b8,trace_0035,35,agx_host_proxy,True,True,True,,,668.6447727475961,668.6436837475961,0.0010889999999790234,3.6773806740184933,3.6753457340184887,0.0020349400000045925,19.617902999468942,19.61455783946894,0.0033451600000020676,122.0,122.0,0.0,2627.0,2627.0,0.0,64.0,64.0,0.0,1.6286674843865195e-06,1.185458
HIPC,low,count_b8,trace_0036,36,agx_host_proxy,True,True,True,,,567.1898743717766,567.1888843717766,0.0009900000000016007,4.27478120977858,4.273091409778575,0.0016898000000056257,17.758782653041216,17.755614613041207,0.0031680400000091424,101.0,101.0,0.0,2366.0,2366.0,0.0,62.0,62.0,0.0,1.7454472386308582e-06,1.081771
HIPC,low,count_b8,trace_0037,37,agx_host_proxy,True,True,True,,,596.6965527497237,596.687674749724,0.008877999999640451,3.3254338066402034,3.3232931866402278,0.0021406199999756126,19.2036198175529,19.200193117552928,0.0034266999999736925,112.0,112.0,0.0,2473.0,2475.0,-2.0,61.0,61.0,0.0,1.487858436374143e-05,1.059569
HIPC,low,count_b8,trace_0038,38,agx_host_proxy,True,True,True,,,468.8746070366432,468.87363203664324,0.0009749999999826287,3.8260208578597963,3.8196325778597893,0.006388280000007018,17.087430788070062,17.07980502807005,0.007625760000010473,130.0,130.0,0.0,1969.0,1970.0,-1.0,58.0,58.0,0.0,2.079447223949219e-06,0.822345
HIPC,low,count_b8,trace_0039,39,agx_host_proxy,True,True,True,,,471.3017972453352,470.48788691449425,0.8139103308409403,4.091515416818411,4.2401240353440555,-0.14860861852564433,19.20293304052786,18.81199941731568,0.39093362321218095,89.0,99.0,-10.0,1804.0,1797.0,7.0,61.0,61.0,0.0,0.0017269408595470747,0.756221
HIPC,low,count_b8,trace_0040,40,agx_host_proxy,True,True,True,,,591.6170072461184,591.6148962461184,0.0021110000000135187,2.7621689930419886,2.7623539301722424,-0.00018493713025380387,17.388697415924053,17.3887661279064,-6.871198234748022e-05,100.0,100.0,0.0,2442.0,2445.0,-3.0,66.0,66.0,0.0,3.5681868069342407e-06,1.095186
HIPC,low,count_b8,trace_0041,41,agx_host_proxy,True,True,True,,,615.1981632849278,615.1966082849277,0.0015550000000530417,4.246027418044598,4.277345250934267,-0.03131783288966883,18.48267210137283,18.547240007152155,-0.06456790577932381,99.0,99.0,0.0,2636.0,2653.0,-17.0,62.0,62.0,0.0,2.5276408364906752e-06,1.129076
HIPC,low,count_b8,trace_0042,42,agx_host_proxy,True,True,True,,,626.714703139511,626.3828132520762,0.3318898874348406,3.9164336424398685,4.449760418004357,-0.5333267755644884,17.888269125447408,18.075293606819116,-0.1870244813717079,90.0,90.0,0.0,2341.0,2384.0,-43.0,67.0,66.0,1.0,0.0005295709288010108,1.030818
HIPC,low,count_b8,trace_0043,43,agx_host_proxy,True,True,True,,,530.7749900649384,530.7745640649384,0.00042599999994763493,3.926351889772935,3.9237765897729266,0.0025753000000081627,17.786432491159932,17.78226641115992,0.004166080000011618,85.0,85.0,0.0,2097.0,2102.0,-5.0,63.0,63.0,0.0,8.025999866638694e-07,0.977287
HIPC,low,count_b8,trace_0044,44,agx_host_proxy,True,True,True,,,443.04968104071895,443.03559204071905,0.014088999999898988,5.260455850495315,5.256822090495334,0.0036337599999809456,20.061525534474054,20.056010234474073,0.005515299999981238,133.0,133.0,0.0,2271.0,2272.0,-1.0,58.0,58.0,0.0,3.1800045463985164e-05,0.914583
HIPC,low,count_b8,trace_0045,45,agx_host_proxy,True,True,True,,,495.6590809282659,495.44533531765137,0.21374561061452368,4.029490052383057,4.00304438909272,0.02644566329033715,18.635943285326547,18.54671761133192,0.08922567399462622,120.0,108.0,12.0,2008.0,1978.0,30.0,60.0,60.0,0.0,0.00043123513487178087,0.884842
HIPC,low,count_b8,trace_0046,46,agx_host_proxy,True,True,True,,,474.4324408329594,473.05363844280413,1.378802390155272,3.9686815762706233,4.269080612633259,-0.3003990363626361,19.043478585238194,19.358080110006576,-0.3146015247683813,101.0,114.0,-13.0,2188.0,2244.0,-56.0,56.0,56.0,0.0,0.002906214397427194,0.913515
HIPC,low,count_b8,trace_0047,47,agx_host_proxy,True,True,True,,,767.0653245522716,767.0628395522715,0.002485000000092441,1.5007345990334073,1.4997382590334085,0.0009963399999988187,14.660422455209712,14.658473855209715,0.0019485999999968584,88.0,88.0,0.0,2795.0,2800.0,-5.0,76.0,76.0,0.0,3.2396197827648003e-06,1.203025
HIPC,low,count_b8,trace_0048,48,agx_host_proxy,True,True,True,,,564.6623766964326,564.6610066964325,0.0013700000000653745,3.9522361549730327,3.949062234973029,0.003173920000003605,19.191333647191282,19.18678128719128,0.004552360000001698,95.0,95.0,0.0,2356.0,2361.0,-5.0,59.0,59.0,0.0,2.4262285865061245e-06,1.040446
HIPC,low,count_b8,trace_0049,49,agx_host_proxy,True,True,True,,,500.20854586815284,500.20732786815284,0.0012179999999943902,3.866768301639681,3.8646017416396834,0.002166559999997819,18.367961497254612,18.364614797254614,0.0033466999999980374,108.0,108.0,0.0,2147.0,2150.0,-3.0,61.0,61.0,0.0,2.434984388122461e-06,0.9733850000000001
HIPC,low,eager_b1,trace_0000,0,rp2040_hardware,True,True,True,,,641.384750650063,639.5411686968216,1.8435819532413689,0.2598936979865422,0.14388946354646967,0.11600423444007255,17.093242619170574,17.260099213753765,-0.1668565945831908,104.0,139.0,-35.0,2010.0,2099.0,-89.0,92.0,92.0,0.0,0.0028743775890724597,61.887476
HIPC,low,eager_b1,trace_0001,1,rp2040_hardware,True,True,True,,,584.8616445422989,584.7498924809476,0.1117520613513534,0.25778118816487333,0.18499967270854328,0.07278151545633005,17.567315227514342,16.76125838974598,0.806056837768363,100.0,146.0,-46.0,2024.0,2119.0,-95.0,92.0,92.0,0.0,0.00019107435475412027,74.301807
HIPC,low,eager_b1,trace_0002,2,rp2040_hardware,True,True,True,,,524.5356529151015,520.4593822838375,4.0762706312640375,0.19738782488213774,0.11922728980691635,0.07816053507522139,14.770747276050146,14.202096238405849,0.5686510376442975,109.0,101.0,8.0,1632.0,1581.0,51.0,92.0,92.0,0.0,0.007771198408745345,61.675149
HIPC,low,eager_b1,trace_0003,3,rp2040_hardware,True,True,True,,,569.4773134120277,561.448145810634,8.029167601393738,0.17021758643233859,0.12913277593336586,0.041084810498972724,16.196933966620445,15.684717075204391,0.5122168914160543,136.0,105.0,31.0,1871.0,1980.0,-109.0,92.0,92.0,0.0,0.01409918782064718,57.828452
HIPC,low,eager_b1,trace_0004,4,agx_host_proxy,True,True,True,,,678.2871905883361,678.2867745883361,0.0004159999999728825,0.377795602691896,0.23230882904530575,0.14548677364659024,15.448758703155237,15.438191934825936,0.010566768329301368,133.0,133.0,0.0,2581.0,2584.0,-3.0,92.0,92.0,0.0,6.133095328131589e-07,1.081669
HIPC,low,eager_b1,trace_0005,5,agx_host_proxy,True,True,True,,,595.1420942965138,577.9770682259692,17.165026070544627,0.08901743394938154,0.2231165050211694,-0.13409907107178787,12.140579268565693,11.926831871312713,0.21374739725298042,89.0,79.0,10.0,2150.0,2078.0,72.0,92.0,92.0,0.0,0.028841895465039322,0.911984
HIPC,low,eager_b1,trace_0006,6,agx_host_proxy,True,True,True,,,605.3225627995555,605.3220687995555,0.0004940000000033251,0.13533405137363472,0.13174739135391852,0.0035866600197161924,14.558888096997123,14.525909036977405,0.032979060019718176,123.0,123.0,0.0,2224.0,2230.0,-6.0,92.0,92.0,0.0,8.160938156982373e-07,1.059333
HIPC,low,eager_b1,trace_0007,7,agx_host_proxy,True,True,True,,,630.7076337009316,630.7062587009316,0.0013750000000527507,0.20228664045855788,0.3377427559899752,-0.13545611553141734,14.672543153494464,14.66700837440484,0.0055347790896238536,121.0,121.0,0.0,2237.0,2239.0,-2.0,92.0,92.0,0.0,2.1800909432225884e-06,1.019085
HIPC,low,eager_b1,trace_0008,8,agx_host_proxy,True,True,True,,,424.6438039654003,424.64166696540036,0.002136999999947875,0.2108926992655061,0.21865540599477623,-0.007762706729270125,14.783688054076478,14.824310600291989,-0.04062254621551098,92.0,92.0,0.0,1869.0,1871.0,-2.0,92.0,92.0,0.0,5.032453034736841e-06,0.8741559999999999
HIPC,low,eager_b1,trace_0009,9,agx_host_proxy,True,True,True,,,542.6098089441507,545.6381041385181,-3.028295194367388,0.07318937803644479,0.11740899798890604,-0.04421961995246125,14.823212393428301,13.238305052210066,1.5849073412182353,118.0,102.0,16.0,2061.0,1969.0,92.0,92.0,94.0,-2.0,-0.005580981295306959,0.936637
HIPC,low,eager_b1,trace_0010,10,agx_host_proxy,True,True,True,,,460.5221094924608,455.76593711779867,4.756172374662128,0.23065678993967534,0.34569307209130107,-0.11503628215162573,14.771967018235118,15.574024074194828,-0.8020570559597093,97.0,112.0,-15.0,2007.0,2056.0,-49.0,92.0,92.0,0.0,0.010327782915577892,0.928822
HIPC,low,eager_b1,trace_0011,11,agx_host_proxy,True,True,True,,,597.9937613419694,583.7788916983143,14.214869643655106,0.18305634206318136,0.11194691087040773,0.07110943119277363,14.40093118086686,14.021174919613117,0.3797562612537426,116.0,94.0,22.0,2349.0,2297.0,52.0,92.0,92.0,0.0,0.023770933014008778,1.015901
HIPC,low,eager_b1,trace_0012,12,agx_host_proxy,True,True,True,,,543.302443669857,543.7804325389113,-0.477988869054343,0.13966385678305301,0.14467655546258507,-0.005012698679532052,14.011090992461146,13.79305704145773,0.21803395100341483,133.0,131.0,2.0,2195.0,2160.0,35.0,92.0,92.0,0.0,-0.0008797841324358144,1.048318
HIPC,low,eager_b1,trace_0013,13,agx_host_proxy,True,True,True,,,598.9286309374469,598.9281869374469,0.00044400000001587614,0.2424133400347152,0.24091832003471514,0.001495020000000069,13.669060213782682,13.672124930588753,-0.0030647168060706775,92.0,92.0,0.0,2003.0,2008.0,-5.0,92.0,92.0,0.0,7.413237188559921e-07,0.857043
HIPC,low,eager_b1,trace_0014,14,agx_host_proxy,True,True,True,,,557.1022457852337,557.1017617852336,0.0004840000000285727,0.17756845646740224,0.17630429646739842,0.0012641600000038167,14.066413406576189,14.063654206576185,0.0027592000000034034,114.0,114.0,0.0,1889.0,1891.0,-2.0,92.0,92.0,0.0,8.687812761306973e-07,0.869346
HIPC,low,eager_b1,trace_0015,15,agx_host_proxy,True,True,True,,,618.9577173787864,618.9552413787864,0.002476000000001477,0.15331388092239967,0.15220226092240402,0.00111161999999565,16.914074314019068,16.911565098446875,0.0025092155721928577,128.0,128.0,0.0,2427.0,2426.0,1.0,92.0,92.0,0.0,4.000273250468623e-06,1.116873
HIPC,low,eager_b1,trace_0016,16,agx_host_proxy,True,True,True,,,491.18155529237464,491.1794542923747,0.0021009999999250795,0.2044682643265065,0.20340956432650703,0.0010586999999994684,13.115652439473436,13.123650219473442,-0.007997780000005505,100.0,100.0,0.0,2064.0,2062.0,2.0,92.0,92.0,0.0,4.277440749326315e-06,0.9172720000000001
HIPC,low,eager_b1,trace_0017,17,agx_host_proxy,True,True,True,,,655.8456795618255,655.8447075618254,0.0009720000000470463,0.20068508813439412,0.1991120481343988,0.001573039999995307,17.032321947979458,17.028762027979464,0.0035599199999936104,108.0,108.0,0.0,2473.0,2476.0,-3.0,92.0,92.0,0.0,1.4820559627631389e-06,1.175878
HIPC,low,eager_b1,trace_0018,18,agx_host_proxy,True,True,True,,,622.6760333609154,622.6755983609154,0.00043500000003859896,0.13147757608211638,0.13049443608211386,0.0009831400000025192,12.108148205854159,12.106260325854155,0.0018878800000035056,98.0,98.0,0.0,2249.0,2252.0,-3.0,92.0,92.0,0.0,6.985976281930612e-07,0.965162
HIPC,low,eager_b1,trace_0019,19,agx_host_proxy,True,True,True,,,521.9796599220984,521.9772589220984,0.002401000000077147,0.35537632366759997,0.3534705636675945,0.0019057600000054742,15.411509034340295,15.406178914340286,0.0053301200000088755,93.0,93.0,0.0,2157.0,2157.0,0.0,92.0,92.0,0.0,4.599796092505747e-06,1.005184
HIPC,low,eager_b1,trace_0020,20,agx_host_proxy,True,True,True,,,631.455801785561,631.455352785561,0.00044900000000325235,0.2123723343521549,0.2536939874249476,-0.041321653072792675,13.269734315320498,12.871372657123096,0.3983616581974019,93.0,91.0,2.0,2315.0,2116.0,199.0,92.0,92.0,0.0,7.110553085958189e-07,1.034916
HIPC,low,eager_b1,trace_0021,21,agx_host_proxy,True,True,True,,,537.6588551733022,548.857929023254,-11.199073849951787,0.11757477847936866,0.10222145863959523,0.015353319839773436,14.700955444661346,14.807996360357686,-0.10704091569633967,110.0,106.0,4.0,1927.0,1983.0,-56.0,92.0,92.0,0.0,-0.02082933023830142,0.8718279999999999
HIPC,low,eager_b1,trace_0022,22,agx_host_proxy,True,True,True,,,531.1263761243193,531.1253791243192,0.0009970000000976142,0.11724804440054795,0.11527693797526224,0.0019711064252857097,13.842705504522186,13.799956774173308,0.04274873034887783,106.0,106.0,0.0,2081.0,2085.0,-4.0,92.0,92.0,0.0,1.8771427007124368e-06,0.9228759999999999
HIPC,low,eager_b1,trace_0023,23,agx_host_proxy,True,True,True,,,598.364779773567,617.1451444146908,-18.78036464112381,0.09641027509707648,0.20504914614836806,-0.10863887105129158,14.555740796339125,14.977699460706699,-0.42195866436757434,106.0,94.0,12.0,2198.0,2082.0,116.0,92.0,92.0,0.0,-0.03138614650452968,0.953381
HIPC,low,eager_b1,trace_0024,24,agx_host_proxy,True,True,True,,,620.9584808456256,620.9574458456256,0.0010350000000016735,0.11119819808357204,0.11758478970130852,-0.006386591617736484,13.32098717496925,13.412889402192842,-0.09190222722359209,112.0,112.0,0.0,2173.0,2238.0,-65.0,92.0,92.0,0.0,1.6667781050227436e-06,0.954874
HIPC,low,eager_b1,trace_0025,25,agx_host_proxy,True,True,True,,,561.4569963572135,561.4551593572135,0.0018370000000231812,0.30298249743664035,0.30198851743664007,0.000993980000000283,13.582464564255824,13.580341724255822,0.0021228400000019576,87.0,87.0,0.0,2306.0,2309.0,-3.0,92.0,92.0,0.0,3.271844525835126e-06,1.1278169999999998
HIPC,low,eager_b1,trace_0026,26,agx_host_proxy,True,True,True,,,617.8507438442634,617.8493128442634,0.0014310000000250511,0.18935156381026175,0.1881135438102623,0.0012380199999994512,16.03893456388635,16.036141703886347,0.0027928600000031167,132.0,132.0,0.0,2540.0,2541.0,-1.0,92.0,92.0,0.0,2.3160933514806152e-06,1.2053889999999998
HIPC,low,eager_b1,trace_0027,27,agx_host_proxy,True,True,True,,,435.38498382797894,435.379495827979,0.005487999999957083,0.4348449513778968,0.4335507113778993,0.001294239999997504,15.705577876925148,15.661324320797924,0.0442535561272237,103.0,103.0,0.0,1786.0,1780.0,6.0,94.0,94.0,0.0,1.2604936329465596e-05,0.838479
HIPC,low,eager_b1,trace_0028,28,agx_host_proxy,True,True,True,,,722.1258378378697,721.8624239444074,0.26341389346225696,0.15777368897973706,0.14072578530366014,0.01704790367607692,16.077808141850234,16.75811519914251,-0.6803070572922749,146.0,171.0,-25.0,3947.0,2720.0,1227.0,1430.0,122.0,1308.0,0.00036477561064834544,1.8374730000000001
HIPC,low,eager_b1,trace_0029,29,agx_host_proxy,True,True,True,,,614.2992083658113,614.2986863658112,0.0005220000000463187,0.08922740814305069,0.08782166814304651,0.0014057400000041798,16.077576002111172,16.07488380211117,0.002692200000002032,93.0,93.0,0.0,2332.0,2338.0,-6.0,92.0,92.0,0.0,8.497487754134806e-07,1.085789
HIPC,low,eager_b1,trace_0030,30,agx_host_proxy,True,True,True,,,390.91972074090694,389.1800393168552,1.7396814240517529,0.12132089724429622,0.23601840019040574,-0.11469750294610952,18.158928024321476,18.221318122304123,-0.06239009798264661,117.0,111.0,6.0,1563.0,1579.0,-16.0,92.0,92.0,0.0,0.004450226815762962,0.719965
HIPC,low,eager_b1,trace_0031,31,agx_host_proxy,True,True,True,,,491.6633229153902,491.6628699153902,0.0004529999999931533,0.31646807555243506,0.3140087955524364,0.002459279999998676,15.143393343096784,15.139372843096787,0.00402049999999754,108.0,108.0,0.0,1819.0,1819.0,0.0,92.0,92.0,0.0,9.213621982356199e-07,0.899361
HIPC,low,eager_b1,trace_0032,32,agx_host_proxy,True,True,True,,,629.2513466877672,629.2420866877671,0.009260000000040236,0.17292673249727616,0.1714702924972724,0.001456440000003778,15.791892284682987,15.792334724682986,-0.00044243999999871164,106.0,106.0,0.0,2181.0,2181.0,0.0,92.0,92.0,0.0,1.471590017054826e-05,0.99956
HIPC,low,eager_b1,trace_0033,33,agx_host_proxy,True,True,True,,,482.81170230411334,482.81014230411336,0.0015599999999835745,0.1556495295064595,0.15462738950646068,0.0010221399999988112,13.908847318007185,13.906071678007187,0.0027756399999976367,106.0,106.0,0.0,2155.0,2157.0,-2.0,92.0,92.0,0.0,3.2310732994639844e-06,0.961872
HIPC,low,eager_b1,trace_0034,34,agx_host_proxy,True,True,True,,,542.4234341069439,538.3569658683535,4.066468238590346,0.20982209371920765,0.22086906465881626,-0.011046970939608602,17.240434161434926,16.319555425310224,0.9208787361247026,108.0,104.0,4.0,1988.0,1823.0,165.0,92.0,92.0,0.0,0.007496852058549896,0.93393
HIPC,low,eager_b1,trace_0035,35,agx_host_proxy,True,True,True,,,649.3859556135569,649.3855106135569,0.0004450000000133514,0.31135015050984693,0.31026587050984283,0.0010842800000041009,16.36699124866571,16.364237948665707,0.002753300000001957,95.0,95.0,0.0,2466.0,2467.0,-1.0,92.0,92.0,0.0,6.85262741158151e-07,1.147614
HIPC,low,eager_b1,trace_0036,36,agx_host_proxy,True,True,True,,,566.9723832910388,566.9714142910389,0.0009689999999409338,0.2618018338438481,0.26083627384385083,0.0009655599999972564,12.79888881062964,12.796444830629643,0.0024439799999971257,91.0,91.0,0.0,2129.0,2132.0,-3.0,92.0,92.0,0.0,1.7090779524679702e-06,0.95121
HIPC,low,eager_b1,trace_0037,37,agx_host_proxy,True,True,True,,,596.4559949273794,596.4511559273793,0.004839000000060878,0.2530812751514885,0.25191403515148353,0.0011672400000049543,15.864925145048062,15.862196945048057,0.0027282000000052875,111.0,111.0,0.0,2034.0,2035.0,-1.0,92.0,92.0,0.0,8.11292038509906e-06,0.984635
HIPC,low,eager_b1,trace_0038,38,agx_host_proxy,True,True,True,,,479.0619025758595,479.0609445758595,0.0009580000000255495,0.19127172860071703,0.1898794886007182,0.0013922399999988233,13.303367171034077,13.300940931034079,0.0024262399999983586,92.0,92.0,0.0,1856.0,1858.0,-2.0,92.0,92.0,0.0,1.9997415675813422e-06,0.868754
HIPC,low,eager_b1,trace_0039,39,agx_host_proxy,True,True,True,,,471.92823067818387,471.92314667818385,0.005084000000010747,0.40799855372340477,0.4062774782529947,0.0017210754704100606,14.618673993688885,14.616743722748069,0.0019302709408162144,100.0,100.0,0.0,1766.0,1767.0,-1.0,94.0,94.0,0.0,1.0772824487962483e-05,0.817289
HIPC,low,eager_b1,trace_0040,40,agx_host_proxy,True,True,True,,,591.6319778032134,591.6262578032133,0.0057200000001103035,0.19043466412441426,0.1892385041244108,0.0011961600000034711,16.110212355587457,16.10738015558745,0.00283220000000739,98.0,98.0,0.0,2034.0,2036.0,-2.0,92.0,92.0,0.0,9.668172469901331e-06,0.963614
HIPC,low,eager_b1,trace_0041,41,agx_host_proxy,True,True,True,,,643.719400952475,643.718370952475,0.0010300000000142973,0.09605899128372189,0.09496695128371914,0.0010920400000027503,16.753498182409892,16.744629022409892,0.00886915999999971,117.0,117.0,0.0,2559.0,2559.0,0.0,92.0,92.0,0.0,1.6000760556389396e-06,1.104335
HIPC,low,eager_b1,trace_0042,42,agx_host_proxy,True,True,True,,,642.4897383796274,643.13582094724,-0.6460825676125523,0.21582167342761835,0.2389138667468974,-0.02309219331927906,16.78664890593421,15.028374333305395,1.7582745726288156,128.0,110.0,18.0,2350.0,2261.0,89.0,94.0,93.0,1.0,-0.0010055920414261963,1.086041
HIPC,low,eager_b1,trace_0043,43,agx_host_proxy,True,True,True,,,530.6201227856003,530.6195887856003,0.0005340000000160217,0.1263005662512111,0.12464662625121307,0.0016539399999980359,14.63932031741176,14.637495277411766,0.0018250399999946154,124.0,124.0,0.0,1912.0,1913.0,-1.0,92.0,92.0,0.0,1.0063696740573614e-06,0.9100849999999999
HIPC,low,eager_b1,trace_0044,44,agx_host_proxy,True,True,True,,,436.91276786557256,436.9122898655725,0.00047800000004372123,0.04640187339961376,0.04540255339961902,0.0009993199999947452,14.307784114481516,14.30488867448152,0.0028954399999960856,141.0,141.0,0.0,1829.0,1829.0,0.0,92.0,92.0,0.0,1.0940398981217006e-06,0.761475
HIPC,low,eager_b1,trace_0045,45,agx_host_proxy,True,True,True,,,491.367101416023,491.366669416023,0.0004319999999893298,0.17898489004069887,0.1775122700406961,0.0014726200000027556,14.882065241187881,14.878583721187882,0.0034815199999993496,110.0,110.0,0.0,1892.0,1894.0,-2.0,92.0,92.0,0.0,8.791797390268723e-07,0.879579
HIPC,low,eager_b1,trace_0046,46,agx_host_proxy,True,True,True,,,461.1692871176256,461.1532421176255,0.01604500000007647,0.2390675816255732,0.23743754162557223,0.0016300400000009707,16.350373188609822,16.34554398860981,0.004829200000013856,111.0,111.0,0.0,2038.0,2039.0,-1.0,92.0,92.0,0.0,3.479199601595334e-05,0.9727870000000001
HIPC,low,eager_b1,trace_0047,47,agx_host_proxy,True,True,True,,,769.0330815091806,769.0320145091806,0.001067000000034568,0.06618362146000104,0.06548808146000455,0.0006955399999964834,14.74851246969625,14.746308409696253,0.0022040599999968435,106.0,106.0,0.0,2742.0,2743.0,-1.0,92.0,92.0,0.0,1.3874565681110173e-06,1.217917
HIPC,low,eager_b1,trace_0048,48,agx_host_proxy,True,True,True,,,564.5131531738641,564.5126851738642,0.00046799999995528196,0.23428896801320978,0.23277328801321043,0.001515679999999353,14.284166665773618,14.281010305773618,0.0031563600000001912,95.0,95.0,0.0,2047.0,2047.0,0.0,92.0,92.0,0.0,8.290329416135728e-07,0.9007310000000001
HIPC,low,eager_b1,trace_0049,49,agx_host_proxy,True,True,True,,,498.6728388255859,498.67238082558595,0.00045799999998052954,0.26356828078148803,0.2625792007814913,0.0009890799999967559,14.603742382512483,14.601003762512487,0.002738619999995251,109.0,109.0,0.0,2050.0,2050.0,0.0,92.0,92.0,0.0,9.184378300192885e-07,0.9042079999999999
HIPC,medium,bounded_b4_w5,trace_0000,0,rp2040_hardware,True,True,True,,,187.20020346044572,174.40554540143685,12.794658059008867,2.474341163416856,2.441036644762338,0.03330451865451778,27.858537073830114,23.33035049064939,4.528186583180723,97.0,88.0,9.0,510.0,483.0,27.0,56.0,55.0,1.0,0.06834745808228944,57.577475
HIPC,medium,bounded_b4_w5,trace_0001,1,agx_host_proxy,True,True,True,,,193.8606384197112,175.45446982370862,18.406168596002573,2.0771248945259795,2.313894303832239,-0.23676940930625934,26.0686870795903,24.580673958285722,1.4880131213045793,93.0,88.0,5.0,805.0,544.0,261.0,292.0,71.0,221.0,0.09494536253487901,0.683119
HIPC,medium,bounded_b4_w5,trace_0002,2,agx_host_proxy,True,True,True,,,181.16769141699532,162.04075910712686,19.126932309868465,2.132491290638012,1.9468841403678478,0.18560715027016395,20.93487823012675,19.027911040889553,1.9069671892371964,85.0,85.0,0.0,593.0,531.0,62.0,59.0,57.0,2.0,0.10557584611399519,0.438734
HIPC,medium,bounded_b4_w5,trace_0003,3,agx_host_proxy,True,True,True,,,175.77765115787116,164.16063297318217,11.617018184688988,2.0291226324536558,1.9559236885262847,0.07319894392737103,25.270801808801185,26.30103056156192,-1.0302287527607348,93.0,82.0,11.0,581.0,426.0,155.0,55.0,56.0,-1.0,0.06608927874599596,0.675878
HIPC,medium,bounded_b4_w5,trace_0004,4,agx_host_proxy,True,True,True,,,187.11997939811314,192.2496703870093,-5.129690988896158,2.3615486671316153,2.3690111790886683,-0.007462511957053053,22.809928639121566,20.477569860665927,2.3323587784556388,84.0,87.0,-3.0,633.0,724.0,-91.0,62.0,55.0,7.0,-0.027413913818269072,0.559527
HIPC,medium,bounded_b4_w5,trace_0005,5,agx_host_proxy,True,True,True,,,174.13098131149536,173.6301635977709,0.5008177137244729,1.668859961062445,2.112797827105406,-0.4439378660429609,19.93610086131435,24.734476797402994,-4.798375936088643,95.0,97.0,-2.0,599.0,527.0,72.0,55.0,56.0,-1.0,0.002876097693543585,0.543772
HIPC,medium,bounded_b4_w5,trace_0006,6,agx_host_proxy,True,True,True,,,177.7405830254559,187.08951123757933,-9.34892821212344,2.3396077141284235,2.2767054057531935,0.06290230837523003,27.705388683713824,25.34829997893631,2.3570887047775138,85.0,86.0,-1.0,489.0,651.0,-162.0,57.0,57.0,0.0,-0.052598725923974785,0.426769
HIPC,medium,bounded_b4_w5,trace_0007,7,agx_host_proxy,True,True,True,,,212.41170667353694,189.4017085395544,23.00999813398255,2.1710201078964415,2.245296011243218,-0.07427590334677658,26.397498616763023,23.519179570719928,2.878319046043096,101.0,91.0,10.0,624.0,588.0,36.0,55.0,56.0,-1.0,0.10832735395957921,0.586244
HIPC,medium,bounded_b4_w5,trace_0008,8,agx_host_proxy,True,True,True,,,139.38786069186938,159.91553452368288,-20.5276738318135,1.5825358579835238,2.0243475084176397,-0.44181165043411585,23.70913879555403,27.416184979955876,-3.7070461844018467,68.0,89.0,-21.0,378.0,397.0,-19.0,54.0,55.0,-1.0,-0.1472701692236453,0.555997
HIPC,medium,bounded_b4_w5,trace_0009,9,agx_host_proxy,True,True,True,,,172.0745694456644,172.5027185752607,-0.42814912959630647,1.7913008934253256,1.8500340854821022,-0.05873319205677663,21.396553177110924,22.79256694498487,-1.3960137678739457,93.0,93.0,0.0,534.0,536.0,-2.0,53.0,52.0,1.0,-0.002488160400317039,0.418696
HIPC,medium,bounded_b4_w5,trace_0010,10,agx_host_proxy,True,True,True,,,153.7844790058301,146.09131597660854,7.693163029221552,1.6415285431577544,1.9649063326405347,-0.3233777894827803,20.908287840419877,22.619189473079086,-1.7109016326592084,86.0,80.0,6.0,515.0,408.0,107.0,54.0,55.0,-1.0,0.05002561428146398,0.549745
HIPC,medium,bounded_b4_w5,trace_0011,11,agx_host_proxy,True,True,True,,,171.72664115267165,175.6403488301762,-3.9137076775045614,2.1031218271767624,2.011710170439568,0.09141165673719431,19.678263187273327,22.540899632689655,-2.862636445416328,70.0,84.0,-14.0,627.0,541.0,86.0,57.0,56.0,1.0,-0.02279033498375551,0.508011
HIPC,medium,bounded_b4_w5,trace_0012,12,agx_host_proxy,True,True,True,,,164.85245801703414,165.76521157164348,-0.9127535546093384,1.8187221569221341,1.8845596506278812,-0.0658374937057471,19.75217203433481,20.078191304371273,-0.3260192700364648,79.0,83.0,-4.0,531.0,532.0,-1.0,58.0,58.0,0.0,-0.005536790689011285,0.519628
HIPC,medium,bounded_b4_w5,trace_0013,13,agx_host_proxy,True,True,True,,,172.91691072549497,209.65026827802427,-36.7333575525293,1.943641718200459,1.9853252595862747,-0.04168354138581565,21.555055154538973,23.813802504328233,-2.2587473497892603,67.0,94.0,-27.0,651.0,807.0,-156.0,59.0,59.0,0.0,-0.212433575168616,0.5657650000000001
HIPC,medium,bounded_b4_w5,trace_0014,14,agx_host_proxy,True,True,True,,,171.6455682339989,213.2003663135659,-41.55479807956701,1.6581634264937934,1.946141883734834,-0.28797845724104065,18.279223971704198,16.739442894855607,1.5397810768485911,82.0,94.0,-12.0,605.0,904.0,-299.0,58.0,58.0,0.0,-0.2420965394394377,0.487642
HIPC,medium,bounded_b4_w5,trace_0015,15,agx_host_proxy,True,True,True,,,192.2009283634248,192.1777953634248,0.023133000000001402,2.374199407794809,2.360635667794809,0.013563739999999935,23.63439268899894,23.615280108998938,0.0191125800000016,91.0,91.0,0.0,615.0,616.0,-1.0,54.0,54.0,0.0,0.00012035841968598699,0.507891
HIPC,medium,bounded_b4_w5,trace_0016,16,agx_host_proxy,True,True,True,,,155.569627018142,154.75550030460246,0.8141267135395367,1.9990754168626474,2.155809390207597,-0.15673397334494954,19.879450090162337,21.05546802533236,-1.176017935170023,70.0,67.0,3.0,537.0,504.0,33.0,56.0,57.0,-1.0,0.005233198337903041,0.460625
HIPC,medium,bounded_b4_w5,trace_0017,17,agx_host_proxy,True,True,True,,,188.0194568006111,197.9296549307043,-9.910198130093193,2.4307132384373387,2.478210059800617,-0.047496821363278485,22.830257393386123,24.48745822342133,-1.6572008300352081,102.0,89.0,13.0,556.0,620.0,-64.0,57.0,59.0,-2.0,-0.05270836486142312,0.526787
HIPC,medium,bounded_b4_w5,trace_0018,18,agx_host_proxy,True,True,True,,,181.2353369203284,181.23218292032837,0.003154000000023416,1.9617422900533081,1.9479849835473675,0.013757306505940647,18.579236320467448,18.562762040005644,0.01647428046180366,93.0,93.0,0.0,687.0,687.0,0.0,56.0,56.0,0.0,1.7402787191605595e-05,0.464194
HIPC,medium,bounded_b4_w5,trace_0019,19,agx_host_proxy,True,True,True,,,153.93043452358341,170.6430693582985,-16.71263483471509,2.111630835256042,2.1182191481101054,-0.006588312854063361,20.928529443957974,21.461859125387978,-0.5333296814300041,80.0,90.0,-10.0,493.0,555.0,-62.0,55.0,58.0,-3.0,-0.10857264767971908,0.413185
HIPC,medium,bounded_b4_w5,trace_0020,20,agx_host_proxy,True,True,True,,,168.1991268483754,168.76603764238325,-0.5669107940078391,2.182122230052962,1.8227835513569421,0.35933867869602,17.52747758657868,19.77273312060649,-2.245255534027809,68.0,77.0,-9.0,584.0,583.0,1.0,58.0,53.0,5.0,-0.0033704740603016673,0.40512200000000004
HIPC,medium,bounded_b4_w5,trace_0021,21,agx_host_proxy,True,True,True,,,166.28450353457131,161.35499855956576,4.929504975005557,2.1238306618662226,2.078514552385318,0.045316109480904476,24.372392729425076,24.475572796250496,-0.10318006682541991,87.0,87.0,0.0,471.0,408.0,63.0,55.0,55.0,0.0,0.029645005218304602,0.48952100000000004
HIPC,medium,bounded_b4_w5,trace_0022,22,agx_host_proxy,True,True,True,,,170.91150777268433,162.0533603432166,8.85814742946772,2.0451400391422685,2.0812989574493415,-0.03615891830707296,19.973776728578233,20.210032579356387,-0.2362558507781536,76.0,79.0,-3.0,592.0,533.0,59.0,60.0,59.0,1.0,0.05182885310010389,0.468868
HIPC,medium,bounded_b4_w5,trace_0023,23,agx_host_proxy,True,True,True,,,189.9087066259205,180.88821753608445,9.020489089836047,1.8338590662634624,1.8865776273126824,-0.052718561049220014,24.58048180913783,21.997342502831998,2.5831393063058314,93.0,83.0,10.0,623.0,594.0,29.0,61.0,57.0,4.0,0.047499081269635944,0.498985
HIPC,medium,bounded_b4_w5,trace_0024,24,agx_host_proxy,True,True,True,,,175.62082055064258,175.6001975506426,0.02062299999997208,2.0941853599127054,2.076555298800983,0.017630061111722384,24.087762641903467,24.034224913543646,0.053537728359820846,86.0,86.0,0.0,503.0,506.0,-3.0,56.0,56.0,0.0,0.00011742912904808553,0.468416
HIPC,medium,bounded_b4_w5,trace_0025,25,agx_host_proxy,True,True,True,,,200.99778618537093,181.75515385063787,19.24263233473306,1.836406274550426,1.8261108145504246,0.010295460000001366,24.730275418982842,23.08323752377751,1.647037895205333,99.0,88.0,11.0,693.0,596.0,97.0,54.0,54.0,0.0,0.09573554365910515,0.49932600000000005
HIPC,medium,bounded_b4_w5,trace_0026,26,agx_host_proxy,True,True,True,,,163.97638234212374,171.91389232483152,-7.93750998270778,1.909934756803957,1.8663006977037255,0.04363405910023155,20.18541393533781,19.803516281196362,0.38189765414144716,72.0,81.0,-9.0,542.0,576.0,-34.0,57.0,56.0,1.0,-0.04840642212819889,0.45531699999999997
HIPC,medium,bounded_b4_w5,trace_0027,27,agx_host_proxy,True,True,True,,,140.91248162040003,161.53479619604707,-20.62231457564704,1.884830951181622,2.1325989281048376,-0.24776797692321573,21.435088164057426,22.51366801191368,-1.078579847856254,74.0,88.0,-14.0,449.0,561.0,-112.0,53.0,54.0,-1.0,-0.14634838829395455,0.455998
HIPC,medium,bounded_b4_w5,trace_0028,28,agx_host_proxy,True,True,True,,,210.57631164587372,218.27548251156378,-7.699170865690064,2.539676372871778,2.696099808493019,-0.15642343562124106,20.818298545075987,20.598130130179943,0.22016841489604388,88.0,94.0,-6.0,798.0,856.0,-58.0,58.0,59.0,-1.0,-0.0365623787666951,0.490286
HIPC,medium,bounded_b4_w5,trace_0029,29,agx_host_proxy,True,True,True,,,158.05416158809152,190.90387162572603,-32.84971003763451,2.1081365097017484,2.0827196023760277,0.02541690732572066,23.77882699671166,26.219012908062474,-2.440185911350813,79.0,96.0,-17.0,452.0,671.0,-219.0,58.0,56.0,2.0,-0.20783831129511712,0.462725
HIPC,medium,bounded_b4_w5,trace_0030,30,agx_host_proxy,True,True,True,,,142.82810504091546,122.88011273594738,19.947992304968082,1.9216117427533177,1.9207806688175302,0.0008310739357875185,21.92733866491728,21.688920074991714,0.23841858992556553,79.0,67.0,12.0,436.0,270.0,166.0,57.0,58.0,-1.0,0.1396643349658224,0.454776
HIPC,medium,bounded_b4_w5,trace_0031,31,agx_host_proxy,True,True,True,,,151.978221784492,154.7128915181459,-2.7346697336539023,2.2503808125626414,2.163931096455842,0.08644971610679963,28.36095475549521,27.100110012393376,1.2608447431018348,78.0,78.0,0.0,418.0,468.0,-50.0,55.0,55.0,0.0,-0.017993826362383128,0.623879
HIPC,medium,bounded_b4_w5,trace_0032,32,agx_host_proxy,True,True,True,,,189.32318629975302,186.53202807544088,2.7911582243121416,2.2251596939829055,1.8431049850146601,0.38205470896824534,25.53523967118935,23.603025785785427,1.9322138854039217,104.0,98.0,6.0,619.0,627.0,-8.0,55.0,54.0,1.0,0.014742822994183797,0.502563
HIPC,medium,bounded_b4_w5,trace_0033,33,agx_host_proxy,True,True,True,,,143.69990660628008,138.6619004013145,5.038006204965569,2.012159537441985,2.0610663439425445,-0.04890680650055934,20.05687050517913,20.60749898041687,-0.5506284752377404,64.0,72.0,-8.0,451.0,409.0,42.0,58.0,56.0,2.0,0.0350592169747826,0.522412
HIPC,medium,bounded_b4_w5,trace_0034,34,agx_host_proxy,True,True,True,,,210.18953115952283,158.24311905004282,51.94641210948001,1.9901988153247354,1.869465854387589,0.12073296093714636,25.913650240052473,23.25862192905288,2.655028310999594,108.0,80.0,28.0,749.0,473.0,276.0,60.0,58.0,2.0,0.2471408153532414,0.530632
HIPC,medium,bounded_b4_w5,trace_0035,35,agx_host_proxy,True,True,True,,,208.62920222443717,190.57354910431025,18.05565312012692,2.1647901148603257,2.205804085988656,-0.04101397112833016,22.098064802299756,20.600730737381536,1.4973340649182205,91.0,88.0,3.0,765.0,686.0,79.0,57.0,55.0,2.0,0.08654422740256265,0.5211020000000001
HIPC,medium,bounded_b4_w5,trace_0036,36,agx_host_proxy,True,True,True,,,193.94105281171133,185.40066553013924,8.540387281572094,1.8309320832783325,2.04670563704841,-0.21577355377007734,20.693198271459966,21.4373157330974,-0.7441174616374333,95.0,79.0,16.0,645.0,643.0,2.0,55.0,55.0,0.0,0.04403599525606151,0.468476
HIPC,medium,bounded_b4_w5,trace_0037,37,agx_host_proxy,True,True,True,,,197.6740168315921,180.38475503972728,17.289261791864817,2.2410114292325933,2.2529284331816677,-0.011917003949074356,20.039173169219023,20.23189480942251,-0.19272164020348725,95.0,90.0,5.0,776.0,643.0,133.0,58.0,59.0,-1.0,0.08746350212832657,0.520888
HIPC,medium,bounded_b4_w5,trace_0038,38,agx_host_proxy,True,True,True,,,126.56962990979723,136.73009455107794,-10.160464641280711,1.8595843784466464,1.5971503073539932,0.26243407109265315,20.039818400610322,20.64083544088144,-0.6010170402711168,68.0,69.0,-1.0,374.0,411.0,-37.0,54.0,55.0,-1.0,-0.08027569211130507,0.422481
HIPC,medium,bounded_b4_w5,trace_0039,39,agx_host_proxy,True,True,True,,,159.76532666844918,164.5371134862138,-4.771786817764621,1.8845324374574066,2.1146440859801907,-0.2301116485227841,22.560911506026592,22.75929236493617,-0.19838085890957657,85.0,87.0,-2.0,523.0,604.0,-81.0,57.0,56.0,1.0,-0.029867474484418052,0.494753
HIPC,medium,bounded_b4_w5,trace_0040,40,agx_host_proxy,True,True,True,,,185.91698279236846,182.12568456568823,3.791298226680226,2.342011199554624,2.294940234310087,0.04707096524453691,22.374801153106503,20.86348355197935,1.5113176011271534,92.0,87.0,5.0,510.0,567.0,-57.0,59.0,57.0,2.0,0.02039242553174573,0.406421
HIPC,medium,bounded_b4_w5,trace_0041,41,agx_host_proxy,True,True,True,,,181.06890257350497,174.29073907638698,6.778163497117987,2.0132750030830633,1.954254758070986,0.059020245012077366,21.49867079198675,18.785573397889326,2.7130973940974243,87.0,74.0,13.0,609.0,708.0,-99.0,63.0,62.0,1.0,0.037434166777292915,0.5119360000000001
HIPC,medium,bounded_b4_w5,trace_0042,42,agx_host_proxy,True,True,True,,,187.53337358806138,195.66956591226588,-8.136192324204501,2.236883554531262,2.581923451104654,-0.34503989657339185,23.33036702475189,23.532361302929544,-0.20199427817765425,93.0,86.0,7.0,621.0,697.0,-76.0,57.0,60.0,-3.0,-0.04338530347177875,0.61334
HIPC,medium,bounded_b4_w5,trace_0043,43,agx_host_proxy,True,True,True,,,170.7418090893138,156.49254678148668,14.24926230782711,2.1432809630708953,2.1311750332731547,0.012105929797740611,25.74011172784826,26.445956284802627,-0.7058445569543679,85.0,83.0,2.0,477.0,375.0,102.0,56.0,58.0,-2.0,0.08345502711859767,0.424094
HIPC,medium,bounded_b4_w5,trace_0044,44,agx_host_proxy,True,True,True,,,134.93023207980463,134.23150640282842,0.6987256769762098,1.940967248418018,2.013541683506272,-0.07257443508825401,20.717083711604065,20.6176813110197,0.09940240058436345,71.0,71.0,0.0,375.0,372.0,3.0,55.0,55.0,0.0,0.005178421960787467,0.44693499999999997
HIPC,medium,bounded_b4_w5,trace_0045,45,agx_host_proxy,True,True,True,,,160.5712023232064,147.89211324849455,12.67908907471184,2.2296761299039436,1.9636718057481037,0.26600432415583986,29.5757919546995,27.091088288060956,2.484703666638545,88.0,82.0,6.0,424.0,378.0,46.0,57.0,55.0,2.0,0.07896240976754153,0.411284
HIPC,medium,bounded_b4_w5,trace_0046,46,agx_host_proxy,True,True,True,,,152.96416904516326,152.6916393147687,0.2725297303945524,1.9048518141564053,1.928735834118323,-0.02388401996191769,22.325854476132,22.235033782196716,0.09082069393528514,84.0,84.0,0.0,491.0,491.0,0.0,53.0,53.0,0.0,0.0017816573129233093,0.596728
HIPC,medium,bounded_b4_w5,trace_0047,47,agx_host_proxy,True,True,True,,,206.86604992042837,206.86429992042835,0.0017500000000154614,2.3369145826315845,2.331281783391986,0.005632799239598363,19.568002033170263,19.558084941104262,0.009917092066000777,86.0,86.0,0.0,847.0,848.0,-1.0,59.0,58.0,1.0,8.45958049031537e-06,0.567666
HIPC,medium,bounded_b4_w5,trace_0048,48,agx_host_proxy,True,True,True,,,161.56036293284225,175.4262059232195,-13.865842990377246,2.1057773888880518,2.109140587461366,-0.003363198573314019,21.80135270177587,22.798120134881,-0.9967674331051306,81.0,86.0,-5.0,435.0,500.0,-65.0,59.0,59.0,0.0,-0.08582453479719544,0.347881
HIPC,medium,bounded_b4_w5,trace_0049,49,agx_host_proxy,True,True,True,,,140.67981793364416,172.37527918658193,-31.695461252937775,1.8399431882323727,2.018332260260558,-0.17838907202818532,21.12303642995797,22.323336033673776,-1.2002996037158056,72.0,74.0,-2.0,374.0,581.0,-207.0,58.0,57.0,1.0,-0.22530212022230428,0.390108
HIPC,medium,count_b2,trace_0000,0,agx_host_proxy,True,True,True,,,186.93814459359416,180.61481548827837,6.323329105315793,1.5210947720283978,1.4159937154395401,0.10510105658885771,23.71078051028862,22.705497229093226,1.0052832811953962,94.0,92.0,2.0,641.0,608.0,33.0,64.0,64.0,0.0,0.033825782956511036,0.5159539999999999
HIPC,medium,count_b2,trace_0001,1,agx_host_proxy,True,True,True,,,184.82005199524804,177.35475573484712,7.465296260400919,1.3137897512340453,1.651151705281874,-0.33736195404782876,23.24665949142794,24.84519942072667,-1.5985399292987275,89.0,90.0,-1.0,553.0,473.0,80.0,66.0,66.0,0.0,0.04039224196621729,0.449801
HIPC,medium,count_b2,trace_0002,2,agx_host_proxy,True,True,True,,,153.26030686433052,154.45171356497949,-1.1914067006489688,1.2648396201046845,0.9744956473884216,0.2903439727162629,19.69398934925012,22.374987182704263,-2.6809978334541427,82.0,76.0,6.0,445.0,449.0,-4.0,68.0,67.0,1.0,-0.007773746020903044,0.402306
HIPC,medium,count_b2,trace_0003,3,agx_host_proxy,True,True,True,,,157.23315412964996,155.31836458829008,1.9147895413598803,1.3823781322400575,1.1520004519322564,0.23037768030780104,20.807038988488966,22.092045032134006,-1.2850060436450406,77.0,76.0,1.0,527.0,477.0,50.0,63.0,63.0,0.0,0.012178026650670632,0.591711
HIPC,medium,count_b2,trace_0004,4,agx_host_proxy,True,True,True,,,190.10788320833188,199.40096403949843,-9.293080831166549,1.3457592226853308,1.4421842934019033,-0.09642507071657258,22.673874929789044,24.354949120476128,-1.6810741906870845,91.0,92.0,-1.0,595.0,653.0,-58.0,64.0,65.0,-1.0,-0.04888319555366687,0.49648
HIPC,medium,count_b2,trace_0005,5,agx_host_proxy,True,True,True,,,166.6473978889841,172.770102999043,-6.122705110058888,1.2401269877529972,1.569854827159542,-0.3297278394065448,19.987823722736145,21.186454514247174,-1.1986307915110288,87.0,87.0,0.0,541.0,564.0,-23.0,64.0,67.0,-3.0,-0.036740478325006105,0.5090709999999999
HIPC,medium,count_b2,trace_0006,6,agx_host_proxy,True,True,True,,,169.96849217525337,167.78150699964286,2.1869851756105163,1.1629587511110482,1.2555443236063255,-0.09258557249527732,20.69766118401851,19.737540696247653,0.9601204877708582,85.0,81.0,4.0,531.0,516.0,15.0,65.0,65.0,0.0,0.01286700345235475,0.422454
HIPC,medium,count_b2,trace_0007,7,agx_host_proxy,True,True,True,,,173.5801379926999,173.88348484651175,-0.3033468538118598,1.2650161699775793,1.385472400083129,-0.12045623010554984,20.22252788549932,21.874175947035194,-1.651648061535873,82.0,88.0,-6.0,485.0,581.0,-96.0,63.0,62.0,1.0,-0.001747589656972259,0.419509
HIPC,medium,count_b2,trace_0008,8,agx_host_proxy,True,True,True,,,141.48457796754371,138.5756876183252,2.908890349218524,1.2765598968781016,1.4629718474268452,-0.1864119505487436,21.380521036751507,25.39341362200268,-4.012892585251173,71.0,75.0,-4.0,389.0,320.0,69.0,64.0,63.0,1.0,0.02055976977141507,0.547687
HIPC,medium,count_b2,trace_0009,9,agx_host_proxy,True,True,True,,,162.26070024883546,189.95413001548184,-27.693429766646375,1.0451029440245088,1.1971498107728615,-0.15204686674835277,20.961415395276607,21.954152623522482,-0.9927372282458755,84.0,82.0,2.0,515.0,677.0,-162.0,62.0,64.0,-2.0,-0.17067244085707148,0.476916
HIPC,medium,count_b2,trace_0010,10,agx_host_proxy,True,True,True,,,135.64783953041956,169.48690033418586,-33.8390608037663,1.392640549331149,1.457628454175738,-0.06498790484458916,20.2270141244449,21.54489611337463,-1.3178819889297309,70.0,90.0,-20.0,373.0,558.0,-185.0,65.0,68.0,-3.0,-0.24946258577290323,0.42056
HIPC,medium,count_b2,trace_0011,11,agx_host_proxy,True,True,True,,,172.44087663357553,183.4525562515282,-11.011679617952666,1.0359633921965479,1.3096922417718617,-0.27372884957531385,19.07961111461858,22.37647448915092,-3.2968633745323395,81.0,87.0,-6.0,598.0,618.0,-20.0,69.0,64.0,5.0,-0.06385771072917759,0.447331
HIPC,medium,count_b2,trace_0012,12,agx_host_proxy,True,True,True,,,178.1833261624794,157.37216270342063,20.811163459058776,1.3681336507476822,1.3614874426799224,0.00664620806775984,19.180092537970268,17.90670612659261,1.2733864113776576,82.0,75.0,7.0,657.0,555.0,102.0,65.0,65.0,0.0,0.11679635747781346,0.569179
HIPC,medium,count_b2,trace_0013,13,agx_host_proxy,True,True,True,,,179.7414386472851,165.1872938375627,14.554144809722402,1.4404323645839927,1.540675044564039,-0.10024267998004621,20.98890442465634,21.77928565109492,-0.7903812264385799,68.0,81.0,-13.0,746.0,561.0,185.0,63.0,62.0,1.0,0.08097267340940044,0.603902
HIPC,medium,count_b2,trace_0014,14,agx_host_proxy,True,True,True,,,185.2133139073704,170.0586455343694,15.154668373001016,0.9540200064271722,1.1313609388906232,-0.17734093246345095,20.02422637789367,17.85378805696186,2.170438320931808,85.0,73.0,12.0,692.0,630.0,62.0,66.0,66.0,0.0,0.08182278073475985,0.509735
HIPC,medium,count_b2,trace_0015,15,agx_host_proxy,True,True,True,,,179.24551287939258,176.55126472277482,2.6942481566177605,1.4556381424452252,1.3601959624955615,0.09544217994966364,24.47107862134957,24.077376968534182,0.3937016528153876,85.0,97.0,-12.0,530.0,537.0,-7.0,65.0,65.0,0.0,0.015031049387722284,0.47798399999999996
HIPC,medium,count_b2,trace_0016,16,agx_host_proxy,True,True,True,,,156.376371998929,151.50600150999153,4.8703704889374535,1.2369838763311938,1.2834259546662439,-0.046442078335050097,19.48414294717398,18.54357967279055,0.9405632743834289,74.0,74.0,0.0,525.0,546.0,-21.0,66.0,65.0,1.0,0.031145181504599752,0.475775
HIPC,medium,count_b2,trace_0017,17,agx_host_proxy,True,True,True,,,210.45597786736533,202.55140701595204,7.904570851413297,1.492034795043903,1.2987930897092896,0.19324170533461338,23.25152150218385,22.600904929112097,0.6506165730717512,95.0,87.0,8.0,730.0,682.0,48.0,65.0,65.0,0.0,0.03755926028575419,0.550813
HIPC,medium,count_b2,trace_0018,18,agx_host_proxy,True,True,True,,,167.41833404205363,167.40472804205368,0.013605999999953156,0.9986715214148156,0.9895700195317905,0.009101501883025165,17.280817715117365,17.26952669648731,0.011291018630053884,86.0,86.0,0.0,602.0,602.0,0.0,66.0,66.0,0.0,8.126947432492955e-05,0.466166
HIPC,medium,count_b2,trace_0019,19,agx_host_proxy,True,True,True,,,163.65554716611499,137.97633822076088,25.679208945354105,1.545908172320109,1.6570814183409874,-0.11117324602087852,21.868091697367024,17.56346188920716,4.304629808159863,75.0,68.0,7.0,586.0,420.0,166.0,63.0,63.0,0.0,0.15691010411818784,0.5476519999999999
HIPC,medium,count_b2,trace_0020,20,agx_host_proxy,True,True,True,,,179.93898679793003,167.36250216634608,12.576484631583952,1.281000619553175,1.427876492554843,-0.14687587300166816,19.664463000759945,18.16772951706656,1.496733483693383,79.0,79.0,0.0,645.0,599.0,46.0,64.0,64.0,0.0,0.06989305016876214,0.499422
HIPC,medium,count_b2,trace_0021,21,agx_host_proxy,True,True,True,,,159.66800274369933,159.64752774369933,0.020475000000004684,1.371126720059454,1.354566034526586,0.016560685532867936,21.024759793556075,21.008876653556083,0.01588313999999258,80.0,80.0,0.0,468.0,467.0,1.0,64.0,64.0,0.0,0.0001282348350838418,0.439867
HIPC,medium,count_b2,trace_0022,22,agx_host_proxy,True,True,True,,,166.66954833437515,162.1543166848809,4.51523164949424,1.2926117150033085,1.3724707707585775,-0.07985905575526897,18.746423870219367,17.941076153607213,0.8053477166121539,83.0,67.0,16.0,594.0,618.0,-24.0,65.0,64.0,1.0,0.02709092149476345,0.476914
HIPC,medium,count_b2,trace_0023,23,agx_host_proxy,True,True,True,,,186.80816939027667,217.26329429677148,-30.455124906494802,1.1514758836797987,1.3444281737069554,-0.19295229002715675,22.831956006296853,24.729909962959002,-1.8979539566621497,97.0,113.0,-16.0,600.0,730.0,-130.0,67.0,64.0,3.0,-0.16302887077100164,0.478957
HIPC,medium,count_b2,trace_0024,24,agx_host_proxy,True,True,True,,,172.59971215195063,193.66979894934877,-21.070086797398147,1.2577158413518916,1.50437936985354,-0.2466635285016483,21.82927727155015,22.716762218591917,-0.8874849470417665,79.0,91.0,-12.0,550.0,737.0,-187.0,64.0,63.0,1.0,-0.12207486637549426,0.57046
HIPC,medium,count_b2,trace_0025,25,agx_host_proxy,True,True,True,,,160.08835281362528,210.31560806718412,-50.22725525355884,1.289104053714786,1.337688437331923,-0.04858438361713713,19.52142092034193,22.042539795923272,-2.5211188755813403,78.0,108.0,-30.0,515.0,830.0,-315.0,62.0,64.0,-2.0,-0.31374709259475836,0.5071
HIPC,medium,count_b2,trace_0026,26,agx_host_proxy,True,True,True,,,161.80149952301676,161.79834552301674,0.003154000000023416,1.312795823632988,1.3000971543418944,0.012698669291093534,18.714700523375058,18.70269701361136,0.012003509763697906,72.0,72.0,0.0,523.0,523.0,0.0,63.0,63.0,0.0,1.9493020826885167e-05,0.430427
HIPC,medium,count_b2,trace_0027,27,agx_host_proxy,True,True,True,,,123.53501993084099,128.18344172656487,-4.648421795723877,1.1803342195805477,1.292797542992741,-0.11246332341219323,17.735969139583684,17.650411653996464,0.08555748558721987,68.0,68.0,0.0,379.0,420.0,-41.0,66.0,63.0,3.0,-0.03762837289641608,0.422691
HIPC,medium,count_b2,trace_0028,28,agx_host_proxy,True,True,True,,,213.58087866909665,213.57868866909666,0.002189999999984593,1.2850862842884814,1.2791983642884766,0.00588792000000482,17.880576880158696,17.87124339606947,0.009333484089225408,78.0,78.0,0.0,885.0,885.0,0.0,63.0,63.0,0.0,1.0253726895550353e-05,0.513236
HIPC,medium,count_b2,trace_0029,29,agx_host_proxy,True,True,True,,,175.39550427346225,185.9577696053773,-10.562265331915057,1.2466841044661676,1.3081582710389565,-0.061474166572788924,26.545722646486492,26.691394056596742,-0.14567141011024987,87.0,94.0,-7.0,524.0,578.0,-54.0,62.0,66.0,-4.0,-0.06021970389530191,0.5147809999999999
HIPC,medium,count_b2,trace_0030,30,agx_host_proxy,True,True,True,,,136.29462941336703,118.74518818944556,17.549441223921477,1.290864848627749,1.4093593860774758,-0.11849453744972682,24.037847169437672,22.241472304948452,1.79637486448922,75.0,65.0,10.0,381.0,300.0,81.0,71.0,67.0,4.0,0.1287610619688902,0.47772899999999996
HIPC,medium,count_b2,trace_0031,31,agx_host_proxy,True,True,True,,,137.1751672712128,137.17355727121281,0.0016099999999994452,1.3081275872134228,1.28624374721342,0.021883840000002763,20.548348729996334,20.516862037577553,0.031486692418781104,70.0,70.0,0.0,419.0,419.0,0.0,64.0,64.0,0.0,1.1736818201331366e-05,0.554071
HIPC,medium,count_b2,trace_0032,32,agx_host_proxy,True,True,True,,,195.001890405735,194.98323740573497,0.018653000000028896,1.2377689502247353,1.2247942006722774,0.01297474955245792,25.082056627488047,25.055027489278213,0.027029138209833548,98.0,98.0,0.0,672.0,673.0,-1.0,66.0,66.0,0.0,9.565548293515575e-05,0.558546
HIPC,medium,count_b2,trace_0033,33,agx_host_proxy,True,True,True,,,154.10076543355294,154.09955828082164,0.001207152731296901,1.1333423493364465,1.3074605015034884,-0.17411815216704185,21.3209287575722,21.754370568198993,-0.43344181062679255,78.0,78.0,0.0,534.0,451.0,83.0,65.0,65.0,0.0,7.833528457179637e-06,0.533017
HIPC,medium,count_b2,trace_0034,34,agx_host_proxy,True,True,True,,,162.5685907358364,187.20140489966874,-24.632814163832336,1.1483955461509538,1.0764113531920114,0.07198419295894243,23.90495669700305,26.7720067628273,-2.867050065824248,84.0,98.0,-14.0,471.0,558.0,-87.0,70.0,70.0,0.0,-0.1515225914940672,0.40629800000000005
HIPC,medium,count_b2,trace_0035,35,agx_host_proxy,True,True,True,,,185.20516063484126,206.6338652156259,-21.428704580784625,1.2954708738231298,1.405435568654216,-0.10996469483108617,20.69293519082194,23.333718168564257,-2.6407829777423153,83.0,105.0,-22.0,623.0,699.0,-76.0,67.0,67.0,0.0,-0.11570252420252163,0.426973
HIPC,medium,count_b2,trace_0036,36,agx_host_proxy,True,True,True,,,158.26717859871954,158.25403959871954,0.013138999999995349,1.3180810627706168,1.3084450627706172,0.009635999999999534,18.64112537777202,18.625873457772023,0.015251919999997199,75.0,75.0,0.0,569.0,568.0,1.0,66.0,66.0,0.0,8.301784435867646e-05,0.512631
HIPC,medium,count_b2,trace_0037,37,agx_host_proxy,True,True,True,,,191.23488890727916,188.72312104401928,2.5117678632598768,1.8969915425982138,1.8904918425982202,0.006499699999993558,20.81160612354423,20.461752614219403,0.34985350932482717,90.0,92.0,-2.0,671.0,693.0,-22.0,63.0,63.0,0.0,0.013134464519587299,0.5016619999999999
HIPC,medium,count_b2,trace_0038,38,agx_host_proxy,True,True,True,,,155.85512577999168,156.98921830791903,-1.1340925279273506,1.1197565816398234,1.1448100889787094,-0.025053507338886005,22.07685796026505,22.258275162756032,-0.1814172024909837,78.0,80.0,-2.0,528.0,518.0,10.0,64.0,64.0,0.0,-0.007276581519226125,0.473275
HIPC,medium,count_b2,trace_0039,39,agx_host_proxy,True,True,True,,,143.36358523671308,155.91664615023797,-12.553060913524888,1.3113194980499716,1.270507184280803,0.04081231376916872,20.883032154882994,21.03502400900626,-0.151991854123267,75.0,79.0,-4.0,450.0,535.0,-85.0,64.0,64.0,0.0,-0.08756101413617727,0.530609
HIPC,medium,count_b2,trace_0040,40,agx_host_proxy,True,True,True,,,175.924375401357,184.16868929927048,-8.244313897913486,1.4862232001619584,1.5971090881260532,-0.11088588796409482,22.37291990947844,22.70902193852069,-0.33610202904224806,80.0,84.0,-4.0,563.0,598.0,-35.0,65.0,65.0,0.0,-0.046862828866692074,0.566685
HIPC,medium,count_b2,trace_0041,41,agx_host_proxy,True,True,True,,,179.16050385630388,177.08615308249023,2.0743507738136486,1.4278870193935669,1.4178632932660171,0.010023726127549759,19.794917204706916,19.75595908792267,0.03895811678424721,75.0,75.0,0.0,663.0,650.0,13.0,66.0,66.0,0.0,0.011578170016073334,0.492489
HIPC,medium,count_b2,trace_0042,42,agx_host_proxy,True,True,True,,,189.2872111026403,179.12259892213564,10.164612180504662,1.426823658588566,1.2446330725299821,0.18219058605858396,21.372028454407335,20.923640328908668,0.448388125498667,86.0,84.0,2.0,717.0,608.0,109.0,67.0,68.0,-1.0,0.05369941329524337,0.67527
HIPC,medium,count_b2,trace_0043,43,agx_host_proxy,True,True,True,,,174.39529988633882,166.62555974183874,7.769740144500076,1.6542409593661436,1.6602683312479216,-0.006027371881778043,23.956952770430508,24.132012222394593,-0.1750594519640849,97.0,87.0,10.0,553.0,493.0,60.0,68.0,70.0,-2.0,0.04455246299392221,0.516327
HIPC,medium,count_b2,trace_0044,44,agx_host_proxy,True,True,True,,,145.95683290197195,151.55642027052107,-5.599587368549123,1.299756445804771,1.3546311757872425,-0.05487472998247145,21.526874209662296,22.364358846343183,-0.8374846366808875,80.0,77.0,3.0,377.0,411.0,-34.0,63.0,65.0,-2.0,-0.038364681236334706,0.437387
HIPC,medium,count_b2,trace_0045,45,agx_host_proxy,True,True,True,,,148.58098792869205,148.46499892869207,0.1159889999999848,1.7947763333648792,1.3416743922071386,0.4531019411577406,26.3619442571141,25.886771353635606,0.4751729034784944,77.0,79.0,-2.0,376.0,387.0,-11.0,64.0,65.0,-1.0,0.0007806449641837823,0.494384
HIPC,medium,count_b2,trace_0046,46,agx_host_proxy,True,True,True,,,151.48302771480456,151.42245771480455,0.06057000000001267,1.2566081987604647,1.2429081987604689,0.013699999999995827,24.134612328630837,24.106371202395692,0.02824112623514452,80.0,80.0,0.0,424.0,436.0,-12.0,64.0,64.0,0.0,0.00039984677434654357,0.5442220000000001
HIPC,medium,count_b2,trace_0047,47,agx_host_proxy,True,True,True,,,207.21960967634334,207.81008456923274,-0.5904748928894037,1.7807620933664587,1.7425489570294312,0.0382131363370275,18.50622962705999,17.810343270220063,0.695886356839928,80.0,82.0,-2.0,847.0,831.0,16.0,62.0,61.0,1.0,-0.0028495126200250424,0.534554
HIPC,medium,count_b2,trace_0048,48,agx_host_proxy,True,True,True,,,148.64981942053382,156.7596951589578,-8.109875738423995,1.038219043852621,0.9918569933731402,0.04636205047948094,17.694612947794216,18.410957300243094,-0.7163443524488784,77.0,75.0,2.0,494.0,516.0,-22.0,65.0,65.0,0.0,-0.05455691618084625,0.503499
HIPC,medium,count_b2,trace_0049,49,agx_host_proxy,True,True,True,,,161.24539385628847,169.50892508467302,-8.26353122838455,1.0970637537509627,1.3578963005083071,-0.26083254675734446,21.698826026568813,20.080650890513297,1.618175136055516,84.0,88.0,-4.0,454.0,584.0,-130.0,66.0,65.0,1.0,-0.051248169208166675,0.395268
HIPC,medium,count_b4,trace_0000,0,rp2040_hardware,True,True,True,,,181.77339917702088,177.96340723685034,3.8099919401705336,2.9546092436407805,2.531493366770852,0.42311587686992835,25.208388875494055,24.60840660902755,0.5999822664665047,88.0,88.0,0.0,508.0,469.0,39.0,53.0,53.0,0.0,0.020960118242934738,53.340599
HIPC,medium,count_b4,trace_0001,1,rp2040_hardware,True,True,True,,,172.71379731393105,208.20400995099507,-35.49021263706402,2.242533999158766,2.1852336325609087,0.05730036659785709,24.68483169981471,28.44025403282643,-3.7554223330117225,85.0,90.0,-5.0,480.0,681.0,-201.0,53.0,109.0,-56.0,-0.20548568318809923,56.646736000000004
HIPC,medium,count_b4,trace_0002,2,rp2040_hardware,True,True,True,,,161.96202013865698,166.58710015946454,-4.625080020807559,2.3682576812410776,2.628422076461843,-0.2601643952207655,21.602285862902093,21.269725132059904,0.3325607308421894,85.0,77.0,8.0,446.0,531.0,-85.0,53.0,54.0,-1.0,-0.028556571576768372,49.67344
HIPC,medium,count_b4,trace_0003,3,rp2040_hardware,True,True,True,,,184.32166393453207,196.38373489677173,-12.062070962239659,2.599950808500918,2.0646190956013046,0.5353317128996133,28.83864817089885,28.13286980289896,0.7057783679998906,92.0,84.0,8.0,494.0,626.0,-132.0,53.0,54.0,-1.0,-0.06544033243169887,68.620077
HIPC,medium,count_b4,trace_0004,4,agx_host_proxy,True,True,True,,,201.6633560478605,183.09549366112196,18.56786238673854,2.4884294568404393,2.513310753490786,-0.024881296650346663,24.69478576629612,21.4309515424003,3.2638342238958202,91.0,87.0,4.0,668.0,674.0,-6.0,58.0,54.0,4.0,0.09207355639926895,0.545115
HIPC,medium,count_b4,trace_0005,5,agx_host_proxy,True,True,True,,,194.2094792931603,185.14388205352492,9.065597239635395,2.2508967975135716,2.568717253348243,-0.31782045583467156,25.119846743580183,24.653580353244948,0.4662663903352353,89.0,99.0,-10.0,653.0,599.0,54.0,53.0,53.0,0.0,0.046679478636317356,0.588907
HIPC,medium,count_b4,trace_0006,6,agx_host_proxy,True,True,True,,,174.0110554740278,225.71087542595558,-51.699819951927765,2.401582066654013,2.597654957153456,-0.1960728904994431,24.288114546247698,24.998382096917112,-0.710267550669414,86.0,109.0,-23.0,456.0,861.0,-405.0,53.0,53.0,0.0,-0.29710652470379545,0.372512
HIPC,medium,count_b4,trace_0007,7,agx_host_proxy,True,True,True,,,189.6752895659983,186.65844651587213,3.0168430501261696,2.5856067730892325,2.5645396871850226,0.021067085904209915,22.642763958210878,22.614934361816566,0.02782959639431226,99.0,103.0,-4.0,632.0,580.0,52.0,52.0,51.0,1.0,0.015905303516494416,0.48150699999999996
HIPC,medium,count_b4,trace_0008,8,agx_host_proxy,True,True,True,,,162.6799390360669,173.89972793868796,-11.219788902621048,1.5178251564522756,2.043823509420035,-0.5259983529677597,24.26382137718466,28.21596209926668,-3.952140722082021,91.0,93.0,-2.0,508.0,516.0,-8.0,53.0,54.0,-1.0,-0.06896848479967507,0.613785
HIPC,medium,count_b4,trace_0009,9,agx_host_proxy,True,True,True,,,169.69779394632477,172.5027185752607,-2.804924628935936,1.9204985748926413,1.8500340854821022,0.07046448941053907,21.77166272773941,22.79256694498487,-1.0209042172454588,89.0,93.0,-4.0,569.0,536.0,33.0,52.0,52.0,0.0,-0.016528939850703837,0.395698
HIPC,medium,count_b4,trace_0010,10,agx_host_proxy,True,True,True,,,154.18491481420338,140.38467949972446,13.800235314478925,2.1119261266314777,1.9826842782131606,0.1292418484183171,22.38077854413509,22.50361925392649,-0.12284070979140083,86.0,70.0,16.0,443.0,393.0,50.0,51.0,51.0,0.0,0.0895044455620613,0.492153
HIPC,medium,count_b4,trace_0011,11,agx_host_proxy,True,True,True,,,160.80303445705107,171.20698806611998,-10.403953609068907,1.9133242870558473,2.3880825199911655,-0.47475823293531816,19.726994081363774,22.049945961506523,-2.3229518801427496,80.0,87.0,-7.0,536.0,539.0,-3.0,55.0,55.0,0.0,-0.0646999830830164,0.45629400000000003
HIPC,medium,count_b4,trace_0012,12,agx_host_proxy,True,True,True,,,158.15630544590306,158.09999044590302,0.05631500000004053,1.774651434677782,1.7583088509113383,0.016342583766443708,18.579344416394026,18.55895731074436,0.020387105649664505,77.0,77.0,0.0,506.0,509.0,-3.0,52.0,52.0,0.0,0.0003560717977147166,0.440714
HIPC,medium,count_b4,trace_0013,13,agx_host_proxy,True,True,True,,,185.16624201931177,180.05700318641638,5.109238832895386,2.110673683565951,2.6711909151315765,-0.5605172315656253,22.65834982300581,24.024513981008795,-1.3661641580029844,74.0,84.0,-10.0,762.0,642.0,120.0,56.0,58.0,-2.0,0.02759271224158949,0.64132
HIPC,medium,count_b4,trace_0014,14,agx_host_proxy,True,True,True,,,166.03601408869045,164.93987744417882,1.0961366445116312,1.651255398198109,1.725923979702963,-0.074668581504854,17.152972881833108,15.25341278086166,1.8995601009714473,61.0,59.0,2.0,609.0,628.0,-19.0,57.0,56.0,1.0,0.006601800522181378,0.463499
HIPC,medium,count_b4,trace_0015,15,agx_host_proxy,True,True,True,,,181.45162619035608,176.78431737407973,4.667308816276346,3.108792796647466,3.351473279640246,-0.24268048299278,23.998495814232786,24.705069821873,-0.7065740076402136,87.0,89.0,-2.0,529.0,448.0,81.0,55.0,56.0,-1.0,0.02572205559282228,0.393902
HIPC,medium,count_b4,trace_0016,16,agx_host_proxy,True,True,True,,,168.0702974654118,154.59112873164202,13.479168733769797,2.0571580995303322,2.324457098440269,-0.2672989989099368,20.300059397309685,20.770371114273257,-0.47031171696357177,78.0,74.0,4.0,582.0,513.0,69.0,52.0,53.0,-1.0,0.08019958872592436,0.48995000000000005
HIPC,medium,count_b4,trace_0017,17,agx_host_proxy,True,True,True,,,201.62152631864436,188.4966604531159,13.124865865528449,2.646713284420292,2.6543126428378185,-0.00759935841752668,25.433784826989,24.49661087449726,0.9371739524917402,91.0,99.0,-8.0,596.0,549.0,47.0,54.0,54.0,0.0,0.06509655047837402,0.448955
HIPC,medium,count_b4,trace_0018,18,agx_host_proxy,True,True,True,,,170.07179389222685,193.51214011120575,-23.440346218978902,1.9184630798082494,1.9107935607521247,0.007669519056124674,19.208658825351726,20.40545890379466,-1.1968000784429336,69.0,79.0,-10.0,630.0,763.0,-133.0,54.0,54.0,0.0,-0.13782618318139728,0.466697
HIPC,medium,count_b4,trace_0019,19,agx_host_proxy,True,True,True,,,171.471588609129,144.56569221893298,26.905896390196006,2.380265831109166,2.4852982353644553,-0.10503240425528926,22.558720498256683,19.66246981946208,2.8962506787946047,90.0,72.0,18.0,536.0,434.0,102.0,57.0,58.0,-1.0,0.15691168786875961,0.42820400000000003
HIPC,medium,count_b4,trace_0020,20,agx_host_proxy,True,True,True,,,200.98222065959425,170.83417828212498,30.148042377469267,2.797235885691343,1.9099428230017472,0.8872930626895958,21.925768996646035,19.255006211078697,2.6707627855673373,90.0,75.0,15.0,684.0,642.0,42.0,52.0,51.0,1.0,0.1500035290610672,0.46443999999999996
HIPC,medium,count_b4,trace_0021,21,agx_host_proxy,True,True,True,,,171.17978616323066,168.64470813653176,2.5350780266988977,2.5446240106476776,2.473623444304249,0.07100056634342877,24.809642076826602,24.476631881837672,0.3330101949889297,79.0,82.0,-3.0,503.0,495.0,8.0,54.0,54.0,0.0,0.014809447327393796,0.5594399999999999
HIPC,medium,count_b4,trace_0022,22,agx_host_proxy,True,True,True,,,197.62688232443662,168.99961022621838,28.627272098218242,2.607572538596486,2.225463530852708,0.3821090077437779,23.061488464129525,21.252941674806202,1.808546789323323,107.0,85.0,22.0,702.0,537.0,165.0,52.0,55.0,-3.0,0.14485515210031966,0.5101230000000001
HIPC,medium,count_b4,trace_0023,23,agx_host_proxy,True,True,True,,,188.731122023831,173.48937847740345,15.241743546427557,2.351701740116646,2.0262151122020873,0.32548662791455873,25.306475692345877,22.247932568319317,3.05854312402656,91.0,88.0,3.0,547.0,521.0,26.0,58.0,54.0,4.0,0.08075903636339844,0.44126299999999996
HIPC,medium,count_b4,trace_0024,24,agx_host_proxy,True,False,False,,stagnation_horizon,208.18342545001207,,,2.0847661658374057,2.3024191184803007,,25.804487669167933,25.77166390680239,,100.0,89.0,,706.0,3223.0,,54.0,53.0,,,0.496042
HIPC,medium,count_b4,trace_0025,25,agx_host_proxy,True,True,True,,,180.36778115747904,180.3627641574791,0.005016999999952532,1.9633738445070565,1.9466562445070588,0.01671759999999778,21.09766779163347,21.079385901584804,0.018281890048665872,75.0,75.0,0.0,611.0,614.0,-3.0,54.0,54.0,0.0,2.7815389022123584e-05,0.479041
HIPC,medium,count_b4,trace_0026,26,agx_host_proxy,True,True,True,,,178.92547196342485,174.3871762129646,4.538295750460264,2.52604623856662,2.5114585785666175,0.014587660000002334,20.593716425410793,20.398386198640623,0.19533022677017087,84.0,82.0,2.0,585.0,530.0,55.0,55.0,55.0,0.0,0.025364168112341,0.406283
HIPC,medium,count_b4,trace_0027,27,agx_host_proxy,True,True,True,,,150.12160892117103,151.14978329176432,-1.028174370593291,2.2883940258617037,2.5382445603708357,-0.24985053450913197,24.51247037824588,26.25833834002978,-1.745867961783901,83.0,84.0,-1.0,424.0,359.0,65.0,54.0,52.0,2.0,-0.006848943186674653,0.454407
HIPC,medium,count_b4,trace_0028,28,agx_host_proxy,True,True,True,,,201.11634381383635,201.11322181383633,0.003122000000018943,3.1016101675972463,3.0931623875972445,0.008447780000001792,22.800766968003305,22.7893429880033,0.011423980000007106,97.0,97.0,0.0,723.0,724.0,-1.0,53.0,53.0,0.0,1.5523353004611236e-05,0.53017
HIPC,medium,count_b4,trace_0029,29,agx_host_proxy,True,True,True,,,162.45474573931344,162.44349373931342,0.01125200000001314,2.470729873446487,2.4664915133590073,0.004238360087479798,21.240760640464188,21.223881290362126,0.016879350102062318,77.0,77.0,0.0,491.0,492.0,-1.0,54.0,54.0,0.0,6.926236564408471e-05,0.480528
HIPC,medium,count_b4,trace_0030,30,agx_host_proxy,True,True,True,,,142.92766204091546,118.27843496790784,24.649227073007623,1.9276119627533197,1.8358549785046623,0.09175698424865741,21.919978410516,21.504955171210174,0.41502323930582463,79.0,67.0,12.0,436.0,275.0,161.0,57.0,58.0,-1.0,0.1724594576097618,0.47974
HIPC,medium,count_b4,trace_0031,31,agx_host_proxy,True,True,True,,,154.67405755568376,174.30507967770646,-19.6310221220227,1.9293481759274835,2.248328801885205,-0.31898062595772125,26.071289757199136,27.150050375372338,-1.0787606181732023,86.0,90.0,-4.0,462.0,578.0,-116.0,53.0,53.0,0.0,-0.1269186470714741,0.6525569999999999
HIPC,medium,count_b4,trace_0032,32,agx_host_proxy,True,True,True,,,198.8245517661213,198.76725040617364,0.05730135994764396,2.865020032574514,2.816110697878054,0.04890933469645997,24.349024825217548,23.317416558144618,1.0316082670729294,83.0,100.0,-17.0,687.0,723.0,-36.0,53.0,53.0,0.0,0.000288200624312474,0.500983
HIPC,medium,count_b4,trace_0033,33,agx_host_proxy,True,True,True,,,140.67039606847598,140.54698410279417,0.1234119656818109,1.993562267657853,1.9640809615463088,0.029481306111544203,21.684067235127415,21.64555241445674,0.0385148206706738,78.0,78.0,0.0,363.0,360.0,3.0,53.0,53.0,0.0,0.0008773129893068335,0.461131
HIPC,medium,count_b4,trace_0034,34,agx_host_proxy,True,True,True,,,163.76312238030133,187.9211135570853,-24.15799117678398,2.0303878287657624,1.843511220736142,0.18687660802962047,22.386906313521074,22.576743432503946,-0.18983711898287225,78.0,93.0,-15.0,514.0,671.0,-157.0,55.0,55.0,0.0,-0.14751789551668862,0.456897
HIPC,medium,count_b4,trace_0035,35,agx_host_proxy,True,True,True,,,200.3274505378759,188.86910167583355,11.458348862042357,2.0787466748832975,2.37212040167209,-0.2933737267887926,20.62468269786003,21.088220034924177,-0.463537337064146,87.0,95.0,-8.0,775.0,694.0,81.0,53.0,54.0,-1.0,0.057198096572770626,0.557797
HIPC,medium,count_b4,trace_0036,36,agx_host_proxy,True,True,True,,,179.46757844986973,160.93594827786004,18.5316301720097,1.996353631266836,2.0760925343550105,-0.07973890308817455,20.740129369254166,20.050257667159332,0.689871702094834,79.0,81.0,-2.0,637.0,493.0,144.0,53.0,53.0,0.0,0.10325893028743405,0.451505
HIPC,medium,count_b4,trace_0037,37,agx_host_proxy,True,True,True,,,176.39742056881914,176.3600485688192,0.037371999999948,2.559502051766428,2.5470666517664315,0.012435399999996655,19.524230890932806,19.506936910932804,0.017293980000001596,84.0,84.0,0.0,624.0,625.0,-1.0,54.0,54.0,0.0,0.00021186250841671354,0.48735399999999995
HIPC,medium,count_b4,trace_0038,38,agx_host_proxy,True,True,True,,,126.56914290979724,133.3958822172371,-6.8267393074398655,1.8587140584466473,1.654281780942106,0.2044322775045413,20.038879540610324,20.671876913514293,-0.6329973729039686,68.0,66.0,2.0,374.0,389.0,-15.0,54.0,54.0,0.0,-0.05393683760903017,0.42045099999999996
HIPC,medium,count_b4,trace_0039,39,agx_host_proxy,True,True,True,,,140.06874172784242,157.45797732263028,-17.389235594787863,1.9539954441403404,2.0243716759465156,-0.07037623180617514,20.876637675437195,22.33481196950111,-1.458174294063916,67.0,75.0,-8.0,452.0,518.0,-66.0,55.0,54.0,1.0,-0.12414786754189343,0.464696
HIPC,medium,count_b4,trace_0040,40,agx_host_proxy,True,True,True,,,179.67257636148383,183.01601364327084,-3.343437281787004,2.4975027345637333,2.6024218311424816,-0.10491909657874832,21.255974367686214,21.869295324428144,-0.61332095674193,77.0,94.0,-17.0,588.0,572.0,16.0,55.0,54.0,1.0,-0.01860850080459876,0.45448
HIPC,medium,count_b4,trace_0041,41,agx_host_proxy,True,True,True,,,200.02269006105342,200.01928206105342,0.003408000000007405,2.408113842651672,2.3919817826516727,0.01613205999999945,21.39788026892933,21.374692808929332,0.02318745999999905,107.0,107.0,0.0,778.0,779.0,-1.0,54.0,54.0,0.0,1.7038067026131748e-05,0.5269750000000001
HIPC,medium,count_b4,trace_0042,42,agx_host_proxy,True,True,True,,,184.6691078916682,192.67269550307947,-8.003587611411263,2.3663348525239716,2.856307335451229,-0.4899724829272576,22.54569609620605,24.656540174478703,-2.1108440782726525,90.0,93.0,-3.0,590.0,633.0,-43.0,57.0,56.0,1.0,-0.043340154196804696,0.546075
HIPC,medium,count_b4,trace_0043,43,agx_host_proxy,True,True,True,,,145.00181457477018,145.092629436909,-0.09081486213881362,1.938346513462602,1.9564898652097475,-0.018143351747145653,21.826865440620658,21.952220590825707,-0.12535515020504917,78.0,78.0,0.0,348.0,352.0,-4.0,55.0,54.0,1.0,-0.0006263015563297309,0.391227
HIPC,medium,count_b4,trace_0044,44,agx_host_proxy,True,True,True,,,152.60851989028865,152.54694389028865,0.061576000000002296,2.2935269959908586,2.2673164959908605,0.026210499999998138,21.54456243580014,21.509165755800144,0.03539667999999807,70.0,70.0,0.0,444.0,444.0,0.0,52.0,52.0,0.0,0.00040348992339529744,0.40515700000000004
HIPC,medium,count_b4,trace_0045,45,agx_host_proxy,True,True,True,,,140.66810122857424,140.60191422857423,0.06618700000001354,2.359859268786319,2.3296831735331334,0.030176095253185764,26.722730267923158,26.681170117416787,0.04156015050637052,79.0,79.0,0.0,328.0,329.0,-1.0,52.0,52.0,0.0,0.0004705188981861996,0.402287
HIPC,medium,count_b4,trace_0046,46,agx_host_proxy,True,True,True,,,152.96354204516325,152.6916393147687,0.2719027303945438,1.9041869541564016,1.928735834118323,-0.024548879961921344,22.325196376131995,22.235033782196716,0.09016259393527903,84.0,84.0,0.0,491.0,491.0,0.0,53.0,53.0,0.0,0.001777565600005936,0.588556
HIPC,medium,count_b4,trace_0047,47,agx_host_proxy,True,True,True,,,221.91423718815247,221.91084718815247,0.0033899999999960073,2.069998047254805,2.060935887254806,0.009062159999999153,21.909226870800868,21.896213650800867,0.013013220000001269,86.0,86.0,0.0,905.0,908.0,-3.0,55.0,55.0,0.0,1.5276171745221368e-05,0.6030530000000001
HIPC,medium,count_b4,trace_0048,48,agx_host_proxy,True,True,True,,,151.93151663876404,149.48204729338426,2.4494693453797822,2.3466267357955704,2.346089452450651,0.0005372833449195369,18.786053176224367,17.92138928437813,0.8646638918462379,83.0,83.0,0.0,431.0,452.0,-21.0,56.0,54.0,2.0,0.016122193732875705,0.351157
HIPC,medium,count_b4,trace_0049,49,agx_host_proxy,True,True,True,,,158.58519282699095,174.98114792550524,-16.395955098514293,1.9717683296670037,1.9520732449802014,0.019695084686802256,20.647936230782197,22.3903777953605,-1.7424415645783036,76.0,86.0,-10.0,506.0,599.0,-93.0,56.0,55.0,1.0,-0.10338894070899492,0.437467
HIPC,medium,count_b8,trace_0000,0,agx_host_proxy,True,True,True,,,189.86869649744696,176.63197737160993,13.236719125837027,2.9607687221756205,3.4526923509211653,-0.49192362874554485,23.53779095890022,23.3892175663197,0.14857339258051994,100.0,74.0,26.0,642.0,587.0,55.0,53.0,53.0,0.0,0.06971512087046436,0.526799
HIPC,medium,count_b8,trace_0001,1,agx_host_proxy,True,True,True,,,182.04769490558988,178.2034653021863,3.8442296034035905,3.095744641101184,2.933264210236611,0.16248043086457287,26.880843121472058,25.50369274024372,1.3771503812283363,101.0,99.0,2.0,548.0,513.0,35.0,83.0,69.0,14.0,0.021116606861719463,0.429485
HIPC,medium,count_b8,trace_0002,2,agx_host_proxy,True,True,True,,,152.18709729716966,160.62797398648283,-8.440876689313171,2.728583254647306,3.2435833119183513,-0.5150000572710454,22.394210122848758,20.786355428643475,1.6078546942052832,77.0,76.0,1.0,440.0,562.0,-122.0,51.0,51.0,0.0,-0.055463812893618764,0.470223
HIPC,medium,count_b8,trace_0003,3,agx_host_proxy,True,True,True,,,223.56248539832927,175.4875502049678,48.07493519336148,2.8009590084966742,2.892967751979373,-0.09200874348269883,25.022981696605868,25.302429335501945,-0.2794476388960767,114.0,82.0,32.0,848.0,536.0,312.0,51.0,51.0,0.0,0.21504026092617753,0.561435
HIPC,medium,count_b8,trace_0004,4,agx_host_proxy,True,True,True,,,198.29376358833795,217.30665744471992,-19.012893856381964,2.8707479737255985,3.5812475596588165,-0.7104995859332179,22.859872663325536,22.609359401728604,0.2505132615969323,95.0,93.0,2.0,695.0,830.0,-135.0,51.0,51.0,0.0,-0.09588246000440606,0.517493
HIPC,medium,count_b8,trace_0005,5,agx_host_proxy,True,True,True,,,178.3062653995636,167.18307433734265,11.123191062220968,2.786413639952949,3.080610066181551,-0.2941964262286021,22.997543962623666,22.903502171886185,0.09404179073748153,77.0,79.0,-2.0,610.0,515.0,95.0,51.0,51.0,0.0,0.062382502585061665,0.544884
HIPC,medium,count_b8,trace_0006,6,agx_host_proxy,True,True,True,,,190.26388049345832,190.0184660690201,0.24541442443822348,2.626310338389221,2.5924041492062515,0.03390618918296928,24.800668770794253,23.289223186381943,1.5114455844123107,86.0,85.0,1.0,576.0,653.0,-77.0,51.0,51.0,0.0,0.001289863445451284,0.451137
HIPC,medium,count_b8,trace_0007,7,agx_host_proxy,True,True,True,,,186.74050760441955,186.65844651587213,0.08206108854741956,2.610087132190538,2.5645396871850226,0.04554744500551555,22.672859646822086,22.614934361816566,0.05792528500552052,103.0,103.0,0.0,576.0,580.0,-4.0,51.0,51.0,0.0,0.00043943914258417403,0.456657
HIPC,medium,count_b8,trace_0008,8,agx_host_proxy,True,True,True,,,170.72777464145673,160.31729201298913,10.410482628467605,1.9366326871309385,2.486341139047946,-0.5497084519170075,29.63234083700582,27.51424147792499,2.11809935908083,88.0,85.0,3.0,394.0,456.0,-62.0,51.0,51.0,0.0,0.06097708852780709,0.515526
HIPC,medium,count_b8,trace_0009,9,agx_host_proxy,True,True,True,,,170.71171215932475,151.65884007756793,19.052872081756817,2.026291487922392,1.7155312059623142,0.31076028196007766,21.815776515417085,21.547209124737698,0.2685673906793866,89.0,80.0,9.0,555.0,411.0,144.0,51.0,51.0,0.0,0.11160846459072958,0.39777399999999996
HIPC,medium,count_b8,trace_0010,10,agx_host_proxy,True,True,True,,,154.18410681420332,140.38467949972446,13.799427314478862,2.111414206631456,1.9826842782131606,0.12872992841829523,22.380255324135057,22.50361925392649,-0.1233639297914344,86.0,70.0,16.0,443.0,393.0,50.0,51.0,51.0,0.0,0.08949967412080678,0.485435
HIPC,medium,count_b8,trace_0011,11,agx_host_proxy,True,True,True,,,171.16903534000457,160.60753139014795,10.561503949856615,2.556400329836988,2.7989242297704147,-0.2425238999334267,18.92168748275758,18.713684909448975,0.2080025733086046,84.0,69.0,15.0,572.0,554.0,18.0,51.0,51.0,0.0,0.061702187716823835,0.44272500000000004
HIPC,medium,count_b8,trace_0012,12,agx_host_proxy,True,True,True,,,154.06884043456688,154.06507943456685,0.0037610000000256605,2.215659893625213,2.2315197511149503,-0.015859857489737283,18.878532526678676,18.854440244007737,0.02409228267093866,77.0,77.0,0.0,497.0,500.0,-3.0,51.0,51.0,0.0,2.4411165745243336e-05,0.442792
HIPC,medium,count_b8,trace_0013,13,agx_host_proxy,True,True,True,,,188.6728151522906,178.41663130492157,10.256183847369044,3.121231310431554,2.942351066825023,0.17888024360653132,24.953985370453715,22.580073280012243,2.373912090441472,78.0,75.0,3.0,704.0,692.0,12.0,58.0,52.0,6.0,0.054359626950446376,0.628585
HIPC,medium,count_b8,trace_0014,14,agx_host_proxy,True,True,True,,,157.15477694722216,187.73869743708715,-30.583920489864994,2.5240183852481763,2.5457535923166184,-0.02173520706844201,21.004312617837865,20.4188010398339,0.5855115780039633,75.0,93.0,-18.0,554.0,663.0,-109.0,51.0,53.0,-2.0,-0.19461018674689157,0.47535900000000003
HIPC,medium,count_b8,trace_0015,15,agx_host_proxy,True,True,True,,,176.91675426243157,191.40726918323384,-14.49051492080227,3.2373917609775513,3.0275880004680453,0.209803760509506,25.932455789820736,32.09134394942168,-6.1588881596009415,95.0,106.0,-11.0,470.0,392.0,78.0,51.0,51.0,0.0,-0.08190583747262055,0.38699
HIPC,medium,count_b8,trace_0016,16,agx_host_proxy,True,True,True,,,155.471486018142,155.46601301814204,0.005472999999966532,2.751512038572118,2.72298447857212,0.028527559999997898,22.481109498161903,22.4432565581619,0.037852940000004054,70.0,70.0,0.0,504.0,504.0,0.0,51.0,51.0,0.0,3.5202596566986484e-05,0.498569
HIPC,medium,count_b8,trace_0017,17,agx_host_proxy,True,True,True,,,185.25036142460075,184.75286946351574,0.4974919610850179,3.4595618594758166,3.4159060052180985,0.04365585425771812,24.074131720461967,23.955801324554436,0.11833039590753103,102.0,102.0,0.0,557.0,561.0,-4.0,51.0,51.0,0.0,0.0026855114195688274,0.43242
HIPC,medium,count_b8,trace_0018,18,agx_host_proxy,True,True,True,,,167.25222910305976,197.36730837642347,-30.115079273363705,2.02683649715438,2.708972844604657,-0.6821363474502768,20.922242892015447,26.975827481825277,-6.05358458980983,83.0,87.0,-4.0,562.0,613.0,-51.0,51.0,51.0,0.0,-0.1800578649077794,0.465686
HIPC,medium,count_b8,trace_0019,19,agx_host_proxy,True,True,True,,,137.78064424054622,157.19006519284397,-19.40942095229775,2.553200916109846,3.2367429899584264,-0.6835420738485802,18.357366059517638,19.930666992612508,-1.5733009330948704,69.0,76.0,-7.0,422.0,514.0,-92.0,51.0,51.0,0.0,-0.1408718986566179,0.382691
HIPC,medium,count_b8,trace_0020,20,agx_host_proxy,True,True,True,,,181.20378974459825,170.83417828212498,10.369611462473273,2.887549711578364,1.9099428230017472,0.9776068885766169,20.84378490207783,19.255006211078697,1.5887786909991313,83.0,75.0,8.0,622.0,642.0,-20.0,51.0,51.0,0.0,0.057226239457182186,0.44785200000000003
HIPC,medium,count_b8,trace_0021,21,agx_host_proxy,True,True,True,,,181.48478682801417,181.41050882801414,0.07427800000002094,3.1170788294252167,3.084943089425213,0.03213574000000374,24.096572807317973,24.055277887317967,0.041294920000005675,89.0,89.0,0.0,613.0,613.0,0.0,51.0,51.0,0.0,0.0004092794845135489,0.6045940000000001
HIPC,medium,count_b8,trace_0022,22,agx_host_proxy,True,True,True,,,189.77670138785058,166.07384778438734,23.70285360346324,2.7852364766141227,2.3459102649503083,0.43932621166381436,23.13506360245895,20.768480463316898,2.366583139142051,99.0,88.0,11.0,639.0,549.0,90.0,51.0,53.0,-2.0,0.12489864893910885,0.476184
HIPC,medium,count_b8,trace_0023,23,agx_host_proxy,True,True,True,,,177.65266414340235,192.23963125316828,-14.586967109765936,2.402925406137924,2.0830990543585224,0.31982635177940155,19.533062651796875,22.158845143335675,-2.6257824915388,83.0,88.0,-5.0,583.0,650.0,-67.0,51.0,53.0,-2.0,-0.08210947570136773,0.427079
HIPC,medium,count_b8,trace_0024,24,agx_host_proxy,True,True,True,,,191.62747136397846,188.28024657124487,3.3472247927335843,2.018074298877934,2.1330883413929187,-0.11501404251498482,23.922731579413686,22.90188861660945,1.0208429628042346,90.0,84.0,6.0,639.0,637.0,2.0,51.0,51.0,0.0,0.01746735355274737,0.513935
HIPC,medium,count_b8,trace_0025,25,agx_host_proxy,True,True,True,,,167.98777033641835,184.14763546536653,-16.159865128948184,2.141928411577141,2.103250133919159,0.03867827765798193,21.255177581431948,21.627816671225037,-0.3726390897930898,85.0,92.0,-7.0,463.0,587.0,-124.0,51.0,51.0,0.0,-0.09619667608294256,0.391548
HIPC,medium,count_b8,trace_0026,26,agx_host_proxy,True,True,True,,,176.12678664889796,176.174490648898,-0.047704000000038604,2.541301490248081,2.4972370226340774,0.04406446761400362,20.635219657880956,20.588099263418254,0.04712039446270211,86.0,86.0,0.0,577.0,580.0,-3.0,51.0,51.0,0.0,-0.0002708503397335847,0.429401
HIPC,medium,count_b8,trace_0027,27,agx_host_proxy,True,True,True,,,150.11774892117106,151.14978329176432,-1.0320343705932657,2.34692244670094,2.5382445603708357,-0.1913221136698957,24.5111611582459,26.25833834002978,-1.7471771817838793,83.0,84.0,-1.0,421.0,358.0,63.0,53.0,51.0,2.0,-0.006874832443265596,0.43668
HIPC,medium,count_b8,trace_0028,28,agx_host_proxy,True,True,True,,,225.28561158488552,225.23955958488548,0.04605200000003151,2.898384884937951,2.8786173147992136,0.019767570138737423,24.889051544341807,24.852130784814975,0.036920759526832825,92.0,92.0,0.0,882.0,878.0,4.0,51.0,51.0,0.0,0.00020441607289544786,0.626027
HIPC,medium,count_b8,trace_0029,29,agx_host_proxy,True,True,True,,,186.11066964790072,177.13113339166065,8.979536256240067,2.513288934338681,2.5523819850849794,-0.03909305074629854,23.909732264522646,23.53952043585838,0.3702118286642673,78.0,84.0,-6.0,665.0,612.0,53.0,51.0,51.0,0.0,0.04824836895825631,0.5512199999999999
HIPC,medium,count_b8,trace_0030,30,agx_host_proxy,True,True,True,,,127.94939401015861,125.43438838674093,2.5150056234176787,2.606342370556486,1.8973324149018203,0.7090099556546658,23.93041115869141,23.046398264091653,0.8840128945997563,65.0,71.0,-6.0,368.0,284.0,84.0,52.0,53.0,-1.0,0.01965625271517893,0.402537
HIPC,medium,count_b8,trace_0031,31,agx_host_proxy,True,True,True,,,156.55754764601,174.30507967770646,-17.747532031696466,2.231693891727769,2.2462975305441604,-0.014603638816391484,30.179584613012167,27.172047783629825,3.0075368293823423,86.0,90.0,-4.0,320.0,575.0,-255.0,54.0,51.0,3.0,-0.11336107583790948,0.586526
HIPC,medium,count_b8,trace_0032,32,agx_host_proxy,True,True,True,,,185.66176851185747,187.20703295482159,-1.5452644429641111,3.2026318840620083,3.1859681850876815,0.016663698974326735,23.73528446604596,23.870622708164667,-0.13533824211870638,94.0,94.0,0.0,647.0,665.0,-18.0,52.0,52.0,0.0,-0.008323008314258416,0.46182999999999996
HIPC,medium,count_b8,trace_0033,33,agx_host_proxy,True,True,True,,,153.84892017196157,158.15232172555926,-4.303401553597695,2.662491217803741,2.5301861798389162,0.13230503796482473,21.89167732822157,22.167994198033323,-0.27631686981175463,76.0,78.0,-2.0,505.0,510.0,-5.0,53.0,53.0,0.0,-0.02797160713762341,0.503482
HIPC,medium,count_b8,trace_0034,34,agx_host_proxy,True,True,True,,,197.895761204552,153.93815173595374,43.957609468598264,5.120386465109627,2.7862175038849464,2.3341689612246808,34.628128831055,22.273833104261108,12.354295726793893,107.0,81.0,26.0,408.0,422.0,-14.0,53.0,51.0,2.0,0.22212506827350453,0.321989
HIPC,medium,count_b8,trace_0035,35,agx_host_proxy,True,True,True,,,190.46144909790138,206.01051104680735,-15.549061948905972,2.603515830874787,2.9212992441439236,-0.3177834132691366,21.07488467582082,23.374751847042212,-2.2998671712213934,90.0,94.0,-4.0,725.0,765.0,-40.0,51.0,51.0,0.0,-0.08163889344826633,0.517231
HIPC,medium,count_b8,trace_0036,36,agx_host_proxy,True,True,True,,,156.54148914106645,170.05573056119243,-13.514241420125984,2.9658926702258723,2.9359618619931602,0.029930808232712103,19.423373319071587,19.854355130765878,-0.4309818116942914,80.0,84.0,-4.0,548.0,567.0,-19.0,90.0,54.0,36.0,-0.08633009366576105,0.450818
HIPC,medium,count_b8,trace_0037,37,agx_host_proxy,True,True,True,,,183.36044075474598,183.41560575474597,-0.05516499999998814,3.0193597952188087,3.1670513569787713,-0.14769156175996256,21.121538270705784,21.053383556169806,0.06815471453597866,84.0,80.0,4.0,675.0,692.0,-17.0,51.0,53.0,-2.0,-0.0003008555159058227,0.464355
HIPC,medium,count_b8,trace_0038,38,agx_host_proxy,True,True,True,,,134.5664135594623,165.18299907243028,-30.616585512967987,2.031348703406379,1.7532835828232887,0.2780651205830902,20.097611317133385,22.624620513868646,-2.5270091967352606,68.0,85.0,-17.0,412.0,537.0,-125.0,53.0,53.0,0.0,-0.227520260837145,0.456313
HIPC,medium,count_b8,trace_0039,39,agx_host_proxy,True,True,True,,,138.6192018038873,143.71673487945128,-5.097533075563973,2.684083589612626,2.7040535863350135,-0.019969996722387418,20.66869478928682,20.968802913765533,-0.3001081244787116,72.0,72.0,0.0,437.0,475.0,-38.0,51.0,51.0,0.0,-0.03677364325597367,0.5141490000000001
HIPC,medium,count_b8,trace_0040,40,agx_host_proxy,True,True,True,,,170.04870580345937,170.0010218034594,0.04768399999997541,2.290800464439394,2.281773394102726,0.009027070336668164,19.99023027240853,19.962852792408547,0.02737747999998419,77.0,77.0,0.0,526.0,532.0,-6.0,51.0,51.0,0.0,0.0002804137777742814,0.426147
HIPC,medium,count_b8,trace_0041,41,agx_host_proxy,True,True,True,,,181.68484470274862,189.90092277789498,-8.216078075146356,2.5749300360366028,2.7798289876882065,-0.20489895165160377,20.03960647426655,22.609789340719598,-2.570182866453049,91.0,94.0,-3.0,643.0,675.0,-32.0,53.0,53.0,0.0,-0.045221592855411455,0.48936500000000005
HIPC,medium,count_b8,trace_0042,42,agx_host_proxy,True,True,True,,,193.99091400729586,185.6557674382436,8.335146569052256,2.5981115787195233,2.5026506438974154,0.09546093482210782,25.761846722831827,22.1826867532653,3.5791599695665255,98.0,84.0,14.0,618.0,648.0,-30.0,54.0,55.0,-1.0,0.04296668538166059,0.53367
HIPC,medium,count_b8,trace_0043,43,agx_host_proxy,True,True,True,,,169.35325487694251,169.34762387694255,0.005630999999965525,2.972359114677043,2.94355817467705,0.02880093999999289,24.59373613192509,24.563457551925097,0.030278579999993838,82.0,82.0,0.0,516.0,518.0,-2.0,51.0,51.0,0.0,3.32500252449071e-05,0.462588
HIPC,medium,count_b8,trace_0044,44,agx_host_proxy,True,True,True,,,132.9979229168228,132.9167009168228,0.0812219999999968,2.3929127717400362,2.4799221216085567,-0.08700934986852049,20.16922588882555,20.13104728882555,0.03817860000000195,74.0,74.0,0.0,331.0,331.0,0.0,51.0,51.0,0.0,0.0006107012667467989,0.38050900000000004
HIPC,medium,count_b8,trace_0045,45,agx_host_proxy,True,True,True,,,190.17000158543578,158.12639768888369,32.0436038965521,3.503782197828114,3.5671516829253687,-0.0633694850972546,35.28410850418007,31.223166205736074,4.060942298443994,106.0,88.0,18.0,541.0,449.0,92.0,51.0,53.0,-2.0,0.16849978245468009,0.631933
HIPC,medium,count_b8,trace_0046,46,agx_host_proxy,True,True,True,,,154.63682936586488,154.61659397273226,0.020235393132622903,2.1757942913586437,2.1449378749991235,0.03085641635952019,22.267206098090146,22.1794202505782,0.08778584751194529,83.0,83.0,0.0,487.0,488.0,-1.0,51.0,51.0,0.0,0.00013085752737950108,0.606701
HIPC,medium,count_b8,trace_0047,47,agx_host_proxy,True,True,True,,,202.92210845376218,211.49935111745233,-8.577242663690157,2.583589238169469,2.612891145667229,-0.02930190749775985,20.510373246284917,21.632646816131757,-1.1222735698468398,77.0,82.0,-5.0,778.0,801.0,-23.0,51.0,53.0,-2.0,-0.04226864548691878,0.519243
HIPC,medium,count_b8,trace_0048,48,agx_host_proxy,True,True,True,,,149.50461928986238,193.60889617429413,-44.104276884431755,2.276702901082615,2.257993141082616,0.0187097599999988,20.38254669928185,21.345652984142315,-0.9631062848604657,77.0,99.0,-22.0,416.0,671.0,-255.0,51.0,51.0,0.0,-0.2950027704423069,0.311406
HIPC,medium,count_b8,trace_0049,49,agx_host_proxy,True,True,True,,,155.15584895744632,155.0940992500782,0.06174970736813634,3.3306828219184776,3.299389316622129,0.031293505296348556,20.681696857119245,20.642938279334317,0.03875857778492886,74.0,74.0,0.0,466.0,465.0,1.0,51.0,51.0,0.0,0.0003979850439610051,0.37004800000000004
HIPC,medium,eager_b1,trace_0000,0,rp2040_hardware,True,True,True,,,182.4546889632301,195.5234696860186,-13.068780722788489,0.7323795997582881,0.43741434096873116,0.294965258789557,28.63591129293578,22.770541604733005,5.865369688202776,78.0,91.0,-13.0,503.0,678.0,-175.0,92.0,92.0,0.0,-0.07162754104621682,90.65435699999999
HIPC,medium,eager_b1,trace_0001,1,rp2040_hardware,True,True,True,,,191.41116080705876,187.3650759367106,4.046084870348153,0.7763197336775085,0.4729312182691867,0.3033885154083218,27.874401889679753,21.113759612617837,6.7606422770619155,79.0,88.0,-9.0,607.0,695.0,-88.0,92.0,92.0,0.0,0.02113818678748091,82.858187
HIPC,medium,eager_b1,trace_0002,2,rp2040_hardware,True,True,True,,,159.609284345227,152.29860276591577,7.310681579311222,0.8539122860809868,0.5508044802226979,0.3031078058582889,26.971367404126163,19.842324814615637,7.129042589510526,75.0,83.0,-8.0,413.0,506.0,-93.0,92.0,94.0,-2.0,0.0458036110449476,79.424411
HIPC,medium,eager_b1,trace_0003,3,rp2040_hardware,True,True,True,,,181.51331812238166,167.27158915066906,14.241728971712604,1.3184875861195895,0.5556144996476562,0.7628730864719333,32.435916985779116,22.237020768993972,10.198896216785144,83.0,88.0,-5.0,507.0,578.0,-71.0,92.0,94.0,-2.0,0.0784610689674595,128.227087
HIPC,medium,eager_b1,trace_0004,4,agx_host_proxy,True,True,True,,,199.03983870608687,182.58437291070393,16.455465795382935,0.52856654379091,0.34605755781660735,0.1825089859743026,20.995054653574517,19.865038081954797,1.13001657161972,85.0,93.0,-8.0,705.0,678.0,27.0,92.0,92.0,0.0,0.08267423196459668,0.626055
HIPC,medium,eager_b1,trace_0005,5,agx_host_proxy,True,True,True,,,180.87526850987248,175.68867122527277,5.1865972845997135,0.38824585622744573,0.6123202080750767,-0.22407435184763097,18.83031553848878,18.407551446264854,0.4227640922239253,99.0,97.0,2.0,700.0,683.0,17.0,92.0,92.0,0.0,0.028674994250618736,0.569793
HIPC,medium,eager_b1,trace_0006,6,agx_host_proxy,True,True,True,,,174.1053712593637,175.27303082138206,-1.1676595620183718,0.4952527621796513,0.5416757370247678,-0.04642297484511648,20.075521447380762,22.42525912589292,-2.3497376785121595,89.0,93.0,-4.0,633.0,640.0,-7.0,92.0,95.0,-3.0,-0.006706625726548761,0.568269
HIPC,medium,eager_b1,trace_0007,7,agx_host_proxy,True,True,True,,,185.97890584478998,216.28567171150124,-30.30676586671126,0.5191572093489717,0.473918904117104,0.04523830523186767,22.584524885873687,21.65471166767682,0.9298132181968661,101.0,106.0,-5.0,537.0,830.0,-293.0,92.0,94.0,-2.0,-0.1629580824182501,0.46202000000000004
HIPC,medium,eager_b1,trace_0008,8,agx_host_proxy,True,True,True,,,125.14896055013882,135.85245814540332,-10.703497595264494,0.673319313692849,0.6700071182670329,0.003312195425816178,20.510463186332593,25.10939226260255,-4.5989290762699575,68.0,75.0,-7.0,355.0,381.0,-26.0,92.0,92.0,0.0,-0.0855260606897036,0.596777
HIPC,medium,eager_b1,trace_0009,9,agx_host_proxy,True,True,True,,,144.17975833290677,183.1931754351998,-39.01341710229303,0.48283010722087344,0.4225219157272913,0.06030819149358213,16.60146464956648,22.91763342521672,-6.31616877565024,70.0,91.0,-21.0,544.0,622.0,-78.0,94.0,92.0,2.0,-0.2705887258613114,0.421714
HIPC,medium,eager_b1,trace_0010,10,agx_host_proxy,True,True,True,,,158.36129443093796,162.76261322079498,-4.401318789857015,0.600195867212181,0.46424321389644424,0.13595265331573675,22.789380802263363,22.92025633163551,-0.13087552937214753,84.0,85.0,-1.0,557.0,534.0,23.0,93.0,96.0,-3.0,-0.02779289475798298,0.544035
HIPC,medium,eager_b1,trace_0011,11,agx_host_proxy,True,True,True,,,162.08399262399612,170.03268694258497,-7.948694318588849,0.6219825806523215,0.6423384992348614,-0.020355918582539934,20.531379091060828,20.25753074580977,0.27384834525105717,77.0,76.0,1.0,561.0,627.0,-66.0,92.0,92.0,0.0,-0.04904058809205361,0.564402
HIPC,medium,eager_b1,trace_0012,12,agx_host_proxy,True,True,True,,,171.61291374471037,171.60386874471035,0.009045000000014625,0.4857091870234043,0.4801770270234033,0.005532160000001007,17.7052277247193,17.695692984719297,0.009534740000002984,88.0,88.0,0.0,693.0,696.0,-3.0,92.0,92.0,0.0,5.270582383718439e-05,0.604935
HIPC,medium,eager_b1,trace_0013,13,agx_host_proxy,True,True,True,,,171.1190794754242,171.1112104754242,0.00786899999999946,0.5864960912566355,0.578689936718497,0.007806154538138488,20.334724913082205,20.0434006153217,0.2913242977605037,72.0,74.0,-2.0,709.0,705.0,4.0,92.0,92.0,0.0,4.5985520867236726e-05,0.752933
HIPC,medium,eager_b1,trace_0014,14,agx_host_proxy,True,True,True,,,169.95672788618936,157.41334429705188,12.543383589137477,0.503641606579613,0.4128480151757369,0.0907935914038761,18.673227025200156,16.242404279328003,2.4308227458721525,76.0,70.0,6.0,679.0,622.0,57.0,92.0,92.0,0.0,0.07380339540036973,0.538193
HIPC,medium,eager_b1,trace_0015,15,agx_host_proxy,True,True,True,,,181.63054328533732,179.4650662502362,2.1654770351011337,0.6927290931939998,0.5081027242130639,0.18462636898093587,28.279560309403113,25.006925265149892,3.272635044253221,95.0,85.0,10.0,472.0,534.0,-62.0,94.0,94.0,0.0,0.011922427780768238,0.47925700000000004
HIPC,medium,eager_b1,trace_0016,16,agx_host_proxy,True,True,True,,,146.13651874751858,149.35711960422606,-3.2206008567074775,0.4898847550614679,0.5450424923734307,-0.05515773731196283,19.639799976732515,17.47240724745369,2.167392729278827,72.0,73.0,-1.0,491.0,538.0,-47.0,94.0,92.0,2.0,-0.02203830284387532,0.498278
HIPC,medium,eager_b1,trace_0017,17,agx_host_proxy,True,True,True,,,187.85483221458202,189.5281882962537,-1.6733560816716704,0.4598493281496534,0.5056510366362831,-0.04580170848662968,20.99693286532999,21.606583336597996,-0.609650471268008,87.0,101.0,-14.0,617.0,574.0,43.0,94.0,92.0,2.0,-0.008907708478641828,0.5249140000000001
HIPC,medium,eager_b1,trace_0018,18,agx_host_proxy,True,True,True,,,177.19846882422922,177.19708582422925,0.0013829999999757092,0.337453971280246,0.362328591359286,-0.02487462007904001,16.0766331104439,16.060541115257134,0.016091995186766184,74.0,74.0,0.0,698.0,699.0,-1.0,92.0,92.0,0.0,7.804807847112756e-06,0.47725500000000004
HIPC,medium,eager_b1,trace_0019,19,agx_host_proxy,True,True,True,,,192.04456042822125,168.95839409987894,23.0861663283423,0.8790448907704146,0.7516650153836297,0.12737987538678486,21.088056288435325,20.25165327820022,0.8364030102351059,97.0,88.0,9.0,720.0,652.0,68.0,92.0,92.0,0.0,0.12021255002935118,0.6082650000000001
HIPC,medium,eager_b1,trace_0020,20,agx_host_proxy,True,True,True,,,185.76758889532255,176.25106953612894,9.516519359193609,0.4728327735547158,0.41362946789080707,0.059203305663908745,21.050908949687614,20.5793468045502,0.4715621451374119,88.0,82.0,6.0,636.0,604.0,32.0,92.0,94.0,-2.0,0.0512280932092844,0.545523
HIPC,medium,eager_b1,trace_0021,21,agx_host_proxy,True,True,True,,,163.76657487128165,165.71701073480577,-1.9504358635241204,0.5509129659268632,0.4768142811913417,0.0740986847355215,21.04834764833302,21.241395178513457,-0.1930475301804364,83.0,84.0,-1.0,521.0,594.0,-73.0,94.0,94.0,0.0,-0.01190985318620199,0.576755
HIPC,medium,eager_b1,trace_0022,22,agx_host_proxy,True,True,True,,,168.5250561237307,167.70209299944568,0.8229631242850246,0.5377937541842999,0.6255868513248113,-0.08779309714051142,21.25408899812601,19.065568069082254,2.188520929043758,90.0,90.0,0.0,593.0,662.0,-69.0,92.0,94.0,-2.0,0.004883327994151843,0.49062
HIPC,medium,eager_b1,trace_0023,23,agx_host_proxy,True,True,True,,,184.21428278183504,184.36090161690043,-0.14661883506539652,0.4396489617698491,0.5414141646886388,-0.10176520291878971,20.63641164904585,20.859915005441604,-0.22350335639575292,89.0,87.0,2.0,645.0,672.0,-27.0,94.0,92.0,2.0,-0.0007959145884417507,0.5090049999999999
HIPC,medium,eager_b1,trace_0024,24,agx_host_proxy,True,True,True,,,207.5509625100753,179.78586736955097,27.765095140524323,0.6127093048443605,0.6102519831275958,0.0024573217167647154,22.674490103366086,20.79416847083242,1.880321632533665,82.0,83.0,-1.0,873.0,721.0,152.0,92.0,92.0,0.0,0.13377483199663073,0.754378
HIPC,medium,eager_b1,trace_0025,25,agx_host_proxy,True,True,True,,,183.85627399300844,180.59961962847711,3.256654364531329,0.5487437469599185,0.441942605521906,0.10680114143801245,20.15530731331275,21.50802801572157,-1.3527207024088206,86.0,90.0,-4.0,700.0,658.0,42.0,92.0,94.0,-2.0,0.017713044509186402,0.62765
HIPC,medium,eager_b1,trace_0026,26,agx_host_proxy,True,True,True,,,178.71960127485855,178.71111227485855,0.008488999999997304,0.42151589327197764,0.4172468511394685,0.0042690421325091155,20.63366253977705,20.62472465977705,0.008937879999997733,93.0,93.0,0.0,639.0,638.0,1.0,95.0,95.0,0.0,4.749898690150837e-05,0.58407
HIPC,medium,eager_b1,trace_0027,27,agx_host_proxy,True,True,True,,,139.8046203937084,145.2563035107609,-5.451683117052482,0.7815869771967396,0.7728931006961868,0.008693876500552866,19.0585293726572,19.279282505573185,-0.2207531329159842,67.0,78.0,-11.0,537.0,570.0,-33.0,92.0,92.0,0.0,-0.03899501391084084,0.669947
HIPC,medium,eager_b1,trace_0028,28,agx_host_proxy,True,True,True,,,213.58127166909665,213.57868866909666,0.0025829999999871234,0.3132051609789307,0.3105118609789322,0.0026932999999985108,17.233191726718722,17.226768486718726,0.0064232399999966105,78.0,78.0,0.0,925.0,925.0,0.0,93.0,93.0,0.0,1.2093757003137373e-05,0.593687
HIPC,medium,eager_b1,trace_0029,29,agx_host_proxy,True,True,True,,,165.16904954608657,175.74672212299996,-10.577672576913386,0.4997419514132723,0.5284117335437735,-0.028669782130501142,24.781485823402114,27.18538453902738,-2.403898715625264,86.0,94.0,-8.0,505.0,537.0,-32.0,92.0,92.0,0.0,-0.06404149328208088,0.5293680000000001
HIPC,medium,eager_b1,trace_0030,30,agx_host_proxy,True,True,True,,,144.6559537499651,181.82834096390263,-37.172387213937526,0.8158456106263602,0.7039157958719019,0.11192981475445829,21.022817929281125,22.55422071494671,-1.531402785665584,81.0,101.0,-20.0,512.0,757.0,-245.0,92.0,92.0,0.0,-0.25697101467520134,0.55993
HIPC,medium,eager_b1,trace_0031,31,agx_host_proxy,True,True,True,,,136.56797880466482,144.49350570299896,-7.925526898334141,0.8409390987252062,0.628366934281478,0.21257216444372817,23.614384709146016,22.17132800412298,1.4430567050230358,72.0,78.0,-6.0,458.0,457.0,1.0,92.0,92.0,0.0,-0.05803356663621813,0.719243
HIPC,medium,eager_b1,trace_0032,32,agx_host_proxy,True,True,True,,,208.8381948588627,211.7050988129,-2.866903954037298,0.5020119237609698,0.4733270853695368,0.028684838391432987,22.1312558801149,25.260169280142826,-3.128913400027926,98.0,96.0,2.0,765.0,769.0,-4.0,92.0,92.0,0.0,-0.013727871742881193,0.60143
HIPC,medium,eager_b1,trace_0033,33,agx_host_proxy,True,True,True,,,141.370734833869,141.34152683386898,0.029208000000011225,0.5761608038940447,0.566980463894046,0.009180339999998677,20.535126148970644,20.508852125456034,0.026274023514609723,76.0,76.0,0.0,445.0,446.0,-1.0,92.0,92.0,0.0,0.00020660570261826,0.63364
HIPC,medium,eager_b1,trace_0034,34,agx_host_proxy,True,True,True,,,153.0519675032933,165.66260142630915,-12.610633923015854,0.6570461387649476,0.5816419430228951,0.07540419574205248,21.817174891494084,24.31333390479129,-2.4961590132972056,80.0,91.0,-11.0,499.0,552.0,-53.0,96.0,96.0,0.0,-0.08239445809636198,0.519426
HIPC,medium,eager_b1,trace_0035,35,agx_host_proxy,True,True,True,,,193.1688896993671,213.78718886060608,-20.61829916123898,0.5328557413692603,0.5876160324260686,-0.05476029105680835,21.435924815413394,21.501062961065745,-0.06513814565235165,93.0,105.0,-12.0,709.0,861.0,-152.0,92.0,92.0,0.0,-0.10673716245575404,0.58825
HIPC,medium,eager_b1,trace_0036,36,agx_host_proxy,True,True,True,,,183.91175597094932,167.96324204584772,15.948513925101594,0.4925888651017048,0.4138545778581385,0.07873428724356629,17.495647294984074,19.207140753994523,-1.7114934590104482,77.0,80.0,-3.0,788.0,623.0,165.0,92.0,92.0,0.0,0.08671829509159175,0.580232
HIPC,medium,eager_b1,trace_0037,37,agx_host_proxy,True,True,True,,,184.9282867506887,184.9060717506887,0.02221499999998855,0.7638679131895615,0.7596650131895593,0.00420290000000223,18.18447877230873,18.155310512308727,0.029168260000002277,100.0,100.0,0.0,738.0,689.0,49.0,92.0,92.0,0.0,0.00012012764726435675,0.638706
HIPC,medium,eager_b1,trace_0038,38,agx_host_proxy,True,True,True,,,146.26434618184493,141.3278559218709,4.936490259974022,0.4917367534279801,0.5355207774860279,-0.043784024058047766,19.962354905369256,19.051506780860137,0.9108481245091191,77.0,75.0,2.0,538.0,527.0,11.0,92.0,92.0,0.0,0.03375046885203774,0.603212
HIPC,medium,eager_b1,trace_0039,39,agx_host_proxy,True,True,True,,,142.39207022106655,140.4441828671439,1.9478873539226527,0.6481515509674177,0.7049852612385105,-0.05683371027109274,20.147092518755144,21.133666367694794,-0.9865738489396492,73.0,68.0,5.0,480.0,503.0,-23.0,93.0,92.0,1.0,0.013679746006210306,0.56114
HIPC,medium,eager_b1,trace_0040,40,agx_host_proxy,True,True,True,,,179.0172961739876,168.03094723280293,10.986348941184673,0.45502355936414124,0.47788012574603833,-0.022856566381897092,18.709318023276392,17.896914779962035,0.8124032433143569,81.0,76.0,5.0,660.0,602.0,58.0,92.0,92.0,0.0,0.06137032105829036,0.58527
HIPC,medium,eager_b1,trace_0041,41,agx_host_proxy,True,True,True,,,197.5622459753082,197.55821697530823,0.004028999999974303,0.6075476713633028,0.5973603432855819,0.010187328077720936,23.261962759499035,23.238260225136617,0.023702534362417538,94.0,94.0,0.0,732.0,734.0,-2.0,94.0,94.0,0.0,2.03935725678977e-05,0.591803
HIPC,medium,eager_b1,trace_0042,42,agx_host_proxy,True,True,True,,,185.24985015767592,187.0960645277763,-1.8462143701003697,0.42350870540124114,0.4216312378575431,0.0018774675436980526,20.97162886137582,23.617902877145443,-2.646274015769624,92.0,100.0,-8.0,614.0,627.0,-13.0,93.0,93.0,0.0,-0.00996607753544178,0.428857
HIPC,medium,eager_b1,trace_0043,43,agx_host_proxy,True,True,True,,,162.3946293725906,191.766519405582,-29.371890032991388,0.3933255661338875,0.3547287405671862,0.038596825566701354,24.966325149423394,25.6398809364935,-0.6735557870701072,84.0,100.0,-16.0,479.0,744.0,-265.0,93.0,178.0,-85.0,-0.1808673731789609,0.569176
HIPC,medium,eager_b1,trace_0044,44,agx_host_proxy,True,True,True,,,152.55251388458018,155.9054388543783,-3.3529249697981243,0.5644559343020232,0.5061269884863768,0.058328945815646405,21.910924494109345,21.581625322899747,0.3292991712095983,85.0,87.0,-2.0,494.0,544.0,-50.0,92.0,92.0,0.0,-0.021978824762828336,0.651796
HIPC,medium,eager_b1,trace_0045,45,agx_host_proxy,True,True,True,,,148.04657631049506,166.17836428824103,-18.131787977745972,0.6001367965332152,0.599825058222782,0.000311738310433185,23.02306609349402,23.880479645224263,-0.857413551730243,81.0,76.0,5.0,479.0,627.0,-148.0,92.0,92.0,0.0,-0.12247353792038085,0.606966
HIPC,medium,eager_b1,trace_0046,46,agx_host_proxy,True,True,True,,,152.9251839680431,152.8720729680431,0.05311099999997282,0.8498564843312142,0.829792472541351,0.020064011789863168,23.388810177320995,23.337702067169197,0.05110811015179806,83.0,83.0,0.0,535.0,535.0,0.0,92.0,92.0,0.0,0.00034730054672402075,0.842314
HIPC,medium,eager_b1,trace_0047,47,agx_host_proxy,True,True,True,,,199.70279318772046,211.9380322414503,-12.235239053729828,0.3020823338039656,0.36673619693158926,-0.06465386312762367,16.955490563602385,19.96116727302778,-3.005676709425394,87.0,85.0,2.0,815.0,798.0,17.0,92.0,93.0,-1.0,-0.061267240474842596,0.5069849999999999
HIPC,medium,eager_b1,trace_0048,48,agx_host_proxy,True,True,True,,,152.83512603841498,144.59567481899896,8.239451219416026,0.4543632191062637,0.4623689189312976,-0.008005699825033907,16.538574492511906,17.045126499969093,-0.5065520074571879,79.0,73.0,6.0,565.0,507.0,58.0,92.0,94.0,-2.0,0.053910716946999775,0.512888
HIPC,medium,eager_b1,trace_0049,49,agx_host_proxy,True,True,True,,,156.0301633487961,164.5311535073933,-8.500990158597205,0.5510487780712591,0.6137638670991847,-0.06271508902792566,21.340326215553148,19.637102954015806,1.7032232615373424,80.0,86.0,-6.0,494.0,583.0,-89.0,92.0,92.0,0.0,-0.05448299210963299,0.48103500000000005
PI,high,bounded_b4_w5,trace_0000,0,agx_host_proxy,True,True,True,,,97.98147965358922,102.25595093032062,-4.274471276731404,6.957840234575819,7.553921518564251,-0.5960812839884317,28.11939605771197,35.05394474984441,-6.9345486921324415,54.0,56.0,-2.0,284.0,242.0,42.0,56.0,54.0,2.0,-0.04362529828946938,0.7658919999999999
PI,high,bounded_b4_w5,trace_0001,1,agx_host_proxy,True,True,True,,,98.7708279812608,98.39508995089079,0.37573803037000175,3.943774625682658,3.8770680280463985,0.06670659763625952,32.29541063740294,32.109480341162694,0.18593029624024382,54.0,54.0,0.0,252.0,251.0,1.0,58.0,58.0,0.0,0.003804139724750392,0.8273119999999999
PI,high,bounded_b4_w5,trace_0002,2,agx_host_proxy,True,True,True,,,95.25914742417771,86.04568443831435,9.213462985863359,11.11881791123867,9.642190201229926,1.476627710008744,35.667922873580615,31.246639443448032,4.421283430132583,53.0,48.0,5.0,251.0,225.0,26.0,57.0,58.0,-1.0,0.09671998159753517,0.932427
PI,high,bounded_b4_w5,trace_0003,3,agx_host_proxy,True,True,True,,,89.04525009045575,110.99826609531445,-21.953016004858696,7.182537955383096,7.588340075380888,-0.4058021199977917,32.24022253962489,36.80146547978142,-4.561242940156532,49.0,62.0,-13.0,239.0,270.0,-31.0,57.0,58.0,-1.0,-0.246537754485028,0.8660530000000001
PI,high,bounded_b4_w5,trace_0004,4,agx_host_proxy,True,True,True,,,94.52556984447232,94.73327914977082,-0.20770930529850773,7.829608537211503,10.270998683070044,-2.4413901458585405,33.87259577219644,36.293393635108345,-2.420797862911904,53.0,53.0,0.0,245.0,219.0,26.0,57.0,58.0,-1.0,-0.0021973874967404303,0.916721
PI,high,bounded_b4_w5,trace_0005,5,agx_host_proxy,True,True,True,,,133.29303669806131,99.71518903367318,33.57784766438813,9.168991198649598,8.368200012055167,0.8007911865944308,41.28775453716885,33.92537264823041,7.362381888938444,74.0,55.0,19.0,307.0,252.0,55.0,60.0,57.0,3.0,0.2519099909206023,0.930034
PI,high,bounded_b4_w5,trace_0006,6,agx_host_proxy,True,True,True,,,118.9665451175714,117.44805424875547,1.518490868815931,7.239440953840198,11.882007924324917,-4.642566970484719,35.2372244540796,40.44948727728703,-5.212262823207425,67.0,64.0,3.0,331.0,343.0,-12.0,56.0,58.0,-2.0,0.012764015861057812,0.985967
PI,high,bounded_b4_w5,trace_0007,7,agx_host_proxy,True,True,True,,,95.15286695876767,100.53374679855673,-5.38087983978906,7.2161214964451945,7.160286723064982,0.055834773380212255,30.59152361958613,33.575221873242015,-2.9836982536558843,53.0,56.0,-3.0,237.0,227.0,10.0,56.0,56.0,0.0,-0.056549844600276115,0.826696
PI,high,bounded_b4_w5,trace_0008,8,agx_host_proxy,True,True,True,,,120.78908859140776,120.31413486069,0.4749537307177576,15.63794012524037,14.249177189053833,1.3887629361865361,43.77703899998108,43.53502607074458,0.24201292923650186,67.0,67.0,0.0,328.0,305.0,23.0,60.0,65.0,-5.0,0.003932091352426539,1.051134
PI,high,bounded_b4_w5,trace_0009,9,agx_host_proxy,True,True,True,,,107.02723938774679,110.81726986266136,-3.7900304749145732,8.12686396591125,8.529715208091341,-0.40285124218009116,32.33621801384719,31.9732545682792,0.36296344556798843,60.0,62.0,-2.0,299.0,320.0,-21.0,55.0,55.0,0.0,-0.035411830638588646,0.916066
PI,high,bounded_b4_w5,trace_0010,10,agx_host_proxy,True,True,True,,,107.88549084964886,129.3474582150803,-21.46196736543145,8.123693444744035,7.7719037920802565,0.35178965266377826,37.065341337939735,36.34987582097261,0.7154655169671216,60.0,72.0,-12.0,297.0,454.0,-157.0,58.0,58.0,0.0,-0.19893284255749671,0.938391
PI,high,bounded_b4_w5,trace_0011,11,agx_host_proxy,True,True,True,,,113.92481797469414,112.54255236157742,1.382265613116715,6.184017382762954,4.38432343370919,1.799693949053764,32.64158212599571,30.764326468831662,1.8772556571640493,64.0,62.0,2.0,311.0,359.0,-48.0,56.0,56.0,0.0,0.012133138658371652,0.833894
PI,high,bounded_b4_w5,trace_0012,12,agx_host_proxy,True,True,True,,,115.21992866410898,107.46588670189814,7.7540419622108345,7.525622809174407,6.850337373427252,0.6752854357471545,32.846452935938,29.142781455473244,3.7036714804647524,64.0,60.0,4.0,312.0,354.0,-42.0,58.0,58.0,0.0,0.06729775006904877,0.8741949999999999
PI,high,bounded_b4_w5,trace_0013,13,agx_host_proxy,True,True,True,,,136.42069809671636,87.27760594716848,49.14309214954788,9.11167253551818,9.279851477011395,-0.1681789414932151,34.83402477232671,29.11467485780478,5.719349914521928,76.0,48.0,28.0,446.0,249.0,197.0,55.0,55.0,0.0,0.36023193573388373,1.04163
PI,high,bounded_b4_w5,trace_0014,14,agx_host_proxy,True,True,True,,,99.62965190782519,104.8867699875449,-5.257118079719703,8.731981431473173,10.882522791280067,-2.150541359806894,33.29711806635575,37.83688079527193,-4.53976272891618,55.0,58.0,-3.0,230.0,237.0,-7.0,58.0,58.0,0.0,-0.05276660089692428,0.7833060000000001
PI,high,bounded_b4_w5,trace_0015,15,agx_host_proxy,True,True,True,,,107.3599472803486,93.87367302289915,13.486274257449452,10.491078097875624,9.747043317971757,0.7440347799038669,37.185596898509544,35.41482425578362,1.7707726427259232,59.0,52.0,7.0,262.0,222.0,40.0,56.0,58.0,-2.0,0.12561737034233816,0.930455
PI,high,bounded_b4_w5,trace_0016,16,agx_host_proxy,True,True,True,,,104.1770463194217,82.02740487964242,22.149641439779288,12.3776580938497,8.74142777254857,3.636230321301129,39.65549798519902,29.481645611179232,10.173852374019788,58.0,45.0,13.0,209.0,245.0,-36.0,58.0,57.0,1.0,0.21261537183407295,0.8775259999999999
PI,high,bounded_b4_w5,trace_0017,17,agx_host_proxy,True,True,True,,,116.50385563072143,100.30136493494405,16.202490695777385,9.157607472687703,9.565640610482502,-0.4080331377947992,35.17959327756585,34.685934743640665,0.4936585339251849,65.0,55.0,10.0,349.0,269.0,80.0,62.0,57.0,5.0,0.13907257067211495,0.974493
PI,high,bounded_b4_w5,trace_0018,18,agx_host_proxy,True,True,True,,,99.5517987919683,113.75488752088032,-14.203088728912022,7.3479801234124205,9.394521203681172,-2.046541080268752,28.5907361808082,36.67331399942193,-8.082577818613728,55.0,64.0,-9.0,323.0,310.0,13.0,56.0,57.0,-1.0,-0.1426703374651419,0.850303
PI,high,bounded_b4_w5,trace_0019,19,agx_host_proxy,True,True,True,,,121.00871731709586,104.1960534070425,16.81266391005336,8.540282176372529,9.940778247195716,-1.4004960708231877,33.99205017858097,32.23342114123754,1.7586290373434252,67.0,58.0,9.0,435.0,308.0,127.0,75.0,57.0,18.0,0.13893762600587536,1.0937759999999999
PI,high,bounded_b4_w5,trace_0020,20,agx_host_proxy,True,True,True,,,105.3916282746983,179.41468068150462,-74.02305240680631,11.517380810606271,11.478178427424673,0.039202383181597966,35.964314343991745,41.133836819987636,-5.16952247599589,59.0,101.0,-42.0,280.0,569.0,-289.0,60.0,61.0,-1.0,-0.7023617873505922,0.936887
PI,high,bounded_b4_w5,trace_0021,21,agx_host_proxy,True,True,True,,,114.72557688663652,99.77710496550313,14.94847192113339,10.249155992140038,9.994065243978756,0.2550907481612814,34.297584350710075,32.99995806181995,1.2976262888901218,64.0,55.0,9.0,331.0,253.0,78.0,56.0,57.0,-1.0,0.1302976400450301,0.944311
PI,high,bounded_b4_w5,trace_0022,22,agx_host_proxy,True,True,True,,,133.3874015784107,129.45355723498022,3.9338443434304793,16.641664612640184,8.373987831794318,8.267676780845866,44.90747709993848,30.732305838424843,14.17517126151364,73.0,72.0,1.0,415.0,446.0,-31.0,59.0,56.0,3.0,0.02949187327198964,1.032421
PI,high,bounded_b4_w5,trace_0023,23,agx_host_proxy,True,True,True,,,140.2445854253307,114.52722786206274,25.717357563267967,9.006663270157471,10.59741467419259,-1.5907514040351192,35.336693160363794,41.74056791040733,-6.403874750043535,77.0,64.0,13.0,514.0,283.0,231.0,57.0,63.0,-6.0,0.1833750478513871,1.16218
PI,high,bounded_b4_w5,trace_0024,24,agx_host_proxy,True,True,True,,,121.90249001918463,116.20132280369016,5.701167215494465,8.034049721194993,7.038722753179193,0.9953269680158003,35.64999730200464,35.91631230011345,-0.266314998108804,68.0,64.0,4.0,352.0,317.0,35.0,57.0,60.0,-3.0,0.046768258914130736,0.979975
PI,high,bounded_b4_w5,trace_0025,25,agx_host_proxy,True,True,True,,,125.4379622650083,119.21903373618022,6.218928528828073,8.166643482016168,8.630747918634032,-0.4641044366178644,34.28526088229405,32.95001317334188,1.335247708952167,69.0,66.0,3.0,463.0,362.0,101.0,58.0,56.0,2.0,0.049577722856255946,1.0891
PI,high,bounded_b4_w5,trace_0026,26,agx_host_proxy,True,True,True,,,116.99478105270178,103.68830338865136,13.30647766405042,8.360141029141419,12.53399919274678,-4.173858163605361,33.54310416035099,35.97910249258643,-2.4359983322354353,65.0,57.0,8.0,346.0,277.0,69.0,68.0,58.0,10.0,0.11373565166172966,0.9678450000000001
PI,high,bounded_b4_w5,trace_0027,27,agx_host_proxy,True,True,True,,,106.99136773644685,129.23268113327217,-22.24131339682532,7.240613270363714,8.462113295865478,-1.221500025501764,34.04316409799658,43.39727690434662,-9.354112806350038,60.0,72.0,-12.0,309.0,340.0,-31.0,57.0,59.0,-2.0,-0.2078795127809995,0.905827
PI,high,bounded_b4_w5,trace_0028,28,agx_host_proxy,True,True,True,,,114.66459347589637,120.05423868011734,-5.389645204220969,8.628365153041903,8.574486456726389,0.053878696315514674,37.02348757848738,37.56250352441463,-0.5390159459272539,63.0,66.0,-3.0,1188.0,450.0,738.0,967.0,204.0,763.0,-0.047003569635939324,2.014283
PI,high,bounded_b4_w5,trace_0029,29,agx_host_proxy,True,True,True,,,109.60579450180482,119.68052018718888,-10.074725685384053,6.274857783040978,6.197510384019339,0.07734739902163845,33.317936123594905,36.134317780967216,-2.816381657372311,60.0,66.0,-6.0,350.0,356.0,-6.0,55.0,56.0,-1.0,-0.09191781995812418,0.926299
PI,high,bounded_b4_w5,trace_0030,30,agx_host_proxy,True,True,True,,,118.4864469678187,98.95216331347446,19.534283654344236,13.077864292541374,12.513306988505141,0.5645573040362333,37.32148810078508,35.53931441817892,1.7821736826061638,66.0,56.0,10.0,384.0,274.0,110.0,59.0,59.0,0.0,0.16486513144958942,0.985747
PI,high,bounded_b4_w5,trace_0031,31,agx_host_proxy,True,True,True,,,85.9013192042891,93.35012359815148,-7.448804393862389,9.971932689196096,10.165956160889518,-0.1940234716934217,33.08711716098718,35.0022851735504,-1.9151680125632211,47.0,52.0,-5.0,254.0,256.0,-2.0,58.0,56.0,2.0,-0.08671350408656432,0.9801380000000001
PI,high,bounded_b4_w5,trace_0032,32,agx_host_proxy,True,True,True,,,111.90232389625197,108.13895881039059,3.7633650858613805,5.115591846989307,7.04247324789237,-1.9268814009030626,31.21878823705842,30.914011325060542,0.3047769119978767,61.0,60.0,1.0,325.0,346.0,-21.0,59.0,57.0,2.0,0.03363080367616413,0.812513
PI,high,bounded_b4_w5,trace_0033,33,agx_host_proxy,True,True,True,,,133.3088314208138,112.83205976554106,20.476771655272728,14.99587838632719,14.886817793237283,0.10906059308990734,46.19795811083313,45.03878244916362,1.159175661669508,74.0,63.0,11.0,394.0,288.0,106.0,59.0,58.0,1.0,0.15360401435546336,1.0171130000000002
PI,high,bounded_b4_w5,trace_0034,34,agx_host_proxy,True,True,True,,,106.56254261974543,124.54185225331668,-17.979309633571248,10.473979761353238,9.972554715369956,0.5014250459832823,36.185106404702715,37.53410034958505,-1.3489939448823378,59.0,69.0,-10.0,275.0,404.0,-129.0,57.0,57.0,0.0,-0.16872072673536023,0.904323
PI,high,bounded_b4_w5,trace_0035,35,agx_host_proxy,True,True,True,,,119.92503528289656,139.6325183604418,-19.707483077545234,7.523524023086751,7.474078067286238,0.04944595580051292,35.121002918729154,39.065382042511715,-3.9443791237825607,67.0,77.0,-10.0,314.0,358.0,-44.0,55.0,57.0,-2.0,-0.16433168463162312,0.919129
PI,high,bounded_b4_w5,trace_0036,36,agx_host_proxy,True,True,True,,,90.39688249927767,89.75392949927767,0.6429529999999914,10.461554807263903,10.294517700271872,0.16703710699203178,35.082156652605256,34.81562117260527,0.2665354799999875,50.0,50.0,0.0,228.0,220.0,8.0,56.0,56.0,0.0,0.0071125572279014055,0.9880519999999999
PI,high,bounded_b4_w5,trace_0037,37,agx_host_proxy,True,True,True,,,106.09005923111575,114.55337896076753,-8.463319729651786,8.053891685213511,7.240195136916941,0.8136965482965701,31.537169852666455,30.794616456796167,0.7425533958702886,58.0,64.0,-6.0,274.0,300.0,-26.0,58.0,58.0,0.0,-0.07977486100949911,0.8062900000000001
PI,high,bounded_b4_w5,trace_0038,38,agx_host_proxy,True,True,True,,,102.14359223514568,92.09088676135778,10.052705473787896,8.316637747293166,8.212789764730024,0.10384798256314198,33.965073299293124,33.323475033436594,0.6415982658565298,56.0,51.0,5.0,281.0,206.0,75.0,55.0,57.0,-2.0,0.09841738726640309,0.9529070000000001
PI,high,bounded_b4_w5,trace_0039,39,agx_host_proxy,True,True,True,,,102.58350266756221,94.2325273147716,8.350975352790613,12.806630614447363,12.736466397577964,0.070164216869399,36.81543593466475,36.3861792207133,0.42925671395144605,51.0,51.0,0.0,312.0,249.0,63.0,58.0,58.0,0.0,0.08140661154701694,1.0111169999999998
PI,high,bounded_b4_w5,trace_0040,40,agx_host_proxy,True,True,True,,,112.9841504483055,135.46928505102872,-22.48513460272322,8.465208898311785,10.949708065828029,-2.484499167516244,40.77195125195203,45.21063843688638,-4.438687184934345,61.0,75.0,-14.0,272.0,325.0,-53.0,60.0,56.0,4.0,-0.19901140570164322,0.914131
PI,high,bounded_b4_w5,trace_0041,41,agx_host_proxy,True,True,True,,,130.26438020748043,112.63576282313771,17.628617384342718,10.754077100393845,11.272982627366424,-0.5189055269725795,38.87190912231987,35.56437521875541,3.3075339035644618,72.0,62.0,10.0,320.0,306.0,14.0,57.0,59.0,-2.0,0.13532953026962927,0.943337
PI,high,bounded_b4_w5,trace_0042,42,agx_host_proxy,True,True,True,,,104.30314150855145,113.50182760508409,-9.19868609653264,6.476623500108088,9.271024683648465,-2.7944011835403764,32.729092834520515,37.53021653116054,-4.801123696640026,57.0,63.0,-6.0,264.0,262.0,2.0,60.0,60.0,0.0,-0.08819184123786408,0.79264
PI,high,bounded_b4_w5,trace_0043,43,agx_host_proxy,True,True,True,,,112.58439466519224,167.07041499284952,-54.486020327657286,10.739163512693338,10.782158727467529,-0.04299521477419077,37.66187095774397,41.53339546075865,-3.871524503014676,62.0,95.0,-33.0,307.0,536.0,-229.0,57.0,57.0,0.0,-0.4839571282475683,0.982566
PI,high,bounded_b4_w5,trace_0044,44,agx_host_proxy,True,True,True,,,91.75092480531711,91.84835680531711,-0.09743199999999774,9.510017380898963,9.443391020898963,0.06662636000000077,31.738869012161505,31.660708592161505,0.07816041999999968,51.0,51.0,0.0,244.0,247.0,-3.0,57.0,58.0,-1.0,-0.0010619184515767563,0.842417
PI,high,bounded_b4_w5,trace_0045,45,agx_host_proxy,True,True,True,,,100.76131276318034,122.81824527322334,-22.056932510042998,11.133848040182116,14.319425258482234,-3.185577218300118,36.92993937597828,45.935979237318925,-9.006039861340646,57.0,69.0,-12.0,251.0,290.0,-39.0,57.0,62.0,-5.0,-0.2189027902195308,0.992789
PI,high,bounded_b4_w5,trace_0046,46,agx_host_proxy,True,True,True,,,100.2303282042323,89.08162469723193,11.148703507000363,6.466158369611008,7.9230925733528865,-1.4569342037418789,31.20561273787513,30.1586530821427,1.0469596557324294,56.0,50.0,6.0,287.0,234.0,53.0,58.0,58.0,0.0,0.1112308390758078,0.871132
PI,high,bounded_b4_w5,trace_0047,47,agx_host_proxy,True,True,True,,,112.24917344089353,126.3069276543636,-14.057754213470076,10.165180386179461,7.43307822825505,2.7321021579244116,35.65019768900578,34.273779380596125,1.3764183084096544,61.0,70.0,-9.0,293.0,383.0,-90.0,57.0,57.0,0.0,-0.12523703990455123,0.9096850000000001
PI,high,bounded_b4_w5,trace_0048,48,agx_host_proxy,True,True,True,,,132.53903721034627,103.65030054418784,28.888736666158422,14.473895390762063,11.70015639187197,2.773738998890094,43.695529516702734,35.10824733882167,8.587282177881065,75.0,56.0,19.0,351.0,323.0,28.0,61.0,58.0,3.0,0.21796398460561103,0.992649
PI,high,bounded_b4_w5,trace_0049,49,agx_host_proxy,True,True,True,,,90.6924472289785,99.61879059832563,-8.926343369347137,6.28766426540399,6.900316002772887,-0.6126517373688971,29.480418455599754,34.48511324434355,-5.004694788743798,51.0,55.0,-4.0,237.0,263.0,-26.0,57.0,56.0,1.0,-0.09842433016290851,0.808653
PI,high,count_b2,trace_0000,0,agx_host_proxy,True,True,True,,,126.24462546199047,100.23227966389868,26.012345798091786,8.626189508172082,8.335381766120202,0.2908077420518804,35.30426810805557,33.57567474805799,1.728593359997575,70.0,55.0,15.0,422.0,272.0,150.0,68.0,68.0,0.0,0.20604715410972915,1.144155
PI,high,count_b2,trace_0001,1,agx_host_proxy,True,True,True,,,105.72287465081251,138.94828610301133,-33.22541145219881,8.258133066320715,6.962508512309232,1.295624554011483,36.85899384324862,39.561828883427424,-2.7028350401788046,59.0,79.0,-20.0,235.0,430.0,-195.0,70.0,70.0,0.0,-0.3142688993459323,0.966482
PI,high,count_b2,trace_0002,2,agx_host_proxy,True,True,True,,,90.1647011895392,114.88778694484837,-24.72308575530917,9.42049579140005,13.09932692690556,-3.6788311355055097,32.291560819291526,39.87929578255421,-7.587734963262683,50.0,64.0,-14.0,276.0,364.0,-88.0,70.0,71.0,-1.0,-0.27419916474117384,1.040549
PI,high,count_b2,trace_0003,3,agx_host_proxy,True,True,True,,,98.89523043986286,102.226364984948,-3.331134545085149,6.735379306320487,7.964883989538644,-1.229504683218157,32.21211820412825,35.0243812184694,-2.8122630143411484,55.0,55.0,0.0,295.0,283.0,12.0,68.0,70.0,-2.0,-0.03368347017615553,0.963674
PI,high,count_b2,trace_0004,4,agx_host_proxy,True,True,True,,,98.73984577922457,118.86794526236702,-20.12809948314245,8.902539955441492,6.0891797665427125,2.8133601888987796,35.31673440249474,32.7812696003082,2.5354648021865387,55.0,66.0,-11.0,248.0,404.0,-156.0,69.0,68.0,1.0,-0.20384981690317283,1.013919
PI,high,count_b2,trace_0005,5,agx_host_proxy,True,True,True,,,96.08316996938726,85.95916481878488,10.124005150602372,7.03705914789732,7.840125420372878,-0.803066272475558,28.439628545876737,29.11309838725596,-0.673469841379223,53.0,47.0,6.0,320.0,233.0,87.0,69.0,70.0,-1.0,0.10536710179137458,0.952593
PI,high,count_b2,trace_0006,6,agx_host_proxy,True,True,True,,,104.06426244635263,111.08153984754905,-7.017277401196424,7.201062601896887,8.631172831732954,-1.4301102298360666,36.042197470255346,35.54188374439092,0.500313725864423,57.0,62.0,-5.0,286.0,338.0,-52.0,68.0,66.0,2.0,-0.06743215428845212,1.0041309999999999
PI,high,count_b2,trace_0007,7,agx_host_proxy,True,True,True,,,123.74760159907211,100.64643726819055,23.10116433088156,10.265392340115625,9.42996704329958,0.8354252968160445,40.17693405742523,38.2335401901255,1.9433938672997257,69.0,57.0,12.0,391.0,257.0,134.0,68.0,67.0,1.0,0.18667969344348712,1.194512
PI,high,count_b2,trace_0008,8,agx_host_proxy,True,True,True,,,103.9040949788979,106.46786690413388,-2.563771925235983,14.000679117945857,12.556766465720536,1.4439126522253218,42.78372632881001,42.17169217379863,0.6120341550113793,57.0,59.0,-2.0,265.0,283.0,-18.0,70.0,69.0,1.0,-0.024674406968817397,1.179751
PI,high,count_b2,trace_0009,9,agx_host_proxy,True,True,True,,,93.06340342302265,92.80359942302266,0.2598039999999884,7.989705489444051,6.737177462755023,1.2525280266890286,28.62340975514816,28.496636056879794,0.12677369826836582,52.0,52.0,0.0,306.0,303.0,3.0,70.0,69.0,1.0,0.0027916881442540957,1.001282
PI,high,count_b2,trace_0010,10,agx_host_proxy,True,True,True,,,107.33618106060152,107.62299266041624,-0.28681159981472604,11.14423485049265,11.095226765546483,0.049008084946166264,37.2366162720385,37.568715970482316,-0.3320996984438125,59.0,59.0,0.0,310.0,321.0,-11.0,74.0,74.0,0.0,-0.0026720868674542605,1.173578
PI,high,count_b2,trace_0011,11,agx_host_proxy,True,True,True,,,97.5551218224754,125.02648150980396,-27.471359687328558,6.96942155507951,8.768846619457383,-1.799425064377873,35.25781958081409,41.697774139858254,-6.4399545590441605,53.0,69.0,-16.0,259.0,352.0,-93.0,68.0,68.0,0.0,-0.2815983330667065,0.998198
PI,high,count_b2,trace_0012,12,agx_host_proxy,True,True,True,,,96.02889369272422,97.37202971258651,-1.3431360198622855,6.32613606983997,5.080958922430972,1.2451771474089979,28.13316325819699,28.22366732759526,-0.09050406939826772,54.0,55.0,-1.0,315.0,295.0,20.0,68.0,69.0,-1.0,-0.013986790519112793,0.935523
PI,high,count_b2,trace_0013,13,agx_host_proxy,True,True,True,,,126.59988880784121,105.70832637786172,20.891562429979487,11.837400478865371,10.567141720191355,1.2702587586740162,35.57416218761318,32.018254776195725,3.555907411417458,70.0,58.0,12.0,466.0,357.0,109.0,69.0,69.0,0.0,0.16502038529978177,1.277622
PI,high,count_b2,trace_0014,14,agx_host_proxy,True,True,True,,,116.52144754820509,98.86678739701053,17.654660151194562,12.202178459394142,5.728809452343207,6.473369007050935,43.56963399048986,26.97550477847831,16.594129212011552,66.0,55.0,11.0,261.0,363.0,-102.0,72.0,67.0,5.0,0.15151425357885984,0.9621259999999999
PI,high,count_b2,trace_0015,15,agx_host_proxy,True,True,True,,,104.2203360066773,97.49348737272507,6.72684863395223,9.417393341901752,9.640738503163087,-0.22334516126133508,34.579933705328195,35.99986082138586,-1.4199271160576643,57.0,55.0,2.0,310.0,290.0,20.0,68.0,68.0,0.0,0.06454449190723437,1.141517
PI,high,count_b2,trace_0016,16,agx_host_proxy,True,True,True,,,112.86421181639544,107.86469153456136,4.99952028183408,12.490801964104982,11.272654082113872,1.2181478819911096,39.89370841589376,36.10064945420969,3.793058961684075,64.0,60.0,4.0,336.0,379.0,-43.0,69.0,71.0,-2.0,0.044296772213030376,1.1282240000000001
PI,high,count_b2,trace_0017,17,agx_host_proxy,True,True,True,,,105.32174004189858,130.54637278343534,-25.224632741536766,10.534937939219732,11.52688955792712,-0.9919516187073878,37.806709611083974,40.962540790134376,-3.155831179050402,59.0,73.0,-14.0,270.0,406.0,-136.0,70.0,70.0,0.0,-0.23950072161267014,1.128406
PI,high,count_b2,trace_0018,18,agx_host_proxy,True,True,True,,,91.78174507902227,114.01852112179084,-22.236776042768568,7.843924567603752,6.455548670521733,1.3883758970820193,30.332921753119827,32.22637931653721,-1.8934575634173854,51.0,63.0,-12.0,262.0,338.0,-76.0,67.0,69.0,-2.0,-0.24227885429311835,0.964422
PI,high,count_b2,trace_0019,19,agx_host_proxy,True,True,True,,,109.20741215579127,107.23500461445063,1.9724075413406439,8.409379932259267,9.591277772022071,-1.1818978397628044,34.43644383530833,36.35525232152688,-1.918808486218552,60.0,60.0,0.0,350.0,338.0,12.0,70.0,67.0,3.0,0.018061114190004612,1.1314870000000001
PI,high,count_b2,trace_0020,20,agx_host_proxy,True,True,True,,,111.71379887038718,118.40503215041326,-6.691233280026083,10.305282795322189,11.424420745638558,-1.1191379503163699,35.06877262840865,37.10007141000953,-2.0312987816008743,63.0,66.0,-3.0,359.0,382.0,-23.0,71.0,69.0,2.0,-0.059896211100916905,1.121075
PI,high,count_b2,trace_0021,21,agx_host_proxy,True,True,True,,,114.93083010962609,104.89430224811521,10.036527861510876,10.23466439095088,10.238715748750272,-0.004051357799392363,34.537482241513715,34.7009390568219,-0.16345681530818723,63.0,59.0,4.0,374.0,307.0,67.0,68.0,69.0,-1.0,0.08732668033405479,1.095145
PI,high,count_b2,trace_0022,22,agx_host_proxy,True,True,True,,,97.03199966450453,105.09423747959111,-8.06223781508659,7.660861165212531,6.696074018479128,0.9647871467334035,29.38098629555625,29.942937001437013,-0.5619507058807613,53.0,58.0,-5.0,330.0,341.0,-11.0,68.0,69.0,-1.0,-0.08308844343064542,0.996912
PI,high,count_b2,trace_0023,23,agx_host_proxy,True,True,True,,,106.98906147999507,116.67287505272478,-9.683813572729704,7.38965180839802,8.430902349579029,-1.0412505411810082,31.86412724157174,36.59155547058047,-4.727428229008726,59.0,64.0,-5.0,345.0,370.0,-25.0,70.0,77.0,-7.0,-0.09051218357065777,0.9559529999999999
PI,high,count_b2,trace_0024,24,agx_host_proxy,True,True,True,,,111.98126783115607,82.6956904958921,29.28557733526398,9.816621837926213,7.0158656575682965,2.800756180357917,35.56996529845327,28.823863179675712,6.746102118777557,61.0,45.0,16.0,410.0,287.0,123.0,68.0,67.0,1.0,0.2615221090318463,1.230103
PI,high,count_b2,trace_0025,25,agx_host_proxy,True,True,True,,,109.47093471993895,103.09670856636049,6.374226153578462,8.396660346311325,6.590092606484867,1.8065677398264581,39.2755501166106,33.523430548510824,5.752119568099779,60.0,57.0,3.0,314.0,312.0,2.0,72.0,72.0,0.0,0.05822756670421912,1.1105209999999999
PI,high,count_b2,trace_0026,26,agx_host_proxy,True,True,True,,,120.30450690126928,113.2323571973794,7.0721497038898775,10.539739609107093,12.913333035191046,-2.3735934260839535,37.49146164471809,41.572165994374906,-4.080704349656813,66.0,63.0,3.0,425.0,345.0,80.0,67.0,108.0,-41.0,0.05878540950833873,1.1107420000000001
PI,high,count_b2,trace_0027,27,agx_host_proxy,True,True,True,,,122.52321695240627,94.94472812350789,27.578488828898386,8.929740346209982,7.316660090820228,1.6130802553897539,37.90661153819812,34.03202448809568,3.8745870501024413,68.0,52.0,16.0,398.0,265.0,133.0,70.0,68.0,2.0,0.2250878610183012,1.187196
PI,high,count_b2,trace_0028,28,agx_host_proxy,True,True,True,,,112.63305138153112,112.40032138153113,0.23272999999998945,7.140470674166377,7.098443118402351,0.04202755576402595,33.03906911563162,32.94170196629497,0.09736714933664814,63.0,63.0,0.0,350.0,351.0,-1.0,66.0,66.0,0.0,0.002066267380181721,1.010243
PI,high,count_b2,trace_0029,29,agx_host_proxy,True,True,True,,,118.3473154195612,99.22068059915918,19.126634820402018,5.545189008966394,5.444909366755344,0.10027964221105012,34.71294099697373,33.63968633856362,1.0732546584101073,65.0,54.0,11.0,395.0,301.0,94.0,67.0,66.0,1.0,0.1616144375780293,1.1926619999999999
PI,high,count_b2,trace_0030,30,agx_host_proxy,True,True,True,,,119.64955321968785,104.9701819700402,14.679371249647645,16.061572018842657,14.928357162058422,1.1332148567842353,40.716840976459864,38.00244904171325,2.714391934746615,66.0,58.0,8.0,386.0,303.0,83.0,70.0,70.0,0.0,0.12268638582122356,1.049274
PI,high,count_b2,trace_0031,31,agx_host_proxy,True,True,True,,,96.95407920050198,98.07020241842201,-1.116123217920034,10.728167136474523,10.258264962354705,0.4699021741198184,34.463161029583866,30.7802697128351,3.6828913167487656,54.0,55.0,-1.0,304.0,367.0,-63.0,69.0,69.0,0.0,-0.011511874767144973,1.061586
PI,high,count_b2,trace_0032,32,agx_host_proxy,True,True,True,,,101.37803790241773,84.29443090332397,17.08360699909376,4.8369070954485265,4.863429984961832,-0.026522889513305614,35.09512146644476,30.592597407221092,4.502524059223667,56.0,46.0,10.0,305.0,249.0,56.0,69.0,69.0,0.0,0.1685138847877262,0.956116
PI,high,count_b2,trace_0033,33,agx_host_proxy,True,True,True,,,114.06622212021135,98.03905292109432,16.027169199117026,13.78606314324669,11.054367182298336,2.731695960948354,42.1463205698792,37.6212074109175,4.525113158961702,62.0,54.0,8.0,353.0,279.0,74.0,72.0,68.0,4.0,0.14050758323727439,1.313351
PI,high,count_b2,trace_0034,34,agx_host_proxy,True,True,True,,,97.52440072067279,106.93383566149332,-9.409434940820532,7.3189506699692695,8.926627080338438,-1.6076764103691685,32.958871355784446,34.07905890759116,-1.1201875518067155,53.0,59.0,-6.0,282.0,338.0,-56.0,69.0,69.0,0.0,-0.09648287886198681,1.019674
PI,high,count_b2,trace_0035,35,agx_host_proxy,True,True,True,,,122.51948823506511,124.3195401648149,-1.8000519297497846,6.462265906055452,7.819470540220283,-1.3572046341648303,39.82290553462608,33.73815477872044,6.084750755905638,67.0,70.0,-3.0,337.0,435.0,-98.0,69.0,69.0,0.0,-0.014691964157540524,1.042554
PI,high,count_b2,trace_0036,36,agx_host_proxy,True,True,True,,,111.08936899359674,114.23441546440405,-3.1450464708073156,16.995247321826838,16.37358869522114,0.6216586266056972,47.44674011269349,45.34757726009907,2.099162852594418,62.0,63.0,-1.0,279.0,305.0,-26.0,70.0,76.0,-6.0,-0.02831095809886721,1.276291
PI,high,count_b2,trace_0037,37,agx_host_proxy,True,True,True,,,99.71743044258984,130.6436899262288,-30.926259483638958,8.168402512291136,8.783842701196837,-0.6154401889057013,32.77586069778533,37.55938828665085,-4.7835275888655175,55.0,73.0,-18.0,284.0,400.0,-116.0,69.0,70.0,-1.0,-0.31013895310353073,0.9012709999999999
PI,high,count_b2,trace_0038,38,agx_host_proxy,True,True,True,,,93.84272787721606,101.96899434646323,-8.12626646924717,7.617215759865271,8.777816276395164,-1.1606005165298932,32.99645481502769,31.98998061210365,1.0064742029240392,53.0,57.0,-4.0,276.0,300.0,-24.0,70.0,73.0,-3.0,-0.086594525255911,1.1518190000000001
PI,high,count_b2,trace_0039,39,agx_host_proxy,True,True,True,,,115.36562689269815,95.26635131892456,20.099275573773582,12.7835190010864,9.793105838498603,2.9904131625877977,38.673014181404014,32.66992380576409,6.003090375639921,64.0,53.0,11.0,355.0,285.0,70.0,69.0,70.0,-1.0,0.17422239288369634,1.087669
PI,high,count_b2,trace_0040,40,agx_host_proxy,True,True,True,,,100.44808745739093,96.30744663336549,4.140640824025439,5.866343545731346,5.972278360662219,-0.10593481493087342,35.35108319754481,35.49552229232993,-0.1444390947851204,55.0,53.0,2.0,308.0,266.0,42.0,69.0,68.0,1.0,0.04122169897741316,1.046224
PI,high,count_b2,trace_0041,41,agx_host_proxy,True,True,True,,,102.88795544112811,86.76934755367368,16.11860788745443,10.46455386910034,9.106767698796638,1.3577861703037026,35.687944804349264,29.391689450465556,6.2962553538837085,58.0,48.0,10.0,317.0,244.0,73.0,70.0,66.0,4.0,0.15666175713519162,1.1045340000000001
PI,high,count_b2,trace_0042,42,agx_host_proxy,True,True,True,,,90.2982183005441,97.69396612325613,-7.395747822712039,7.856714484419684,9.445804896945718,-1.5890904125260343,31.955127361227884,30.0868946077375,1.8682327534903855,49.0,55.0,-6.0,249.0,286.0,-37.0,68.0,68.0,0.0,-0.08190358527447796,0.9125770000000001
PI,high,count_b2,trace_0043,43,agx_host_proxy,True,True,True,,,109.20662368869824,102.61528644324683,6.591337245451413,8.039954247710973,7.99166368082962,0.048290566881353136,33.29638578821985,35.74243482015688,-2.4460490319370294,60.0,56.0,4.0,330.0,286.0,44.0,68.0,70.0,-2.0,0.06035657016776308,0.998794
PI,high,count_b2,trace_0044,44,agx_host_proxy,True,True,True,,,96.49849617795873,96.30997536350401,0.18852081445471924,9.918736729524422,9.819766352292941,0.09897037723148117,34.138139694649524,33.980953321882225,0.15718637276729908,53.0,53.0,0.0,273.0,272.0,1.0,68.0,68.0,0.0,0.0019536140139122644,0.92959
PI,high,count_b2,trace_0045,45,agx_host_proxy,True,True,True,,,115.63127830673942,119.6254453835426,-3.99416707680318,12.595041083396818,14.677853891197126,-2.082812807800307,40.61187435847157,44.466654360836586,-3.8547800023650183,65.0,66.0,-1.0,300.0,352.0,-52.0,72.0,69.0,3.0,-0.03454227208496047,1.1158819999999998
PI,high,count_b2,trace_0046,46,agx_host_proxy,True,True,True,,,89.94604729207173,114.48465587055223,-24.538608578480506,6.533612573863614,7.790243558321957,-1.2566309844583428,31.72716572608927,34.87480601459339,-3.1476402885041175,50.0,64.0,-14.0,256.0,340.0,-84.0,69.0,69.0,0.0,-0.2728147519234395,0.892742
PI,high,count_b2,trace_0047,47,agx_host_proxy,True,True,True,,,133.3208152326113,108.60677686139631,24.714038371214983,3.903923145405651,3.712309630066622,0.19161351533902904,37.86254396499955,35.373973943384364,2.488570021615189,74.0,60.0,14.0,401.0,306.0,95.0,69.0,69.0,0.0,0.18537269163930029,1.1191250000000001
PI,high,count_b2,trace_0048,48,agx_host_proxy,True,True,True,,,113.05349165339801,129.13208946511358,-16.078597811715568,12.453038118798823,10.400317150775813,2.05272096802301,45.21087784687881,39.341541864990866,5.869335981887943,62.0,71.0,-9.0,289.0,476.0,-187.0,73.0,70.0,3.0,-0.1422211519216912,1.10627
PI,high,count_b2,trace_0049,49,agx_host_proxy,True,True,True,,,100.35083133619484,88.16049429129897,12.19033704489587,7.081993366063824,6.135431368497378,0.9465619975664463,34.959423716407564,32.00615662323925,2.9532670931683143,55.0,48.0,7.0,439.0,234.0,205.0,209.0,68.0,141.0,0.12147719039871094,1.1145850000000002
PI,high,count_b4,trace_0000,0,rp2040_hardware,True,True,True,,,124.367212108277,102.25595093032062,22.11126117795638,13.41823236314779,7.553921518564251,5.86431084458354,43.68455312231171,35.05394474984441,8.6306083724673,60.0,56.0,4.0,331.0,242.0,89.0,58.0,54.0,4.0,0.17779011688953675,60.071316
PI,high,count_b4,trace_0001,1,rp2040_hardware,True,True,True,,,108.11782959360464,98.39508995089079,9.722739642713847,13.117764367383584,3.8770680280463985,9.240696339337186,47.548720681785944,32.109480341162694,15.43924034062325,49.0,54.0,-5.0,201.0,251.0,-50.0,60.0,58.0,2.0,0.08992725509992076,72.05746699999999
PI,high,count_b4,trace_0002,2,rp2040_hardware,True,True,True,,,114.17024975034005,86.04568443831435,28.124565312025695,15.362617014558968,9.642190201229926,5.720426813329041,49.53994157537083,31.246639443448032,18.2933021319228,52.0,48.0,4.0,261.0,225.0,36.0,58.0,58.0,0.0,0.24633882621371708,66.564847
PI,high,count_b4,trace_0003,3,rp2040_hardware,True,True,True,,,120.46028554058724,110.99826609531445,9.462019445272787,15.51737788639677,7.588340075380888,7.929037811015883,43.364763704740305,36.80146547978142,6.563298224958885,57.0,62.0,-5.0,265.0,270.0,-5.0,57.0,58.0,-1.0,0.07854887113051634,68.707643
PI,high,count_b4,trace_0004,4,agx_host_proxy,True,True,True,,,126.28884401337854,118.7982955324476,7.49054848093094,7.038154670808468,7.520581182692145,-0.482426511883677,38.21233708241028,37.19360832348813,1.0187287589221512,70.0,67.0,3.0,323.0,314.0,9.0,61.0,58.0,3.0,0.059312827981364856,1.066309
PI,high,count_b4,trace_0005,5,agx_host_proxy,True,True,True,,,133.29275669806134,99.71518903367318,33.577567664388155,9.168167038649605,8.368200012055167,0.7999670265944374,41.28681705716886,33.92537264823041,7.361444408938453,74.0,55.0,19.0,307.0,252.0,55.0,60.0,57.0,3.0,0.2519084194533469,0.921798
PI,high,count_b4,trace_0006,6,agx_host_proxy,True,True,True,,,104.41533376632597,117.44805424875547,-13.032720482429497,11.076210533574997,11.882007924324917,-0.8057973907499196,39.2429069807179,40.44948727728703,-1.206580296569129,57.0,64.0,-7.0,258.0,343.0,-85.0,58.0,58.0,0.0,-0.12481615498731048,0.972357
PI,high,count_b4,trace_0007,7,agx_host_proxy,True,True,True,,,95.15574995876766,100.53374679855673,-5.377996839789077,7.21721959644519,7.160286723064982,0.056932873380207916,30.592297639586125,33.575221873242015,-2.98292423365589,53.0,56.0,-3.0,237.0,227.0,10.0,56.0,56.0,0.0,-0.05651783357410813,0.829196
PI,high,count_b4,trace_0008,8,agx_host_proxy,True,True,True,,,120.78798359140775,120.31413486069,0.4738487307177479,15.638216725240374,14.249177189053833,1.3890395361865409,43.77627153998108,43.53502607074458,0.24124546923650314,67.0,67.0,0.0,328.0,305.0,23.0,60.0,65.0,-5.0,0.003922979063220782,1.050548
PI,high,count_b4,trace_0009,9,agx_host_proxy,True,True,True,,,107.0259153877468,110.81726986266136,-3.791354474914556,8.126435405911252,8.529715208091341,-0.40327980218008896,32.33531343384718,31.9732545682792,0.3620588655679846,60.0,62.0,-2.0,299.0,320.0,-21.0,55.0,55.0,0.0,-0.035424639548082955,0.913722
PI,high,count_b4,trace_0010,10,agx_host_proxy,True,True,True,,,107.88590284964884,129.3474582150803,-21.461555365431465,8.122068144744034,7.7719037920802565,0.35016435266377766,37.06396029793974,36.34987582097261,0.7140844769671233,60.0,72.0,-12.0,297.0,454.0,-157.0,58.0,58.0,0.0,-0.1989282640137012,0.920709
PI,high,count_b4,trace_0011,11,agx_host_proxy,True,True,True,,,113.92026897469415,112.54255236157742,1.377716613116732,6.18122938276295,4.38432343370919,1.7969059490537607,32.63800708599571,30.764326468831662,1.873680617164048,64.0,62.0,2.0,311.0,359.0,-48.0,56.0,56.0,0.0,0.012093691715411707,0.801121
PI,high,count_b4,trace_0012,12,agx_host_proxy,True,True,True,,,115.313350664109,107.46588670189814,7.847463962210853,7.527730989174405,6.850337373427252,0.6773936157471523,32.866524555938,29.142781455473244,3.7237431004647554,64.0,60.0,4.0,315.0,354.0,-39.0,56.0,58.0,-2.0,0.06805338598710373,0.8786660000000001
PI,high,count_b4,trace_0013,13,agx_host_proxy,True,True,True,,,96.31468874068328,87.27760594716848,9.037082793514799,9.111948535518179,9.279851477011395,-0.1679029414932156,33.280413136978545,29.11467485780478,4.165738279173766,52.0,48.0,4.0,208.0,249.0,-41.0,55.0,55.0,0.0,0.09382870787078128,0.8217450000000001
PI,high,count_b4,trace_0014,14,agx_host_proxy,True,True,True,,,124.27923736964392,104.8867699875449,19.392467382099028,8.044050301997803,10.882522791280067,-2.838472489282264,34.491678319419776,37.83688079527193,-3.3452024758521546,70.0,58.0,12.0,355.0,237.0,118.0,55.0,58.0,-3.0,0.15603947845624433,0.85915
PI,high,count_b4,trace_0015,15,agx_host_proxy,True,True,True,,,108.27734258311573,93.87367302289915,14.40366956021657,10.492397861158587,9.747043317971757,0.7453545431868296,43.47555887379091,35.41482425578362,8.060734618007288,57.0,52.0,5.0,320.0,222.0,98.0,139.0,58.0,81.0,0.13302570248397114,1.025008
PI,high,count_b4,trace_0016,16,agx_host_proxy,True,True,True,,,104.17693831942171,82.02740487964242,22.14953343977929,12.377953553849698,8.74142777254857,3.6365257813011276,39.655345745199014,29.481645611179232,10.173700134019782,58.0,45.0,13.0,209.0,245.0,-36.0,58.0,57.0,1.0,0.2126145555541821,0.879704
PI,high,count_b4,trace_0017,17,agx_host_proxy,True,True,True,,,116.50427363072141,100.30136493494405,16.202908695777367,9.157639872687703,9.565640610482502,-0.40800073779479895,35.17974401756585,34.685934743640665,0.49380927392518714,65.0,55.0,10.0,349.0,269.0,80.0,62.0,57.0,5.0,0.1390756595516404,0.977986
PI,high,count_b4,trace_0018,18,agx_host_proxy,True,True,True,,,99.55011479196831,113.75488752088032,-14.204772728912005,7.348241323412418,9.394521203681172,-2.046279880268754,28.590288320808195,36.67331399942193,-8.083025678613733,55.0,64.0,-9.0,323.0,310.0,13.0,56.0,57.0,-1.0,-0.14268966699431715,0.839071
PI,high,count_b4,trace_0019,19,agx_host_proxy,True,True,True,,,121.01141131709586,104.1960534070425,16.815357910053365,8.541215736372527,9.940778247195716,-1.3995625108231895,33.99398321858097,32.23342114123754,1.7605620773434296,67.0,58.0,9.0,435.0,308.0,127.0,75.0,57.0,18.0,0.13895679528925367,1.106609
PI,high,count_b4,trace_0020,20,agx_host_proxy,True,True,True,,,105.39077827469832,179.41468068150462,-74.0239024068063,11.515589050606273,11.478178427424673,0.037410623181600045,35.96189804399175,41.133836819987636,-5.1719387759958835,59.0,101.0,-42.0,280.0,569.0,-289.0,60.0,61.0,-1.0,-0.702375517275951,0.9191729999999999
PI,high,count_b4,trace_0021,21,agx_host_proxy,True,True,True,,,114.72397588663654,99.77710496550313,14.94687092113341,10.248273352140036,9.994065243978756,0.25420810816127926,34.296787490710074,32.99995806181995,1.2968294288901205,64.0,55.0,9.0,331.0,253.0,78.0,56.0,57.0,-1.0,0.1302855031445478,0.939229
PI,high,count_b4,trace_0022,22,agx_host_proxy,True,True,True,,,133.3855105784107,129.45355723498022,3.9319533434304788,16.640792952640187,8.373987831794318,8.266805120845868,44.90600371993848,30.732305838424843,14.17369788151364,73.0,72.0,1.0,415.0,446.0,-31.0,59.0,56.0,3.0,0.02947811442472291,1.0163309999999999
PI,high,count_b4,trace_0023,23,agx_host_proxy,True,True,True,,,140.2399564253307,114.52722786206274,25.712728563267945,9.003701710157472,10.59741467419259,-1.5937129640351184,35.3330413603638,41.74056791040733,-6.407526550043528,77.0,64.0,13.0,514.0,283.0,231.0,57.0,63.0,-6.0,0.18334809293069354,1.128943
PI,high,count_b4,trace_0024,24,agx_host_proxy,True,True,True,,,100.03556635153055,116.20132280369016,-16.165756452159613,8.935573612923033,7.038722753179193,1.8968508597438403,34.66274443756577,35.91631230011345,-1.2535678625476763,56.0,64.0,-8.0,310.0,317.0,-7.0,57.0,60.0,-3.0,-0.16160008926577418,0.892601
PI,high,count_b4,trace_0025,25,agx_host_proxy,True,True,True,,,125.43629226500832,119.21903373618022,6.217258528828097,8.166085322016167,8.630747918634032,-0.464662596617865,34.28407374229405,32.95001317334188,1.334060568952168,69.0,66.0,3.0,463.0,362.0,101.0,58.0,56.0,2.0,0.04956506937954561,1.078065
PI,high,count_b4,trace_0026,26,agx_host_proxy,True,True,True,,,135.90425860139544,103.68830338865136,32.21595521274408,10.219836507580483,12.53399919274678,-2.3141626851662966,41.5203314803986,35.97910249258643,5.541228987812175,75.0,57.0,18.0,422.0,277.0,145.0,58.0,58.0,0.0,0.23704890151553565,1.019962
PI,high,count_b4,trace_0027,27,agx_host_proxy,True,True,True,,,88.89178527044649,129.23268113327217,-40.340895862825676,10.159021144469207,8.462113295865478,1.696907848603729,33.62383377941063,43.39727690434662,-9.773443124935987,49.0,72.0,-23.0,192.0,340.0,-148.0,54.0,59.0,-5.0,-0.4538202910436726,0.788563
PI,high,count_b4,trace_0028,28,agx_host_proxy,True,True,True,,,124.20234032956276,117.54757317871136,6.654767150851399,9.890878487145716,9.468918570429004,0.4219599167167125,37.57036983684707,35.506130166371754,2.0642396704753168,62.0,65.0,-3.0,301.0,304.0,-3.0,58.0,56.0,2.0,0.05358004634367928,0.861751
PI,high,count_b4,trace_0029,29,agx_host_proxy,True,True,True,,,109.60734250180482,119.68052018718888,-10.073177685384053,6.277208043839613,6.197510384019339,0.07969765982027344,33.32089870359491,36.134317780967216,-2.813419077372309,60.0,66.0,-6.0,350.0,356.0,-6.0,55.0,56.0,-1.0,-0.09190239864832217,0.957267
PI,high,count_b4,trace_0030,30,agx_host_proxy,True,True,True,,,118.48955196781868,98.95216331347446,19.537388654344227,13.080929232541374,12.513306988505141,0.5676222440362331,37.325877880785086,35.53931441817892,1.7865634626061677,66.0,56.0,10.0,384.0,274.0,110.0,59.0,59.0,0.0,0.16488701602695321,1.007442
PI,high,count_b4,trace_0031,31,agx_host_proxy,True,True,True,,,88.59476583251069,93.35012359815148,-4.755357765640795,9.959189029960553,10.165956160889518,-0.2067671309289647,33.30004955471599,35.0022851735504,-1.7022356188344077,48.0,52.0,-4.0,266.0,256.0,10.0,58.0,56.0,2.0,-0.053675380491787154,0.979171
PI,high,count_b4,trace_0032,32,agx_host_proxy,True,True,True,,,108.813716419904,108.13895881039059,0.6747576095134065,5.114735666989306,7.04247324789237,-1.927737580903064,31.112845984869193,30.914011325060542,0.19883465980865012,59.0,60.0,-1.0,297.0,346.0,-49.0,59.0,57.0,2.0,0.006201034499268156,0.7802450000000001
PI,high,count_b4,trace_0033,33,agx_host_proxy,True,True,True,,,133.3071914208138,112.83205976554106,20.475131655272747,14.994492966327192,14.886817793237283,0.10767517308990904,46.196512610833125,45.03878244916362,1.1577301616695053,74.0,63.0,11.0,394.0,288.0,106.0,59.0,58.0,1.0,0.15359360164327848,1.0068970000000002
PI,high,count_b4,trace_0034,34,agx_host_proxy,True,True,True,,,106.56166161974546,124.54185225331668,-17.980190633571212,10.466440198803912,9.965130192820627,0.5013100059832851,36.18474688470272,37.53410034958505,-1.3493534648823342,59.0,69.0,-10.0,272.0,404.0,-132.0,57.0,57.0,0.0,-0.16873038915000882,0.900242
PI,high,count_b4,trace_0035,35,agx_host_proxy,True,True,True,,,119.92186628289657,139.6325183604418,-19.71065207754522,7.590549090983771,7.474078067286238,0.1164710236975326,35.84727565025329,39.065382042511715,-3.218106392258427,67.0,77.0,-10.0,295.0,358.0,-63.0,57.0,57.0,0.0,-0.16436245272440678,0.922775
PI,high,count_b4,trace_0036,36,agx_host_proxy,True,True,True,,,90.39324649927768,89.75392949927767,0.6393170000000055,10.461463807263906,10.294517700271872,0.16694610699203416,35.080919712605265,34.81562117260527,0.2652985399999963,50.0,50.0,0.0,228.0,220.0,8.0,56.0,56.0,0.0,0.007072619081173439,0.980518
PI,high,count_b4,trace_0037,37,agx_host_proxy,True,True,True,,,93.873559135787,104.66327014622003,-10.789711010433024,8.960999168794707,8.913790157831341,0.04720901096336583,33.46616023649346,33.822099291376965,-0.35593905488350686,51.0,57.0,-6.0,201.0,279.0,-78.0,57.0,57.0,0.0,-0.11493876560944954,0.815399
PI,high,count_b4,trace_0038,38,agx_host_proxy,True,True,True,,,102.36398982338441,92.09088676135778,10.273103062026635,8.330428347293166,8.212789764730024,0.11763858256314208,34.0153358439846,33.323475033436594,0.6918608105480075,56.0,51.0,5.0,282.0,206.0,76.0,55.0,57.0,-2.0,0.10035856437162641,0.960879
PI,high,count_b4,trace_0039,39,agx_host_proxy,True,True,True,,,106.24718805996513,94.2325273147716,12.014660745193524,13.464473975148168,12.736466397577964,0.7280075775702048,37.27564779641787,36.3861792207133,0.8894685757045693,59.0,51.0,8.0,298.0,249.0,49.0,58.0,58.0,0.0,0.11308215270989137,0.966657
PI,high,count_b4,trace_0040,40,agx_host_proxy,True,True,True,,,112.42141516856991,135.46928505102872,-23.047869882458812,9.398474514607674,10.949708065828029,-1.5512335512203546,37.50741812574362,45.21063843688638,-7.703220311142758,63.0,75.0,-12.0,243.0,325.0,-82.0,56.0,56.0,0.0,-0.20501316273149348,0.819613
PI,high,count_b4,trace_0041,41,agx_host_proxy,True,True,True,,,130.26479820748042,112.63576282313771,17.629035384342714,10.754554060393843,11.272982627366424,-0.518428566972581,38.872663262319875,35.56437521875541,3.308288043564467,72.0,62.0,10.0,320.0,306.0,14.0,57.0,59.0,-2.0,0.13533230486615355,0.955904
PI,high,count_b4,trace_0042,42,agx_host_proxy,True,True,True,,,104.30240250855147,113.50182760508409,-9.199425096532622,6.47599654010809,9.271024683648465,-2.7950281435403745,32.72816025452052,37.53021653116054,-4.802056276640023,57.0,63.0,-6.0,264.0,262.0,2.0,60.0,60.0,0.0,-0.08819955125941022,0.780116
PI,high,count_b4,trace_0043,43,agx_host_proxy,True,True,True,,,119.17551193298574,167.07041499284952,-47.89490305986378,10.879841248123732,10.782158727467529,0.09768252065620331,38.300303460003306,41.53339546075865,-3.2330920007553416,66.0,95.0,-29.0,316.0,536.0,-220.0,57.0,57.0,0.0,-0.40188544007929944,0.995222
PI,high,count_b4,trace_0044,44,agx_host_proxy,True,True,True,,,91.74959880531709,91.84835680531711,-0.09875800000001789,9.510788320898962,9.443391020898963,0.06739729999999966,31.769475592161506,31.660708592161505,0.10876700000000028,51.0,51.0,0.0,245.0,247.0,-2.0,57.0,58.0,-1.0,-0.001076386178097322,0.843121
PI,high,count_b4,trace_0045,45,agx_host_proxy,True,True,True,,,132.58590122652572,122.81824527322334,9.76765595330238,12.75790280863278,14.319425258482234,-1.5615224498494538,44.827450095835786,45.935979237318925,-1.1085291414831389,73.0,69.0,4.0,322.0,290.0,32.0,60.0,62.0,-2.0,0.0736703967989337,1.0563529999999999
PI,high,count_b4,trace_0046,46,agx_host_proxy,True,True,True,,,106.93723183809092,89.08162469723193,17.855607140858993,6.927340628503413,7.9230925733528865,-0.9957519448494736,33.790639195601955,30.1586530821427,3.6319861134592557,59.0,50.0,9.0,287.0,231.0,56.0,56.0,58.0,-2.0,0.16697278238783478,0.759976
PI,high,count_b4,trace_0047,47,agx_host_proxy,True,True,True,,,112.24817544089353,126.3069276543636,-14.058752213470072,10.165969466179456,7.43307822825505,2.732891237924407,35.65025146900577,34.273779380596125,1.376472088409642,61.0,70.0,-9.0,293.0,383.0,-90.0,57.0,57.0,0.0,-0.12524704440183068,0.904539
PI,high,count_b4,trace_0048,48,agx_host_proxy,True,True,True,,,91.80900544691123,103.65030054418784,-11.841295097276614,9.289396686779762,11.70015639187197,-2.4107597050922074,33.6265077179869,35.10824733882167,-1.481739620834773,51.0,56.0,-5.0,231.0,323.0,-92.0,58.0,58.0,0.0,-0.1289774901670607,0.9082169999999999
PI,high,count_b4,trace_0049,49,agx_host_proxy,True,True,True,,,113.27250447491438,99.61879059832563,13.653713876588753,12.399674511099523,6.900316002772887,5.499358508326636,41.026542600198816,34.48511324434355,6.541429355855264,63.0,55.0,8.0,277.0,263.0,14.0,59.0,56.0,3.0,0.12053864209926196,0.898232
PI,high,count_b8,trace_0000,0,agx_host_proxy,True,True,True,,,109.45480751633254,129.63851630588496,-20.183708789552426,8.826717336081764,8.302921737574735,0.5237955985070286,39.52967661295245,40.51513814490017,-0.9854615319477205,62.0,72.0,-10.0,235.0,373.0,-138.0,54.0,52.0,2.0,-0.18440221354864353,0.734071
PI,high,count_b8,trace_0001,1,agx_host_proxy,True,True,True,,,115.14967055787244,114.97079655787239,0.17887400000005016,9.958456575608809,9.875180937252209,0.08327563835660001,34.47518416788897,34.33578785278105,0.13939631510791628,65.0,65.0,0.0,310.0,311.0,-1.0,53.0,53.0,0.0,0.001553404357419771,0.8580829999999999
PI,high,count_b8,trace_0002,2,agx_host_proxy,True,True,True,,,132.84620338874706,126.20200452732132,6.6441988614257355,12.827650529833058,10.84639802387387,1.981252505959187,43.5715906686333,40.9053826313772,2.666208037256098,71.0,71.0,0.0,248.0,291.0,-43.0,56.0,56.0,0.0,0.05001421713184272,0.8906379999999999
PI,high,count_b8,trace_0003,3,agx_host_proxy,True,True,True,,,100.6462505366454,102.95340668741828,-2.307156150772883,8.460232325893116,7.552148846484223,0.9080834794088934,34.59634516622894,37.02310149789857,-2.4267563316696297,55.0,56.0,-1.0,196.0,252.0,-56.0,54.0,69.0,-15.0,-0.02292341879077597,0.696268
PI,high,count_b8,trace_0004,4,agx_host_proxy,True,True,True,,,111.17904799693294,107.08735265864667,4.0916953382862715,9.687331155096615,9.619077803645313,0.06825335145130218,41.33609326162671,40.91983460806269,0.4162586535640145,61.0,60.0,1.0,240.0,213.0,27.0,52.0,52.0,0.0,0.036802755663091734,0.766216
PI,high,count_b8,trace_0005,5,agx_host_proxy,True,True,True,,,139.99623805028665,133.8345188147815,6.16171923550516,9.857742883948255,9.766732445698914,0.09101043824934152,40.92980050194355,39.8715447073055,1.0582557946380433,79.0,75.0,4.0,415.0,366.0,49.0,52.0,52.0,0.0,0.04401346294242471,0.958006
PI,high,count_b8,trace_0006,6,agx_host_proxy,True,True,True,,,124.90610397092746,123.91042926227514,0.9956747086523166,10.88853538055472,13.543107881797592,-2.654572501242873,39.73670643177688,41.47458804055253,-1.737881608775652,69.0,69.0,0.0,367.0,237.0,130.0,52.0,52.0,0.0,0.007971385520791402,0.9491219999999999
PI,high,count_b8,trace_0007,7,agx_host_proxy,True,True,True,,,125.32957143347751,103.11046542872293,22.21910600475458,6.827293581086888,9.44581976806683,-2.618526186979942,31.90265559907246,32.585759438458666,-0.6831038393862059,70.0,56.0,14.0,372.0,284.0,88.0,51.0,52.0,-1.0,0.17728542235180345,0.897933
PI,high,count_b8,trace_0008,8,agx_host_proxy,True,True,True,,,104.07750825365366,117.50048141722188,-13.422973163568216,13.439188612323461,12.15690354481997,1.2822850675034907,45.05078542091902,41.91011654938023,3.140668871538793,58.0,65.0,-7.0,189.0,322.0,-133.0,52.0,53.0,-1.0,-0.1289709312683992,0.7261299999999999
PI,high,count_b8,trace_0009,9,agx_host_proxy,True,True,True,,,131.6839027524851,127.81708864410326,3.8668141083818313,13.968312441835138,13.887399121835138,0.08091332000000051,41.20702538684401,40.9190234572057,0.2880019296383125,72.0,70.0,2.0,331.0,309.0,22.0,52.0,52.0,0.0,0.02936436441779789,0.903344
PI,high,count_b8,trace_0010,10,agx_host_proxy,True,True,True,,,101.13509416378615,93.16601360442259,7.969080559363562,14.06186151206255,10.20815698423216,3.8537045278303896,40.93883377224198,34.933434544162466,6.005399228079511,56.0,52.0,4.0,210.0,218.0,-8.0,52.0,52.0,0.0,0.07879639234287758,0.832138
PI,high,count_b8,trace_0011,11,agx_host_proxy,True,True,True,,,97.60337360094232,98.40308510292768,-0.7997115019853567,6.492907612179735,5.652984704651381,0.8399229075283543,32.711846741390126,30.997715278150892,1.7141314632392337,54.0,55.0,-1.0,189.0,254.0,-65.0,51.0,51.0,0.0,-0.008193482176702505,0.707778
PI,high,count_b8,trace_0012,12,agx_host_proxy,True,True,True,,,91.22012196119253,107.46588670189814,-16.24576474070561,7.929972270672678,7.136127440467865,0.7938448302048133,28.41856868561276,29.10028033526172,-0.6817116496489568,51.0,60.0,-9.0,256.0,344.0,-88.0,52.0,53.0,-1.0,-0.1780940914288296,0.7149179999999999
PI,high,count_b8,trace_0013,13,agx_host_proxy,True,True,True,,,112.47311997907877,92.41945393905037,20.053666040028403,9.289446610452732,9.712149853016044,-0.42270324256331193,31.720845389440306,32.0638158279949,-0.34297043855459464,62.0,51.0,11.0,380.0,221.0,159.0,52.0,52.0,0.0,0.17829741047246314,0.936733
PI,high,count_b8,trace_0014,14,agx_host_proxy,True,True,True,,,111.62706590085466,108.45439244039711,3.1726734604575455,8.932194933327796,10.53364768015494,-1.6014527468271442,34.979165702064634,35.25304436674912,-0.2738786646844886,62.0,58.0,4.0,295.0,281.0,14.0,53.0,53.0,0.0,0.028422080566692154,0.811255
PI,high,count_b8,trace_0015,15,agx_host_proxy,True,True,True,,,92.93086511892251,92.56447809362864,0.366387025293875,8.62592830202606,8.532439726183688,0.0934885758423718,31.887550640953684,31.874080522861025,0.013470118092659078,52.0,52.0,0.0,224.0,216.0,8.0,51.0,51.0,0.0,0.003942576288566925,0.776649
PI,high,count_b8,trace_0016,16,agx_host_proxy,True,True,True,,,82.01167688261778,94.00459060257954,-11.992913719961763,9.461415201965512,10.59921009256109,-1.137794890595579,31.10164882875982,32.49789521948351,-1.3962463907236895,46.0,52.0,-6.0,203.0,227.0,-24.0,53.0,54.0,-1.0,-0.14623422146491483,0.775547
PI,high,count_b8,trace_0017,17,agx_host_proxy,True,True,True,,,110.07268865164984,115.75691575914534,-5.684227107495502,10.746872367077545,11.482710560196736,-0.7358381931191911,37.827019283495666,39.48645093394809,-1.6594316504524258,61.0,65.0,-4.0,245.0,236.0,9.0,54.0,53.0,1.0,-0.05164066742736281,0.815409
PI,high,count_b8,trace_0018,18,agx_host_proxy,True,True,True,,,107.93527543081964,110.54710475938516,-2.61182932856552,8.004792036610695,7.9773690903659125,0.027422946244782587,28.623346824609232,28.659362087281167,-0.03601526267193478,58.0,60.0,-2.0,332.0,360.0,-28.0,54.0,54.0,0.0,-0.02419810685747083,0.840234
PI,high,count_b8,trace_0019,19,agx_host_proxy,True,True,True,,,126.87396359756298,103.70908930351158,23.1648742940514,10.292454327623139,10.197145847131601,0.0953084804915374,34.01694089421311,32.09881787796273,1.9181230162503766,72.0,58.0,14.0,383.0,282.0,101.0,53.0,53.0,0.0,0.18258178145619436,0.915896
PI,high,count_b8,trace_0020,20,agx_host_proxy,True,True,True,,,103.67623227996316,126.3755693002826,-22.699337020319447,10.89116264492313,10.51007881449432,0.38108383042881044,37.53304759403749,38.230214830564165,-0.6971672365266741,57.0,70.0,-13.0,245.0,391.0,-146.0,53.0,52.0,1.0,-0.21894446317284239,0.834878
PI,high,count_b8,trace_0021,21,agx_host_proxy,True,True,True,,,99.28336974627533,92.52273392660292,6.760635819672402,9.461688265653285,10.94154879506416,-1.4798605294108746,30.540842904213427,32.90579217894272,-2.364949274729291,56.0,52.0,4.0,252.0,191.0,61.0,52.0,55.0,-3.0,0.06809434285872465,0.777316
PI,high,count_b8,trace_0022,22,agx_host_proxy,True,True,True,,,101.77025625701941,97.23796289183021,4.532293365189204,8.688896345539952,8.447783647478685,0.24111269806126678,29.230280310185414,28.47990811394361,0.7503721962418055,52.0,55.0,-3.0,301.0,241.0,60.0,52.0,52.0,0.0,0.04453455785492923,0.806316
PI,high,count_b8,trace_0023,23,agx_host_proxy,True,True,True,,,102.95386809876908,91.41780419541283,11.53606390335625,9.175424877433704,9.536773945564754,-0.36134906813104983,31.352218665943827,33.0575363988193,-1.705317732875475,57.0,51.0,6.0,298.0,207.0,91.0,53.0,53.0,0.0,0.11205080602012055,0.841722
PI,high,count_b8,trace_0024,24,agx_host_proxy,True,True,True,,,89.25627449718661,102.32465280867098,-13.068378311484366,10.010220177597004,11.48630293248684,-1.4760827548898359,31.950240462273015,34.897537318412894,-2.9472968561398787,49.0,56.0,-7.0,220.0,275.0,-55.0,52.0,56.0,-4.0,-0.14641411357468528,0.811202
PI,high,count_b8,trace_0025,25,agx_host_proxy,True,True,True,,,146.91955813406113,130.85312434575647,16.066433788304664,12.7464105760852,12.526151388221543,0.2202591878636575,41.68604221036059,40.7143580115898,0.971684198770788,81.0,73.0,8.0,462.0,363.0,99.0,52.0,52.0,0.0,0.1093553097515061,0.989935
PI,high,count_b8,trace_0026,26,agx_host_proxy,True,True,True,,,117.54830996342926,132.30279524629117,-14.754485282861907,10.640663293517346,10.100593100404694,0.5400701931126513,36.21474305542972,40.077665341539216,-3.8629222861094945,66.0,75.0,-9.0,294.0,397.0,-103.0,57.0,54.0,3.0,-0.12551848076294939,0.9425349999999999
PI,high,count_b8,trace_0027,27,agx_host_proxy,True,True,True,,,118.37033147460879,118.90203332015291,-0.53170184554412,8.365434103252593,8.670263772832808,-0.30482966958021507,36.559819840456996,36.56491650632912,-0.005096665872123651,64.0,66.0,-2.0,359.0,350.0,9.0,52.0,52.0,0.0,-0.004491850609188955,0.969833
PI,high,count_b8,trace_0028,28,agx_host_proxy,True,True,True,,,125.66028291435666,125.46225991435665,0.19802300000000628,13.57812562142056,13.504613921420558,0.07351170000000096,43.82599119341432,43.70447715341431,0.1215140400000081,69.0,69.0,0.0,252.0,252.0,0.0,52.0,52.0,0.0,0.0015758598930973933,0.8079449999999999
PI,high,count_b8,trace_0029,29,agx_host_proxy,True,True,True,,,91.61565233665635,126.93180567617556,-35.316153339519204,7.893822924240835,8.337926612595252,-0.44410368835441716,33.16634962769409,36.703828302779705,-3.537478675085616,51.0,71.0,-20.0,208.0,358.0,-150.0,52.0,52.0,0.0,-0.38548165557719716,0.850032
PI,high,count_b8,trace_0030,30,agx_host_proxy,True,True,True,,,102.6496871518884,109.95196242196538,-7.302275270076976,14.07549396277043,13.914772956000347,0.16072100677008372,36.53032511125572,36.68700021147581,-0.15667510022009168,57.0,61.0,-4.0,273.0,320.0,-47.0,52.0,52.0,0.0,-0.07113782294603553,0.809015
PI,high,count_b8,trace_0031,31,agx_host_proxy,True,True,True,,,95.48911484100456,107.02070862427863,-11.531593783274062,11.640619475593603,11.274813205365078,0.36580627022852497,35.02042364723156,36.28849606396895,-1.2680724167373896,52.0,60.0,-8.0,255.0,305.0,-50.0,52.0,52.0,0.0,-0.12076343782717953,0.868212
PI,high,count_b8,trace_0032,32,agx_host_proxy,True,True,True,,,95.15863470089167,91.16905456907372,3.989580131817945,6.516498575615272,6.143711739114374,0.3727868365008984,29.755316089642,29.049041855146253,0.7062742344957478,53.0,51.0,2.0,200.0,232.0,-32.0,52.0,52.0,0.0,0.041925571382546975,0.649815
PI,high,count_b8,trace_0033,33,agx_host_proxy,True,True,True,,,103.06196473153868,91.73538717377257,11.326577557766115,16.499419692188305,16.3743927967389,0.12502689544940537,42.02850944417416,41.080838444911905,0.9476709992622574,56.0,51.0,5.0,252.0,189.0,63.0,63.0,63.0,0.0,0.10990065624374802,0.850174
PI,high,count_b8,trace_0034,34,agx_host_proxy,True,True,True,,,139.92522907974674,129.92240493228917,10.002824147457574,12.108331309685926,10.431076993828915,1.6772543158570112,39.989947092057804,34.50597120108274,5.483975890975067,79.0,73.0,6.0,420.0,421.0,-1.0,52.0,52.0,0.0,0.07148692350367156,1.000466
PI,high,count_b8,trace_0035,35,agx_host_proxy,True,True,True,,,119.9324602521447,119.94709235581296,-0.014632103668262175,8.123519033488208,7.950393509388225,0.17312552409998272,35.55750477981974,35.441241403297546,0.11626337652219121,67.0,67.0,0.0,242.0,297.0,-55.0,52.0,53.0,-1.0,-0.00012200286425793151,0.761286
PI,high,count_b8,trace_0036,36,agx_host_proxy,True,True,True,,,99.63804946714652,110.9002972632688,-11.262247796122281,10.353805130325183,10.567508858952406,-0.2137037286272232,31.068988057146896,32.965077839133826,-1.8960897819869302,56.0,62.0,-6.0,308.0,339.0,-31.0,55.0,53.0,2.0,-0.11303159642678236,0.9728469999999999
PI,high,count_b8,trace_0037,37,agx_host_proxy,True,True,True,,,122.90351588928354,103.71876728985517,19.184748599428374,9.274214408318564,9.405850286212026,-0.1316358778934621,35.987314164884104,34.82728548826043,1.160028676623675,69.0,56.0,13.0,372.0,220.0,152.0,53.0,53.0,0.0,0.15609601125415137,0.8073509999999999
PI,high,count_b8,trace_0038,38,agx_host_proxy,True,True,True,,,91.53346100995523,84.65117596381725,6.88228504613798,8.52589728307858,7.9234482300521085,0.6024490530264712,31.592364915739754,31.652904127385572,-0.06053921164581766,51.0,47.0,4.0,251.0,212.0,39.0,53.0,55.0,-2.0,0.07518873393621005,0.903358
PI,high,count_b8,trace_0039,39,agx_host_proxy,True,True,True,,,123.25905387852957,122.07307855954127,1.185975318988298,13.909786628336452,13.883523379720815,0.02626324861563667,41.84460529498452,40.90848911641652,0.9361161785679997,68.0,68.0,0.0,317.0,336.0,-19.0,55.0,55.0,0.0,0.009621810988076084,0.907082
PI,high,count_b8,trace_0040,40,agx_host_proxy,True,True,True,,,103.93576385311472,127.24615332051506,-23.31038946740034,10.905387274216702,10.116204282123585,0.7891829920931173,39.273606467762754,42.32518772603903,-3.051581258276279,56.0,71.0,-15.0,213.0,263.0,-50.0,52.0,55.0,-3.0,-0.22427688606150348,0.744645
PI,high,count_b8,trace_0041,41,agx_host_proxy,True,True,True,,,112.76517903948485,95.75098363656643,17.014195402918418,8.20724718464982,10.52603016130375,-2.31878297665393,32.753698927431046,32.70841042167103,0.045288505760012754,62.0,52.0,10.0,346.0,221.0,125.0,52.0,56.0,-4.0,0.150881642257322,0.902056
PI,high,count_b8,trace_0042,42,agx_host_proxy,True,True,True,,,98.93138305838808,138.12551865917402,-39.19413560078594,12.994454362340951,11.201646650873489,1.7928077114674625,36.00085052714916,41.16817584778942,-5.167325320640259,54.0,76.0,-22.0,233.0,397.0,-164.0,55.0,55.0,0.0,-0.39617494862731323,0.792703
PI,high,count_b8,trace_0043,43,agx_host_proxy,True,True,True,,,86.41868895771614,111.48471029431856,-25.066021336602418,10.07006248511212,13.704739541680842,-3.634677056568723,31.381506783675473,39.54455569747488,-8.163048913799404,48.0,62.0,-14.0,213.0,226.0,-13.0,52.0,56.0,-4.0,-0.29005324703394875,0.787967
PI,high,count_b8,trace_0044,44,agx_host_proxy,True,True,True,,,97.94528568763822,97.55840117055072,0.38688451708749483,9.754207355967603,9.680212584942355,0.07399477102524799,33.76213483247502,33.73884046855573,0.023294363919291072,55.0,55.0,0.0,274.0,269.0,5.0,53.0,53.0,0.0,0.003950006520184401,0.793133
PI,high,count_b8,trace_0045,45,agx_host_proxy,True,True,True,,,120.4370092942891,118.26270526387677,2.17430403041233,16.12965510371083,13.652669724177482,2.4769853795333496,44.71174403253678,39.958137094976145,4.753606937560633,67.0,65.0,2.0,309.0,338.0,-29.0,53.0,53.0,0.0,0.018053454192800446,0.916868
PI,high,count_b8,trace_0046,46,agx_host_proxy,True,True,True,,,122.91764120179896,110.77477774177586,12.142863460023094,7.904542827488113,9.719967635521325,-1.815424808033212,30.28045131687204,34.282262853796816,-4.001811536924777,69.0,56.0,13.0,403.0,309.0,94.0,56.0,52.0,4.0,0.09878861440309983,0.835832
PI,high,count_b8,trace_0047,47,agx_host_proxy,True,True,True,,,115.87261959594694,116.85800384613536,-0.9853842501884174,7.883364639984144,8.159546921135332,-0.27618228115118804,38.839995782742484,33.46335911328723,5.376636669455252,64.0,65.0,-1.0,233.0,328.0,-95.0,55.0,51.0,4.0,-0.008504030146418514,0.7688969999999999
PI,high,count_b8,trace_0048,48,agx_host_proxy,True,True,True,,,99.90392103318068,99.92325703318069,-0.01933600000000979,11.402092745656704,11.336122615437992,0.06597013021871234,35.100168344612236,35.001479537216525,0.0986888073957104,55.0,55.0,0.0,248.0,252.0,-4.0,51.0,51.0,0.0,-0.00019354595695586166,0.759869
PI,high,count_b8,trace_0049,49,agx_host_proxy,True,True,True,,,111.5912913474489,128.5661724798462,-16.974881132397286,9.992060204254138,8.433617243248438,1.5584429610056993,35.899185098410165,34.914664951874116,0.9845201465360489,62.0,72.0,-10.0,272.0,415.0,-143.0,51.0,54.0,-3.0,-0.15211653998648123,0.816408
PI,high,eager_b1,trace_0000,0,rp2040_hardware,True,True,True,,,140.90475165740165,109.06958031116636,31.835171346235285,16.232465736713735,8.174110315742954,8.05835542097078,55.73653624286596,32.49585096414801,23.240685278717947,61.0,61.0,0.0,475.0,425.0,50.0,92.0,93.0,-1.0,0.22593398002389511,134.178239
PI,high,eager_b1,trace_0001,1,rp2040_hardware,True,True,True,,,134.78328327519674,96.33866201523007,38.44462125996667,12.803294267834408,5.650292606034708,7.1530016617997,59.466359067026126,33.4635217348412,26.002837332184924,58.0,53.0,5.0,389.0,346.0,43.0,92.0,114.0,-22.0,0.2852328591927199,117.911252
PI,high,eager_b1,trace_0002,2,rp2040_hardware,True,True,True,,,133.04560693974665,127.62238783506409,5.423219104682559,21.70719331774999,12.687801192224796,9.019392125525194,58.46474330872473,38.84170562326958,19.623037685455145,56.0,70.0,-14.0,437.0,457.0,-20.0,92.0,96.0,-4.0,0.04076210578781916,113.31640300000001
PI,high,eager_b1,trace_0003,3,rp2040_hardware,True,True,True,,,146.04109616492897,108.69641257190102,37.34468359302795,16.62699221657463,8.489151863301602,8.13784035327303,53.665028467782996,40.24121791085636,13.423810556926632,64.0,60.0,4.0,534.0,386.0,148.0,92.0,98.0,-6.0,0.2557135256698798,119.63822400000001
PI,high,eager_b1,trace_0004,4,agx_host_proxy,True,True,True,,,110.68637096352072,122.81220860881534,-12.125837645294624,7.458184953008936,6.24951126397473,1.2086736890342058,34.92517938425447,32.63537840088278,2.2898009833716912,62.0,63.0,-1.0,431.0,499.0,-68.0,94.0,92.0,2.0,-0.10955131638827492,1.267424
PI,high,eager_b1,trace_0005,5,agx_host_proxy,True,True,True,,,88.43186334819967,94.42901353347808,-5.997150185278414,7.411260511795407,7.110399583005374,0.30086092879003346,31.051945457087545,29.94843975294553,1.103505704142016,49.0,53.0,-4.0,319.0,344.0,-25.0,92.0,92.0,0.0,-0.06781662127444595,1.104956
PI,high,eager_b1,trace_0006,6,agx_host_proxy,True,True,True,,,91.50497391827544,98.21636267678618,-6.711388758510736,9.827463150593148,9.3368161332331,0.49064701736004857,37.00419712871802,34.23129901549557,2.772898113222446,50.0,55.0,-5.0,851.0,340.0,511.0,631.0,92.0,539.0,-0.0733445240310629,1.723908
PI,high,eager_b1,trace_0007,7,agx_host_proxy,True,True,True,,,97.50391041995566,129.22635960172707,-31.72244918177141,7.213158203139579,8.913095197518537,-1.699936994378958,33.70077051363677,37.9926980376037,-4.291927523966933,55.0,73.0,-18.0,343.0,472.0,-129.0,92.0,92.0,0.0,-0.32534540456009164,1.07565
PI,high,eager_b1,trace_0008,8,agx_host_proxy,True,True,True,,,99.87957287428195,100.23153987428195,-0.3519670000000019,10.624723352961288,10.615860508769854,0.008862844191433794,40.862644255119804,40.967447419669405,-0.10480316454960104,55.0,55.0,0.0,339.0,338.0,1.0,92.0,92.0,0.0,-0.0035239137480395665,1.289039
PI,high,eager_b1,trace_0009,9,agx_host_proxy,True,True,True,,,127.06640082108127,103.06170467440836,24.004696146672913,9.01175047533617,7.928413430456098,1.0833370448800714,35.74945309311161,32.759151956946496,2.9903011361651153,69.0,57.0,12.0,473.0,383.0,90.0,94.0,92.0,2.0,0.18891458317508553,1.3931660000000001
PI,high,eager_b1,trace_0010,10,agx_host_proxy,True,True,True,,,107.7810945689221,104.89754205116431,2.883552517757792,13.207935954220991,13.745512113055517,-0.5375761588345256,37.06604737781815,38.11222787502893,-1.046180497210777,59.0,59.0,0.0,444.0,428.0,16.0,96.0,99.0,-3.0,0.026753787659058007,1.340649
PI,high,eager_b1,trace_0011,11,agx_host_proxy,True,True,True,,,97.35430889083332,99.17810109551363,-1.8237922046803021,5.294420293128383,7.128965969609921,-1.8345456764815387,28.00173339213654,34.23399565224435,-6.232262260107813,54.0,56.0,-2.0,374.0,367.0,7.0,92.0,97.0,-5.0,-0.018733554019939497,1.065334
PI,high,eager_b1,trace_0012,12,agx_host_proxy,True,True,True,,,88.01475879666951,111.12193163556942,-23.107172838899913,5.678780151280034,5.367096815651454,0.3116833356285804,28.576556066383638,30.893379418173144,-2.3168233517895054,49.0,63.0,-14.0,342.0,468.0,-126.0,92.0,92.0,0.0,-0.2625374784277008,1.134742
PI,high,eager_b1,trace_0013,13,agx_host_proxy,True,True,True,,,97.4578650807833,108.00079314859852,-10.542928067815225,12.19393006721433,10.416304484648824,1.7776255825655056,33.06571584573423,33.08139490955678,-0.015679063822545913,54.0,60.0,-6.0,416.0,451.0,-35.0,96.0,98.0,-2.0,-0.1081793455979786,1.504745
PI,high,eager_b1,trace_0014,14,agx_host_proxy,True,True,True,,,107.79282423743125,96.67148674565206,11.121337491779187,8.8415656525043,8.187982433481881,0.6535832190224191,36.48492967168345,31.165333509137014,5.319596162546439,59.0,53.0,6.0,333.0,362.0,-29.0,92.0,92.0,0.0,0.10317326380912546,0.9795999999999999
PI,high,eager_b1,trace_0015,15,agx_host_proxy,True,True,True,,,96.68013379341811,100.40895900851562,-3.7288252150975154,7.4444359195771534,7.393971747944826,0.05046417163232775,32.96420334961175,35.99443577646479,-3.03023242685304,53.0,55.0,-2.0,355.0,337.0,18.0,92.0,94.0,-2.0,-0.038568680749502336,1.382935
PI,high,eager_b1,trace_0016,16,agx_host_proxy,True,True,True,,,95.79066820989496,103.65484099844886,-7.864172788553901,10.985574505761832,10.514198355738374,0.4713761500234579,35.54088736708547,33.43866479472802,2.102222572357448,52.0,58.0,-6.0,324.0,460.0,-136.0,93.0,92.0,1.0,-0.08209748335111364,1.237831
PI,high,eager_b1,trace_0017,17,agx_host_proxy,True,True,True,,,134.1130515301455,100.17652197290133,33.93652955724417,5.910349428711483,10.05471290326101,-4.144363474549526,40.12431824358148,37.879990169323506,2.2443280742579717,75.0,55.0,20.0,465.0,343.0,122.0,95.0,92.0,3.0,0.25304419793636584,1.510592
PI,high,eager_b1,trace_0018,18,agx_host_proxy,True,True,True,,,100.38222713417713,94.55531493686769,5.82691219730944,8.496847825953196,8.287806277686997,0.20904154826619958,27.875844778504817,31.174700268635583,-3.298855490130766,57.0,52.0,5.0,416.0,347.0,69.0,92.0,93.0,-1.0,0.05804724963434839,1.175373
PI,high,eager_b1,trace_0019,19,agx_host_proxy,True,True,True,,,128.60821455779194,98.32434188274905,30.283872675042886,9.932624353868668,8.510038948810717,1.4225854050579514,34.89469422032413,37.96578883902691,-3.071094618702773,71.0,54.0,17.0,564.0,359.0,205.0,92.0,92.0,0.0,0.2354738597310547,1.4001839999999999
PI,high,eager_b1,trace_0020,20,agx_host_proxy,True,True,True,,,96.39752103515454,102.94133616215122,-6.543815126996677,8.99721606144655,8.72902223324247,0.26819382820408144,31.373108099767784,31.30730026517747,0.06580783459031281,54.0,57.0,-3.0,355.0,389.0,-34.0,92.0,92.0,0.0,-0.06788364531293557,1.10403
PI,high,eager_b1,trace_0021,21,agx_host_proxy,True,True,True,,,116.42423314829018,128.24016889821092,-11.81593574992074,8.16937271522593,10.088290360958073,-1.9189176457321437,32.91215961352667,37.371123373489944,-4.458963759963275,66.0,70.0,-4.0,474.0,475.0,-1.0,92.0,92.0,0.0,-0.10149034638579683,1.262984
PI,high,eager_b1,trace_0022,22,agx_host_proxy,True,True,True,,,92.53682373316563,102.08436119249167,-9.547537459326037,9.49119617058048,9.55407562378324,-0.06287945320275945,33.01626257166227,36.47545914980578,-3.459196578143512,51.0,56.0,-5.0,364.0,325.0,39.0,95.0,94.0,1.0,-0.10317554757289724,1.169862
PI,high,eager_b1,trace_0023,23,agx_host_proxy,True,True,True,,,108.2030889425707,116.471882897019,-8.268793954448299,11.23776747368041,10.704555573761425,0.5332118999189852,41.22922107576685,40.20649486953363,1.022726206233223,58.0,65.0,-7.0,354.0,429.0,-75.0,94.0,92.0,2.0,-0.07641920425060139,1.209766
PI,high,eager_b1,trace_0024,24,agx_host_proxy,True,True,True,,,97.65375433731177,90.7340159260708,6.919738411240971,9.191387563326558,9.0923990997227,0.09898846360385782,33.42273662044182,31.98542910121247,1.4373075192293463,53.0,50.0,3.0,408.0,325.0,83.0,92.0,92.0,0.0,0.07085993219819364,1.280206
PI,high,eager_b1,trace_0025,25,agx_host_proxy,True,True,True,,,114.55553742100845,105.07861684721472,9.476920573793734,4.802275051957899,3.9243084512788777,0.8779666006790214,41.77324703947589,33.92902326551804,7.84422377395785,64.0,57.0,7.0,318.0,397.0,-79.0,96.0,93.0,3.0,0.08272773876451434,1.218822
PI,high,eager_b1,trace_0026,26,agx_host_proxy,True,True,True,,,116.83428667784172,99.04684740461467,17.78743927322705,8.346642471179853,8.506221030498002,-0.1595785593181489,34.220849020649425,33.59119023316189,0.6296587874875357,65.0,56.0,9.0,446.0,334.0,112.0,92.0,92.0,0.0,0.15224502822766442,1.241723
PI,high,eager_b1,trace_0027,27,agx_host_proxy,True,True,True,,,95.94659530162969,122.67465940019943,-26.728064098569746,10.120426254485457,9.75523991173869,0.3651863427467674,36.87115346476852,35.853017956462395,1.0181355083061234,53.0,68.0,-15.0,337.0,544.0,-207.0,93.0,94.0,-1.0,-0.278572303837818,1.224471
PI,high,eager_b1,trace_0028,28,agx_host_proxy,True,True,True,,,131.1699628007322,137.9534952586204,-6.783532457888185,8.51686262918357,6.941847084505836,1.5750155446777345,39.55858839562357,34.9301715298742,4.628416865749372,73.0,77.0,-4.0,436.0,528.0,-92.0,98.0,92.0,6.0,-0.051715593364873004,1.241269
PI,high,eager_b1,trace_0029,29,agx_host_proxy,True,True,True,,,98.2660736100251,124.61640932449092,-26.350335714465814,4.86910172846585,6.014167144535288,-1.1450654160694382,29.751761654142143,34.203033647021854,-4.451271992879711,55.0,71.0,-16.0,428.0,465.0,-37.0,92.0,92.0,0.0,-0.26815293159100595,1.384445
PI,high,eager_b1,trace_0030,30,agx_host_proxy,True,True,True,,,105.0274996223095,122.14793127300422,-17.120431650694712,13.035200297581536,12.78641825505736,0.24878204252417646,35.75114910282001,33.966422177328546,1.7847269254914622,57.0,68.0,-11.0,404.0,586.0,-182.0,92.0,92.0,0.0,-0.16300903774974818,1.285006
PI,high,eager_b1,trace_0031,31,agx_host_proxy,True,True,True,,,97.20617083209713,104.76441104535503,-7.558240213257903,11.277000996355158,12.09622909565715,-0.8192280993019931,36.35178437307396,36.14360363461015,0.2081807384638097,53.0,58.0,-5.0,354.0,433.0,-79.0,92.0,92.0,0.0,-0.07775473664437567,1.322048
PI,high,eager_b1,trace_0032,32,agx_host_proxy,True,True,True,,,109.30891053173565,109.90000909326791,-0.591098561532263,4.348847804454859,4.6410454192553665,-0.2921976148005072,30.538029167463677,38.775256020748415,-8.237226853284739,60.0,61.0,-1.0,416.0,343.0,73.0,94.0,92.0,2.0,-0.005407597227498205,1.133921
PI,high,eager_b1,trace_0033,33,agx_host_proxy,True,True,True,,,111.24146415080229,114.19645860212883,-2.9549944513265416,10.987901446608095,8.636124605821978,2.3517768407861173,36.83389655446772,35.870657000670484,0.9632395537972371,62.0,64.0,-2.0,913.0,443.0,470.0,551.0,96.0,455.0,-0.02656378602964684,1.8148220000000002
PI,high,eager_b1,trace_0034,34,agx_host_proxy,True,True,True,,,92.16582257952464,124.39467049853826,-32.22884791901362,10.175754680209534,11.029186201488704,-0.8534315212791697,34.125468184030446,40.86800200735972,-6.742533823329275,51.0,69.0,-18.0,343.0,501.0,-158.0,92.0,94.0,-2.0,-0.349683288414262,1.2969659999999998
PI,high,eager_b1,trace_0035,35,agx_host_proxy,True,True,True,,,118.12335609652453,96.36137395698145,21.76198213954308,6.740928479008199,6.505673790002993,0.23525468900520607,34.90716254872035,33.94275953882019,0.9644030099001597,66.0,54.0,12.0,470.0,336.0,134.0,94.0,92.0,2.0,0.18423098410580435,1.2596910000000001
PI,high,eager_b1,trace_0036,36,agx_host_proxy,True,True,True,,,110.71737810999996,94.24066453658686,16.476713573413093,13.46852552894342,14.547443033093941,-1.078917504150521,36.26924397106697,36.87401841181838,-0.6047744407514131,58.0,52.0,6.0,613.0,413.0,200.0,260.0,170.0,90.0,0.14881777237393704,1.62221
PI,high,eager_b1,trace_0037,37,agx_host_proxy,True,True,True,,,117.3752586191743,116.7469442522751,0.628314366899204,7.850349928179942,7.768388182229183,0.08196174595075956,32.595569819045785,32.4407711654251,0.1547986536206878,64.0,64.0,0.0,477.0,480.0,-3.0,94.0,94.0,0.0,0.005353039254531305,1.225833
PI,high,eager_b1,trace_0038,38,agx_host_proxy,True,True,True,,,102.62737062630877,102.31685862630879,0.3105119999999886,6.523839305116365,6.429697699645775,0.0941416054705897,32.27629488290707,32.21259546439543,0.0636994185116393,57.0,57.0,0.0,374.0,374.0,0.0,92.0,92.0,0.0,0.003025625601679286,1.1908800000000002
PI,high,eager_b1,trace_0039,39,agx_host_proxy,True,True,True,,,94.59213243866638,91.58994743479714,3.0021850038692435,10.89743727871872,11.38860085637523,-0.4911635776565113,33.478580586935244,32.98031739156353,0.49826319537171315,51.0,51.0,0.0,381.0,332.0,49.0,92.0,92.0,0.0,0.03173821042480317,1.421348
PI,high,eager_b1,trace_0040,40,agx_host_proxy,True,True,True,,,95.10774400289846,118.89917867611011,-23.791434673211654,6.142060738655151,6.691076912466338,-0.5490161738111867,35.51074063173701,37.8437607233706,-2.3330200916335926,53.0,66.0,-13.0,340.0,435.0,-95.0,92.0,92.0,0.0,-0.250152444710355,1.21201
PI,high,eager_b1,trace_0041,41,agx_host_proxy,True,True,True,,,108.68028164631967,93.43645706532213,15.24382458099754,7.424275526896941,7.262031785736476,0.1622437411604647,28.943412860058956,26.454424410788555,2.4889884492704013,60.0,52.0,8.0,454.0,424.0,30.0,92.0,92.0,0.0,0.14026302057815612,1.214973
PI,high,eager_b1,trace_0042,42,agx_host_proxy,True,True,True,,,142.03242802190132,146.64719067932657,-4.614762657425246,6.214309155615612,7.8746410040259445,-1.6603318484103324,36.06990342118542,38.73021666509127,-2.660313243905847,80.0,84.0,-4.0,524.0,565.0,-41.0,92.0,93.0,-1.0,-0.032490908743133304,1.280991
PI,high,eager_b1,trace_0043,43,agx_host_proxy,True,True,True,,,104.82029768989507,110.92666274466025,-6.1063650547651775,5.23294183877049,5.652004064924634,-0.41906222615414457,34.48652301348861,34.667557269750965,-0.18103425626235747,58.0,62.0,-4.0,406.0,416.0,-10.0,94.0,94.0,0.0,-0.058255559174526614,1.236678
PI,high,eager_b1,trace_0044,44,agx_host_proxy,True,True,True,,,108.67800050019027,102.65452387409069,6.02347662609958,8.831121793171128,9.645516089404607,-0.8143942962334787,34.6428064208278,38.21794974053624,-3.575143319708438,61.0,57.0,4.0,459.0,386.0,73.0,96.0,94.0,2.0,0.055424985722745554,1.287887
PI,high,eager_b1,trace_0045,45,agx_host_proxy,True,True,True,,,117.30419535405309,98.7837575019752,18.52043785207789,13.810908955540508,12.324374108456533,1.4865348470839752,42.903943368550955,41.26344953866277,1.640493829888186,65.0,55.0,10.0,478.0,334.0,144.0,92.0,92.0,0.0,0.15788384887836812,1.539552
PI,high,eager_b1,trace_0046,46,agx_host_proxy,True,True,True,,,114.56766694084997,133.9920371854267,-19.424370244576735,8.629011323514428,6.929433999733326,1.699577323781102,38.71421360728625,38.984637176051244,-0.27042356876499696,64.0,75.0,-11.0,398.0,562.0,-164.0,100.0,92.0,8.0,-0.1695449576939131,1.270092
PI,high,eager_b1,trace_0047,47,agx_host_proxy,True,True,True,,,102.39543214459114,123.27680904804348,-20.881376903452335,4.12811279215533,3.4443129224854334,0.6837998696698961,32.9359513793328,35.264863950896824,-2.3289125715640253,56.0,69.0,-13.0,374.0,443.0,-69.0,98.0,96.0,2.0,-0.20392879317083246,1.251087
PI,high,eager_b1,trace_0048,48,agx_host_proxy,True,True,True,,,106.09966985001452,125.58217123511677,-19.482501385102253,6.835012434134744,6.793893008935991,0.04111942519875278,29.254016424999556,29.49882855295013,-0.24481212795057417,59.0,71.0,-12.0,465.0,588.0,-123.0,92.0,92.0,0.0,-0.18362452411626978,1.167759
PI,high,eager_b1,trace_0049,49,agx_host_proxy,True,True,True,,,103.5912442295019,91.4024020979003,12.18884213160159,12.065950442632174,9.168930153630617,2.8970202890015564,39.95418259181478,33.985304535390746,5.968878056424032,57.0,50.0,7.0,1004.0,411.0,593.0,734.0,179.0,555.0,0.11766286062360386,1.8025479999999998
PI,low,bounded_b4_w5,trace_0000,0,rp2040_hardware,True,True,True,,,638.6020787132915,646.2195464901671,-7.617467776875628,1.822724199403434,2.218285909245398,-0.3955617098419639,19.980975097125846,21.623388577920252,-1.6424134807944064,121.0,150.0,-29.0,2177.0,2313.0,-136.0,73.0,75.0,-2.0,-0.011928347919292613,50.025784
PI,low,bounded_b4_w5,trace_0001,1,agx_host_proxy,True,True,True,,,588.571770884331,603.8336703607441,-15.261899476413078,1.9527402436428831,2.0092587624074993,-0.05651851876461622,21.41236305261238,21.39097795895578,0.02138509365660113,149.0,144.0,5.0,1899.0,2133.0,-234.0,83.0,83.0,0.0,-0.02593039665066169,1.495549
PI,low,bounded_b4_w5,trace_0002,2,agx_host_proxy,True,True,True,,,522.8848643320248,522.0487521674804,0.8361121645443745,1.9375931805502136,2.117780188115242,-0.18018700756502826,18.208387941295676,18.98761352128079,-0.7792255799851127,113.0,128.0,-15.0,1602.0,1685.0,-83.0,76.0,95.0,-19.0,0.001599036846500599,1.2389789999999998
PI,low,bounded_b4_w5,trace_0003,3,agx_host_proxy,True,True,True,,,561.2134231208458,573.4743399091261,-12.26091678828027,1.8409781552944362,2.0549885773180057,-0.21401042202356946,18.17760383754184,20.137252755816572,-1.9596489182747305,140.0,164.0,-24.0,1891.0,1993.0,-102.0,78.0,72.0,6.0,-0.021847155258865096,1.451377
PI,low,bounded_b4_w5,trace_0004,4,agx_host_proxy,True,True,True,,,673.8914059457018,673.7359354711413,0.15547047456050223,1.8218032177120131,1.9613052255715264,-0.13950200785951328,21.463466901467427,22.124599769767887,-0.6611328683004594,165.0,178.0,-13.0,2508.0,2297.0,211.0,211.0,80.0,131.0,0.0002307055308745533,1.803602
PI,low,bounded_b4_w5,trace_0005,5,agx_host_proxy,True,True,True,,,578.2698080213022,577.9714101633194,0.2983978579827635,2.0302135542824282,1.8681684599259825,0.16204509435644576,19.199842214599027,15.312491375323525,3.887350839275502,155.0,141.0,14.0,2373.0,2071.0,302.0,74.0,80.0,-6.0,0.0005160183946033911,1.763258
PI,low,bounded_b4_w5,trace_0006,6,agx_host_proxy,True,True,True,,,596.2815921668531,592.9326007907579,3.3489913760952277,2.3244165755341655,1.954343593591833,0.3700729819423325,20.74676151251456,17.627272897193993,3.1194886153205665,174.0,126.0,48.0,3231.0,2069.0,1162.0,1210.0,83.0,1127.0,0.005616459438107397,2.6539010000000003
PI,low,bounded_b4_w5,trace_0007,7,agx_host_proxy,True,True,True,,,650.7961295534618,638.3960064563871,12.400123097074697,2.232596752040143,2.0555166282811155,0.1770801237590276,19.897134946511894,23.125763140625526,-3.2286281941136323,160.0,153.0,7.0,2322.0,2275.0,47.0,79.0,80.0,-1.0,0.019053775113233903,1.696232
PI,low,bounded_b4_w5,trace_0008,8,agx_host_proxy,True,True,True,,,449.2209629240595,463.4811888123756,-14.260225888316086,2.3834397818864517,2.6269630107508957,-0.243523228864444,21.128563217449877,23.38321854336513,-2.2546553259152518,136.0,141.0,-5.0,1945.0,2134.0,-189.0,79.0,79.0,0.0,-0.03174434646926031,1.510424
PI,low,bounded_b4_w5,trace_0009,9,agx_host_proxy,True,True,True,,,553.350812959126,567.5853832612742,-14.2345703021482,1.7277388108008807,1.700108928035111,0.02762988276576972,17.084228130835537,16.20918286974776,0.8750452610877772,142.0,140.0,2.0,2538.0,2058.0,480.0,75.0,79.0,-4.0,-0.0257243144290811,1.8416359999999998
PI,low,bounded_b4_w5,trace_0010,10,agx_host_proxy,True,True,True,,,486.7774559101669,471.6955493735179,15.081906536649,2.088085248201352,2.039656301848305,0.04842894635304695,21.110612035101468,20.928136398686117,0.1824756364153508,159.0,160.0,-1.0,2257.0,2140.0,117.0,69.0,84.0,-15.0,0.030983165620209648,1.681894
PI,low,bounded_b4_w5,trace_0011,11,agx_host_proxy,True,True,True,,,604.5496589287347,594.5112468700589,10.038412058675817,1.8611987066479347,1.9376613947281267,-0.07646268808019197,16.138105168634553,16.30745810362825,-0.16935293499369664,127.0,142.0,-15.0,2606.0,2429.0,177.0,373.0,151.0,222.0,0.016604776647238438,1.844922
PI,low,bounded_b4_w5,trace_0012,12,agx_host_proxy,True,True,True,,,545.7753035623747,528.2593751343306,17.51592842804405,1.3884700352545107,2.042876180635916,-0.6544061453814054,14.978079437569997,19.477505763041044,-4.499426325471047,130.0,157.0,-27.0,2199.0,2111.0,88.0,83.0,73.0,10.0,0.03209366256353924,1.563712
PI,low,bounded_b4_w5,trace_0013,13,agx_host_proxy,True,True,True,,,599.3132571434329,597.4736712546963,1.8395858887365648,1.6148978099515399,1.8679980826430775,-0.2531002726915377,15.454163957209516,16.63052730386965,-1.176363346660132,115.0,135.0,-20.0,1983.0,2075.0,-92.0,75.0,72.0,3.0,0.0030694897314715985,1.460024
PI,low,bounded_b4_w5,trace_0014,14,agx_host_proxy,True,True,True,,,568.1106174931335,600.1216079524817,-32.010990459348136,2.4952002731560143,2.2646091338927525,0.2305911392632618,20.201804052441645,24.746124662392234,-4.544320609950589,127.0,162.0,-35.0,1836.0,2073.0,-237.0,76.0,84.0,-8.0,-0.05634640415734712,1.432378
PI,low,bounded_b4_w5,trace_0015,15,agx_host_proxy,True,True,True,,,616.9202659962414,614.1410463206981,2.7792196755432315,1.7525910634451762,1.8363048776355844,-0.08371381419040813,18.019042787171365,20.905933580051997,-2.8868907928806316,135.0,144.0,-9.0,2202.0,2315.0,-113.0,80.0,82.0,-2.0,0.004504990075265519,1.644723
PI,low,bounded_b4_w5,trace_0016,16,agx_host_proxy,True,True,True,,,480.3622390811119,499.48103448002723,-19.118795398915324,2.356636857769736,2.1537793667420417,0.20285749102769435,20.40202026437087,20.273672407211578,0.12834785715929087,156.0,127.0,29.0,2080.0,2073.0,7.0,136.0,128.0,8.0,-0.039800787496302364,1.614534
PI,low,bounded_b4_w5,trace_0017,17,agx_host_proxy,True,True,True,,,651.8220927934491,655.167881283473,-3.3457884900238923,1.8084509353525344,1.5173707729045633,0.2910801624479711,18.206352570236945,18.777089534278424,-0.5707369640414797,140.0,144.0,-4.0,2270.0,2353.0,-83.0,78.0,72.0,6.0,-0.005132978042651453,1.624565
PI,low,bounded_b4_w5,trace_0018,18,agx_host_proxy,True,True,True,,,623.0347610548848,623.0775744445324,-0.04281338964756287,1.8445615592196607,2.0116648274651303,-0.16710326824546962,15.37376531214916,18.709969141953763,-3.336203829804603,144.0,170.0,-26.0,2782.0,2144.0,638.0,677.0,104.0,573.0,-6.871749751983955e-05,1.9615779999999998
PI,low,bounded_b4_w5,trace_0019,19,agx_host_proxy,True,True,True,,,530.987587379255,529.8283110238824,1.15927635537264,2.1517344497963333,1.6350992670107218,0.5166351827856115,18.49066322708921,16.470798906650227,2.019864320438984,138.0,120.0,18.0,1779.0,1925.0,-146.0,136.0,120.0,16.0,0.0021832456782923497,1.360588
PI,low,bounded_b4_w5,trace_0020,20,agx_host_proxy,True,True,True,,,643.4729670604851,646.6989677150756,-3.226000654590507,2.10368238973924,1.801250591943056,0.3024317977961841,19.91386887817291,19.118297665889223,0.7955712122836864,186.0,155.0,31.0,2529.0,2431.0,98.0,85.0,85.0,0.0,-0.005013420640384524,1.880478
PI,low,bounded_b4_w5,trace_0021,21,agx_host_proxy,True,True,True,,,541.2472705716136,544.9874723769415,-3.7402018053278425,1.9996562693647268,2.154530536465438,-0.15487426710071128,17.215655131762954,16.613824761444192,0.601830370318762,128.0,136.0,-8.0,2050.0,2111.0,-61.0,74.0,73.0,1.0,-0.006910338414044655,1.445603
PI,low,bounded_b4_w5,trace_0022,22,agx_host_proxy,True,True,True,,,530.9946557494402,530.9788910427471,0.01576470669306218,1.7761541414131088,1.9153001103176082,-0.13914596890449937,17.342136159570025,17.43114696909642,-0.08901080952639617,120.0,126.0,-6.0,2176.0,2102.0,74.0,75.0,77.0,-2.0,2.96890119747289e-05,1.583309
PI,low,bounded_b4_w5,trace_0023,23,agx_host_proxy,True,True,True,,,616.4829681184779,617.340105231073,-0.8571371125951828,2.1381385693956183,1.7471594638133947,0.3909791055822236,21.930411142608293,18.5318592711398,3.3985518714684915,148.0,134.0,14.0,2159.0,1941.0,218.0,75.0,75.0,0.0,-0.001390366250037998,1.650558
PI,low,bounded_b4_w5,trace_0024,24,agx_host_proxy,True,True,True,,,635.7672553025752,628.7826218906451,6.984633411930076,2.1844167127260383,1.662748948329083,0.5216677643969554,21.189782476384977,16.96791345070724,4.221869025677737,163.0,143.0,20.0,2414.0,2138.0,276.0,88.0,85.0,3.0,0.010986148395777225,1.798405
PI,low,bounded_b4_w5,trace_0025,25,agx_host_proxy,True,True,True,,,558.8398115021189,541.2640855933804,17.57572590873849,2.0042985779305837,1.8311505190633008,0.1731480588672829,18.73366679205724,17.292650396611723,1.4410163954455157,130.0,144.0,-14.0,2521.0,2038.0,483.0,284.0,79.0,205.0,0.031450382644529706,1.8548580000000001
PI,low,bounded_b4_w5,trace_0026,26,agx_host_proxy,True,True,True,,,606.8534356693123,611.9784708955051,-5.125035226192836,1.6837319101785364,1.9329895789260103,-0.2492576687474739,15.646418862171819,18.04254545042108,-2.3961265882492615,124.0,143.0,-19.0,2075.0,2133.0,-58.0,79.0,84.0,-5.0,-0.008445260296730988,1.532544
PI,low,bounded_b4_w5,trace_0027,27,agx_host_proxy,True,True,True,,,469.19036029600977,443.23876702788084,25.95159326812893,2.1064736724440136,2.4022224981214095,-0.2957488256773959,21.0619105627292,22.1437313578791,-1.081820795149902,144.0,137.0,7.0,1906.0,1721.0,185.0,72.0,79.0,-7.0,0.055311437455271256,1.535618
PI,low,bounded_b4_w5,trace_0028,28,agx_host_proxy,True,True,True,,,730.4534492399466,720.0585378462991,10.394911393647476,1.6353968557575522,1.8364581107963758,-0.20106125503882355,18.396498941106678,18.204217132585853,0.19228180852082488,156.0,130.0,26.0,2550.0,2265.0,285.0,76.0,87.0,-11.0,0.014230765019267986,1.840174
PI,low,bounded_b4_w5,trace_0029,29,agx_host_proxy,True,True,True,,,616.929204877228,634.4262694220123,-17.49706454478428,1.9761275773356284,2.1502460221879636,-0.17411844485233519,21.22956088564421,19.48077072483592,1.7487901608082908,140.0,161.0,-21.0,2393.0,2354.0,39.0,80.0,81.0,-1.0,-0.028361543604125992,1.766458
PI,low,bounded_b4_w5,trace_0030,30,agx_host_proxy,True,True,True,,,377.39563797241004,388.65659984503986,-11.26096187262982,1.8807692114224113,1.8815075638404624,-0.0007383524180510914,17.46167356070882,19.244851603573558,-1.783178042864737,123.0,117.0,6.0,1490.0,1414.0,76.0,67.0,67.0,0.0,-0.02983861163083466,1.160952
PI,low,bounded_b4_w5,trace_0031,31,agx_host_proxy,True,True,True,,,490.1794902386461,497.18449489612067,-7.005004657474558,2.191713102915276,2.2441510630307997,-0.05243796011552382,22.479904231966934,20.23955330260271,2.2403509293642223,143.0,134.0,9.0,1904.0,1844.0,60.0,74.0,78.0,-4.0,-0.014290693097061527,1.516924
PI,low,bounded_b4_w5,trace_0032,32,agx_host_proxy,True,True,True,,,637.6794030315854,624.8146571408047,12.864745890780682,1.6081060065124952,1.9003724592664057,-0.2922664527539105,18.795787881090714,20.58724722579245,-1.7914593447017353,129.0,144.0,-15.0,1974.0,1926.0,48.0,76.0,76.0,0.0,0.020174316168313607,1.4528109999999999
PI,low,bounded_b4_w5,trace_0033,33,agx_host_proxy,True,True,True,,,479.14301294039484,489.91283138306204,-10.769818442667201,1.9995412325789848,2.1448121660040105,-0.14527093342502573,20.189906448254398,20.536171344408665,-0.3462648961542669,174.0,166.0,8.0,1867.0,2081.0,-214.0,85.0,72.0,13.0,-0.02247725241066379,1.4473269999999998
PI,low,bounded_b4_w5,trace_0034,34,agx_host_proxy,True,True,True,,,566.9461320093792,538.4006633387755,28.545468670603668,2.4684107175008183,2.1305120082570657,0.33789870924375265,25.48762789836801,20.52165710253765,4.965970795830362,145.0,132.0,13.0,2024.0,1711.0,313.0,80.0,77.0,3.0,0.05034952539394242,1.624101
PI,low,bounded_b4_w5,trace_0035,35,agx_host_proxy,True,True,True,,,651.3282728862976,662.6696879413588,-11.341415055061248,2.2369765010443525,2.076865818357743,0.16011068268660944,19.516546596453825,22.78569811403494,-3.2691515175811148,147.0,176.0,-29.0,2247.0,2590.0,-343.0,73.0,78.0,-5.0,-0.017412747960107545,1.680255
PI,low,bounded_b4_w5,trace_0036,36,agx_host_proxy,True,True,True,,,578.9255656958097,576.1202851396963,2.8052805561134164,2.184600894138508,2.4484067693112,-0.2638058751726917,20.16130389066331,19.846361864207026,0.3149420264562828,131.0,156.0,-25.0,3428.0,2242.0,1186.0,1280.0,82.0,1198.0,0.004845667081124245,2.551139
PI,low,bounded_b4_w5,trace_0037,37,agx_host_proxy,True,True,True,,,596.956814194861,611.5947941547978,-14.637979959936843,1.9824705744747884,2.0128999588468774,-0.030429384372089086,17.796000317688996,20.255797178113106,-2.4597968604241096,141.0,124.0,17.0,1811.0,2042.0,-231.0,81.0,78.0,3.0,-0.024521003214746213,1.358891
PI,low,bounded_b4_w5,trace_0038,38,agx_host_proxy,True,True,True,,,473.41365128882404,470.70125531511263,2.712395973711409,2.036748412764005,2.3126681514972818,-0.2759197387332768,18.768485103947047,18.097429269103092,0.6710558348439548,130.0,121.0,9.0,1731.0,1635.0,96.0,72.0,82.0,-10.0,0.00572944182392537,1.320755
PI,low,bounded_b4_w5,trace_0039,39,agx_host_proxy,True,True,True,,,458.5652578721968,458.6070720100868,-0.041814137890014536,1.8381673888809862,1.7955325541455662,0.04263483473541996,15.199877436330068,18.387087748148037,-3.187210311817969,115.0,112.0,3.0,1616.0,1777.0,-161.0,74.0,75.0,-1.0,-9.118470527845402e-05,1.192769
PI,low,bounded_b4_w5,trace_0040,40,agx_host_proxy,True,True,True,,,598.4198743493504,621.5522208903438,-23.132346540993467,2.4264437313873217,1.8856899454591767,0.540753785928145,21.202732361627497,20.71386798955942,0.4888643720680754,165.0,137.0,28.0,2346.0,2300.0,46.0,75.0,89.0,-14.0,-0.038655712372763,1.777098
PI,low,bounded_b4_w5,trace_0041,41,agx_host_proxy,True,True,True,,,606.2527424144124,606.7075951034893,-0.45485268907691534,1.509207285828086,2.090338926342993,-0.581131640514907,17.31426617581965,20.721391668177894,-3.4071254923582437,150.0,137.0,13.0,2464.0,2145.0,319.0,123.0,82.0,41.0,-0.0007502690829330625,1.803976
PI,low,bounded_b4_w5,trace_0042,42,agx_host_proxy,True,True,True,,,633.2191386245621,626.7178038773068,6.501334747255328,1.5967084304749486,1.7847827684395088,-0.1880743379645602,17.732170271786792,18.584343893372708,-0.8521736215859157,147.0,134.0,13.0,1888.0,1991.0,-103.0,76.0,77.0,-1.0,0.010267116627866158,1.3901970000000001
PI,low,bounded_b4_w5,trace_0043,43,agx_host_proxy,True,True,True,,,536.4070217925292,531.1840016994718,5.223020093057471,2.5402111274516033,2.424629209924236,0.11558191752736713,22.907130279188372,23.78763402714071,-0.8805037479523392,140.0,155.0,-15.0,2014.0,1980.0,34.0,248.0,77.0,171.0,0.009737046460733364,1.59422
PI,low,bounded_b4_w5,trace_0044,44,agx_host_proxy,True,True,True,,,449.4374868626264,437.02139518363043,12.41609167899594,1.8411654083077975,1.9253106595405522,-0.08414525123275474,20.339498880162353,15.935402700876223,4.40409617928613,123.0,131.0,-8.0,2058.0,1791.0,267.0,202.0,74.0,128.0,0.02762584795867507,1.5906200000000001
PI,low,bounded_b4_w5,trace_0045,45,agx_host_proxy,True,True,True,,,490.0812053796043,491.4258300586709,-1.3446246790666123,2.460448021813227,2.1088587861033763,0.3515892357098509,21.914384619107842,19.279166421069508,2.6352181980383342,150.0,142.0,8.0,1436.0,1792.0,-356.0,73.0,78.0,-5.0,-0.002743677301448646,1.185985
PI,low,bounded_b4_w5,trace_0046,46,agx_host_proxy,True,True,True,,,474.0152998212528,479.84863649938575,-5.833336678132923,2.653550637390181,2.3928539204031707,0.26069671698701047,21.162711451859625,21.16235567620426,0.00035577565536470956,142.0,161.0,-19.0,2186.0,1908.0,278.0,192.0,74.0,118.0,-0.012306220242959721,1.660881
PI,low,bounded_b4_w5,trace_0047,47,agx_host_proxy,True,True,True,,,759.7741888373336,757.9363921797831,1.8377966575504843,1.5638595781259426,1.3920694298076752,0.17179014831826733,16.906624865873045,16.439238046290622,0.4673868195824227,171.0,155.0,16.0,2674.0,2616.0,58.0,93.0,115.0,-22.0,0.0024188721919638067,1.900956
PI,low,bounded_b4_w5,trace_0048,48,agx_host_proxy,True,True,True,,,595.2924580711831,564.8301901006489,30.462267970534185,2.070408738523387,2.421806964452811,-0.35139822592942416,24.9046563094866,22.30318668315997,2.6014696263266295,169.0,154.0,15.0,2250.0,1863.0,387.0,73.0,91.0,-18.0,0.0511719366800572,1.734757
PI,low,bounded_b4_w5,trace_0049,49,agx_host_proxy,True,True,True,,,489.8221185221449,500.4553394468491,-10.633220924704233,2.2399678181383305,2.468222937318204,-0.2282551191798734,17.27416638726664,20.51946489854984,-3.245298511283199,135.0,143.0,-8.0,1873.0,1928.0,-55.0,85.0,75.0,10.0,-0.02170833149957785,1.41445
PI,low,count_b2,trace_0000,0,agx_host_proxy,True,True,True,,,653.0073665720349,638.634900806969,14.372465765065954,2.031728178842999,1.0547974546078607,0.9769307242351382,18.978943686582184,15.60453649006645,3.374407196515735,132.0,116.0,16.0,2215.0,1905.0,310.0,72.0,79.0,-7.0,0.022009653337471943,1.5904040000000002
PI,low,count_b2,trace_0001,1,agx_host_proxy,True,True,True,,,607.2317792566587,589.3416335050501,17.890145751608543,2.7421223733333253,2.9470979254880083,-0.204975552154683,22.59266558491542,20.312600291125186,2.2800652937902335,151.0,125.0,26.0,2191.0,2432.0,-241.0,72.0,68.0,4.0,0.029461807439506413,1.6040880000000002
PI,low,count_b2,trace_0002,2,agx_host_proxy,True,True,True,,,526.9277197613436,524.0717828080619,2.8559369532816845,2.0782603349239324,2.10186582616504,-0.023605491241107668,20.31132656624406,22.177900039965287,-1.8665734737212283,122.0,129.0,-7.0,2080.0,1875.0,205.0,63.0,93.0,-30.0,0.005419978578039502,1.630132
PI,low,count_b2,trace_0003,3,agx_host_proxy,True,True,True,,,566.2418237335601,552.6078214470994,13.634002286460714,2.0487837475110577,2.542156692494782,-0.4933729449837241,19.26568589495692,18.181275590022075,1.0844103049348455,156.0,138.0,18.0,1825.0,1805.0,20.0,72.0,69.0,3.0,0.024078055902977718,1.3696359999999999
PI,low,count_b2,trace_0004,4,agx_host_proxy,True,True,True,,,669.0301136693846,673.5789617086256,-4.548848039240966,2.4488202259263296,2.163360310797106,0.28545991512922386,19.682158276863806,22.27023927171006,-2.588080994846255,155.0,149.0,6.0,2236.0,2630.0,-394.0,72.0,75.0,-3.0,-0.006799167849548959,1.6307829999999999
PI,low,count_b2,trace_0005,5,agx_host_proxy,True,True,True,,,579.1457081501902,576.6150208574009,2.5306872927893664,2.496240318392141,2.3909077602766855,0.10533255811545539,21.417053975381375,17.839028122029795,3.57802585335158,149.0,120.0,29.0,2167.0,2309.0,-142.0,72.0,71.0,1.0,0.004369690143906034,1.6941000000000002
PI,low,count_b2,trace_0006,6,agx_host_proxy,True,True,True,,,594.5782068296327,596.5367236985376,-1.9585168689048942,2.1457260539454492,2.0564050484509258,0.08932100549452349,19.545612833324853,18.012453625853812,1.5331592074710407,126.0,140.0,-14.0,2151.0,2330.0,-179.0,71.0,76.0,-5.0,-0.0032939600651493055,1.617993
PI,low,count_b2,trace_0007,7,agx_host_proxy,True,True,True,,,641.37130205329,638.0971207277343,3.2741813255557872,2.3911618009962066,2.5227908211879004,-0.13162902019169387,22.0972882458762,21.932573676728143,0.1647145691480567,166.0,149.0,17.0,2861.0,2288.0,573.0,171.0,70.0,101.0,0.005104970108693362,2.116519
PI,low,count_b2,trace_0008,8,agx_host_proxy,True,True,True,,,454.4176375949513,452.4903763699715,1.9272612249798158,1.6286885879819728,1.869637497661458,-0.24094890967948523,21.591866346245467,19.87473056846135,1.7171357777841187,153.0,169.0,-16.0,2104.0,1988.0,116.0,68.0,71.0,-3.0,0.0042411672997114055,1.663864
PI,low,count_b2,trace_0009,9,agx_host_proxy,True,True,True,,,553.9651912428463,552.3968990114523,1.5682922313940253,2.464333403083513,1.7822202899483803,0.6821131131351328,21.777921328505727,16.959537161154074,4.8183841673516525,149.0,122.0,27.0,2452.0,2122.0,330.0,75.0,77.0,-2.0,0.002831030281659917,1.845761
PI,low,count_b2,trace_0010,10,agx_host_proxy,True,True,True,,,460.06194360682275,455.6933738187358,4.3685697880869725,1.9744314465193262,2.2679065139614822,-0.293475067442156,21.250467169714685,20.50822254437929,0.7422446253353954,115.0,119.0,-4.0,1981.0,2077.0,-96.0,68.0,65.0,3.0,0.009495612164392434,1.515926
PI,low,count_b2,trace_0011,11,agx_host_proxy,True,True,True,,,576.144403594815,602.1738097413227,-26.029406146507654,1.7475510386168605,2.156640185734163,-0.4090891471173026,14.472529992177211,17.518710546586625,-3.046180554409414,128.0,150.0,-22.0,2509.0,2367.0,142.0,261.0,77.0,184.0,-0.04517861491684878,1.804614
PI,low,count_b2,trace_0012,12,agx_host_proxy,True,True,True,,,525.4023571544905,533.8380185057437,-8.435661351253202,1.303954418597398,1.6569939042897899,-0.35303948569239196,13.189126275240382,17.326739123499443,-4.137612848259062,118.0,153.0,-35.0,2058.0,2072.0,-14.0,75.0,72.0,3.0,-0.016055621442087976,1.445975
PI,low,count_b2,trace_0013,13,agx_host_proxy,True,True,True,,,601.2523754585153,601.0349757520642,0.2173997064511468,2.2410485676148357,1.4286585274630095,0.8123900401518263,16.591481464120776,14.316948378141268,2.274533085979508,139.0,113.0,26.0,2242.0,1999.0,243.0,71.0,85.0,-14.0,0.00036157812480218095,1.627987
PI,low,count_b2,trace_0014,14,agx_host_proxy,True,True,True,,,590.148725683488,552.746885046661,37.401840636827046,2.2168746057689006,1.7682457125240845,0.44862889324481614,20.312214747586108,15.004451338208993,5.307763409377115,132.0,112.0,20.0,1963.0,1947.0,16.0,68.0,71.0,-3.0,0.06337697432712346,1.579813
PI,low,count_b2,trace_0015,15,agx_host_proxy,True,True,True,,,617.0877065684668,618.3900043900767,-1.3022978216098409,1.8026775406546955,2.2300270299933778,-0.4273494893386822,16.80065028731428,22.354854164180008,-5.554203876865728,142.0,144.0,-2.0,2295.0,2406.0,-111.0,73.0,82.0,-9.0,-0.0021103933974827107,1.6897820000000001
PI,low,count_b2,trace_0016,16,agx_host_proxy,True,True,True,,,513.7832504647727,495.5823283174372,18.20092214733546,3.0187427060158596,2.7093536214615144,0.3093890845543452,20.11720653279735,21.52459684613519,-1.4073903133378387,133.0,178.0,-45.0,2353.0,2322.0,31.0,68.0,188.0,-120.0,0.03542529292434261,1.7706709999999999
PI,low,count_b2,trace_0017,17,agx_host_proxy,True,True,True,,,658.5368175963305,647.8749835545468,10.661834041783663,2.0583176774455305,2.001669747236865,0.05664793020866554,19.890967376764767,20.61438063797132,-0.7234132612065522,174.0,151.0,23.0,2298.0,2459.0,-161.0,75.0,75.0,0.0,0.016190186724410523,1.650754
PI,low,count_b2,trace_0018,18,agx_host_proxy,True,True,True,,,633.8012086982642,622.7775744445324,11.023634253731757,3.057695843185466,2.5784457443903017,0.47925009879516445,20.839886243091716,18.692720376146948,2.1471658669447677,148.0,150.0,-2.0,2518.0,2490.0,28.0,69.0,89.0,-20.0,0.017392889288382243,1.85146
PI,low,count_b2,trace_0019,19,agx_host_proxy,True,True,True,,,520.6364353516988,532.156484984747,-11.520049633048188,2.2686805954388585,2.4420143061508552,-0.17333371071199677,20.034290944712478,21.986577855185732,-1.952286910473255,145.0,172.0,-27.0,2054.0,2307.0,-253.0,70.0,225.0,-155.0,-0.022126860224959476,1.576632
PI,low,count_b2,trace_0020,20,agx_host_proxy,True,True,True,,,641.4408743402729,637.9010106027835,3.5398637374894406,2.444912752756072,1.6883590649297324,0.7565536878263397,18.098986531578987,15.538760046045223,2.5602264855337644,120.0,126.0,-6.0,2636.0,2231.0,405.0,75.0,75.0,0.0,0.005518612672025647,1.860691
PI,low,count_b2,trace_0021,21,agx_host_proxy,True,True,True,,,539.0459323413813,541.2921568894254,-2.246224548044097,2.3842117005178576,1.9699419690975972,0.41426973142026036,17.38422479106281,15.778310432729342,1.605914358333468,124.0,120.0,4.0,2162.0,2043.0,119.0,167.0,72.0,95.0,-0.0041670373771071295,1.5472430000000001
PI,low,count_b2,trace_0022,22,agx_host_proxy,True,True,True,,,531.5854693140061,549.3747202732443,-17.78925095923819,1.8393723395658483,2.26162892871857,-0.4222565891527217,17.35580607197274,19.128353511491543,-1.772547439518803,110.0,138.0,-28.0,2154.0,2398.0,-244.0,70.0,68.0,2.0,-0.03346451697070396,1.529205
PI,low,count_b2,trace_0023,23,agx_host_proxy,True,True,True,,,617.021434462621,595.3236450036974,21.69778945892358,1.6870203871726888,1.5874194351820503,0.09960095199063845,21.42725536977457,17.57385450508778,3.8534008646867903,136.0,140.0,-4.0,2174.0,1876.0,298.0,196.0,90.0,106.0,0.03516537391901258,1.647296
PI,low,count_b2,trace_0024,24,agx_host_proxy,True,True,True,,,625.6561204420843,608.9275836410179,16.72853680106641,1.998802124891059,1.7379682371021925,0.2608338877888665,16.373817348164682,18.94204258105477,-2.5682252328900894,127.0,148.0,-21.0,2296.0,2171.0,125.0,76.0,75.0,1.0,0.02673758995476004,1.6184749999999999
PI,low,count_b2,trace_0025,25,agx_host_proxy,True,True,True,,,545.2735693886984,543.7585058089384,1.5150635797600671,2.2628831786997465,1.9300853674364309,0.33279781126331565,17.174237665398635,16.460143563751586,0.7140941016470492,122.0,118.0,4.0,2228.0,2245.0,-17.0,70.0,73.0,-3.0,0.002778538452649726,1.6503789999999998
PI,low,count_b2,trace_0026,26,agx_host_proxy,True,True,True,,,619.3037786542976,615.8934330891985,3.410345565099078,2.1410284689895587,2.204416450351255,-0.06338798136169643,19.100879234927614,16.558026172334223,2.542853062593391,174.0,150.0,24.0,2219.0,2174.0,45.0,86.0,72.0,14.0,0.005506741089985778,1.633455
PI,low,count_b2,trace_0027,27,agx_host_proxy,True,True,True,,,440.2318129996814,448.40864473739344,-8.176831737712064,2.0036190858975074,2.096062064298381,-0.09244297840087379,21.15815821700533,21.803673038753338,-0.6455148217480087,175.0,133.0,42.0,1946.0,1966.0,-20.0,74.0,72.0,2.0,-0.018573922865765227,1.5025570000000001
PI,low,count_b2,trace_0028,28,agx_host_proxy,True,True,True,,,725.6454657029457,719.6742438578849,5.971221845060768,2.4810642764109114,2.808311729422091,-0.3272474530111795,19.249125542858266,19.569108773552795,-0.31998323069452894,144.0,128.0,16.0,2845.0,2827.0,18.0,74.0,69.0,5.0,0.00822884194456633,2.043752
PI,low,count_b2,trace_0029,29,agx_host_proxy,True,True,True,,,612.1251375496113,617.6482597832875,-5.52312223367619,2.5641111450485363,2.525388256785097,0.03872288826343917,18.618719205733132,16.52636693836464,2.0923522673684936,152.0,133.0,19.0,3345.0,2247.0,1098.0,1081.0,208.0,873.0,-0.009022864598872244,2.459002
PI,low,count_b2,trace_0030,30,agx_host_proxy,True,True,True,,,374.55984271416173,384.0248224501371,-9.464979735975362,1.377783055312015,1.4200200714040967,-0.04223701609208175,18.35772565606549,21.248613026827467,-2.890887370761977,108.0,119.0,-11.0,1455.0,1261.0,194.0,217.0,68.0,149.0,-0.025269606232717217,1.202504
PI,low,count_b2,trace_0031,31,agx_host_proxy,True,True,True,,,502.7780884557773,488.75303783161377,14.025050624163555,1.6591281040910413,2.0246063797569542,-0.36547827566591296,18.594523540997617,18.09329059941305,0.5012329415845684,157.0,115.0,42.0,1845.0,1863.0,-18.0,71.0,69.0,2.0,0.027895111076220162,1.468409
PI,low,count_b2,trace_0032,32,agx_host_proxy,True,True,True,,,656.0157952706767,628.3457735487918,27.670021721884837,2.208098161148731,2.0827144511255997,0.1253837100231312,25.265765409977668,19.069339783282903,6.196425626694765,166.0,154.0,12.0,2472.0,2095.0,377.0,308.0,74.0,234.0,0.04217889557136043,1.927135
PI,low,count_b2,trace_0033,33,agx_host_proxy,True,True,True,,,510.1197910408097,482.62895672484586,27.49083431596381,1.861824338496295,2.162560528763623,-0.30073619026732823,17.71850579326362,17.559529122812535,0.15897667045108577,194.0,130.0,64.0,2313.0,2199.0,114.0,71.0,120.0,-49.0,0.05389093855753685,1.666796
PI,low,count_b2,trace_0034,34,agx_host_proxy,True,True,True,,,560.7555980869295,522.8283244603999,37.92727362652954,2.9251024229797853,1.739610335717454,1.1854920872623314,26.420832785422764,22.619987051280493,3.8008457341422712,149.0,139.0,10.0,1975.0,1810.0,165.0,70.0,69.0,1.0,0.06763601425633914,1.58768
PI,low,count_b2,trace_0035,35,agx_host_proxy,True,True,True,,,637.948910853943,639.2874769560775,-1.338566102134564,2.913028101568105,2.108094383934083,0.8049337176340221,19.83527975610103,18.79074381619866,1.0445359399023708,154.0,129.0,25.0,2324.0,1851.0,473.0,72.0,77.0,-5.0,-0.002098234011157401,1.7493759999999998
PI,low,count_b2,trace_0036,36,agx_host_proxy,True,True,True,,,580.8315367920948,578.8252305167509,2.0063062753438317,2.594753555437924,2.4354073884416776,0.15934616699624637,17.203075952576157,17.43503807574146,-0.23196212316530307,121.0,131.0,-10.0,2177.0,2158.0,19.0,72.0,76.0,-4.0,0.0034541965238743177,1.5969039999999999
PI,low,count_b2,trace_0037,37,agx_host_proxy,True,True,True,,,592.2898586732067,599.0578752925408,-6.768016619334048,1.9286710318562863,1.9251376911494145,0.0035333407068718348,17.48772526893736,18.734861016713193,-1.2471357477758325,126.0,144.0,-18.0,2059.0,2074.0,-15.0,72.0,72.0,0.0,-0.01142686561356147,1.540807
PI,low,count_b2,trace_0038,38,agx_host_proxy,True,True,True,,,481.12855743094076,473.18073553702516,7.947821893915602,2.1242867165862758,2.0332225615275346,0.09106415505874121,18.397916408748188,16.19451847777835,2.203397930969839,139.0,124.0,15.0,1838.0,1843.0,-5.0,73.0,74.0,-1.0,0.016519123155678408,1.415957
PI,low,count_b2,trace_0039,39,agx_host_proxy,True,True,True,,,515.8280839614538,458.4771432214503,57.350940740003466,2.037768110420429,2.041776800137899,-0.0040086897174700376,20.328223617166994,20.82739549819646,-0.49917188102946497,128.0,137.0,-9.0,2029.0,1817.0,212.0,72.0,71.0,1.0,0.1111822766600066,1.553684
PI,low,count_b2,trace_0040,40,agx_host_proxy,True,True,True,,,608.0407115429834,629.5856411787125,-21.54492963572909,2.6221605819945366,2.7879362589949928,-0.16577567700045615,22.84536855551275,23.504380452103238,-0.6590118965904885,144.0,155.0,-11.0,2204.0,2283.0,-79.0,70.0,93.0,-23.0,-0.03543336692218518,1.757933
PI,low,count_b2,trace_0041,41,agx_host_proxy,True,True,True,,,628.8275219431575,609.7703180518475,19.057203891309996,1.946987440764633,2.229491594080371,-0.28250415331573797,17.348075641327153,18.57485798559745,-1.2267823442702976,108.0,131.0,-23.0,2573.0,2475.0,98.0,127.0,73.0,54.0,0.030305931636740065,1.904186
PI,low,count_b2,trace_0042,42,agx_host_proxy,True,True,True,,,626.7909764278847,624.3977520354886,2.393224392396178,2.2485236326589058,1.9840245348536985,0.2644990978052073,17.85852394353545,18.41735107173774,-0.5588271282022923,132.0,169.0,-37.0,2032.0,2069.0,-37.0,71.0,75.0,-4.0,0.003818217687234892,1.528443
PI,low,count_b2,trace_0043,43,agx_host_proxy,True,True,True,,,531.2263423046926,531.1969911525788,0.029351152113804346,2.153800537920796,2.814939508397669,-0.6611389704768733,19.532825948854217,21.5269026001927,-1.9940766513384816,135.0,148.0,-13.0,1838.0,1934.0,-96.0,71.0,71.0,0.0,5.525168798381908e-05,1.436151
PI,low,count_b2,trace_0044,44,agx_host_proxy,True,True,True,,,416.1141771432657,430.84565296834916,-14.731475825083464,1.6782963954305976,2.7339041940160063,-1.0556077985854087,18.261713969244063,21.05576204299806,-2.7940480737539986,110.0,163.0,-53.0,1673.0,1938.0,-265.0,70.0,69.0,1.0,-0.03540248478487072,1.350279
PI,low,count_b2,trace_0045,45,agx_host_proxy,True,True,True,,,495.8275611232827,495.2909749604196,0.5365861628631023,2.6569723551331688,1.9894744350388012,0.6674979200943676,17.65341463745292,17.852502841692555,-0.19908820423963647,128.0,133.0,-5.0,1727.0,1661.0,66.0,71.0,67.0,4.0,0.0010822031789589957,1.32486
PI,low,count_b2,trace_0046,46,agx_host_proxy,True,True,True,,,477.081193677337,475.1355588422408,1.9456348350962003,2.3515479101319854,2.0696307320790703,0.28191717805291505,21.969219242660177,20.461965299147856,1.5072539435123211,140.0,154.0,-14.0,1890.0,1884.0,6.0,72.0,67.0,5.0,0.004078204844125728,1.5032999999999999
PI,low,count_b2,trace_0047,47,agx_host_proxy,True,True,True,,,762.0617379420136,780.683468900403,-18.621730958389435,1.3934015686920078,1.750090121028886,-0.35668855233687813,16.87444397206608,20.31614372150346,-3.441699749437383,119.0,171.0,-52.0,2679.0,2835.0,-156.0,81.0,78.0,3.0,-0.02443598731078976,1.879237
PI,low,count_b2,trace_0048,48,agx_host_proxy,True,True,True,,,612.7529012135412,564.5776904961511,48.17521071739009,1.6683104877077548,2.836574827818416,-1.1682643401106614,23.83059946047764,23.097210147901453,0.7333893125761861,166.0,137.0,29.0,2492.0,2087.0,405.0,194.0,112.0,82.0,0.07862094267033307,1.887753
PI,low,count_b2,trace_0049,49,agx_host_proxy,True,True,True,,,498.58771957337797,496.84140403324534,1.7463155401326276,2.109617543635299,2.672677495386114,-0.563059951750815,20.02027192356267,19.326494623823024,0.6937772997396472,131.0,124.0,7.0,1991.0,1981.0,10.0,68.0,80.0,-12.0,0.003502524172931659,1.522284
PI,low,count_b4,trace_0000,0,rp2040_hardware,True,True,True,,,639.9097585433226,629.2879766055759,10.621781937746732,4.90174036792511,2.9603336272184064,1.9414067407067037,31.481221726535736,19.346244278870593,12.134977447665143,184.0,134.0,50.0,2735.0,2464.0,271.0,63.0,67.0,-4.0,0.016598874756849995,64.788444
PI,low,count_b4,trace_0001,1,rp2040_hardware,True,True,True,,,604.4198586500695,575.3575273664635,29.062331283606,3.941772158257587,4.314284425854406,-0.3725122675968189,22.1997171869642,20.854299146522383,1.3454180404418175,144.0,187.0,-43.0,2269.0,2031.0,238.0,66.0,70.0,-4.0,0.04808301856347793,50.811805
PI,low,count_b4,trace_0002,2,rp2040_hardware,True,True,True,,,525.9610074578362,522.8690808683936,3.0919265894426644,5.8850182286057855,4.516191259182856,1.3688269694229298,24.920391206548743,22.30294876175432,2.617442444794424,127.0,126.0,1.0,2001.0,1955.0,46.0,57.0,76.0,-19.0,0.005878623216551903,47.8983
PI,low,count_b4,trace_0003,3,rp2040_hardware,True,True,True,,,575.2574761517125,573.0723144770847,2.185161674627807,5.013922126862175,3.955236247600038,1.058685879262137,23.136497455142635,20.36355016416478,2.7729472909778536,160.0,134.0,26.0,2108.0,2135.0,-27.0,62.0,62.0,0.0,0.003798580227493671,49.069984
PI,low,count_b4,trace_0004,4,agx_host_proxy,True,True,True,,,669.0289007029254,691.4326180158859,-22.403717312960453,5.149293530983944,4.629917424589193,0.5193761063947511,25.52118532826824,23.994761795376057,1.5264235328921814,143.0,169.0,-26.0,2630.0,2835.0,-205.0,64.0,61.0,3.0,-0.03348692005595221,1.931914
PI,low,count_b4,trace_0005,5,agx_host_proxy,True,True,True,,,584.1929951989813,578.0027796972691,6.190215501712146,4.452199800281099,4.906476638099787,-0.45427683781868744,21.171277800874847,18.856819332741733,2.3144584681331146,137.0,109.0,28.0,2527.0,2453.0,74.0,66.0,65.0,1.0,0.010596182344849417,1.8763480000000001
PI,low,count_b4,trace_0006,6,agx_host_proxy,True,True,True,,,605.4957998853446,592.9743059178722,12.521493967472338,3.646537196125282,4.462603680343367,-0.8160664842180849,21.259630232028044,20.209194059572305,1.0504361724557398,142.0,155.0,-13.0,2381.0,2356.0,25.0,65.0,65.0,0.0,0.020679737117653637,1.758435
PI,low,count_b4,trace_0007,7,agx_host_proxy,True,True,True,,,641.8246777607515,641.6142010260247,0.21047673472673978,5.711034335168021,4.2426507802427755,1.4683835549252455,25.541764959058288,21.919837771709556,3.6219271873487315,141.0,135.0,6.0,2793.0,2687.0,106.0,66.0,68.0,-2.0,0.0003279349361589953,2.064873
PI,low,count_b4,trace_0008,8,agx_host_proxy,True,True,True,,,457.73849799670614,445.6817583996888,12.056739597017327,3.0470033423159975,4.973055588685683,-1.9260522463696854,18.719130612336567,21.542439640069503,-2.823309027732936,105.0,129.0,-24.0,2216.0,2162.0,54.0,66.0,58.0,8.0,0.026339798050161133,1.602749
PI,low,count_b4,trace_0009,9,agx_host_proxy,True,True,True,,,552.9057721863572,546.7827143159144,6.123057870442835,2.891811652481646,3.3045871557838082,-0.41277550330216206,17.625732966942763,19.037750193545754,-1.4120172266029911,124.0,122.0,2.0,2432.0,2330.0,102.0,70.0,64.0,6.0,0.011074324375798078,1.7749709999999999
PI,low,count_b4,trace_0010,10,agx_host_proxy,True,True,True,,,473.4452944589027,455.5606234153357,17.884671043566982,3.4840486944929636,3.855081573940366,-0.3710328794474025,24.41410535092461,20.708143510240618,3.705961840683994,151.0,133.0,18.0,2005.0,2093.0,-88.0,66.0,65.0,1.0,0.037775580944377635,1.523563
PI,low,count_b4,trace_0011,11,agx_host_proxy,True,True,True,,,582.3138025819043,599.0282127916175,-16.714410209713265,3.1492666806739047,3.264110714225943,-0.1148440335520382,17.65598972626505,17.243578989430315,0.4124107368347367,141.0,126.0,15.0,2341.0,2353.0,-12.0,62.0,71.0,-9.0,-0.028703441573261233,1.729405
PI,low,count_b4,trace_0012,12,agx_host_proxy,True,True,True,,,542.1564498751837,561.0038943031875,-18.84744442800377,2.571185366430966,3.046213196810819,-0.4750278303798532,16.04231910542706,19.75244477136228,-3.7101256659352195,153.0,152.0,1.0,2565.0,2569.0,-4.0,122.0,331.0,-209.0,-0.03476384802273008,1.860652
PI,low,count_b4,trace_0013,13,agx_host_proxy,True,True,True,,,601.1707913870912,601.6012721510967,-0.43048076400555146,3.5873557257446955,2.242427144645714,1.3449285810989817,19.538209363322096,15.877585792304837,3.6606235710172594,135.0,131.0,4.0,2257.0,2128.0,129.0,64.0,69.0,-5.0,-0.0007160706577448584,1.662323
PI,low,count_b4,trace_0014,14,agx_host_proxy,True,True,True,,,563.5060408745402,585.0367865497011,-21.530745675160915,3.655816474220962,3.679065202273041,-0.023248728052079226,19.327980026310573,17.696949899744766,1.6310301265658076,126.0,138.0,-12.0,2070.0,2060.0,10.0,119.0,87.0,32.0,-0.03820854456457291,1.551529
PI,low,count_b4,trace_0015,15,agx_host_proxy,True,True,True,,,641.2442874827274,631.0067451573412,10.23754232538613,3.2515932420352933,5.949093238994451,-2.697499996959158,19.390014838960365,24.45262578358395,-5.062610944623586,155.0,170.0,-15.0,2774.0,2567.0,207.0,121.0,62.0,59.0,0.015965120509025803,1.946893
PI,low,count_b4,trace_0016,16,agx_host_proxy,True,True,True,,,493.41892779368,491.8852229277531,1.533704865926893,3.6907006336806547,3.266530996688954,0.42416963699170074,23.20908267320362,16.092412602285258,7.116670070918364,152.0,152.0,0.0,2328.0,2214.0,114.0,60.0,81.0,-21.0,0.0031083219137637177,1.742541
PI,low,count_b4,trace_0017,17,agx_host_proxy,True,True,True,,,658.638459820393,658.2762653014454,0.3621945189476037,3.3407562770647603,3.4995661868797936,-0.1588099098150333,21.10463435487696,19.594969070711066,1.5096652841658944,146.0,134.0,12.0,2414.0,2474.0,-60.0,65.0,94.0,-29.0,0.0005499140135946086,1.703929
PI,low,count_b4,trace_0018,18,agx_host_proxy,True,True,True,,,625.046800252964,631.8552499289194,-6.808449675955444,3.599522153916586,2.9977550760772678,0.6017670778393183,18.393539235168863,16.362882721225414,2.0306565139434483,140.0,116.0,24.0,2837.0,2596.0,241.0,283.0,142.0,141.0,-0.010892703831457072,2.01077
PI,low,count_b4,trace_0019,19,agx_host_proxy,True,True,True,,,532.0715404322701,533.2012559056074,-1.129715473337228,3.7447588187336938,3.983671679123293,-0.23891286038959914,21.50333709407769,21.923106795919534,-0.4197697018418438,144.0,126.0,18.0,2211.0,2040.0,171.0,63.0,63.0,0.0,-0.002123239804217709,1.695464
PI,low,count_b4,trace_0020,20,agx_host_proxy,True,True,True,,,641.6273813926256,634.5424324088574,7.084948983768186,3.832071818896171,4.120509117144627,-0.28843729824845576,16.997541092570522,21.418291438790725,-4.420750346220203,140.0,154.0,-14.0,2634.0,2191.0,443.0,71.0,73.0,-2.0,0.011042154978471459,1.878815
PI,low,count_b4,trace_0021,21,agx_host_proxy,True,True,True,,,541.3917308950403,541.4044905462526,-0.012759651212377321,4.2952633114798635,3.331816397665433,0.9634469138144306,20.59426758741257,17.6046899245307,2.989577662881871,131.0,121.0,10.0,2090.0,2271.0,-181.0,67.0,64.0,3.0,-2.356824178175532e-05,1.564414
PI,low,count_b4,trace_0022,22,agx_host_proxy,True,True,True,,,574.7496776076413,537.3346544012629,37.41502320637835,4.9155963399777685,3.9926514611337076,0.9229448788440608,21.97835913391002,19.3954571227694,2.582902011140618,192.0,152.0,40.0,2549.0,2145.0,404.0,67.0,73.0,-6.0,0.06509794553015844,1.876944
PI,low,count_b4,trace_0023,23,agx_host_proxy,True,True,True,,,607.7653535927751,607.2573910942356,0.5079624985395412,3.364660196208367,4.315886512329727,-0.9512263161213599,23.30576679644779,21.163113643237523,2.1426531532102686,151.0,145.0,6.0,2208.0,2462.0,-254.0,68.0,81.0,-13.0,0.0008357871924365971,1.723118
PI,low,count_b4,trace_0024,24,agx_host_proxy,True,True,True,,,605.4607829296234,635.1093894914441,-29.648606561820657,3.953128144224632,4.34449008267779,-0.39136193845315814,18.304906779622755,22.451444136468485,-4.14653735684573,126.0,167.0,-41.0,2281.0,2826.0,-545.0,67.0,410.0,-343.0,-0.048968665515148495,1.639467
PI,low,count_b4,trace_0025,25,agx_host_proxy,True,True,True,,,549.3579813290366,549.3638492582845,-0.005867929247870052,3.9476078418388543,2.865607994893252,1.0819998469456023,18.428275769976,16.073401905857832,2.3548738641181686,126.0,128.0,-2.0,2354.0,2208.0,146.0,68.0,96.0,-28.0,-1.0681430774290452e-05,1.711824
PI,low,count_b4,trace_0026,26,agx_host_proxy,True,True,True,,,619.5059449590327,613.857415704903,5.6485292541296985,2.836242038719957,2.852566679856483,-0.016324641136526097,18.355447119625712,18.01453752231167,0.3409095973140417,137.0,127.0,10.0,2167.0,2431.0,-264.0,79.0,90.0,-11.0,0.009117796689591461,1.6430500000000001
PI,low,count_b4,trace_0027,27,agx_host_proxy,True,True,True,,,440.7582133459691,439.37233119522585,1.3858821507432708,4.2137955255841515,4.020849112760014,0.1929464128241376,21.329166113798003,19.166800565469707,2.162365548328296,109.0,111.0,-2.0,1898.0,1868.0,30.0,61.0,61.0,0.0,0.003144313840966215,1.48743
PI,low,count_b4,trace_0028,28,agx_host_proxy,True,True,True,,,733.869167923992,722.440205014569,11.428962909423035,3.670108713238406,5.407345827507471,-1.7372371142690648,18.817098758235524,23.947513077442206,-5.1304143192066824,183.0,150.0,33.0,2860.0,2803.0,57.0,70.0,60.0,10.0,0.015573570070744206,2.0417460000000003
PI,low,count_b4,trace_0029,29,agx_host_proxy,True,True,True,,,610.0707487302908,611.7796931487032,-1.7089444184124432,3.54679234408558,4.916571173134332,-1.369778829048752,21.326956292226242,23.711692174666705,-2.384735882440463,140.0,169.0,-29.0,2155.0,2223.0,-68.0,65.0,66.0,-1.0,-0.002801223336750995,1.659135
PI,low,count_b4,trace_0030,30,agx_host_proxy,True,True,True,,,383.4127830086272,371.96693417918925,11.44584882943792,3.4561361037914704,3.518089648336094,-0.06195354454462354,20.074912509875812,19.141846829592126,0.9330656802836863,123.0,106.0,17.0,1527.0,1512.0,15.0,214.0,70.0,144.0,0.0298525488368508,1.20633
PI,low,count_b4,trace_0031,31,agx_host_proxy,True,True,True,,,495.9128305075555,488.57309576688357,7.339734740671929,4.461648346504179,4.33838137809701,0.12326696840716966,22.03455979288604,20.513963143531072,1.5205966493549674,148.0,130.0,18.0,2248.0,1930.0,318.0,62.0,59.0,3.0,0.014800453404603139,1.752742
PI,low,count_b4,trace_0032,32,agx_host_proxy,True,True,True,,,625.6420929802349,628.2019683905088,-2.5598754102738894,3.850067793365065,4.845142150528196,-0.9950743571631313,20.37816313974584,20.44761098761572,-0.06944784786988123,129.0,130.0,-1.0,2056.0,2050.0,6.0,69.0,67.0,2.0,-0.004091597159136095,1.503719
PI,low,count_b4,trace_0033,33,agx_host_proxy,True,True,True,,,488.2107659083316,485.96283714471093,2.2479287636206777,2.913874443742162,2.890578590940947,0.023295852801215045,17.25343747221636,19.284928761111953,-2.0314912888955945,133.0,134.0,-1.0,2248.0,1990.0,258.0,71.0,66.0,5.0,0.004604422762858035,1.655443
PI,low,count_b4,trace_0034,34,agx_host_proxy,True,True,True,,,534.7920289065522,525.8578286374308,8.934200269121447,4.695072512402084,4.907242437310436,-0.21216992490835196,20.269861052995388,19.92510907616658,0.34475197682880676,120.0,139.0,-19.0,1839.0,1775.0,64.0,63.0,88.0,-25.0,0.016705933870010205,1.435128
PI,low,count_b4,trace_0035,35,agx_host_proxy,True,True,True,,,638.1967813469523,651.2745185389423,-13.077737191989968,3.5159316860692384,4.12157715522543,-0.6056454691561917,19.09270665516701,23.071327201275967,-3.9786205461089565,139.0,155.0,-16.0,2233.0,2731.0,-498.0,66.0,62.0,4.0,-0.020491700325389647,1.667981
PI,low,count_b4,trace_0036,36,agx_host_proxy,True,True,True,,,576.1961998509455,578.9667473703875,-2.7705475194419478,3.856491981657579,4.3354414030707025,-0.4789494214131236,17.886990576885843,20.73214293450729,-2.8451523576214477,114.0,131.0,-17.0,2243.0,2346.0,-103.0,66.0,66.0,0.0,-0.0048083404926284705,1.66893
PI,low,count_b4,trace_0037,37,agx_host_proxy,True,True,True,,,590.0563343092584,603.9418508782514,-13.885516568993012,2.05811304006962,4.111733494751637,-2.053620454682017,19.06041147575784,22.120978469084978,-3.0605669933271393,140.0,178.0,-38.0,1764.0,2172.0,-408.0,72.0,69.0,3.0,-0.023532526915837463,1.354929
PI,low,count_b4,trace_0038,38,agx_host_proxy,True,True,True,,,473.2512660861538,474.2601852972334,-1.0089192110796148,3.4040248068932635,2.9183157028523135,0.48570910404095,15.816780270904195,18.0067000235671,-2.189919752662904,131.0,116.0,15.0,1709.0,1830.0,-121.0,65.0,135.0,-70.0,-0.0021318890901729664,1.2636319999999999
PI,low,count_b4,trace_0039,39,agx_host_proxy,True,True,True,,,454.47040870701227,458.734172779334,-4.263764072321749,3.5716550487271896,3.280368038046849,0.2912870106803407,19.28277037011963,18.634544302542142,0.648226067577486,138.0,162.0,-24.0,1739.0,1903.0,-164.0,62.0,61.0,1.0,-0.009381829907149157,1.339806
PI,low,count_b4,trace_0040,40,agx_host_proxy,True,True,True,,,606.1484219652203,617.1109433784351,-10.962521413214745,4.242628046047099,2.740209315151509,1.5024187308955903,21.038865186839452,22.130874667293796,-1.0920094804543439,117.0,141.0,-24.0,2432.0,2472.0,-40.0,211.0,197.0,14.0,-0.01808553980504094,1.836414
PI,low,count_b4,trace_0041,41,agx_host_proxy,True,True,True,,,609.5890658422938,606.4695882014261,3.1194776408677853,3.185302531700945,3.670622613355146,-0.48532008165420093,18.399232431019747,18.653857355255855,-0.25462492423610783,138.0,128.0,10.0,2528.0,2197.0,331.0,60.0,90.0,-30.0,0.00511734513570626,1.826759
PI,low,count_b4,trace_0042,42,agx_host_proxy,True,True,True,,,639.6406190137498,627.6380529624308,12.002566051318922,2.63434124013391,4.097940806609671,-1.4635995664757608,19.033443638059254,22.457807040696235,-3.424363402636981,128.0,142.0,-14.0,2268.0,2153.0,115.0,65.0,72.0,-7.0,0.018764546363277335,1.639055
PI,low,count_b4,trace_0043,43,agx_host_proxy,True,True,True,,,527.5070167500465,531.5466935361502,-4.039676786103655,5.7045311576840305,5.448152730742226,0.25637842694180435,24.150892669501086,25.778396150638738,-1.6275034811376514,124.0,172.0,-48.0,2266.0,2074.0,192.0,219.0,69.0,150.0,-0.007658053178120685,1.7605529999999998
PI,low,count_b4,trace_0044,44,agx_host_proxy,True,True,True,,,435.0109912411674,433.80284289568095,1.2081483454864497,3.9341253684811694,4.155625768087661,-0.22150039960649126,19.440082023300643,21.225381566333077,-1.7852995430324334,145.0,147.0,-2.0,2110.0,2154.0,-44.0,59.0,58.0,1.0,0.0027772823441526784,1.5184300000000002
PI,low,count_b4,trace_0045,45,agx_host_proxy,True,True,True,,,495.37602070572615,492.7490199736469,2.627000732079239,3.7015456059199496,4.012902912281061,-0.31135730636111125,22.636059495634637,19.338935565612605,3.297123930022032,141.0,124.0,17.0,1935.0,1822.0,113.0,58.0,59.0,-1.0,0.0053030437935545245,1.4901939999999998
PI,low,count_b4,trace_0046,46,agx_host_proxy,True,True,True,,,474.79783480905553,500.33426656784695,-25.536431758791423,4.87968561684909,3.789311324980604,1.0903742918684864,24.51082383640064,22.642922656463206,1.8679011799374337,125.0,159.0,-34.0,1925.0,2222.0,-297.0,159.0,59.0,100.0,-0.0537837999388964,1.495966
PI,low,count_b4,trace_0047,47,agx_host_proxy,True,True,True,,,754.7059622240915,758.3571527259633,-3.6511905018717243,2.9091320347750975,2.484780702329146,0.42435133244595136,17.44437304400011,17.202584366062347,0.2417886779377625,151.0,170.0,-19.0,2759.0,2739.0,20.0,166.0,75.0,91.0,-0.004837898048548333,1.972766
PI,low,count_b4,trace_0048,48,agx_host_proxy,True,True,True,,,564.2549919787303,564.2499647061812,0.005027272549114059,4.805183024362979,4.614810509693995,0.19037251466898386,21.223791459647803,19.651468577353118,1.572322882294685,120.0,124.0,-4.0,2138.0,1940.0,198.0,64.0,60.0,4.0,8.909575671602676e-06,1.599771
PI,low,count_b4,trace_0049,49,agx_host_proxy,True,True,True,,,505.3692360438295,517.6624123101542,-12.293176266324679,4.485036248094838,6.021398830364039,-1.5363625822692013,22.664740329707566,26.577946928467536,-3.9132065987599702,143.0,162.0,-19.0,2228.0,2186.0,42.0,120.0,73.0,47.0,-0.024325137720212393,1.707101
PI,low,count_b8,trace_0000,0,agx_host_proxy,True,True,True,,,646.8350267523035,648.4634329870735,-1.6284062347699546,2.9110363259383862,2.9802739562938374,-0.06923763035545116,17.831338075178436,19.421120039484173,-1.589781964305736,108.0,125.0,-17.0,2332.0,2506.0,-174.0,140.0,65.0,75.0,-0.00251749853891807,1.717827
PI,low,count_b8,trace_0001,1,agx_host_proxy,True,True,True,,,597.5873025063919,578.9547951495263,18.63250735686563,4.506802187260071,4.5790911052876195,-0.07228891802754855,23.78298272281854,21.178629219824824,2.6043535029937175,135.0,189.0,-54.0,2319.0,2059.0,260.0,68.0,69.0,-1.0,0.03117955699312459,1.7384060000000001
PI,low,count_b8,trace_0002,2,agx_host_proxy,True,True,True,,,520.6868187126457,522.8690808683936,-2.1822621557478215,5.103124390359768,4.516191259182856,0.5869331311769121,21.35195285935295,22.30294876175432,-0.9509959024013703,137.0,126.0,11.0,1898.0,1955.0,-57.0,58.0,76.0,-18.0,-0.004191122335578382,1.441811
PI,low,count_b8,trace_0003,3,agx_host_proxy,True,True,True,,,564.6511881509001,573.0723144770847,-8.421126326184549,4.149805893717388,3.955236247600038,0.19456964611734984,19.67692511170172,20.36355016416478,-0.6866250524630608,110.0,134.0,-24.0,1984.0,2135.0,-151.0,63.0,62.0,1.0,-0.014913855673910396,1.501275
PI,low,count_b8,trace_0004,4,agx_host_proxy,True,True,True,,,675.8504024575057,691.4326180158859,-15.582215558380199,4.646359976961011,4.629917424589193,0.01644255237181813,24.25692625405794,23.994761795376057,0.26216445868188387,169.0,169.0,0.0,2482.0,2835.0,-353.0,69.0,61.0,8.0,-0.02305571691859714,1.868602
PI,low,count_b8,trace_0005,5,agx_host_proxy,True,True,True,,,585.4256664097223,583.1218986921725,2.3037677175498175,5.617535010105197,5.978043346604875,-0.3605083364996782,21.59476467703877,20.666367551209994,0.9283971258287771,129.0,130.0,-1.0,2383.0,2398.0,-15.0,66.0,64.0,2.0,0.003935201084841876,1.755178
PI,low,count_b8,trace_0006,6,agx_host_proxy,True,True,True,,,597.7781087789429,594.7145899805104,3.063518798432483,4.2330930171232115,5.091462271997524,-0.8583692548743125,23.544101849544063,21.193667818330418,2.350434031213645,152.0,150.0,2.0,2386.0,2380.0,6.0,63.0,63.0,0.0,0.005124842735860985,1.810915
PI,low,count_b8,trace_0007,7,agx_host_proxy,True,True,True,,,640.3061558367921,635.8730462749024,4.433109561889637,5.1466615457578495,5.095362100206153,0.05129944555169619,26.18706454583381,22.286823224474283,3.900241321359527,166.0,135.0,31.0,2588.0,2717.0,-129.0,66.0,67.0,-1.0,0.006923421743612901,1.9106079999999999
PI,low,count_b8,trace_0008,8,agx_host_proxy,True,True,True,,,471.78679959996856,455.9965837404831,15.790215859485443,5.9047531318543545,6.645828075624119,-0.7410749437697648,27.33625671190067,27.820204761897358,-0.4839480499966875,182.0,143.0,39.0,2374.0,2301.0,73.0,219.0,94.0,125.0,0.03346896494957909,1.800864
PI,low,count_b8,trace_0009,9,agx_host_proxy,True,True,True,,,552.9058241863572,546.7827143159144,6.123109870442818,2.8917871324816464,3.3045871557838082,-0.4128000233021618,17.62576696694277,19.037750193545754,-1.4119832266029846,124.0,122.0,2.0,2433.0,2330.0,103.0,70.0,64.0,6.0,0.011074417382839903,1.743031
PI,low,count_b8,trace_0010,10,agx_host_proxy,True,True,True,,,506.1110572904096,460.6253293591568,45.48572793125277,4.3945401131743935,3.7056980901445793,0.6888420230298142,23.9871307253078,22.12694449889942,1.8601862264083806,135.0,135.0,0.0,2382.0,1966.0,416.0,62.0,61.0,1.0,0.08987301754435446,1.80233
PI,low,count_b8,trace_0011,11,agx_host_proxy,True,True,True,,,583.7552698853597,599.0282127916175,-15.272942906257867,2.791851580679533,3.264110714225943,-0.4722591335464097,16.606346423292333,17.243578989430315,-0.6372325661379818,112.0,126.0,-14.0,2475.0,2353.0,122.0,67.0,71.0,-4.0,-0.026163263432734805,1.793277
PI,low,count_b8,trace_0012,12,agx_host_proxy,True,True,True,,,535.2182707009184,543.782564666893,-8.56429396597457,2.886254650445877,3.4844087065977076,-0.5981540561518308,15.006690206531118,18.274500423698186,-3.2678102171670673,106.0,130.0,-24.0,2191.0,2195.0,-4.0,73.0,66.0,7.0,-0.016001497771663934,1.590735
PI,low,count_b8,trace_0013,13,agx_host_proxy,True,True,True,,,599.126019175625,599.0805817512557,0.04543742436919729,3.397162649258337,3.4051886934063087,-0.00802604414797159,17.158618351043977,18.032857090711936,-0.874238739667959,108.0,128.0,-20.0,2030.0,2115.0,-85.0,63.0,64.0,-1.0,7.583951107935103e-05,1.501028
PI,low,count_b8,trace_0014,14,agx_host_proxy,True,True,True,,,567.7795116987683,585.0367865497011,-17.257274850932845,5.131490697588717,3.679065202273041,1.4524254953156759,23.564226004823517,17.696949899744766,5.867276105078751,114.0,138.0,-24.0,2065.0,2060.0,5.0,60.0,87.0,-27.0,-0.03039432472527924,1.587215
PI,low,count_b8,trace_0015,15,agx_host_proxy,True,True,True,,,616.7994073906377,631.0067451573412,-14.207337766703517,2.8447903311820713,5.949093238994451,-3.10430290781238,21.123637694115693,24.45262578358395,-3.3289880894682575,163.0,170.0,-7.0,2601.0,2567.0,34.0,72.0,62.0,10.0,-0.023033967926148768,1.909165
PI,low,count_b8,trace_0016,16,agx_host_proxy,True,True,True,,,486.40531187877707,488.8575986633777,-2.4522867846006307,5.942536303007316,4.4937988714834285,1.4487374315238872,20.868985165457854,19.825061500936965,1.0439236645208894,120.0,128.0,-8.0,2336.0,2125.0,211.0,62.0,81.0,-19.0,-0.005041652968649723,1.6543539999999999
PI,low,count_b8,trace_0017,17,agx_host_proxy,True,True,True,,,658.2744624855295,651.4201401409584,6.854322344571074,5.024546512688605,5.336890780726637,-0.3123442680380313,23.54006360727565,21.814617426096028,1.7254461811796205,195.0,132.0,63.0,2831.0,2626.0,205.0,66.0,67.0,-1.0,0.010412560011352025,2.053955
PI,low,count_b8,trace_0018,18,agx_host_proxy,True,True,True,,,622.9058781172798,622.8598509753144,0.04602714196539637,6.304849917257896,5.556442850410266,0.7484070668476299,25.517927241242443,22.853029683823053,2.6648975574193905,147.0,143.0,4.0,2771.0,2767.0,4.0,118.0,92.0,26.0,7.389100598073091e-05,2.047148
PI,low,count_b8,trace_0019,19,agx_host_proxy,True,True,True,,,532.0657517629842,533.2012559056074,-1.1355041426231764,3.2350432236597966,3.983671679123293,-0.7486284554634963,23.149743940682104,21.923106795919534,1.2266371447625701,140.0,126.0,14.0,2211.0,2040.0,171.0,60.0,63.0,-3.0,-0.0021341425168989302,1.699827
PI,low,count_b8,trace_0020,20,agx_host_proxy,True,True,True,,,641.6273733926256,634.5424324088574,7.084940983768206,3.8319836388961477,4.120509117144627,-0.28852547824847896,16.9974257725705,21.418291438790725,-4.420865666220223,140.0,154.0,-14.0,2634.0,2191.0,443.0,71.0,73.0,-2.0,0.011042142647852367,1.8481420000000002
PI,low,count_b8,trace_0021,21,agx_host_proxy,True,True,True,,,541.8231921949855,541.4044905462526,0.4187016487328492,5.172454814795723,3.331816397665433,1.8406384171302905,21.633389355007253,17.6046899245307,4.0286994304765535,136.0,121.0,15.0,2204.0,2271.0,-67.0,61.0,64.0,-3.0,0.0007727643533246383,1.653421
PI,low,count_b8,trace_0022,22,agx_host_proxy,True,True,True,,,551.9935648671486,537.3346544012629,14.658910465885697,3.6055762996813554,3.9926514611337076,-0.3870751614523522,19.75549375536975,19.3954571227694,0.3600366326003481,139.0,152.0,-13.0,2374.0,2145.0,229.0,66.0,73.0,-7.0,0.026556306810231998,1.749002
PI,low,count_b8,trace_0023,23,agx_host_proxy,True,True,True,,,601.4589289459212,600.5625497676745,0.8963791782467752,4.767229208977856,3.618537660181367,1.148691548796489,23.966843269601533,20.358710569598166,3.6081327000033667,141.0,162.0,-21.0,2522.0,2302.0,220.0,63.0,65.0,-2.0,0.0014903414599193206,1.8596860000000002
PI,low,count_b8,trace_0024,24,agx_host_proxy,True,True,True,,,618.4236062991134,635.1093894914441,-16.685783192330632,4.013745557111147,4.34449008267779,-0.3307445255666437,19.231448477794444,22.451444136468485,-3.2199956586740406,121.0,167.0,-46.0,2313.0,2826.0,-513.0,65.0,410.0,-345.0,-0.026981155024441622,1.684112
PI,low,count_b8,trace_0025,25,agx_host_proxy,True,True,True,,,549.3579823290365,549.3638492582845,-0.005866929247986263,3.9475455818388534,2.865607994893252,1.0819375869456014,18.428161049976,16.073401905857832,2.3547591441181694,126.0,128.0,-2.0,2357.0,2208.0,149.0,68.0,96.0,-28.0,-1.0679610448387517e-05,1.6934989999999999
PI,low,count_b8,trace_0026,26,agx_host_proxy,True,True,True,,,617.0266680399192,613.857415704903,3.1692523350161537,3.996535109790396,2.852566679856483,1.143968429933913,19.326864070794116,18.01453752231167,1.3123265484824458,126.0,127.0,-1.0,2392.0,2431.0,-39.0,73.0,90.0,-17.0,0.005136329593474096,1.750177
PI,low,count_b8,trace_0027,27,agx_host_proxy,True,True,True,,,447.61180966979515,439.37233119522585,8.239478474569296,4.465030416542179,4.020849112760014,0.44418130378216514,20.557138928310597,19.166800565469707,1.3903383628408896,118.0,111.0,7.0,1869.0,1868.0,1.0,60.0,61.0,-1.0,0.01840764317779638,1.4214019999999998
PI,low,count_b8,trace_0028,28,agx_host_proxy,True,True,True,,,733.869160923992,722.440205014569,11.428955909423053,3.7057743093703666,5.407345827507471,-1.7015715181371043,18.888022530499452,23.947513077442206,-5.0594905469427545,183.0,150.0,33.0,2875.0,2803.0,72.0,70.0,60.0,10.0,0.015573560680807471,2.043777
PI,low,count_b8,trace_0029,29,agx_host_proxy,True,True,True,,,611.6985156328736,611.7796931487032,-0.08117751582960864,3.3406241499584888,4.916571173134332,-1.5759470231758432,18.39598928716448,23.711692174666705,-5.315702887502226,136.0,169.0,-33.0,2196.0,2223.0,-27.0,68.0,66.0,2.0,-0.00013270837472217993,1.617769
PI,low,count_b8,trace_0030,30,agx_host_proxy,True,True,True,,,374.78869377448194,387.5152803056897,-12.726586531207772,5.155592805200128,3.4365503254208023,1.719042479779326,21.77425916989462,18.82578438617596,2.948474783718659,114.0,103.0,11.0,1390.0,1638.0,-248.0,56.0,103.0,-47.0,-0.033956698114446376,1.112604
PI,low,count_b8,trace_0031,31,agx_host_proxy,True,True,True,,,494.3050825775009,491.8111041814819,2.493978396019031,4.088615108965456,5.122084002555971,-1.0334688935905145,18.972162895835318,22.07492159407521,-3.1027586982398923,134.0,111.0,23.0,2182.0,2080.0,102.0,61.0,58.0,3.0,0.005045423330495507,1.6465049999999999
PI,low,count_b8,trace_0032,32,agx_host_proxy,True,True,True,,,640.4068271523812,628.2019683905088,12.204858761872401,4.266819531480311,4.845142150528196,-0.578322619047885,20.756355635933392,20.44761098761572,0.30874464831767057,140.0,130.0,10.0,2186.0,2050.0,136.0,68.0,67.0,1.0,0.019057977280070946,1.627972
PI,low,count_b8,trace_0033,33,agx_host_proxy,True,True,True,,,475.4616140141751,535.3065265531857,-59.84491253901058,4.28558302212099,4.042168448239721,0.2434145738812692,19.425128534741862,22.48130031387899,-3.0561717791371272,134.0,168.0,-34.0,2240.0,2391.0,-151.0,59.0,65.0,-6.0,-0.12586696964610566,1.648237
PI,low,count_b8,trace_0034,34,agx_host_proxy,True,True,True,,,536.9239373842639,524.9465835804483,11.977353803815618,5.129015876492848,3.666946640664549,1.4620692358282992,22.357190761928077,19.252880632885258,3.104310129042819,153.0,117.0,36.0,1949.0,1845.0,104.0,56.0,61.0,-5.0,0.022307356722007544,1.543429
PI,low,count_b8,trace_0035,35,agx_host_proxy,True,True,True,,,644.9235276108394,632.9233801574205,12.00014745341889,3.689935093631517,4.892480846757966,-1.202545753126449,19.081770029802044,22.92415618289743,-3.8423861530953864,134.0,150.0,-16.0,2170.0,2659.0,-489.0,66.0,61.0,5.0,0.018607085863147535,1.606107
PI,low,count_b8,trace_0036,36,agx_host_proxy,True,True,True,,,568.930658807885,578.9667473703875,-10.036088562502414,3.8993839031531667,4.3354414030707025,-0.43605749991753573,19.107187505529556,20.73214293450729,-1.624955428977735,150.0,131.0,19.0,2330.0,2346.0,-16.0,131.0,66.0,65.0,-0.01764026671287436,1.7380579999999999
PI,low,count_b8,trace_0037,37,agx_host_proxy,True,True,True,,,601.9892915175084,589.6501359860207,12.339155531487677,3.007810495509416,4.125993434334953,-1.1181829388255373,21.075475892129525,21.417991354393603,-0.34251546226407825,131.0,162.0,-31.0,2096.0,2105.0,-9.0,67.0,86.0,-19.0,0.02049730070842764,1.608644
PI,low,count_b8,trace_0038,38,agx_host_proxy,True,True,True,,,470.3445195687641,474.2601852972334,-3.915665728469321,3.410345239404762,2.9183157028523135,0.49202953655244874,17.32035001376395,18.0067000235671,-0.6863500098031494,108.0,116.0,-8.0,1739.0,1830.0,-91.0,59.0,135.0,-76.0,-0.008325101208916824,1.345017
PI,low,count_b8,trace_0039,39,agx_host_proxy,True,True,True,,,455.17399886979996,454.50114192248367,0.6728569473162906,3.6354888214332695,3.7085477915206377,-0.07305897008736828,18.675542535800854,20.79183770335492,-2.116295167554064,137.0,152.0,-15.0,1614.0,1790.0,-176.0,64.0,68.0,-4.0,0.0014782411758733998,1.234904
PI,low,count_b8,trace_0040,40,agx_host_proxy,True,True,True,,,601.940634312176,645.5469472115615,-43.60631289938544,3.3952854104392527,3.4345282609870913,-0.039242850547838604,20.98578630669707,23.66087793297674,-2.67509162627967,158.0,172.0,-14.0,2305.0,2704.0,-399.0,116.0,196.0,-80.0,-0.07244287960259302,1.7953979999999998
PI,low,count_b8,trace_0041,41,agx_host_proxy,True,True,True,,,609.5890208422938,606.4695882014261,3.1194326408677853,3.1860769117009493,3.670622613355146,-0.48454570165419675,18.400039711019748,18.653857355255855,-0.25381764423610775,138.0,128.0,10.0,2528.0,2197.0,331.0,60.0,90.0,-30.0,0.005117271693242669,1.8168600000000001
PI,low,count_b8,trace_0042,42,agx_host_proxy,True,True,True,,,627.4018978833813,643.0999422897362,-15.698044406354938,3.003438331115655,3.745477854002934,-0.7420395228872789,18.116588764067394,22.00847208228,-3.8918833182126065,131.0,152.0,-21.0,1999.0,2080.0,-81.0,63.0,92.0,-29.0,-0.025020715524314247,1.5003739999999999
PI,low,count_b8,trace_0043,43,agx_host_proxy,True,True,True,,,530.8900834748001,530.7842042710413,0.10587920375883186,5.271967024428464,5.062052238632645,0.20991478579581901,23.235772068981174,22.720160932113036,0.515611136868138,144.0,120.0,24.0,2162.0,1990.0,172.0,222.0,67.0,155.0,0.00019943714726375683,1.6573870000000002
PI,low,count_b8,trace_0044,44,agx_host_proxy,True,True,True,,,421.25188370628473,442.0473288355951,-20.795445129310394,4.263905243282973,4.863038412697759,-0.5991331694147863,18.63798655199278,20.326461612942012,-1.6884750609492336,107.0,137.0,-30.0,2110.0,1993.0,117.0,59.0,61.0,-2.0,-0.049365821100541094,1.599316
PI,low,count_b8,trace_0045,45,agx_host_proxy,True,True,True,,,495.2175535803663,492.7490199736469,2.4685336067194044,3.248716556639191,4.012902912281061,-0.7641863556418698,19.50397968592306,19.338935565612605,0.1650441203104549,120.0,124.0,-4.0,1766.0,1822.0,-56.0,57.0,59.0,-2.0,0.0049847457725845715,1.3326470000000001
PI,low,count_b8,trace_0046,46,agx_host_proxy,True,True,True,,,472.8284175711014,462.46486526623863,10.363552304862765,4.1239946826411655,3.8874983235269247,0.23649635911424083,21.306076131192288,21.302805785555876,0.003270345636412486,143.0,136.0,7.0,1951.0,2038.0,-87.0,157.0,58.0,99.0,0.021918209480935754,1.461115
PI,low,count_b8,trace_0047,47,agx_host_proxy,True,True,True,,,754.7058332240915,758.3571527259633,-3.6513195018717397,2.9092479347751032,2.484780702329146,0.4244672324459571,17.44451450400011,17.202584366062347,0.2419301379377643,151.0,170.0,-19.0,2760.0,2739.0,21.0,167.0,75.0,92.0,-0.0048380698030030585,1.966398
PI,low,count_b8,trace_0048,48,agx_host_proxy,True,True,True,,,609.6464086507614,597.9836571689967,11.662751481764644,4.925563106584655,5.70101598753154,-0.7754528809468848,23.811658841032713,24.097351784018983,-0.28569294298626957,183.0,179.0,4.0,2554.0,2404.0,150.0,62.0,84.0,-22.0,0.019130353785854422,1.9048100000000001
PI,low,count_b8,trace_0049,49,agx_host_proxy,True,True,True,,,497.4570361056377,517.6624123101542,-20.205376204516483,4.094013649207487,6.021398830364039,-1.927385181156552,21.58492040852763,26.577946928467536,-4.993026519939907,136.0,162.0,-26.0,2086.0,2186.0,-100.0,62.0,73.0,-11.0,-0.04061732921237798,1.582816
PI,low,eager_b1,trace_0000,0,rp2040_hardware,True,True,True,,,653.5225144562196,631.257477745837,22.26503671038256,0.24616981969918167,0.038019055157141955,0.2081507645420397,23.0363525859423,20.155145185596435,2.8812074003458648,172.0,148.0,24.0,2306.0,2147.0,159.0,94.0,92.0,2.0,0.03406927262316091,56.152228
PI,low,eager_b1,trace_0001,1,rp2040_hardware,True,True,True,,,586.8233459931396,595.2189765705449,-8.395630577405313,0.14978310674762274,0.10908832652791477,0.040694780219707974,20.152193258183978,20.17321509662475,-0.021021838440773877,146.0,124.0,22.0,1994.0,2178.0,-184.0,94.0,94.0,0.0,-0.014306913033932812,47.834158
PI,low,eager_b1,trace_0002,2,rp2040_hardware,True,True,True,,,531.9902289992576,546.9079115353417,-14.917682536084044,0.17842155523546957,0.09727253950387756,0.08114901573159201,15.93253855754664,18.1953086571122,-2.262770099565561,121.0,140.0,-19.0,1541.0,1788.0,-247.0,97.0,109.0,-12.0,-0.02804127166798934,38.516914
PI,low,eager_b1,trace_0003,3,rp2040_hardware,True,True,True,,,560.5342686801504,584.4842086940464,-23.949940013896025,0.1680510023689575,0.060058420075862894,0.10799258229309461,19.12199925866963,16.670239117558985,2.4517601411106433,142.0,148.0,-6.0,1496.0,1862.0,-366.0,102.0,100.0,2.0,-0.04272698629164854,38.740623
PI,low,eager_b1,trace_0004,4,agx_host_proxy,True,True,True,,,678.8861704228594,671.3904068679504,7.49576355490899,0.10956455783184259,0.1117074804718397,-0.0021429226399971163,21.22167118970457,16.965429862950568,4.256241326754001,147.0,151.0,-4.0,2231.0,2093.0,138.0,96.0,148.0,-52.0,0.011041267124708236,1.7304760000000001
PI,low,eager_b1,trace_0005,5,agx_host_proxy,True,True,True,,,578.0365573345412,577.9798605932629,0.05669674127830149,0.09792103478394684,0.15008382261461764,-0.0521627878306708,15.512701143361781,16.858493500098845,-1.3457923567370642,134.0,135.0,-1.0,2249.0,2187.0,62.0,187.0,94.0,93.0,9.808504420506401e-05,1.675187
PI,low,eager_b1,trace_0006,6,agx_host_proxy,True,True,True,,,590.9019009711437,592.7798925521744,-1.877991581030642,0.053749298838379984,0.07226844087364005,-0.018519142035260068,18.240688666084477,19.274962589791077,-1.0342739237065999,150.0,155.0,-5.0,2127.0,1960.0,167.0,193.0,97.0,96.0,-0.0031781782694287734,1.596175
PI,low,eager_b1,trace_0007,7,agx_host_proxy,True,True,True,,,640.836293925536,650.7041648460054,-9.867870920469386,0.3758090933702401,0.20895609869977633,0.16685299467046377,21.126652531681806,22.607009919799744,-1.4803573881179375,150.0,157.0,-7.0,2324.0,2365.0,-41.0,92.0,115.0,-23.0,-0.015398427046043705,1.72074
PI,low,eager_b1,trace_0008,8,agx_host_proxy,True,True,True,,,467.0166732318175,472.56319401252154,-5.546520780704043,0.05314288938504521,0.04018789385992032,0.012954995525124892,22.977239992242392,19.775521787622242,3.2017182046201498,174.0,129.0,45.0,2026.0,2036.0,-10.0,196.0,111.0,85.0,-0.011876494135255131,1.648444
PI,low,eager_b1,trace_0009,9,agx_host_proxy,True,True,True,,,557.9699100776413,555.1941119949767,2.7757980826646644,0.05872467407816691,0.092631992640555,-0.033907318562388086,17.752133476425918,16.751085376923434,1.0010480995024835,152.0,142.0,10.0,2326.0,2041.0,285.0,98.0,99.0,-1.0,0.004974816800207762,1.761781
PI,low,eager_b1,trace_0010,10,agx_host_proxy,True,True,True,,,473.21179150807984,463.9414850698883,9.27030643819154,0.09270048720506974,0.10097450039504394,-0.0082740131899742,24.56168256329437,23.236253862051406,1.3254287012429629,147.0,144.0,3.0,1903.0,1835.0,68.0,98.0,94.0,4.0,0.01959018478522688,1.5418319999999999
PI,low,eager_b1,trace_0011,11,agx_host_proxy,True,True,True,,,590.7914864214949,602.9626969832756,-12.17121056178064,0.11901091202428099,0.05400777123981206,0.06500314078446892,14.498113684284878,17.428407003991342,-2.9302933197064647,143.0,140.0,3.0,2209.0,2342.0,-133.0,281.0,92.0,189.0,-0.020601533436954773,1.6677689999999998
PI,low,eager_b1,trace_0012,12,agx_host_proxy,True,True,True,,,545.3229153031072,540.8994302348768,4.42348506823032,0.08029991086854207,0.04681793387056704,0.03348197699797503,14.37562192062612,16.905868708932726,-2.5302467883066058,130.0,146.0,-16.0,2095.0,1874.0,221.0,92.0,98.0,-6.0,0.008111680151514653,1.574282
PI,low,eager_b1,trace_0013,13,agx_host_proxy,True,True,True,,,597.3399210842374,601.2689859047598,-3.929064820522399,0.08425925536830126,0.1633889077377023,-0.07912965236940103,15.138872493798006,14.893333984702258,0.24553850909574848,127.0,144.0,-17.0,1781.0,1874.0,-93.0,97.0,96.0,1.0,-0.0065776029390279414,1.334697
PI,low,eager_b1,trace_0014,14,agx_host_proxy,True,True,True,,,556.8586095817151,577.6194117173167,-20.76080213560158,0.07085401417679343,0.048010068387592746,0.02284394578920069,17.284637650269993,19.329213836735658,-2.0445761864656653,126.0,152.0,-26.0,1708.0,1624.0,84.0,267.0,98.0,169.0,-0.03728199901802017,1.37645
PI,low,eager_b1,trace_0015,15,agx_host_proxy,True,True,True,,,616.9812805922818,613.4681931914291,3.513087400852669,0.09201778079653909,0.12027191989927778,-0.02825413910273869,17.368212578626988,19.921613659055243,-2.553401080428255,170.0,151.0,19.0,2142.0,2067.0,75.0,98.0,94.0,4.0,0.005693993499252068,1.619078
PI,low,eager_b1,trace_0016,16,agx_host_proxy,True,True,True,,,515.1483886280788,504.05806716124846,11.090321466830346,0.11527689030267185,0.03850118297449221,0.07677570732817965,19.382501906689516,17.607233773170837,1.7752681335186793,152.0,140.0,12.0,2471.0,2007.0,464.0,331.0,98.0,233.0,0.02152840174141982,1.8592549999999999
PI,low,eager_b1,trace_0017,17,agx_host_proxy,True,True,True,,,647.7591992619163,674.8625587341742,-27.10335947225792,0.09135128210585113,0.04497333404604966,0.046377948059801465,17.873071321945716,18.426721114902495,-0.5536497929567794,142.0,175.0,-33.0,2034.0,2474.0,-440.0,92.0,94.0,-2.0,-0.04184172066277193,1.512566
PI,low,eager_b1,trace_0018,18,agx_host_proxy,True,True,True,,,622.7616142170325,630.3805511715443,-7.61893695451181,0.06301023154542537,0.05116353084176282,0.011846700703662554,16.36420573699448,14.711061487408163,1.653144249586319,122.0,126.0,-4.0,2382.0,1959.0,423.0,255.0,141.0,114.0,-0.012234114596306203,1.732691
PI,low,eager_b1,trace_0019,19,agx_host_proxy,True,True,True,,,542.1361377836089,535.6298342743128,6.506303509296117,0.30348463247361857,0.3035072167197765,-2.258424615791954e-05,23.643962672513105,16.87320240961225,6.770760262900854,165.0,120.0,45.0,2217.0,1787.0,430.0,92.0,92.0,0.0,0.012001235586130726,1.766408
PI,low,eager_b1,trace_0020,20,agx_host_proxy,True,True,True,,,636.6208594350909,641.6830728144605,-5.062213379369609,0.08514042972017356,0.09135939414465445,-0.006218964424480888,12.724350720723521,18.86521325886622,-6.140862538142699,122.0,142.0,-20.0,2710.0,2297.0,413.0,881.0,92.0,789.0,-0.007951692603760413,1.995555
PI,low,eager_b1,trace_0021,21,agx_host_proxy,True,True,True,,,544.7061783905024,547.2136735765282,-2.507495186025835,0.05544789359128065,0.0532991578434216,0.0021487357478590444,17.389718417586934,16.796495367533687,0.5932230500532469,158.0,182.0,-24.0,1761.0,1878.0,-117.0,99.0,98.0,1.0,-0.004603390388254786,1.332078
PI,low,eager_b1,trace_0022,22,agx_host_proxy,True,True,True,,,533.2647909309017,531.0987898849246,2.1660010459770547,0.036370287734217126,0.05641671231913622,-0.020046424584919093,15.925421413857055,16.162300144921822,-0.23687873106476687,137.0,134.0,3.0,2378.0,1966.0,412.0,342.0,100.0,242.0,0.0040617739682305715,1.789385
PI,low,eager_b1,trace_0023,23,agx_host_proxy,True,True,True,,,614.5457733555246,614.3835503410374,0.1622230144871537,0.0727938562116365,0.07723107814701637,-0.004437221935379862,16.764305941785633,20.445709994632768,-3.6814040528471352,158.0,170.0,-12.0,2067.0,2380.0,-313.0,95.0,96.0,-1.0,0.0002639722239100082,1.583806
PI,low,eager_b1,trace_0024,24,agx_host_proxy,True,True,True,,,619.5427399184701,623.4718398475538,-3.9290999290836908,0.06188309149543337,0.11606182950222212,-0.05417873800678875,18.210282468346524,15.289276691826474,2.9210057765200492,143.0,133.0,10.0,2188.0,2185.0,3.0,94.0,101.0,-7.0,-0.006341935230490713,1.577561
PI,low,eager_b1,trace_0025,25,agx_host_proxy,True,True,True,,,542.3329043915138,549.1550050553598,-6.8221006638459585,0.06160143637160913,0.07199827373452417,-0.010396837362915037,16.38930350767828,18.742671735493722,-2.353368227815441,126.0,144.0,-18.0,2038.0,2184.0,-146.0,94.0,98.0,-4.0,-0.012579175278881912,1.495919
PI,low,eager_b1,trace_0026,26,agx_host_proxy,True,True,True,,,614.2532211053856,621.0865207732038,-6.83329966781821,0.11801814167496692,0.10159556596059685,0.016422575714370072,16.109991347077433,17.168410059803357,-1.0584187127259241,132.0,160.0,-28.0,2101.0,1997.0,104.0,94.0,98.0,-4.0,-0.011124564647005475,1.5048519999999999
PI,low,eager_b1,trace_0027,27,agx_host_proxy,True,True,True,,,438.1740714631502,441.9684046719284,-3.7943332087781982,0.05267906779556803,0.02053100809738973,0.0321480596981783,18.518818152203757,18.135765258466304,0.3830528937374531,144.0,129.0,15.0,1671.0,1695.0,-24.0,192.0,96.0,96.0,-0.008659419750940913,1.365231
PI,low,eager_b1,trace_0028,28,agx_host_proxy,True,True,True,,,727.59368378026,727.5482254490507,0.045458331209260905,0.04904662384866534,0.05074530968575451,-0.0016986858370891741,17.89869331511803,21.971484901473765,-4.072791586355734,163.0,158.0,5.0,2286.0,2341.0,-55.0,94.0,94.0,0.0,6.247763308372773e-05,1.712535
PI,low,eager_b1,trace_0029,29,agx_host_proxy,True,True,True,,,617.0728180628577,613.6233978596862,3.449420203171485,0.0797345679439481,0.11659256348320317,-0.03685799553925506,19.912892986913754,19.010060822705864,0.90283216420789,131.0,132.0,-1.0,2002.0,1916.0,86.0,94.0,92.0,2.0,0.005589972693984573,1.5630380000000001
PI,low,eager_b1,trace_0030,30,agx_host_proxy,True,True,True,,,395.044146344562,381.6467770327929,13.397369311769125,0.13659542016397155,0.15851035934261337,-0.021914939178641818,22.061873794326207,22.46869800256447,-0.4068242082382625,131.0,109.0,22.0,1412.0,1438.0,-26.0,98.0,96.0,2.0,0.033913600380459215,1.237897
PI,low,eager_b1,trace_0031,31,agx_host_proxy,True,True,True,,,493.8433231234462,498.1387141064037,-4.2953909829574854,0.13352070557407036,0.1047458363466502,0.02877486922742016,21.710053696325478,16.45174069840721,5.258312997918267,163.0,132.0,31.0,1662.0,1694.0,-32.0,94.0,96.0,-2.0,-0.008697882064680187,1.416008
PI,low,eager_b1,trace_0032,32,agx_host_proxy,True,True,True,,,624.36683585445,627.4378304460672,-3.07099459161725,0.05292709387889895,0.05099986983472587,0.00192722404417308,18.53607463717965,18.202924554658342,0.33315008252130696,141.0,131.0,10.0,2050.0,1938.0,112.0,92.0,92.0,0.0,-0.004918574170286566,1.5890959999999998
PI,low,eager_b1,trace_0033,33,agx_host_proxy,True,True,True,,,478.2993105090441,501.57993056345475,-23.280620054410633,0.07051544461193876,0.09788485242968743,-0.027369407817748673,17.29512197878023,17.96328342347978,-0.6681614446995496,160.0,142.0,18.0,1776.0,1919.0,-143.0,94.0,94.0,0.0,-0.048673747887350176,1.3551540000000002
PI,low,eager_b1,trace_0034,34,agx_host_proxy,True,True,True,,,522.8802732862957,522.5137576602,0.3665156260957474,0.198214226955192,0.20419335495346086,-0.005979127998268857,19.080956711206863,19.376594850672603,-0.2956381394657406,118.0,124.0,-6.0,1796.0,1685.0,111.0,199.0,92.0,107.0,0.0007009551609055768,1.4823169999999999
PI,low,eager_b1,trace_0035,35,agx_host_proxy,True,True,True,,,651.1406188027751,644.9621391332763,6.178479669498756,0.048076170079746516,0.11471310336641853,-0.06663693328667201,22.14560953364912,18.401167570012404,3.744441963636717,173.0,145.0,28.0,2396.0,1994.0,402.0,96.0,94.0,2.0,0.009488702579880314,1.893038
PI,low,eager_b1,trace_0036,36,agx_host_proxy,True,True,True,,,571.9161164712596,569.0298735748939,2.8862428963656157,0.12103033021534801,0.131173530323228,-0.010143200107880002,12.720841673218208,16.369058509247566,-3.6482168360293574,122.0,149.0,-27.0,1766.0,1876.0,-110.0,94.0,101.0,-7.0,0.005046619273773618,1.294599
PI,low,eager_b1,trace_0037,37,agx_host_proxy,True,True,True,,,588.8344081868396,592.7943144762269,-3.959906289387277,0.10107242476974608,0.056932580981434916,0.044139843788311164,17.99787872855732,17.277188174405197,0.7206905541521245,155.0,136.0,19.0,1691.0,1942.0,-251.0,100.0,94.0,6.0,-0.006724991329193491,1.339797
PI,low,eager_b1,trace_0038,38,agx_host_proxy,True,True,True,,,477.92413232335645,477.0108156451782,0.913316678178262,0.09399472629659586,0.14718348025693215,-0.05318875396033629,16.830242459734613,17.649835975662434,-0.8195935159278207,123.0,120.0,3.0,1455.0,1561.0,-106.0,94.0,94.0,0.0,0.0019110076608567766,1.1715630000000001
PI,low,eager_b1,trace_0039,39,agx_host_proxy,True,True,True,,,460.0348451195633,458.3526620984009,1.6821830211623592,0.07758360553795969,0.06889068445182184,0.008692921086137853,24.46612001036836,20.852121290879793,3.613998719488567,152.0,140.0,12.0,1450.0,1419.0,31.0,92.0,105.0,-13.0,0.0036566426195936506,1.270308
PI,low,eager_b1,trace_0040,40,agx_host_proxy,True,True,True,,,624.9533132636461,601.6978398791714,23.255473384474726,0.13323516155741172,0.07378669017994176,0.05944847137746996,20.00076912431222,19.24963189587873,0.7511372284334925,169.0,135.0,34.0,2183.0,2067.0,116.0,102.0,94.0,8.0,0.03721153707151249,1.668593
PI,low,eager_b1,trace_0041,41,agx_host_proxy,True,True,True,,,608.9831882067105,607.307547057881,1.6756411488294134,0.05893883765357645,0.07259066146599526,-0.013651823812418806,14.742043176794759,15.66019889142281,-0.9181557146280515,124.0,134.0,-10.0,1964.0,2053.0,-89.0,94.0,92.0,2.0,0.002751539256385254,1.4775610000000001
PI,low,eager_b1,trace_0042,42,agx_host_proxy,True,True,True,,,625.4855191563646,624.865718328953,0.6198008274116091,0.07606294396273576,0.06114437281329778,0.014918571149437981,15.01670798972723,17.309722023964184,-2.293014034236954,144.0,141.0,3.0,1922.0,1795.0,127.0,94.0,96.0,-2.0,0.0009909115533922788,1.485803
PI,low,eager_b1,trace_0043,43,agx_host_proxy,True,True,True,,,531.1551832082812,531.2507877622996,-0.09560455401845047,0.17539428877772137,0.16960022117785245,0.005794067599868918,15.38093133915158,18.07869698705692,-2.6977656479053387,118.0,146.0,-28.0,1509.0,1572.0,-63.0,175.0,98.0,77.0,-0.00017999363847111548,1.193087
PI,low,eager_b1,trace_0044,44,agx_host_proxy,True,True,True,,,451.739335176671,433.09236649492243,18.646968681748547,0.03428885436237223,0.030718341070223677,0.0035705132921485527,18.831587367098248,21.217784745752123,-2.3861973786538755,139.0,149.0,-10.0,1737.0,1791.0,-54.0,92.0,94.0,-2.0,0.0412781602789934,1.401197
PI,low,eager_b1,trace_0045,45,agx_host_proxy,True,True,True,,,483.0976796573574,493.7444565144985,-10.646776857141106,0.1053530419190257,0.10781105369881426,-0.002458011779788563,19.251544299712968,15.916067995635215,3.335476304077753,133.0,145.0,-12.0,1389.0,1367.0,22.0,92.0,98.0,-6.0,-0.02203855929238256,1.14145
PI,low,eager_b1,trace_0046,46,agx_host_proxy,True,True,True,,,470.6587741623953,485.6750525322907,-15.016278369895417,0.08116651633774989,0.07160745131892145,0.009559065018828444,17.11031182832358,21.96895966304081,-4.858647834717228,136.0,145.0,-9.0,1753.0,1876.0,-123.0,147.0,100.0,47.0,-0.03190480916162465,1.3978
PI,low,eager_b1,trace_0047,47,agx_host_proxy,True,True,True,,,751.770337853813,759.5200050487965,-7.7496671949835445,0.07657726159266737,0.050299718614325,0.026277542978342366,15.609921593028684,16.633457906780933,-1.023536313752249,123.0,150.0,-27.0,2467.0,2626.0,-159.0,96.0,98.0,-2.0,-0.01030855675565444,1.819722
PI,low,eager_b1,trace_0048,48,agx_host_proxy,True,True,True,,,610.7324854666432,606.656674847496,4.075810619147205,0.06956011717451595,0.08713122580454484,-0.017571108630028892,20.454128747297258,22.950853983329615,-2.4967252360323577,139.0,171.0,-32.0,2093.0,2159.0,-66.0,94.0,92.0,2.0,0.0066736430698180315,1.6166049999999998
PI,low,eager_b1,trace_0049,49,agx_host_proxy,True,True,True,,,512.1578081538077,499.3806570560266,12.77715109778103,0.0908121968670822,0.05515450238655575,0.03565769448052645,17.88440406040136,15.651264283004434,2.233139777396925,138.0,141.0,-3.0,3097.0,1678.0,1419.0,1372.0,121.0,1251.0,0.024947683886416282,2.781651
PI,medium,bounded_b4_w5,trace_0000,0,rp2040_hardware,True,True,True,,,198.8628226051047,183.47023152730435,15.392591077800347,2.846274197605207,1.945258016139359,0.9010161814658482,31.56417827477284,26.455140293553765,5.109037981219075,95.0,96.0,-1.0,505.0,447.0,58.0,58.0,56.0,2.0,0.07740306044215439,40.224851
PI,medium,bounded_b4_w5,trace_0001,1,agx_host_proxy,True,True,True,,,174.3042145997466,179.78840291830087,-5.484188318554288,1.8602458228069942,1.9359019705887144,-0.07565614778172014,28.07114379951661,29.095220219419502,-1.0240764199028938,97.0,94.0,3.0,358.0,389.0,-31.0,57.0,62.0,-5.0,-0.031463314476632635,0.552037
PI,medium,bounded_b4_w5,trace_0002,2,agx_host_proxy,True,True,True,,,154.53131873206988,168.4454970176873,-13.914178285617425,1.9729028328377147,2.149766235804266,-0.17686340296655123,24.97676055534091,26.703447757528846,-1.7266872021879358,81.0,87.0,-6.0,318.0,381.0,-63.0,57.0,58.0,-1.0,-0.09004115411544608,0.5575399999999999
PI,medium,bounded_b4_w5,trace_0003,3,agx_host_proxy,True,True,True,,,167.63550187910036,193.47610013643686,-25.840598257336495,1.8938495875541055,2.062890361366746,-0.1690407738126407,23.93022814081464,30.99137297756957,-7.061144836754927,92.0,109.0,-17.0,413.0,398.0,15.0,58.0,63.0,-5.0,-0.1541475282244979,0.598787
PI,medium,bounded_b4_w5,trace_0004,4,agx_host_proxy,True,True,True,,,192.70556609576187,215.1889910683186,-22.48342497255672,2.2394947707254316,2.9091424054837844,-0.6696476347583529,28.185489621065162,35.62575827641579,-7.440268655350625,103.0,113.0,-10.0,503.0,500.0,3.0,57.0,57.0,0.0,-0.11667242118675467,0.7147169999999999
PI,medium,bounded_b4_w5,trace_0005,5,agx_host_proxy,True,True,True,,,200.7858658825885,179.57632902138982,21.20953686119867,1.8155520152906952,2.0742983570256532,-0.25874634173495803,30.787069606875676,28.17765292271271,2.609416684162966,110.0,93.0,17.0,440.0,336.0,104.0,60.0,59.0,1.0,0.10563261894938937,0.674139
PI,medium,bounded_b4_w5,trace_0006,6,agx_host_proxy,True,True,True,,,206.79475403139347,176.74363784030115,30.05111619109232,1.9801402975936668,2.024489298429898,-0.04434900083623128,25.613596248112167,27.67956051040788,-2.065964262295715,107.0,89.0,18.0,690.0,419.0,271.0,60.0,56.0,4.0,0.1453185615459581,0.8137709999999999
PI,medium,bounded_b4_w5,trace_0007,7,agx_host_proxy,True,True,True,,,198.66967977879608,180.1866814423605,18.48299833643557,2.4323561929573687,2.2758745580787036,0.15648163487866507,28.027520335297105,21.516156282020983,6.511364053276122,101.0,88.0,13.0,747.0,592.0,155.0,332.0,161.0,171.0,0.09303381551233694,0.8209460000000001
PI,medium,bounded_b4_w5,trace_0008,8,agx_host_proxy,True,True,True,,,132.02603761731748,156.53549155549328,-24.509453938175795,2.1409274792821784,1.9963675191724086,0.1445599601097698,29.2228521015068,30.031394873821235,-0.8085427723144356,73.0,85.0,-12.0,259.0,400.0,-141.0,55.0,55.0,0.0,-0.18564106278200504,0.619078
PI,medium,bounded_b4_w5,trace_0009,9,agx_host_proxy,True,True,True,,,164.85107000799425,175.61887210312355,-10.767802095129298,2.1647778787833825,2.0194989621275212,0.14527891665586123,24.05889275246082,26.469133928033788,-2.410241175572967,90.0,93.0,-3.0,360.0,481.0,-121.0,54.0,56.0,-2.0,-0.06531836338464243,0.552547
PI,medium,bounded_b4_w5,trace_0010,10,agx_host_proxy,True,True,True,,,148.01237270419418,142.16560625644183,5.846766447752344,1.9188708206116456,2.13258631128311,-0.21371549067146423,24.75816666731233,27.99276464982103,-3.2345979825086992,80.0,78.0,2.0,363.0,276.0,87.0,57.0,58.0,-1.0,0.03950187636973585,0.618937
PI,medium,bounded_b4_w5,trace_0011,11,agx_host_proxy,True,True,True,,,182.40855788492374,194.977957149791,-12.569399264867258,2.093162715535135,2.090621035869962,0.0025416796651729356,26.964923700246477,29.577741495874765,-2.6128177956282883,85.0,106.0,-21.0,649.0,475.0,174.0,214.0,56.0,158.0,-0.06890794714136672,0.775964
PI,medium,bounded_b4_w5,trace_0012,12,agx_host_proxy,True,True,True,,,164.49541317463016,207.8050697753184,-43.30965660068824,2.1554494724983417,2.0393213008951916,0.11612817160315014,27.421123622922096,30.182118461510743,-2.7609948385886476,91.0,112.0,-21.0,330.0,567.0,-237.0,56.0,56.0,0.0,-0.26328792861057,0.573458
PI,medium,bounded_b4_w5,trace_0013,13,agx_host_proxy,True,True,True,,,183.03453774099657,183.05861517588036,-0.024077434883793103,2.129259582184875,2.238323563004865,-0.10906398081998958,25.907595810442725,28.635561775366618,-2.727965964923893,96.0,81.0,15.0,559.0,549.0,10.0,61.0,60.0,1.0,-0.00013154585566721802,0.7947029999999999
PI,medium,bounded_b4_w5,trace_0014,14,agx_host_proxy,True,True,True,,,183.4876465255041,158.33265237405547,25.15499415144862,1.7102663367907025,1.6305892235318893,0.07967711325881321,26.998508227297602,17.75897272507152,9.239535502226083,90.0,83.0,7.0,2670.0,516.0,2154.0,2272.0,58.0,2214.0,0.13709366612837431,2.155246
PI,medium,bounded_b4_w5,trace_0015,15,agx_host_proxy,True,True,True,,,180.9676213333462,187.96653711885523,-6.998915785509041,2.126953730540678,2.096284616781402,0.030669113759275834,26.60786012066194,26.709869757428322,-0.10200963676638253,92.0,97.0,-5.0,423.0,444.0,-21.0,57.0,59.0,-2.0,-0.03867496148726456,0.626671
PI,medium,bounded_b4_w5,trace_0016,16,agx_host_proxy,True,True,True,,,164.38918816384495,155.7688126367987,8.620375527046235,2.115171438812531,2.0424076931870503,0.0727637456254806,24.26602264730225,26.872676559470502,-2.6066539121682517,86.0,85.0,1.0,465.0,387.0,78.0,60.0,57.0,3.0,0.05243882291367239,0.6165039999999999
PI,medium,bounded_b4_w5,trace_0017,17,agx_host_proxy,True,True,True,,,200.5316685405062,185.50015527237588,15.031513268130311,2.347757312695927,2.3629911615163177,-0.015233848820390694,30.91547702564938,26.45068920628504,4.464787819364339,112.0,93.0,19.0,438.0,424.0,14.0,58.0,61.0,-3.0,0.07495830148689975,0.650537
PI,medium,bounded_b4_w5,trace_0018,18,agx_host_proxy,True,True,True,,,166.02114641695036,193.46450240168534,-27.44335598473498,2.005751860400863,1.5384750639791958,0.4672767964216673,20.975538694465286,25.190587443043746,-4.215048748578461,84.0,97.0,-13.0,445.0,489.0,-44.0,56.0,59.0,-3.0,-0.16530036430306855,0.5731459999999999
PI,medium,bounded_b4_w5,trace_0019,19,agx_host_proxy,True,True,True,,,168.098281450852,168.12557943235055,-0.027297981498549007,2.351752015828213,2.213151446361459,0.1386005694667536,27.90190024325613,26.239670518260812,1.662229724995317,93.0,92.0,1.0,434.0,401.0,33.0,59.0,59.0,0.0,-0.0001623929838124508,0.69128
PI,medium,bounded_b4_w5,trace_0020,20,agx_host_proxy,True,True,True,,,172.4061010805714,202.7608099251616,-30.354708844590192,2.24406322934308,2.425238192154194,-0.18117496281111434,25.627627373364557,23.719193327522962,1.9084340458415952,88.0,91.0,-3.0,469.0,611.0,-142.0,120.0,60.0,60.0,-0.17606516622288426,0.618847
PI,medium,bounded_b4_w5,trace_0021,21,agx_host_proxy,True,True,True,,,173.01263504807864,171.96368589279604,1.0489491552825996,2.2961244021799967,2.3746419866356208,-0.07851758445562407,27.229014124201452,23.828938122146898,3.400076002054554,95.0,86.0,9.0,353.0,485.0,-132.0,57.0,59.0,-2.0,0.006062847115131829,0.524883
PI,medium,bounded_b4_w5,trace_0022,22,agx_host_proxy,True,True,True,,,168.0168422175582,171.27322854728024,-3.2563863297220337,1.8992263615806513,2.252329254673546,-0.35310289309289455,21.34200978457007,24.739601458327197,-3.397591673757127,88.0,89.0,-1.0,415.0,428.0,-13.0,61.0,66.0,-5.0,-0.019381308961309192,0.589397
PI,medium,bounded_b4_w5,trace_0023,23,agx_host_proxy,True,True,True,,,199.8148798849893,187.1082426923222,12.706637192667102,2.0709929915116088,1.9006892917120524,0.1703036997995564,28.325186848389404,24.484622418793247,3.8405644295961565,106.0,95.0,11.0,557.0,488.0,69.0,60.0,59.0,1.0,0.06359204679842097,0.703945
PI,medium,bounded_b4_w5,trace_0024,24,agx_host_proxy,True,True,True,,,184.01324973716183,202.14306026609873,-18.1298105289369,2.13813848001902,1.60571362932774,0.5324248506912801,31.252180436739074,30.413672988498497,0.838507448240577,97.0,106.0,-9.0,409.0,568.0,-159.0,57.0,57.0,0.0,-0.09852448426856705,0.62282
PI,medium,bounded_b4_w5,trace_0025,25,agx_host_proxy,True,True,True,,,188.6831427894319,165.0459603349698,23.637182454462106,1.6864511709994288,1.8851621191026535,-0.19871094810322476,22.080122636596723,28.43568473976772,-6.355562103170996,92.0,92.0,0.0,591.0,321.0,270.0,55.0,56.0,-1.0,0.12527447924079213,0.675079
PI,medium,bounded_b4_w5,trace_0026,26,agx_host_proxy,True,True,True,,,170.97894815979475,193.72551489027646,-22.746566730481703,2.046569328532034,2.0631525045527046,-0.01658317602067072,22.98133289095505,24.13788840776026,-1.1565555168052128,94.0,105.0,-11.0,395.0,503.0,-108.0,60.0,57.0,3.0,-0.13303723631065417,0.559892
PI,medium,bounded_b4_w5,trace_0027,27,agx_host_proxy,True,True,True,,,165.53302453147126,142.09903957439374,23.433984957077513,1.9691471092473283,1.8159935244697987,0.1531535847775296,31.151295861348075,25.535201839909487,5.616094021438588,92.0,77.0,15.0,387.0,276.0,111.0,58.0,59.0,-1.0,0.14156682645898389,0.693925
PI,medium,bounded_b4_w5,trace_0028,28,agx_host_proxy,True,True,True,,,204.77380953981177,238.8271251184335,-34.05331557862172,2.135835585822785,2.3746752780782514,-0.2388396922554663,23.405571874178037,27.498923515360893,-4.093351641182856,93.0,120.0,-27.0,621.0,786.0,-165.0,60.0,60.0,0.0,-0.16629722157901808,0.680882
PI,medium,bounded_b4_w5,trace_0029,29,agx_host_proxy,True,True,True,,,159.5607031988286,184.3789161723424,-24.818212973513795,2.0890851138211697,2.2958911734741183,-0.20680605965294863,25.80047594654757,28.78030351028923,-2.979827563741658,83.0,87.0,-4.0,370.0,502.0,-132.0,59.0,57.0,2.0,-0.15554088491693233,0.629477
PI,medium,bounded_b4_w5,trace_0030,30,agx_host_proxy,True,True,True,,,122.68890794247984,135.02252071210054,-12.3336127696207,2.8254981460849664,2.158609729064947,0.6668884170200196,29.725098573142553,30.8937439874014,-1.1686454142588474,68.0,76.0,-8.0,253.0,287.0,-34.0,58.0,61.0,-3.0,-0.10052752915041888,0.605079
PI,medium,bounded_b4_w5,trace_0031,31,agx_host_proxy,True,True,True,,,150.0076393219779,162.00420007375004,-11.996560751772137,2.6302477919718736,2.4682237452285665,0.16202404674330717,24.397251729927717,30.55507699173019,-6.157825261802472,80.0,91.0,-11.0,414.0,327.0,87.0,56.0,56.0,0.0,-0.07997299874856773,0.642792
PI,medium,bounded_b4_w5,trace_0032,32,agx_host_proxy,True,True,True,,,182.225897368206,183.22029395016753,-0.9943965819615244,1.9570780186517145,1.9037871668870776,0.05329085176463688,27.99035849431341,28.421442325188448,-0.4310838308750391,92.0,90.0,2.0,418.0,428.0,-10.0,58.0,58.0,0.0,-0.005456944354908263,0.637913
PI,medium,bounded_b4_w5,trace_0033,33,agx_host_proxy,True,True,True,,,148.5599195110766,139.00608008200928,9.553839429067324,1.6775268210771204,1.5845191475427878,0.09300767353433259,26.309974556289987,25.131737070859494,1.1782374854304933,82.0,76.0,6.0,319.0,280.0,39.0,53.0,54.0,-1.0,0.0643096702025003,0.634474
PI,medium,bounded_b4_w5,trace_0034,34,agx_host_proxy,True,True,True,,,158.11237205515732,181.81459038303782,-23.7022183278805,2.222740946402255,2.192668745749217,0.030072200653038283,26.550630618541902,27.050443709992685,-0.49981309145078257,84.0,98.0,-14.0,334.0,504.0,-170.0,60.0,57.0,3.0,-0.14990742356083311,0.5649949999999999
PI,medium,bounded_b4_w5,trace_0035,35,agx_host_proxy,True,True,True,,,205.5250891106176,191.72342988420849,13.801659226409129,2.1223405314469383,2.1463973675929164,-0.02405683614597809,27.501139053641865,30.341394521584796,-2.8402554679429315,113.0,95.0,18.0,551.0,426.0,125.0,56.0,59.0,-3.0,0.06715316016226518,0.703138
PI,medium,bounded_b4_w5,trace_0036,36,agx_host_proxy,True,True,True,,,181.23012343815455,160.91554166382846,20.314581774326086,1.776772932117978,1.7338694305297213,0.04290350158825662,26.609358429232856,23.780006402687697,2.829352026545159,98.0,89.0,9.0,431.0,368.0,63.0,59.0,58.0,1.0,0.11209274368374259,0.654903
PI,medium,bounded_b4_w5,trace_0037,37,agx_host_proxy,True,True,True,,,192.40713906860688,191.2146772085039,1.1924618601029806,2.035269555467464,2.2883301027478096,-0.25306054728034555,26.19158305197082,27.97560745790587,-1.7840244059350496,103.0,97.0,6.0,497.0,490.0,7.0,57.0,56.0,1.0,0.006197596751738941,0.659612
PI,medium,bounded_b4_w5,trace_0038,38,agx_host_proxy,True,True,True,,,149.20614934411566,145.36649727045173,3.8396520736639275,2.9865833507701103,2.6019384450832552,0.38464490568685505,32.13152918868088,32.53685882205547,-0.40532963337459194,80.0,81.0,-1.0,3002.0,309.0,2693.0,2738.0,116.0,2622.0,0.025733872836624844,3.362173
PI,medium,bounded_b4_w5,trace_0039,39,agx_host_proxy,True,True,True,,,145.78336947180733,172.45330678472047,-26.669937312913135,1.9324737200818976,1.8839004257819185,0.04857329429997903,26.79788447728724,25.436958133690656,1.360926343596585,75.0,91.0,-16.0,2146.0,489.0,1657.0,1850.0,56.0,1794.0,-0.182942247867791,2.150951
PI,medium,bounded_b4_w5,trace_0040,40,agx_host_proxy,True,True,True,,,182.28122609435204,193.2421665655142,-10.96094047116216,2.257852447480162,2.352915685053347,-0.0950632375731848,27.21636802789227,29.08000821390473,-1.8636401860124607,97.0,100.0,-3.0,410.0,460.0,-50.0,60.0,64.0,-4.0,-0.06013203172930481,0.602096
PI,medium,bounded_b4_w5,trace_0041,41,agx_host_proxy,True,True,True,,,180.7041273813524,175.67410811621824,5.030019265134172,2.236761353791301,2.04602430950509,0.19073704428621108,30.27854448059658,24.215381417363172,6.063163063233407,96.0,95.0,1.0,350.0,513.0,-163.0,57.0,55.0,2.0,0.027835663401970752,0.578468
PI,medium,bounded_b4_w5,trace_0042,42,agx_host_proxy,True,True,True,,,197.4419248021148,184.27647694528756,13.165447856827257,2.169701284313415,1.652861241200634,0.5168400431127809,26.233629026468623,23.30478838646441,2.928840640004214,102.0,94.0,8.0,552.0,504.0,48.0,58.0,55.0,3.0,0.06668010287086829,0.693407
PI,medium,bounded_b4_w5,trace_0043,43,agx_host_proxy,True,True,True,,,173.7422565404155,169.38535976531938,4.356896775096118,2.11396139096819,2.299339909850861,-0.1853785188826711,27.865479155993523,31.46494649107318,-3.599467335079659,97.0,94.0,3.0,400.0,374.0,26.0,57.0,63.0,-6.0,0.025076782481426026,0.622352
PI,medium,bounded_b4_w5,trace_0044,44,agx_host_proxy,True,True,True,,,167.26724088699046,172.79496100294006,-5.527720115949592,1.865261130487116,2.4625075531243303,-0.5972464226372143,28.57816021236442,33.03359513515771,-4.455434922793291,95.0,97.0,-2.0,425.0,390.0,35.0,58.0,55.0,3.0,-0.03304723678490186,0.702557
PI,medium,bounded_b4_w5,trace_0045,45,agx_host_proxy,True,True,True,,,152.6488839760711,135.99844433329002,16.650439642781066,2.053099890886912,1.7250299843969294,0.32806990648998235,28.348759242795552,26.792615447622833,1.5561437951727193,84.0,74.0,10.0,327.0,237.0,90.0,57.0,55.0,2.0,0.10907672043898567,0.591535
PI,medium,bounded_b4_w5,trace_0046,46,agx_host_proxy,True,True,True,,,178.3881987583886,155.64946016648742,22.738738591901182,2.8505571871492754,2.190315746533114,0.6602414406161614,29.490944807381105,27.020037999223323,2.470906808157782,97.0,86.0,11.0,472.0,331.0,141.0,56.0,54.0,2.0,0.1274677290883958,0.7252820000000001
PI,medium,bounded_b4_w5,trace_0047,47,agx_host_proxy,True,True,True,,,199.9428966233078,226.75787410253486,-26.814977479227053,2.031053817085047,2.196651751924548,-0.16559793483950092,21.845256316532634,27.010207501860105,-5.164951185327471,90.0,101.0,-11.0,571.0,696.0,-125.0,56.0,58.0,-2.0,-0.1341131789730267,0.665472
PI,medium,bounded_b4_w5,trace_0048,48,agx_host_proxy,True,True,True,,,171.26480368696033,189.73796785505536,-18.473164168095025,2.018702581965509,2.0319414607296435,-0.013238878764134654,26.644368866610495,27.59239346253892,-0.9480245959284233,93.0,103.0,-10.0,384.0,502.0,-118.0,52.0,54.0,-2.0,-0.10786316727318052,0.586838
PI,medium,bounded_b4_w5,trace_0049,49,agx_host_proxy,True,True,True,,,165.92114996908762,166.95511551643335,-1.0339655473457299,1.8425870462493605,2.143549116306142,-0.30096207005678166,31.925388549564925,28.7626854724762,3.1627030770887252,90.0,88.0,2.0,308.0,408.0,-100.0,57.0,59.0,-2.0,-0.006231668160077034,0.621225
PI,medium,count_b2,trace_0000,0,agx_host_proxy,True,True,True,,,183.28284356953287,200.56454269873575,-17.281699129202877,1.687091873633454,1.4708222636009134,0.21626961003254053,26.10583489267015,24.50217311461634,1.6036617780538087,98.0,98.0,0.0,935.0,585.0,350.0,556.0,65.0,491.0,-0.09428978071614563,0.934866
PI,medium,count_b2,trace_0001,1,agx_host_proxy,True,True,True,,,173.81489994267838,190.77845829800998,-16.9635583553316,1.554426906655074,1.4507540463131636,0.10367286034191037,25.996019779566588,28.12514684675677,-2.1291270671901827,95.0,107.0,-12.0,429.0,534.0,-105.0,67.0,67.0,0.0,-0.0975955361762768,0.6540630000000001
PI,medium,count_b2,trace_0002,2,agx_host_proxy,True,True,True,,,161.26454758283182,166.45619204954147,-5.191644466709647,1.1750570747322495,1.3184993093446875,-0.143442234612438,27.397145261172657,25.42677521987024,1.9703700413024166,87.0,89.0,-2.0,318.0,419.0,-101.0,66.0,65.0,1.0,-0.03219334034991798,0.587552
PI,medium,count_b2,trace_0003,3,agx_host_proxy,True,True,True,,,159.07400009017894,155.733114629935,3.3408854602439533,1.1210040259983067,1.533169904272178,-0.4121658782738713,24.606370600030132,25.267974616429175,-0.6616040163990426,86.0,82.0,4.0,364.0,381.0,-17.0,66.0,65.0,1.0,0.021002083673950536,0.628554
PI,medium,count_b2,trace_0004,4,agx_host_proxy,True,True,True,,,202.6858026732871,190.06509224357202,12.620710429715075,1.3336706098579165,1.3350331796269246,-0.0013625697690080596,24.417103136178806,24.66793502021541,-0.2508318840366037,99.0,89.0,10.0,565.0,539.0,26.0,68.0,68.0,0.0,0.06226736289989993,0.6975979999999999
PI,medium,count_b2,trace_0005,5,agx_host_proxy,True,True,True,,,177.14161406360793,165.71370927306867,11.427904790539259,1.3039046185982872,1.323758589777279,-0.01985397117899179,26.786187668443038,23.274607504851545,3.5115801635914927,99.0,90.0,9.0,427.0,384.0,43.0,62.0,62.0,0.0,0.06451281846419064,0.6817099999999999
PI,medium,count_b2,trace_0006,6,agx_host_proxy,True,True,True,,,171.69681557843097,159.54452593650146,12.152289641929514,1.1782954326061272,1.290673640199709,-0.11237820759358175,24.73235596112605,22.299483115426227,2.4328728456998228,89.0,89.0,0.0,521.0,388.0,133.0,134.0,65.0,69.0,0.07077760645117123,0.722434
PI,medium,count_b2,trace_0007,7,agx_host_proxy,True,True,True,,,217.30578760553985,206.788932501183,10.516855104356836,1.3252363290896285,1.3585908683933234,-0.03335453930369492,35.25755620266183,29.999570810488617,5.2579853921732145,122.0,115.0,7.0,440.0,554.0,-114.0,67.0,62.0,5.0,0.04839657157888199,0.706546
PI,medium,count_b2,trace_0008,8,agx_host_proxy,True,True,True,,,137.30410362001876,170.22189080055855,-32.91778718053979,1.3997043867279784,2.2889828011421134,-0.889278414414135,29.754364868776463,35.61675376016121,-5.862388891384747,74.0,95.0,-21.0,301.0,438.0,-137.0,65.0,66.0,-1.0,-0.2397436515928022,0.695869
PI,medium,count_b2,trace_0009,9,agx_host_proxy,True,True,True,,,174.47876540012527,168.40661686773524,6.072148532390031,1.4730991196272014,1.396216752496941,0.07688236713026031,28.255866954476247,23.389956651539336,4.865910302936911,92.0,87.0,5.0,409.0,458.0,-49.0,64.0,72.0,-8.0,0.034801647744727056,0.679925
PI,medium,count_b2,trace_0010,10,agx_host_proxy,True,True,True,,,182.991913224149,148.8377437699211,34.15416945422788,1.4599546909270578,1.375219025374108,0.08473566555294987,31.964166777368938,29.214392262374204,2.7497745149947335,102.0,84.0,18.0,532.0,395.0,137.0,66.0,132.0,-66.0,0.1866430535233108,0.854684
PI,medium,count_b2,trace_0011,11,agx_host_proxy,True,True,True,,,182.85556349724527,191.47087768657116,-8.615314189325886,1.4474196991947104,1.265399125025462,0.18202057416924844,26.38660936097319,27.993592561565524,-1.6069832005923352,92.0,104.0,-12.0,480.0,558.0,-78.0,65.0,67.0,-2.0,-0.04711540641450418,0.6993240000000001
PI,medium,count_b2,trace_0012,12,agx_host_proxy,True,True,True,,,155.86401754715035,158.25208250778763,-2.38806496063728,1.4560815991543437,1.7090866253078407,-0.25300502615349707,25.815981303496308,28.357366090642234,-2.541384787145926,85.0,83.0,2.0,343.0,339.0,4.0,70.0,69.0,1.0,-0.015321464172543015,0.578871
PI,medium,count_b2,trace_0013,13,agx_host_proxy,True,True,True,,,190.05661036138872,184.19348322539244,5.8631271359962795,1.5124016459941996,1.2733375495776238,0.23906409641657578,25.704965568244813,22.826635804692895,2.8783297635519176,83.0,89.0,-6.0,614.0,654.0,-40.0,66.0,66.0,0.0,0.03084937232568583,0.802393
PI,medium,count_b2,trace_0014,14,agx_host_proxy,True,True,True,,,191.4520454286097,169.44902114166393,22.00302428694576,0.908651122097258,0.9020546341733576,0.006596487923900329,26.545614506973482,21.955051933831314,4.590562573142169,95.0,85.0,10.0,597.0,436.0,161.0,67.0,69.0,-2.0,0.11492707867229572,0.752381
PI,medium,count_b2,trace_0015,15,agx_host_proxy,True,True,True,,,175.88003815269016,195.83050922011114,-19.950471067420978,1.4516964708963214,1.3179917048264393,0.13370476606988202,28.538797308881822,31.46870470967897,-2.9299074007971484,90.0,102.0,-12.0,393.0,465.0,-72.0,65.0,67.0,-2.0,-0.11343226483781511,0.686806
PI,medium,count_b2,trace_0016,16,agx_host_proxy,True,True,True,,,158.86500980855857,155.93443451549575,2.930575293062816,1.430520339857913,1.5268500625101806,-0.09632972265226769,26.174371956688574,27.386428767339048,-1.2120568106504734,84.0,77.0,7.0,419.0,422.0,-3.0,65.0,71.0,-6.0,0.018446952520220324,0.693638
PI,medium,count_b2,trace_0017,17,agx_host_proxy,True,True,True,,,201.44516654901412,202.31323439182586,-0.8680678428117403,1.4180353294053862,1.3998226009301857,0.0182127284752005,35.40288055238467,28.0324273274432,7.370453224941471,109.0,100.0,9.0,419.0,523.0,-104.0,67.0,64.0,3.0,-0.004309201643716423,0.704161
PI,medium,count_b2,trace_0018,18,agx_host_proxy,True,True,True,,,179.74384690800375,180.77240828874008,-1.0285613807363347,1.1775944825665594,0.9526182514597732,0.22497623110678622,23.273043979946458,22.413828297984857,0.8592156819616008,85.0,91.0,-6.0,482.0,551.0,-69.0,66.0,66.0,0.0,-0.005722373246316307,0.63821
PI,medium,count_b2,trace_0019,19,agx_host_proxy,True,True,True,,,165.04322922355564,189.23341859737008,-24.190189373814434,1.7336802434417862,1.7485886214750554,-0.014908378033269276,27.94150828954967,30.247425009450577,-2.3059167199009067,94.0,101.0,-7.0,499.0,594.0,-95.0,182.0,104.0,78.0,-0.14656880798816746,0.743792
PI,medium,count_b2,trace_0020,20,agx_host_proxy,True,True,True,,,174.12702344606961,188.93086333882792,-14.803839892758305,1.3452383008033668,1.4682138452718965,-0.12297554446852965,21.65954273205972,26.283197406827835,-4.623654674768115,89.0,99.0,-10.0,455.0,485.0,-30.0,64.0,63.0,1.0,-0.08501747517290635,0.6341770000000001
PI,medium,count_b2,trace_0021,21,agx_host_proxy,True,True,True,,,164.88834955497035,162.27461847731013,2.613731077660219,1.2936946198078683,1.1099216316350833,0.18377298817278498,21.89265015925204,22.30204430071057,-0.4093941414585309,88.0,85.0,3.0,384.0,392.0,-8.0,61.0,110.0,-49.0,0.01585152064845464,0.5416409999999999
PI,medium,count_b2,trace_0022,22,agx_host_proxy,True,True,True,,,182.35427504992325,186.40726879985874,-4.052993749935496,1.5581336852556433,1.3044986340160545,0.25363505123958885,22.588765446761037,24.580089202765727,-1.9913237560046895,89.0,97.0,-8.0,554.0,499.0,55.0,65.0,74.0,-9.0,-0.02222593217968652,0.688557
PI,medium,count_b2,trace_0023,23,agx_host_proxy,True,True,True,,,186.71917496993143,196.07034944784058,-9.351174477909154,1.2361178950784046,1.3540114130983958,-0.11789351801999115,25.50557468127694,29.62984268758042,-4.124268006303481,99.0,108.0,-9.0,474.0,483.0,-9.0,67.0,66.0,1.0,-0.05008148991347586,0.674288
PI,medium,count_b2,trace_0024,24,agx_host_proxy,True,True,True,,,176.57493669073423,173.1647179943206,3.4102186964136365,1.296937929491201,1.686767844241476,-0.38982991475027506,25.73694919913038,30.562517394902635,-4.825568195772256,90.0,94.0,-4.0,461.0,318.0,143.0,67.0,69.0,-2.0,0.019313152593034955,0.646099
PI,medium,count_b2,trace_0025,25,agx_host_proxy,True,True,True,,,171.6846771370562,195.54303680782485,-23.858359670768635,1.1793331347771294,1.4743989660063477,-0.29506583122921826,23.874867596420874,26.919376533411107,-3.0445089369902334,90.0,102.0,-12.0,450.0,608.0,-158.0,62.0,64.0,-2.0,-0.13896615626170564,0.654176
PI,medium,count_b2,trace_0026,26,agx_host_proxy,True,True,True,,,171.6448519695634,191.6028674635387,-19.958015493975296,1.2523612597100897,1.303340286541428,-0.05097902683133837,20.53558241305446,23.02922366702131,-2.4936412539668495,80.0,86.0,-6.0,482.0,616.0,-134.0,62.0,63.0,-1.0,-0.11627506018947957,0.615774
PI,medium,count_b2,trace_0027,27,agx_host_proxy,True,True,True,,,153.6568101612115,134.393681871841,19.263128289370485,1.0083434369682116,1.2884504625146473,-0.28010702554643574,23.71082960146674,24.849917196141664,-1.1390875946749226,82.0,73.0,9.0,401.0,281.0,120.0,66.0,64.0,2.0,0.1253646243805287,0.686353
PI,medium,count_b2,trace_0028,28,agx_host_proxy,True,True,True,,,230.8687038784962,204.72527156787208,26.14343231062412,1.048730637320399,1.368932380839675,-0.3202017435192759,26.771240937918904,24.06697781903932,2.7042631188795845,116.0,102.0,14.0,1718.0,565.0,1153.0,1070.0,64.0,1006.0,0.11323939482236249,1.534938
PI,medium,count_b2,trace_0029,29,agx_host_proxy,True,True,True,,,170.98247575527154,167.1742539217069,3.8082218335646303,1.5450206707035699,1.6247204631042829,-0.07969979240071301,26.842096661370086,26.045603995846967,0.7964926655231181,89.0,90.0,-1.0,458.0,423.0,35.0,66.0,65.0,1.0,0.022272585636292728,0.723598
PI,medium,count_b2,trace_0030,30,agx_host_proxy,True,True,True,,,123.83867542635375,156.31434552848464,-32.47567010213089,1.4384229382136178,1.3866007530546594,0.05182218515895842,24.778532369827243,29.755215719102022,-4.976683349274779,68.0,85.0,-17.0,286.0,432.0,-146.0,66.0,72.0,-6.0,-0.26224174306066456,0.612022
PI,medium,count_b2,trace_0031,31,agx_host_proxy,True,True,True,,,147.8849996331144,144.38105869284053,3.5039409402738784,1.880437953380419,1.261298382009456,0.6191395713709629,30.905800749896613,24.74016363624758,6.1656371136490336,79.0,75.0,4.0,364.0,329.0,35.0,66.0,64.0,2.0,0.0236936873176235,0.7872739999999999
PI,medium,count_b2,trace_0032,32,agx_host_proxy,True,True,True,,,191.34445279158467,187.58148939122643,3.7629634003582453,1.3389849866822952,1.1128369657258403,0.2261480209564548,24.758059535973832,28.94431473431569,-4.186255198341858,92.0,100.0,-8.0,522.0,367.0,155.0,67.0,64.0,3.0,0.01966591320239068,0.681623
PI,medium,count_b2,trace_0033,33,agx_host_proxy,True,True,True,,,156.23863106866463,187.1565950697168,-30.917964001052155,1.623845397165712,1.8658588845248378,-0.24201348735912576,27.320535864274046,32.37502249073987,-5.0544866264658275,84.0,104.0,-20.0,363.0,526.0,-163.0,63.0,67.0,-4.0,-0.19788936826682868,0.659661
PI,medium,count_b2,trace_0034,34,agx_host_proxy,True,True,True,,,181.30638193960624,153.1642566086323,28.142125330973954,1.2887891334862775,1.16768921090133,0.12109992258494762,23.960015748993552,25.309641226209383,-1.349625477215831,99.0,83.0,16.0,550.0,375.0,175.0,68.0,68.0,0.0,0.15521861409350823,0.746281
PI,medium,count_b2,trace_0035,35,agx_host_proxy,True,True,True,,,184.92253996144711,205.7836882450283,-20.861148283581173,1.461274194984529,1.1331798524711216,0.3280943425134073,29.184316769104935,31.53515195576825,-2.350835186663314,98.0,107.0,-9.0,333.0,531.0,-198.0,67.0,69.0,-2.0,-0.11281019765319215,0.581507
PI,medium,count_b2,trace_0036,36,agx_host_proxy,True,True,True,,,177.95012898376515,171.97742030799878,5.97270867576637,1.3387668645344275,1.1781741244848638,0.1605927400495637,23.016201784003208,24.487540866336513,-1.471339082333305,92.0,84.0,8.0,552.0,466.0,86.0,64.0,63.0,1.0,0.033563946875875966,0.724895
PI,medium,count_b2,trace_0037,37,agx_host_proxy,True,True,True,,,185.19152363162527,199.23931236183213,-14.047788730206861,1.452542908867171,1.1765033054929095,0.2760396033742616,23.76103556447006,29.74827511301672,-5.987239548546661,97.0,101.0,-4.0,455.0,507.0,-52.0,62.0,65.0,-3.0,-0.07585546279186134,0.638776
PI,medium,count_b2,trace_0038,38,agx_host_proxy,True,True,True,,,129.48843724840847,142.65503473464227,-13.166597486233798,1.0453441506406944,1.1867662351682873,-0.14142208452759286,19.375410953245265,22.151489524111476,-2.7760785708662112,66.0,75.0,-9.0,1738.0,450.0,1288.0,1476.0,63.0,1413.0,-0.10168164637723764,2.1955310000000003
PI,medium,count_b2,trace_0039,39,agx_host_proxy,True,True,True,,,177.92002473575627,173.94832284124107,3.9717018945152063,1.1653533912824632,1.153078660204143,0.012274731078320222,26.264507265550172,25.726009408354425,0.5384978571957468,94.0,95.0,-1.0,532.0,503.0,29.0,69.0,66.0,3.0,0.022322961681316696,0.7788379999999999
PI,medium,count_b2,trace_0040,40,agx_host_proxy,True,True,True,,,181.95056342146222,179.55411595713903,2.396447464323188,1.4268669883637342,1.2627246050660597,0.1641423832976745,26.464799152795685,23.292723682974106,3.1720754698215785,94.0,88.0,6.0,439.0,478.0,-39.0,64.0,65.0,-1.0,0.013170871357909255,0.640663
PI,medium,count_b2,trace_0041,41,agx_host_proxy,True,True,True,,,186.38134311566802,189.30086459080954,-2.919521475141522,1.3053429625905262,1.4687826834972584,-0.1634397209067322,22.990981963744936,28.38981462272771,-5.398832658982773,98.0,96.0,2.0,588.0,496.0,92.0,65.0,68.0,-3.0,-0.015664236700610484,0.7481180000000001
PI,medium,count_b2,trace_0042,42,agx_host_proxy,True,True,True,,,173.925230475805,190.1891961496175,-16.263965673812493,1.2003329696769829,1.1925299886304115,0.0078029810465714,22.904365223808835,22.37734156530701,0.5270236585018253,90.0,98.0,-8.0,443.0,565.0,-122.0,67.0,65.0,2.0,-0.09351124980153468,0.6413
PI,medium,count_b2,trace_0043,43,agx_host_proxy,True,True,True,,,183.4927334787993,194.41793350136146,-10.925200022562166,1.4475479225989245,1.599232664478198,-0.1516847418792735,28.504131154042017,32.781487948958926,-4.2773567949169085,102.0,108.0,-6.0,475.0,465.0,10.0,64.0,63.0,1.0,-0.0595402325499961,0.714536
PI,medium,count_b2,trace_0044,44,agx_host_proxy,True,True,True,,,148.84805050808458,172.0600624295261,-23.21201192144153,1.447817302835813,2.1511424064057874,-0.7033251035699744,27.56204797414413,32.13228808159206,-4.57024010744793,80.0,96.0,-16.0,376.0,477.0,-101.0,67.0,64.0,3.0,-0.15594434621218492,0.696901
PI,medium,count_b2,trace_0045,45,agx_host_proxy,True,True,True,,,154.84275539851487,160.88210199163237,-6.0393465931175,1.2656331055355787,1.250349476320535,0.015283629215043781,26.839699894042475,29.920360690213016,-3.080660796170541,86.0,87.0,-1.0,358.0,442.0,-84.0,65.0,67.0,-2.0,-0.0390030943170327,0.634881
PI,medium,count_b2,trace_0046,46,agx_host_proxy,True,True,True,,,173.55459928643452,169.52802573915835,4.026573547276172,1.3922741946081034,1.8864429049991758,-0.49416871039107235,23.32849204661922,29.340507546697754,-6.012015500078533,93.0,92.0,1.0,510.0,478.0,32.0,66.0,145.0,-79.0,0.023200615620855514,0.679663
PI,medium,count_b2,trace_0047,47,agx_host_proxy,True,True,True,,,234.13283108239085,204.8937575774407,29.23907350495014,1.144938085652453,1.369537461515832,-0.22459937586337908,23.534959201784478,20.699753846263917,2.8352053555205607,111.0,102.0,9.0,797.0,754.0,43.0,64.0,220.0,-156.0,0.1248824155492357,0.864935
PI,medium,count_b2,trace_0048,48,agx_host_proxy,True,True,True,,,151.77423088034033,144.1696559911852,7.604574889155117,1.3528599268891905,1.3798771359627322,-0.02701720907354166,24.952269271639437,23.12846927726599,1.8237999943734486,85.0,80.0,5.0,313.0,332.0,-19.0,62.0,62.0,0.0,0.05010451935777298,0.558033
PI,medium,count_b2,trace_0049,49,agx_host_proxy,True,True,True,,,149.86677375943893,163.65229681417554,-13.785523054736615,1.1758470028292913,1.3154208252869937,-0.13957382245770233,23.496918310985876,30.16965175394715,-6.672733442961274,79.0,88.0,-9.0,337.0,324.0,13.0,64.0,64.0,0.0,-0.09198518596833659,0.578394
PI,medium,count_b4,trace_0000,0,rp2040_hardware,True,True,True,,,203.33804362317986,185.01133993058295,18.326703692596908,2.9182070986372977,2.2142474052159153,0.7039596934213823,34.40443176638404,28.737839221961174,5.666592544422869,102.0,96.0,6.0,385.0,414.0,-29.0,53.0,56.0,-3.0,0.09012924175939954,40.01586
PI,medium,count_b4,trace_0001,1,rp2040_hardware,True,True,True,,,185.00415847055402,169.89829089644365,15.105867574110363,2.7764904507047485,2.5301842476252925,0.24630620307945605,29.74282946585862,26.453442913888235,3.2893865519703844,89.0,88.0,1.0,412.0,378.0,34.0,54.0,53.0,1.0,0.08165150285805425,36.294374000000005
PI,medium,count_b4,trace_0002,2,rp2040_hardware,True,True,True,,,146.99321017289432,156.54394929081082,-9.550739117916493,2.18472802621015,1.9113001971268173,0.2734278290833325,26.0122187124789,25.105314913540937,0.9069037989379645,76.0,84.0,-8.0,236.0,329.0,-93.0,56.0,55.0,1.0,-0.06497401551189239,32.959363
PI,medium,count_b4,trace_0003,3,rp2040_hardware,True,True,True,,,182.8711358265559,177.33307720338235,5.538058623173555,2.4095157989483167,2.144405210808476,0.2651105881398408,27.44994571600143,31.321806563104765,-3.871860847103335,92.0,90.0,2.0,402.0,447.0,-45.0,54.0,54.0,0.0,0.03028394064564747,31.235901000000002
PI,medium,count_b4,trace_0004,4,agx_host_proxy,True,True,True,,,198.27860590702593,197.15973864432686,1.1188672626990694,2.8607787601082997,2.502441264189455,0.3583374959188448,30.11238094621403,31.608047284476367,-1.4956663382623354,93.0,99.0,-6.0,523.0,492.0,31.0,57.0,60.0,-3.0,0.005642904626955635,0.6996990000000001
PI,medium,count_b4,trace_0005,5,agx_host_proxy,True,True,True,,,168.67104690881413,194.09275380482003,-25.4217068960059,2.4975462839843425,2.457167811925853,0.040378472058489656,23.14194336280169,27.040847102021296,-3.8989037392196053,89.0,109.0,-20.0,366.0,502.0,-136.0,57.0,56.0,1.0,-0.15071766827740876,0.549771
PI,medium,count_b4,trace_0006,6,agx_host_proxy,True,True,True,,,178.61575117111516,186.3429979925029,-7.727246821387723,2.4021353344035004,2.3620152803849814,0.040120054018518925,29.42820680994662,25.15947219713517,4.26873461281145,95.0,103.0,-8.0,396.0,438.0,-42.0,61.0,55.0,6.0,-0.04326184432628769,0.597256
PI,medium,count_b4,trace_0007,7,agx_host_proxy,True,True,True,,,218.7067176198917,193.2501965438573,25.45652107603439,2.3134152188601638,2.5707724681063397,-0.257357249246176,29.82751306896013,27.950738162380816,1.876774906579314,122.0,106.0,16.0,865.0,525.0,340.0,332.0,157.0,175.0,0.11639569809774826,0.9348099999999999
PI,medium,count_b4,trace_0008,8,agx_host_proxy,True,True,True,,,157.6706396476855,146.8243336300359,10.846306017649596,3.235737098731437,3.5821316314424174,-0.3463945327109803,35.466521939954085,30.32515015002515,5.141371789928936,87.0,83.0,4.0,311.0,320.0,-9.0,52.0,57.0,-5.0,0.06879090515447663,0.643165
PI,medium,count_b4,trace_0009,9,agx_host_proxy,True,True,True,,,189.50358763665386,173.17048455599468,16.333103080659185,2.0832799130643247,2.452987190348536,-0.36970727728421116,26.01277468802432,25.046339906956803,0.966434781067516,96.0,95.0,1.0,543.0,464.0,79.0,57.0,53.0,4.0,0.08618888583774775,0.704218
PI,medium,count_b4,trace_0010,10,agx_host_proxy,True,True,True,,,146.28110857710578,173.79551944290057,-27.514410865794787,3.0395470867034597,2.1914068624908554,0.8481402242126044,30.563569184777872,27.81842740475647,2.7451417800214024,81.0,98.0,-17.0,277.0,414.0,-137.0,55.0,57.0,-2.0,-0.18809271500216823,0.635885
PI,medium,count_b4,trace_0011,11,agx_host_proxy,True,True,True,,,171.42358420714146,180.03176412764284,-8.608179920501385,2.092383338021978,2.7625753676930747,-0.6701920296710968,21.53524756792565,22.97121251204263,-1.4359649441169786,84.0,96.0,-12.0,513.0,553.0,-40.0,57.0,55.0,2.0,-0.050215843755195326,0.637697
PI,medium,count_b4,trace_0012,12,agx_host_proxy,True,True,True,,,166.82862691885563,166.9886492418588,-0.16002232300317587,2.2709210653957412,2.1825622343397226,0.0883588310560186,23.562911815278376,25.704002125816757,-2.141090310538381,90.0,94.0,-4.0,369.0,403.0,-34.0,54.0,54.0,0.0,-0.0009592018226045203,0.523446
PI,medium,count_b4,trace_0013,13,agx_host_proxy,True,True,True,,,204.2151821612308,175.07308503606959,29.14209712516123,2.155195244563126,2.6863674126542416,-0.5311721680911154,25.841453730991226,29.54615152012557,-3.704697789134343,109.0,91.0,18.0,701.0,434.0,267.0,61.0,59.0,2.0,0.14270289219805962,0.847128
PI,medium,count_b4,trace_0014,14,agx_host_proxy,True,True,True,,,167.3006970483124,170.93967516453878,-3.638978116226383,1.8455045085864161,2.696400450472228,-0.850895941885812,23.920242194970953,28.319635046969736,-4.399392851998783,89.0,93.0,-4.0,350.0,318.0,32.0,54.0,57.0,-3.0,-0.021751123458711795,0.50201
PI,medium,count_b4,trace_0015,15,agx_host_proxy,True,True,True,,,182.58456442827085,203.7313627874323,-21.146798359161437,2.1434602723897034,2.32277585643718,-0.1793155840474765,28.70447454305064,23.8404517504484,4.864022792602242,101.0,106.0,-5.0,400.0,657.0,-257.0,55.0,54.0,1.0,-0.11581920095698478,0.618781
PI,medium,count_b4,trace_0016,16,agx_host_proxy,True,True,True,,,153.47452164940825,145.3253364121515,8.149185237256745,1.8190701785155374,1.9146167934108593,-0.0955466148953219,25.63010489676964,21.3216828534163,4.3084220433533424,83.0,75.0,8.0,392.0,420.0,-28.0,54.0,125.0,-71.0,0.0530979679863245,0.655184
PI,medium,count_b4,trace_0017,17,agx_host_proxy,True,True,True,,,195.00746873533586,198.2318576414004,-3.224388906064547,2.3683211233056847,3.0638844475184044,-0.6955633242127197,26.948205459352515,27.4325910952535,-0.4843856359009848,103.0,103.0,0.0,465.0,469.0,-4.0,59.0,53.0,6.0,-0.016534694424656566,0.624524
PI,medium,count_b4,trace_0018,18,agx_host_proxy,True,True,True,,,180.73660852480447,177.33129506213882,3.405313462665646,1.8465954594079894,1.645286340934095,0.20130911847389443,21.33552456359978,20.626809584301697,0.7087149792980831,86.0,95.0,-9.0,550.0,524.0,26.0,54.0,55.0,-1.0,0.018841304428915944,0.6479849999999999
PI,medium,count_b4,trace_0019,19,agx_host_proxy,True,True,True,,,166.61889648486786,182.61522753966574,-15.996331054797878,2.2225421234832012,1.934409928027053,0.2881321954561482,23.594125200658198,23.3819048198231,0.21222038083509887,89.0,99.0,-10.0,418.0,565.0,-147.0,56.0,64.0,-8.0,-0.09600550353093142,0.5846600000000001
PI,medium,count_b4,trace_0020,20,agx_host_proxy,True,True,True,,,175.97517393050498,173.32490843244437,2.6502654980606053,2.599715311459395,2.7698175303407306,-0.1701022188813357,26.727109309522287,27.5886520683658,-0.8615427588435125,87.0,90.0,-3.0,482.0,386.0,96.0,53.0,60.0,-7.0,0.015060451078782464,0.645069
PI,medium,count_b4,trace_0021,21,agx_host_proxy,True,True,True,,,179.84546081892873,193.6465120783666,-13.801051259437884,2.602351648809788,2.5432244842925265,0.05912716451726174,24.224468154066095,28.97969803814886,-4.755229884082766,94.0,107.0,-13.0,490.0,446.0,44.0,54.0,54.0,0.0,-0.07673839081951032,0.607128
PI,medium,count_b4,trace_0022,22,agx_host_proxy,True,True,True,,,185.20386799601627,175.70269349828092,9.501174497735349,2.5459600676039527,1.980320373818888,0.5656396937850647,26.708362555158573,27.248958237755346,-0.5405956825967735,95.0,95.0,0.0,527.0,393.0,134.0,57.0,58.0,-1.0,0.05130116665781364,0.665694
PI,medium,count_b4,trace_0023,23,agx_host_proxy,True,True,True,,,199.34480784793465,189.2370246271187,10.107783220815946,2.3971703100855573,2.4819697119176514,-0.08479940183209411,30.902288596837025,27.299312385290296,3.6029762115467285,111.0,95.0,16.0,512.0,520.0,-8.0,58.0,55.0,3.0,0.05070502377230925,0.679763
PI,medium,count_b4,trace_0024,24,agx_host_proxy,True,True,True,,,188.38054327826094,188.78331187678208,-0.4027685985211349,2.1998391167213542,1.8963981181863308,0.3034409985350235,30.80367606069931,32.71592260132788,-1.9122465406285727,100.0,104.0,-4.0,447.0,498.0,-51.0,53.0,156.0,-103.0,-0.0021380583764757316,0.642381
PI,medium,count_b4,trace_0025,25,agx_host_proxy,True,True,True,,,204.22048291975705,168.3397417316647,35.880741188092344,2.3680471497236617,2.263765307163586,0.10428184256007578,32.62990332343602,23.850639496839282,8.779263826596736,112.0,86.0,26.0,537.0,448.0,89.0,59.0,54.0,5.0,0.1756960941189759,0.740338
PI,medium,count_b4,trace_0026,26,agx_host_proxy,True,True,True,,,195.35046586072437,180.14883335088962,15.201632509834752,2.3464238503300616,2.2384632967745435,0.10796055355551815,28.20069885079417,23.466687740074008,4.734011110720161,97.0,84.0,13.0,470.0,490.0,-20.0,54.0,56.0,-2.0,0.07781723193162383,0.654014
PI,medium,count_b4,trace_0027,27,agx_host_proxy,True,True,True,,,164.28322610908816,142.09903957439374,22.18418653469442,2.0046179659019394,1.8159935244697987,0.18862444143214074,28.205034065993107,25.535201839909487,2.6698322260836207,92.0,77.0,15.0,410.0,276.0,134.0,54.0,59.0,-5.0,0.13503622408756183,0.666109
PI,medium,count_b4,trace_0028,28,agx_host_proxy,True,True,True,,,215.58079424784628,215.00612392253154,0.5746703253147416,2.912629147094507,3.00299562809506,-0.09036648100055267,24.06586900252446,26.92345638660569,-2.857587384081228,110.0,112.0,-2.0,593.0,519.0,74.0,55.0,57.0,-2.0,0.0026656842383373986,0.6385730000000001
PI,medium,count_b4,trace_0029,29,agx_host_proxy,True,True,True,,,165.44329537803532,170.3986808008614,-4.955385422826083,3.3939710162185404,2.8877148829339756,0.5062561332845648,31.042349012051833,31.73535847814417,-0.693009466092338,89.0,95.0,-6.0,325.0,304.0,21.0,56.0,56.0,0.0,-0.0299521682731422,0.6338119999999999
PI,medium,count_b4,trace_0030,30,agx_host_proxy,True,True,True,,,138.00934951651945,130.48132110969024,7.528028406829208,2.3963882174545046,2.3935937808141805,0.002794436640324083,28.182728630794106,31.54341959747604,-3.3606909666819327,78.0,72.0,6.0,359.0,257.0,102.0,56.0,59.0,-3.0,0.054547234902575334,0.6464899999999999
PI,medium,count_b4,trace_0031,31,agx_host_proxy,True,True,True,,,155.30907520388763,167.8813606401294,-12.57228543624177,3.1115922099579767,2.006907855480786,1.1046843544771905,31.254895589148358,27.092158149942794,4.162737439205564,84.0,88.0,-4.0,378.0,457.0,-79.0,54.0,54.0,0.0,-0.08095010172288417,0.69218
PI,medium,count_b4,trace_0032,32,agx_host_proxy,True,True,True,,,197.80057734967443,215.85307689496997,-18.052499545295547,2.302521053829791,3.3933807967097684,-1.0908597428799776,27.41827850827457,33.55649226425965,-6.138213755985081,92.0,107.0,-15.0,561.0,659.0,-98.0,53.0,54.0,-1.0,-0.09126616204654502,0.6708000000000001
PI,medium,count_b4,trace_0033,33,agx_host_proxy,True,True,True,,,143.54050741181752,161.19932416075034,-17.65881674893282,2.6024564406238357,2.941183656919201,-0.3387272162953652,28.542487871054043,33.25669368415882,-4.714205813104776,79.0,84.0,-5.0,270.0,334.0,-64.0,54.0,55.0,-1.0,-0.12302322924266737,0.573188
PI,medium,count_b4,trace_0034,34,agx_host_proxy,True,True,True,,,183.8021198108665,164.24281303119906,19.559306779667423,1.9568028517128826,2.204353705102565,-0.2475508533896824,26.39771526355699,26.688675295539284,-0.29096003198229425,99.0,91.0,8.0,531.0,397.0,134.0,54.0,54.0,0.0,0.10641502285062909,0.7039340000000001
PI,medium,count_b4,trace_0035,35,agx_host_proxy,True,True,True,,,195.32949418657356,202.90814507616045,-7.578650889586896,2.559864864041558,2.8318124885852196,-0.2719476245436616,28.66167464651184,29.739934122748107,-1.0782594762362656,109.0,108.0,1.0,432.0,496.0,-64.0,60.0,56.0,4.0,-0.03879931661701826,0.6147589999999999
PI,medium,count_b4,trace_0036,36,agx_host_proxy,True,True,True,,,179.1218242224558,154.53648748967458,24.58533673278123,1.6874448855451154,1.8848236056094665,-0.1973787200643511,24.645392626639477,23.175913149096893,1.4694794775425848,91.0,85.0,6.0,468.0,357.0,111.0,60.0,55.0,5.0,0.1372548366984477,0.6420859999999999
PI,medium,count_b4,trace_0037,37,agx_host_proxy,True,True,True,,,185.76537164614928,178.06433564091745,7.701036005231828,3.1386334446616244,2.5253599805458347,0.6132734641157898,31.452501301301428,24.42279279276031,7.02970850854112,90.0,91.0,-1.0,478.0,448.0,30.0,60.0,53.0,7.0,0.04145571339259591,0.696579
PI,medium,count_b4,trace_0038,38,agx_host_proxy,True,True,True,,,128.73111293998429,145.30526477613972,-16.574151836155437,2.120732607884163,3.279093920828188,-1.1583613129440251,26.582517022997546,31.884627313264627,-5.3021102902670805,69.0,81.0,-12.0,1724.0,413.0,1311.0,1480.0,100.0,1380.0,-0.12875016348132148,2.250896
PI,medium,count_b4,trace_0039,39,agx_host_proxy,True,True,True,,,150.80686109632137,151.2369697376839,-0.4301086413625228,1.870954728264811,1.9806261359969872,-0.10967140773217632,25.197889340987786,25.12656273783058,0.07132660315720685,74.0,80.0,-6.0,362.0,357.0,5.0,52.0,56.0,-4.0,-0.002852049556868699,0.64998
PI,medium,count_b4,trace_0040,40,agx_host_proxy,True,True,True,,,180.69191935198248,174.95664802600183,5.735271325980648,2.4586277089490225,2.29905001963554,0.15957768931348237,28.28610791811377,23.388994212326452,4.897113705787319,93.0,88.0,5.0,369.0,435.0,-66.0,54.0,54.0,0.0,0.03174060769595629,0.5496989999999999
PI,medium,count_b4,trace_0041,41,agx_host_proxy,True,True,True,,,186.54439092735288,170.23204508078433,16.312345846568547,2.400125351450443,2.357930446398095,0.04219490505234802,26.50126084670303,25.54640699868882,0.9548538480142099,92.0,91.0,1.0,514.0,438.0,76.0,54.0,54.0,0.0,0.08744484766052904,0.670988
PI,medium,count_b4,trace_0042,42,agx_host_proxy,True,True,True,,,195.61498796860857,195.34978308045564,0.26520488815293675,2.4093537029784895,1.9727481159125848,0.4366055870659047,25.092142986447506,26.058917039906316,-0.9667740534588098,108.0,101.0,7.0,479.0,861.0,-382.0,52.0,439.0,-387.0,0.0013557493263016004,0.608944
PI,medium,count_b4,trace_0043,43,agx_host_proxy,True,True,True,,,171.71293144517574,156.32262471809986,15.390306727075881,2.5149526196910523,1.79570994235904,0.7192426773320124,29.437261545799092,23.782699690581904,5.654561855217189,92.0,86.0,6.0,366.0,313.0,53.0,56.0,53.0,3.0,0.08962811709955389,0.59878
PI,medium,count_b4,trace_0044,44,agx_host_proxy,True,True,True,,,164.9555807314105,169.5565518660096,-4.600971134599121,2.6690638483786477,2.3538860039138796,0.31517784446476815,30.88018493366097,27.9517602807806,2.92842465288037,86.0,93.0,-7.0,359.0,513.0,-154.0,55.0,53.0,2.0,-0.027892182332955852,0.634473
PI,medium,count_b4,trace_0045,45,agx_host_proxy,True,True,True,,,147.11703587924362,139.44293995254344,7.674095926700176,2.005557305611242,2.1263195479246058,-0.12076224231336363,26.53221479399422,24.26953451234031,2.2626802816539104,79.0,78.0,1.0,308.0,325.0,-17.0,52.0,53.0,-1.0,0.05216320381141458,0.555253
PI,medium,count_b4,trace_0046,46,agx_host_proxy,True,True,True,,,188.05605513393454,167.13691117644444,20.919143957490093,2.8835884858072522,1.833710298060096,1.0498781877471564,29.361916305915777,24.084478721343533,5.277437584572244,101.0,92.0,9.0,1782.0,418.0,1364.0,1342.0,52.0,1290.0,0.11123887472057928,1.976942
PI,medium,count_b4,trace_0047,47,agx_host_proxy,True,True,True,,,220.71871550502638,198.81620389613474,21.902511608891643,2.4898630081540007,2.204950759735139,0.28491224841886176,23.662312703740643,21.054147780271332,2.6081649234693103,99.0,105.0,-6.0,689.0,603.0,86.0,52.0,53.0,-1.0,0.09923268880383124,0.733053
PI,medium,count_b4,trace_0048,48,agx_host_proxy,True,True,True,,,176.3226052739951,172.989478754758,3.3331265192370836,2.540754573087617,2.165922153331469,0.3748324197561481,25.607979081964313,24.610281172237407,0.9976979097269059,91.0,83.0,8.0,430.0,504.0,-74.0,54.0,55.0,-1.0,0.0189035689102801,0.599135
PI,medium,count_b4,trace_0049,49,agx_host_proxy,True,True,True,,,160.48145038199894,146.52942958065015,13.952020801348795,2.522272084974616,2.153695813247691,0.368576271726925,26.772830635386455,25.767156369144825,1.0056742662416305,85.0,79.0,6.0,335.0,295.0,40.0,58.0,57.0,1.0,0.0869385263414455,0.568944
PI,medium,count_b8,trace_0000,0,agx_host_proxy,True,True,True,,,215.45784167855322,183.88597150485285,31.571870173700376,2.427756619688443,2.7912973151934364,-0.36354069550499357,32.99375911821136,30.108059359478602,2.8856997587327555,114.0,100.0,14.0,486.0,439.0,47.0,53.0,55.0,-2.0,0.14653386448010194,0.674253
PI,medium,count_b8,trace_0001,1,agx_host_proxy,True,True,True,,,182.91089960842422,211.1437771765476,-28.23287756812337,3.6522318117411037,3.46604341300611,0.1861883987349935,26.45391646698393,32.69976814389175,-6.245851676907822,89.0,114.0,-25.0,470.0,629.0,-159.0,51.0,85.0,-34.0,-0.15435317211037908,0.612215
PI,medium,count_b8,trace_0002,2,agx_host_proxy,True,True,True,,,170.83031931382675,159.67153009718086,11.158789216645886,2.668006888542039,2.3229493467912588,0.3450575417507804,28.144442309971517,23.53368674619311,4.610755563778408,94.0,83.0,11.0,775.0,365.0,410.0,434.0,53.0,381.0,0.06532089421519163,0.858337
PI,medium,count_b8,trace_0003,3,agx_host_proxy,True,True,True,,,176.53400700848738,174.53141152195505,2.0025954865323286,3.2591579240339428,2.394847816319868,0.8643101077140747,27.934435254058066,32.0958210653133,-4.161385811255236,96.0,94.0,2.0,429.0,293.0,136.0,53.0,54.0,-1.0,0.01134396437529483,0.6077619999999999
PI,medium,count_b8,trace_0004,4,agx_host_proxy,True,True,True,,,228.39692582484318,195.13843818131238,33.2584876435308,3.8036345313309496,3.4714349044021873,0.33219962692876237,28.669030658146056,27.99959687924737,0.6694337788986857,103.0,95.0,8.0,741.0,518.0,223.0,51.0,53.0,-2.0,0.14561705471043257,0.802372
PI,medium,count_b8,trace_0005,5,agx_host_proxy,True,True,True,,,197.3336886450635,193.56070919392988,3.772979451133608,2.6636468703681113,2.729142803895477,-0.06549593352736549,29.040196460753457,27.358828296582566,1.681368164170891,111.0,103.0,8.0,409.0,463.0,-54.0,51.0,53.0,-2.0,0.019119793873208953,0.593843
PI,medium,count_b8,trace_0006,6,agx_host_proxy,True,True,True,,,173.05727828907916,199.84062961535935,-26.783351326280183,3.5349653805283494,3.8449965971891427,-0.31003121666079325,28.15112934742896,34.18716974975839,-6.03604040232943,90.0,109.0,-19.0,1075.0,511.0,564.0,715.0,53.0,662.0,-0.15476581852593688,1.050048
PI,medium,count_b8,trace_0007,7,agx_host_proxy,True,True,True,,,201.82054293807812,209.08296756506775,-7.2624246269896275,3.4492551458358776,3.480323004437653,-0.031067858601775633,35.004741024122985,23.173208442421643,11.831532581701342,113.0,103.0,10.0,621.0,719.0,-98.0,330.0,157.0,173.0,-0.03598456589831819,0.7663310000000001
PI,medium,count_b8,trace_0008,8,agx_host_proxy,True,True,True,,,157.76792064768551,146.8243336300359,10.943587017649605,3.23444258183337,3.5821316314424174,-0.34768904960904745,34.26178917327469,30.32515015002515,3.936639023249544,87.0,83.0,4.0,336.0,317.0,19.0,51.0,55.0,-4.0,0.06936509635623539,0.6739449999999999
PI,medium,count_b8,trace_0009,9,agx_host_proxy,True,True,True,,,166.53148474519853,165.84013972009373,0.6913450251047948,2.3009178034655906,2.688536390385655,-0.38761858692006435,27.45748141245335,22.380974286557063,5.076507125896288,91.0,83.0,8.0,328.0,432.0,-104.0,51.0,52.0,-1.0,0.004151437346292727,0.566183
PI,medium,count_b8,trace_0010,10,agx_host_proxy,True,True,True,,,144.97765089583788,148.80368582869178,-3.8260349328539007,2.7544762153502496,2.315142576227526,0.4393336391227236,28.2097492506679,25.338087875000124,2.8716613756677773,81.0,84.0,-3.0,323.0,334.0,-11.0,53.0,53.0,0.0,-0.026390515429187033,0.62824
PI,medium,count_b8,trace_0011,11,agx_host_proxy,True,True,True,,,168.27939348343315,168.84505103337406,-0.5656575499409087,2.847292127622087,3.4342711990230352,-0.5869790714009482,24.314186161958965,25.213262256372246,-0.8990760944132816,84.0,93.0,-9.0,413.0,443.0,-30.0,51.0,53.0,-2.0,-0.0033614189962991327,0.588242
PI,medium,count_b8,trace_0012,12,agx_host_proxy,True,True,True,,,159.87423599338837,174.64137160282075,-14.767135609432387,1.9241456466635687,2.2851766573119137,-0.361031010648345,23.495019191337597,26.838215117879724,-3.3431959265421263,88.0,98.0,-10.0,357.0,393.0,-36.0,51.0,53.0,-2.0,-0.09236720049153564,0.5401809999999999
PI,medium,count_b8,trace_0013,13,agx_host_proxy,True,True,True,,,181.10335260421797,186.68842001150855,-5.58506740729058,3.4645976306090365,3.168289863696244,0.2963077669127925,30.099820497892654,24.842227415092935,5.257593082799719,93.0,85.0,8.0,438.0,690.0,-252.0,52.0,54.0,-2.0,-0.03083911659822305,0.732112
PI,medium,count_b8,trace_0014,14,agx_host_proxy,True,True,True,,,171.5759496456238,168.85397610428478,2.7219735413390254,2.412770024974986,3.1410006631429654,-0.7282306381679793,26.583070071764723,25.13808227658918,1.4449877951755425,85.0,91.0,-6.0,426.0,458.0,-32.0,52.0,54.0,-2.0,0.015864540146570894,0.575879
PI,medium,count_b8,trace_0015,15,agx_host_proxy,True,True,True,,,176.59859104867274,187.1026665525244,-10.504075503851652,2.597783239572283,2.636335593306635,-0.03855235373435173,25.386208214030052,24.360296763096567,1.025911450933485,95.0,102.0,-7.0,412.0,440.0,-28.0,51.0,52.0,-1.0,-0.05947995078260052,0.590094
PI,medium,count_b8,trace_0016,16,agx_host_proxy,True,True,True,,,169.6574946635663,147.00552528509445,22.651969378471847,3.0063889623167253,2.238179390499552,0.7682095718171733,29.040326642877826,22.149972160163863,6.890354482713963,95.0,82.0,13.0,464.0,383.0,81.0,53.0,53.0,0.0,0.13351587811308357,0.678366
PI,medium,count_b8,trace_0017,17,agx_host_proxy,True,True,True,,,180.36797637636514,189.82942780316012,-9.46145142679498,2.5521943225336394,2.865088327886688,-0.3128940053530487,22.512983944983326,26.103348449360656,-3.5903645043773302,95.0,99.0,-4.0,426.0,399.0,27.0,52.0,52.0,0.0,-0.05245638176397914,0.5492030000000001
PI,medium,count_b8,trace_0018,18,agx_host_proxy,True,True,True,,,175.5256704579412,175.43433914097406,0.09133131696714258,2.5264115983779947,2.348513461467381,0.17789813691061385,24.807342450145306,23.93998729492123,0.8673551552240752,98.0,90.0,8.0,442.0,472.0,-30.0,55.0,51.0,4.0,0.0005203302555624025,0.593321
PI,medium,count_b8,trace_0019,19,agx_host_proxy,True,True,True,,,184.12603121311912,155.21427468216038,28.91175653095874,2.729260032965324,4.5324973653910545,-1.8032373324257307,25.74302388797106,32.045182706558876,-6.302158818587817,100.0,86.0,14.0,568.0,255.0,313.0,113.0,51.0,62.0,0.15702155931170017,0.727679
PI,medium,count_b8,trace_0020,20,agx_host_proxy,True,True,True,,,173.81457990429942,174.58935549348797,-0.7747755891885504,2.3079270255856597,3.292726702474363,-0.9847996768887035,24.024874255735725,29.49825087679678,-5.473376621061057,90.0,91.0,-1.0,428.0,352.0,76.0,56.0,53.0,3.0,-0.004457483311325978,0.607944
PI,medium,count_b8,trace_0021,21,agx_host_proxy,True,True,True,,,185.92226472200798,151.1991642530338,34.72310046897417,2.5856150624475362,2.9642405026251297,-0.3786254401775935,25.173615240588397,27.97155756953307,-2.7979423289446714,100.0,80.0,20.0,498.0,288.0,210.0,51.0,51.0,0.0,0.1867613893413591,0.62614
PI,medium,count_b8,trace_0022,22,agx_host_proxy,True,True,True,,,150.9729697455419,170.16134835472553,-19.188378609183644,2.515797213059662,2.654079408311169,-0.1382821952515072,22.1146073606442,26.981889651543664,-4.867282290899464,83.0,92.0,-9.0,322.0,349.0,-27.0,53.0,54.0,-1.0,-0.12709810664468474,0.486979
PI,medium,count_b8,trace_0023,23,agx_host_proxy,True,True,True,,,180.05154667615,227.42265591603018,-47.371109239880184,2.530657997619274,2.177238324804967,0.3534196728143071,27.463202021645387,29.1033368877844,-1.6401348661390145,96.0,119.0,-23.0,394.0,618.0,-224.0,51.0,53.0,-2.0,-0.26309748577214004,0.561204
PI,medium,count_b8,trace_0024,24,agx_host_proxy,True,True,True,,,185.5093907807095,177.25086990353486,8.258520877174647,2.6048714703254077,2.418713348918041,0.18615812140736665,29.349319391443323,30.342949762242416,-0.9936303707990923,92.0,98.0,-6.0,442.0,320.0,122.0,51.0,53.0,-2.0,0.04451807448894615,0.606433
PI,medium,count_b8,trace_0025,25,agx_host_proxy,True,True,True,,,172.25895280936606,183.71871073797783,-11.459757928611765,3.9263574164666686,2.7832316037940688,1.1431258126725998,30.69333441548801,25.255944349701448,5.437390065786563,97.0,88.0,9.0,339.0,534.0,-195.0,51.0,53.0,-2.0,-0.0665263415440238,0.518357
PI,medium,count_b8,trace_0026,26,agx_host_proxy,True,True,True,,,198.61058984104773,191.24661988813426,7.363969952913465,2.70265161872204,3.5264631539837463,-0.8238115352617061,26.061482873899827,22.464166681151525,3.597316192748302,96.0,97.0,-1.0,580.0,638.0,-58.0,51.0,51.0,0.0,0.03707742854400164,0.7066209999999999
PI,medium,count_b8,trace_0027,27,agx_host_proxy,True,True,True,,,174.64523931543945,141.8809866853797,32.76425263005976,2.118881595074452,2.1146695797966477,0.0042120152778042375,29.923781649695872,24.645568873604212,5.27821277609166,98.0,79.0,19.0,443.0,314.0,129.0,53.0,55.0,-2.0,0.18760461354965344,0.728987
PI,medium,count_b8,trace_0028,28,agx_host_proxy,True,True,True,,,216.70803436017331,209.60541910815257,7.10261525202074,3.719186463615833,3.2746740532763035,0.4445124103395295,26.65131795279395,23.33842639942833,3.3128915533656205,106.0,98.0,8.0,684.0,588.0,96.0,53.0,51.0,2.0,0.032775043495692664,0.817936
PI,medium,count_b8,trace_0029,29,agx_host_proxy,True,True,True,,,164.65936616433422,184.35810772054256,-19.698741556208347,2.9438051713680413,3.7452271576947744,-0.8014219863267331,24.978430184685017,30.77545408961109,-5.797023904926075,84.0,90.0,-6.0,410.0,440.0,-30.0,54.0,59.0,-5.0,-0.11963328910514877,0.637544
PI,medium,count_b8,trace_0030,30,agx_host_proxy,True,True,True,,,141.34794437190857,153.46814230998686,-12.120197938078292,2.483446434657462,2.3225465384229076,0.16089989623455425,28.80257912910412,31.913274400218036,-3.110695271113915,79.0,85.0,-6.0,382.0,387.0,-5.0,53.0,51.0,2.0,-0.08574725293625886,0.6855549999999999
PI,medium,count_b8,trace_0031,31,agx_host_proxy,True,True,True,,,148.60620934429318,171.49416246738363,-22.887953123090455,3.0085598088618104,2.6149475669000837,0.3936122419617267,28.41554125552395,27.7733128023666,0.642228453157351,82.0,95.0,-13.0,323.0,454.0,-131.0,51.0,53.0,-2.0,-0.15401747493648324,0.582183
PI,medium,count_b8,trace_0032,32,agx_host_proxy,True,True,True,,,195.453217049314,198.71055524262437,-3.2573381933103747,2.5841670458890866,3.7677204855086237,-1.183553439619537,27.950141217048618,33.116437128813246,-5.166295911764628,89.0,108.0,-19.0,531.0,533.0,-2.0,52.0,53.0,-1.0,-0.01666556448896172,0.6672440000000001
PI,medium,count_b8,trace_0033,33,agx_host_proxy,True,True,True,,,152.98202953506933,150.60369180017662,2.3783377348927104,2.463598783092357,2.2426903806592278,0.22090840243312915,27.5044283730936,26.72027275077678,0.7841556223168205,79.0,80.0,-1.0,332.0,335.0,-3.0,51.0,51.0,0.0,0.015546517078644878,0.601635
PI,medium,count_b8,trace_0034,34,agx_host_proxy,True,True,True,,,162.42689751689176,187.7602141042011,-25.333316587309355,2.8226874900417815,3.272635851456014,-0.44994836141423233,30.514223210866984,30.735184344515172,-0.22096113364818848,87.0,104.0,-17.0,314.0,495.0,-181.0,55.0,54.0,1.0,-0.15596749660674145,0.592767
PI,medium,count_b8,trace_0035,35,agx_host_proxy,True,True,True,,,201.17568038450187,199.00613403494893,2.1695463495529452,4.000346449948617,2.797172868238382,1.2031735817102356,30.687030839524155,25.715423508589332,4.971607330934823,105.0,113.0,-8.0,431.0,461.0,-30.0,51.0,53.0,-2.0,0.010784337079941012,0.627558
PI,medium,count_b8,trace_0036,36,agx_host_proxy,True,True,True,,,173.182580850035,173.9255876838309,-0.7430068337959028,2.363621696491482,3.2927657663362213,-0.9291440698447393,21.447112304921433,23.90299356899535,-2.4558812640739163,83.0,85.0,-2.0,511.0,479.0,32.0,51.0,56.0,-5.0,-0.004290309280234708,0.641038
PI,medium,count_b8,trace_0037,37,agx_host_proxy,True,True,True,,,188.78081111368732,180.16450893207593,8.616302181611388,2.720224331354781,2.9849531428992777,-0.2647288115444968,30.750654912920954,25.212618507808795,5.538036405112159,101.0,93.0,8.0,450.0,459.0,-9.0,53.0,51.0,2.0,0.045641832614134126,0.661372
PI,medium,count_b8,trace_0038,38,agx_host_proxy,True,True,True,,,130.15250034710846,149.07815717374862,-18.925656826640164,3.146073438230203,3.2824480605229787,-0.13637462229277553,26.5057282267189,32.10201733707709,-5.596289110358192,70.0,82.0,-12.0,1756.0,368.0,1388.0,1483.0,99.0,1384.0,-0.14541139644775658,2.249163
PI,medium,count_b8,trace_0039,39,agx_host_proxy,True,True,True,,,144.03495387981815,146.46050213088597,-2.4255482510678235,2.4287273816360826,2.1453991857587664,0.28332819587731617,24.32008187140026,20.669379827364672,3.6507020440355866,75.0,79.0,-4.0,352.0,367.0,-15.0,51.0,51.0,0.0,-0.01683999741543074,0.573319
PI,medium,count_b8,trace_0040,40,agx_host_proxy,True,True,True,,,204.09452731073526,187.6798607901343,16.414666520600946,3.937749790764491,2.38254141443182,1.5552083763326707,29.93568429258181,27.479395685598714,2.4562886069830974,115.0,101.0,14.0,475.0,404.0,71.0,51.0,55.0,-4.0,0.08042678427927422,0.6135849999999999
PI,medium,count_b8,trace_0041,41,agx_host_proxy,True,True,True,,,202.8525905686285,180.19295507361036,22.659635495018136,2.622663294148015,2.3646430589101666,0.25802023523784845,25.61706125732062,26.05754782601669,-0.4404865686960697,96.0,92.0,4.0,694.0,438.0,256.0,53.0,51.0,2.0,0.11170493525125573,0.839314
PI,medium,count_b8,trace_0042,42,agx_host_proxy,True,True,True,,,189.57280370876205,208.2778587509022,-18.705055042140145,2.484079168221693,2.5091861778663347,-0.025107009644641742,23.65258353883454,24.218183009418514,-0.5655994705839724,98.0,94.0,4.0,480.0,580.0,-100.0,53.0,55.0,-2.0,-0.0986695067868303,0.594915
PI,medium,count_b8,trace_0043,43,agx_host_proxy,True,True,True,,,153.48163322947156,171.84676735620985,-18.365134126738297,2.9169507437541933,2.733118761849766,0.18383198190442718,27.227658963104908,28.467952814520906,-1.2402938514159985,87.0,95.0,-8.0,302.0,339.0,-37.0,51.0,51.0,0.0,-0.11965688493345941,0.533968
PI,medium,count_b8,trace_0044,44,agx_host_proxy,True,True,True,,,140.37340394980225,153.91185067381855,-13.538446724016296,3.1106711951865997,2.9572129404110257,0.15345825477557407,26.663607337425788,27.064292423645778,-0.40068508621999044,70.0,84.0,-14.0,340.0,435.0,-95.0,51.0,51.0,0.0,-0.09644595303008871,0.619129
PI,medium,count_b8,trace_0045,45,agx_host_proxy,True,True,True,,,142.15036093159344,149.9082431461369,-7.757882214543457,2.4147834848778333,2.352464355833874,0.06231912904395953,26.44723328407854,25.04893606739938,1.3982972166791576,78.0,84.0,-6.0,323.0,359.0,-36.0,51.0,53.0,-2.0,-0.05457518478111187,0.592692
PI,medium,count_b8,trace_0046,46,agx_host_proxy,True,True,True,,,152.78592911720446,167.13691117644444,-14.350982059239982,4.30451513225298,1.833710298060096,2.4708048341928848,31.90078989425033,24.084478721343533,7.816311172906797,85.0,92.0,-7.0,264.0,417.0,-153.0,51.0,51.0,0.0,-0.09392868925927807,0.599132
PI,medium,count_b8,trace_0047,47,agx_host_proxy,True,True,True,,,220.36696124171925,207.6995132299268,12.667448011792459,2.522945160179326,2.547244472426998,-0.024299312247672233,26.246202256029864,22.511694518848486,3.734507737181378,112.0,106.0,6.0,615.0,592.0,23.0,56.0,52.0,4.0,0.05748342646472131,0.72769
PI,medium,count_b8,trace_0048,48,agx_host_proxy,True,True,True,,,183.1392061957043,181.4316269686958,1.7075792270084946,3.125360172081351,2.689031455233861,0.4363287168474903,27.628932422047217,29.672584589456765,-2.0436521674095474,95.0,103.0,-8.0,626.0,675.0,-49.0,282.0,320.0,-38.0,0.00932394140216901,0.7587980000000001
PI,medium,count_b8,trace_0049,49,agx_host_proxy,True,True,True,,,165.7011932803325,172.4395176408368,-6.738324360504322,3.2050943843179076,2.32902597029105,0.8760684140268578,26.958039399442253,26.892394184804452,0.06564521463780082,91.0,92.0,-1.0,403.0,458.0,-55.0,51.0,53.0,-2.0,-0.04066551499785796,0.565143
PI,medium,eager_b1,trace_0000,0,rp2040_hardware,True,True,True,,,200.91655812560404,185.61499062017256,15.301567505431478,0.8985226988692239,0.43432803803551306,0.4641946608337108,31.401754169486885,28.336470159646215,3.0652840098406706,94.0,94.0,0.0,545.0,514.0,31.0,92.0,103.0,-11.0,0.07615881761156601,57.900470000000006
PI,medium,eager_b1,trace_0001,1,rp2040_hardware,True,True,True,,,170.06011438139217,178.55244683714244,-8.492332455750272,0.8065043338795,0.576482392265498,0.23002194161400202,26.812816470386252,26.63117078332278,0.1816456870634724,87.0,95.0,-8.0,455.0,476.0,-21.0,94.0,92.0,2.0,-0.04993723829154084,48.746037
PI,medium,eager_b1,trace_0002,2,rp2040_hardware,True,True,True,,,166.8392682126856,167.56717131896053,-0.7279031062749368,0.9727625449435798,0.4155768610044757,0.5571856839391041,25.881516457899856,23.592118024400214,2.289398433499642,83.0,90.0,-7.0,435.0,522.0,-87.0,92.0,94.0,-2.0,-0.004362900377547873,50.111959
PI,medium,eager_b1,trace_0003,3,rp2040_hardware,True,True,True,,,185.95516468204806,178.4527400420758,7.502424639972276,0.9271848026024404,0.6779226608295852,0.24926214177285522,28.671660585182888,31.536695662889308,-2.8650350777064197,94.0,97.0,-3.0,546.0,487.0,59.0,92.0,92.0,0.0,0.04034534159242178,54.019716
PI,medium,eager_b1,trace_0004,4,agx_host_proxy,True,True,True,,,209.45765731348587,210.2473476220091,-0.7896903085232339,0.3254300126184779,0.3721277531986479,-0.046697740580169955,24.029883349948747,24.070639080421977,-0.040755730473229335,101.0,105.0,-4.0,638.0,738.0,-100.0,92.0,92.0,0.0,-0.0037701668139128466,0.7886810000000001
PI,medium,eager_b1,trace_0005,5,agx_host_proxy,True,True,True,,,183.27410248902007,194.36630788096997,-11.092205391949904,0.5819675563848178,0.3756051884303895,0.2063623679544283,30.851417732496923,22.634216883912398,8.217200848584525,97.0,103.0,-6.0,468.0,604.0,-136.0,92.0,92.0,0.0,-0.060522491946806485,0.8402270000000001
PI,medium,eager_b1,trace_0006,6,agx_host_proxy,True,True,True,,,184.04676818788164,190.7895508335001,-6.742782645618462,0.40704242969527915,0.4379340019101917,-0.030891572214912566,25.257700057280232,25.579365190033847,-0.3216651327536155,88.0,102.0,-14.0,3378.0,618.0,2760.0,2873.0,94.0,2779.0,-0.03663624584124826,2.587081
PI,medium,eager_b1,trace_0007,7,agx_host_proxy,True,True,True,,,211.031017392108,186.50938041112346,24.52163698098454,0.39626621313814614,0.5591670992803983,-0.16290088614225218,25.864399265972338,27.838596207391316,-1.9741969414189775,111.0,100.0,11.0,634.0,480.0,154.0,95.0,92.0,3.0,0.11619920750996476,0.878083
PI,medium,eager_b1,trace_0008,8,agx_host_proxy,True,True,True,,,143.73975961938004,188.695086809021,-44.95532718964097,0.8496301388090026,1.0254245028447553,-0.17579436403575266,27.448153684486588,33.53315143157819,-6.084997747091602,79.0,106.0,-27.0,391.0,595.0,-204.0,92.0,92.0,0.0,-0.3127549907463444,0.816531
PI,medium,eager_b1,trace_0009,9,agx_host_proxy,True,True,True,,,161.88387324983097,171.58951847904578,-9.70564522921481,0.35979325539679513,0.36210108338888924,-0.0023078279920941136,20.571166098607886,18.902947569588594,1.668218529019292,85.0,85.0,0.0,538.0,603.0,-65.0,92.0,94.0,-2.0,-0.059954367500438734,0.767881
PI,medium,eager_b1,trace_0010,10,agx_host_proxy,True,True,True,,,167.22837403943953,153.49427587672534,13.73409816271419,0.4257426329299594,0.7499570055197048,-0.3242143725897454,26.550559983059095,31.236323034737836,-4.685763051678741,92.0,86.0,6.0,1628.0,485.0,1143.0,1163.0,159.0,1004.0,0.08212779823760714,1.690587
PI,medium,eager_b1,trace_0011,11,agx_host_proxy,True,True,True,,,177.9375534803586,174.8605649798989,3.0769885004596915,0.44310009883462514,0.43503331524963257,0.008066783584992576,24.153551609648222,23.048638939766875,1.1049126698813474,95.0,91.0,4.0,489.0,532.0,-43.0,93.0,94.0,-1.0,0.017292518865610576,0.787701
PI,medium,eager_b1,trace_0012,12,agx_host_proxy,True,True,True,,,177.24692344731275,170.8278924632969,6.419030984015848,0.5838902013284262,0.664065239143936,-0.08017503781550983,29.449252253724865,30.934772858141816,-1.4855206044169513,98.0,91.0,7.0,528.0,407.0,121.0,97.0,92.0,5.0,0.03621518985588445,0.879671
PI,medium,eager_b1,trace_0013,13,agx_host_proxy,True,True,True,,,175.66879505577631,175.57083507183998,0.09795998393633454,0.6278158196740838,0.4343426082962744,0.19347321137780943,23.057455331800348,20.101615238815334,2.9558400929850137,84.0,89.0,-5.0,586.0,635.0,-49.0,94.0,92.0,2.0,0.0005576402109733344,0.849547
PI,medium,eager_b1,trace_0014,14,agx_host_proxy,True,True,True,,,174.5925840005644,165.0746514342008,9.517932566363584,0.38668215288534735,0.40713035710238804,-0.02044820421704069,22.33968988614929,21.61434606270565,0.7253438234436409,87.0,89.0,-2.0,607.0,504.0,103.0,92.0,92.0,0.0,0.05451510223557271,0.816554
PI,medium,eager_b1,trace_0015,15,agx_host_proxy,True,True,True,,,185.04695270051036,191.80981173699342,-6.762859036483064,0.4338314158377688,0.5018103896950232,-0.06797897385725443,30.38954767636377,29.586036396066973,0.8035112802967959,100.0,104.0,-4.0,464.0,506.0,-42.0,93.0,94.0,-1.0,-0.03654671929360776,0.820613
PI,medium,eager_b1,trace_0016,16,agx_host_proxy,True,True,True,,,170.20712935190193,140.26264874794407,29.944480603957857,0.6982361127188309,0.7041799653044115,-0.005943852585580611,24.931316176293247,22.5168408242208,2.414475352072447,90.0,76.0,14.0,509.0,415.0,94.0,92.0,92.0,0.0,0.17592964946872391,0.8017230000000001
PI,medium,eager_b1,trace_0017,17,agx_host_proxy,True,True,True,,,193.10039756010516,211.77045507223232,-18.67005751212716,0.6273954588090032,0.32946615921226735,0.2979292995967358,29.191449121657,27.484036505069973,1.7074126165870283,101.0,105.0,-4.0,470.0,649.0,-179.0,92.0,94.0,-2.0,-0.09668575387741418,0.7861159999999999
PI,medium,eager_b1,trace_0018,18,agx_host_proxy,True,True,True,,,174.07372502123147,187.2322614163667,-13.15853639513523,0.386035285553067,0.2829758021468701,0.10305948340619686,25.015393901188492,24.20715357743831,0.8082403237501836,91.0,97.0,-6.0,450.0,563.0,-113.0,92.0,92.0,0.0,-0.07559174363351107,0.70835
PI,medium,eager_b1,trace_0019,19,agx_host_proxy,True,True,True,,,149.60762240273817,153.75926330788403,-4.151640905145854,0.7132031436801703,0.7382387874680955,-0.02503564378792511,25.60057793238388,22.509898604430482,3.0906793279533993,81.0,80.0,1.0,393.0,423.0,-30.0,92.0,92.0,0.0,-0.027750196403561515,0.7500530000000001
PI,medium,eager_b1,trace_0020,20,agx_host_proxy,True,True,True,,,166.91200708638988,180.05946051524222,-13.147453428852344,0.42741896110894395,0.549119378527998,-0.12170041741905402,19.776868265917514,22.31275637123717,-2.535888105319657,81.0,90.0,-9.0,536.0,630.0,-94.0,92.0,92.0,0.0,-0.07876876959515274,0.7517389999999999
PI,medium,eager_b1,trace_0021,21,agx_host_proxy,True,True,True,,,181.19275483082154,165.56812472205857,15.624630108762972,0.48595144207272106,0.40661652255587477,0.07933491951684629,26.704107264358402,25.80959158650865,0.8945156778497534,98.0,86.0,12.0,502.0,438.0,64.0,92.0,92.0,0.0,0.08623209092080743,0.797966
PI,medium,eager_b1,trace_0022,22,agx_host_proxy,True,True,True,,,181.18287438374983,175.19129696942815,5.991577414321682,0.43408029999047615,0.4978275643155869,-0.06374726432511074,25.89364662959123,21.332518362870612,4.561128266720619,98.0,97.0,1.0,515.0,605.0,-90.0,92.0,98.0,-6.0,0.03306922596686137,0.810424
PI,medium,eager_b1,trace_0023,23,agx_host_proxy,True,True,True,,,198.81413889699874,186.70723241295636,12.106906484042383,0.6595297548941826,0.6113455985162686,0.04818415637791407,28.634572944275117,26.609467509150008,2.025105435125109,109.0,99.0,10.0,557.0,565.0,-8.0,94.0,113.0,-19.0,0.06089560104331768,0.815999
PI,medium,eager_b1,trace_0024,24,agx_host_proxy,True,True,True,,,185.91061471505847,184.22763575882925,1.6829789562292206,0.4421038310384094,0.32377931705928154,0.11832451397912785,25.122072125357406,24.95186508868022,0.17020703667718706,94.0,92.0,2.0,586.0,530.0,56.0,92.0,94.0,-2.0,0.009052624342126399,0.834548
PI,medium,eager_b1,trace_0025,25,agx_host_proxy,True,True,True,,,165.00967620824068,188.0907306408369,-23.081054432596233,0.6965118965285161,0.5723827420943076,0.12412915443420847,30.81506723496359,32.37575405506807,-1.5606868201044826,91.0,103.0,-12.0,346.0,489.0,-143.0,92.0,94.0,-2.0,-0.1398769754778996,0.768633
PI,medium,eager_b1,trace_0026,26,agx_host_proxy,True,True,True,,,185.80509360453394,188.277972591497,-2.472878986963053,0.45631599383670357,0.44543209400551986,0.010883899831183708,27.466814361149776,26.657372835272962,0.8094415258768137,92.0,94.0,-2.0,488.0,549.0,-61.0,94.0,94.0,0.0,-0.013308994597458716,0.784597
PI,medium,eager_b1,trace_0027,27,agx_host_proxy,True,True,True,,,179.43744757883084,146.56213794189546,32.875309636935384,0.6996987866593752,0.67256829723906,0.027130489420315262,28.188125519475978,23.454889554307172,4.733235965168806,98.0,80.0,18.0,630.0,446.0,184.0,92.0,92.0,0.0,0.1832132037126338,1.0153320000000001
PI,medium,eager_b1,trace_0028,28,agx_host_proxy,True,True,True,,,216.54755958176784,242.8854478030414,-26.337888221273545,0.4377652117233379,0.3114929052976293,0.12627230642570858,28.429181978415166,25.32729447777143,3.101887500643734,107.0,122.0,-15.0,1388.0,929.0,459.0,882.0,183.0,699.0,-0.12162634514164737,1.599521
PI,medium,eager_b1,trace_0029,29,agx_host_proxy,True,True,True,,,169.85298411997653,171.3492370945222,-1.4962529745456834,0.9659175690160585,0.9659726022758867,-5.503325982814111e-05,23.33575617882662,25.96315120384648,-2.627395025019858,89.0,94.0,-5.0,498.0,417.0,81.0,94.0,92.0,2.0,-0.00880910619438277,0.812262
PI,medium,eager_b1,trace_0030,30,agx_host_proxy,True,True,True,,,118.06908484340222,138.0473604821444,-19.978275638742176,1.0580461304497217,0.8778313760342352,0.1802147544154865,25.266756649442584,31.840543131703566,-6.5737864822609815,67.0,77.0,-10.0,344.0,414.0,-70.0,92.0,92.0,0.0,-0.16920835513580737,0.7646139999999999
PI,medium,eager_b1,trace_0031,31,agx_host_proxy,True,True,True,,,149.86343517233644,146.69168271290886,3.17175245942758,1.409271695824964,1.1834008935773754,0.2258708022475886,31.07943075898717,29.202824321014432,1.876606437972736,81.0,76.0,5.0,438.0,419.0,19.0,92.0,94.0,-2.0,0.02116428504244683,0.924544
PI,medium,eager_b1,trace_0032,32,agx_host_proxy,True,True,True,,,186.94686395088627,209.37279470553887,-22.425930754652597,0.571860336938795,0.32463059903505,0.24722973790374503,29.24044776280281,25.066672715364238,4.173775047438571,96.0,102.0,-6.0,558.0,765.0,-207.0,96.0,94.0,2.0,-0.119958849700438,0.9362189999999999
PI,medium,eager_b1,trace_0033,33,agx_host_proxy,True,True,True,,,166.6868334189782,150.95857762815535,15.728255790822857,0.8072381155947014,0.6524091806888936,0.15482893490580774,29.20980419668446,27.47148972808232,1.7383144686021375,90.0,82.0,8.0,466.0,385.0,81.0,94.0,92.0,2.0,0.09435811736424833,0.918249
PI,medium,eager_b1,trace_0034,34,agx_host_proxy,True,True,True,,,187.2043364364869,184.97313923046488,2.231197206022017,0.7119668784763712,0.48190385328549135,0.23006302519087984,31.238346455957004,23.963299612176346,7.2750468437806575,104.0,103.0,1.0,547.0,757.0,-210.0,94.0,189.0,-95.0,0.0119185124046472,0.916169
PI,medium,eager_b1,trace_0035,35,agx_host_proxy,True,True,True,,,204.93937274035983,215.37169009179772,-10.432317351437888,0.5135482963944115,0.3811416686505086,0.13240662774390288,29.828235264901274,28.58424821468927,1.2439870502120023,103.0,112.0,-9.0,1052.0,582.0,470.0,524.0,93.0,431.0,-0.050904407542296505,1.235794
PI,medium,eager_b1,trace_0036,36,agx_host_proxy,True,True,True,,,165.14868412587808,166.84145020876073,-1.692766082882656,0.3692413029320474,0.49507403203997574,-0.12583272910792836,21.089683203097945,25.712904924820307,-4.623221721722363,89.0,91.0,-2.0,506.0,438.0,68.0,94.0,93.0,1.0,-0.010249951986250231,0.745413
PI,medium,eager_b1,trace_0037,37,agx_host_proxy,True,True,True,,,200.24214362540584,209.2983118115379,-9.056168186132055,0.650068351050491,0.6194185326568566,0.030649818393634343,31.724708262896666,32.464048840276355,-0.7393405773796893,103.0,111.0,-8.0,484.0,566.0,-82.0,94.0,92.0,2.0,-0.045226084889869546,0.821956
PI,medium,eager_b1,trace_0038,38,agx_host_proxy,True,True,True,,,151.14878234051162,146.29491608725576,4.853866253255859,0.6047254934097825,1.1912684268902312,-0.5865429334804486,24.172977458728077,26.646233907431167,-2.47325644870309,84.0,75.0,9.0,1944.0,488.0,1456.0,1538.0,115.0,1423.0,0.03211316808574053,2.4340599999999997
PI,medium,eager_b1,trace_0039,39,agx_host_proxy,True,True,True,,,160.4038233573666,155.70748422091734,4.696339136449268,0.7344663232244016,0.6987891684799552,0.03567715474444644,22.42324681695381,21.351229900606057,1.0720169163477529,88.0,81.0,7.0,529.0,481.0,48.0,92.0,92.0,0.0,0.029278224409814774,0.855926
PI,medium,eager_b1,trace_0040,40,agx_host_proxy,True,True,True,,,190.24855991523077,191.9223267699118,-1.6737668546810198,0.41508868935136223,0.851468483107685,-0.43637979375632274,24.35054518410741,27.826119343997284,-3.4755741598898737,99.0,104.0,-5.0,561.0,522.0,39.0,94.0,94.0,0.0,-0.008797789877762027,0.7723899999999999
PI,medium,eager_b1,trace_0041,41,agx_host_proxy,True,True,True,,,174.07756614058474,170.2591356993036,3.818430441281123,0.5815700014016261,0.4722791842997402,0.10929081710188587,24.777917201379893,22.258890295437293,2.5190269059425994,84.0,84.0,0.0,537.0,816.0,-279.0,92.0,363.0,-271.0,0.021935224198834244,0.801137
PI,medium,eager_b1,trace_0042,42,agx_host_proxy,True,True,True,,,192.7712511573995,184.21290327110088,8.558347886298606,0.3646126149797981,0.25503489761701204,0.10957771736278604,23.95081326089475,19.400730468280717,4.550082792614035,98.0,90.0,8.0,541.0,525.0,16.0,93.0,95.0,-2.0,0.04439639124046892,0.73916
PI,medium,eager_b1,trace_0043,43,agx_host_proxy,True,True,True,,,192.64530373322938,153.5026787034326,39.14262502979679,0.7515788945769413,0.45237932655326385,0.2991995680236774,31.314756895077036,25.33212868037841,5.982628214698625,107.0,81.0,26.0,711.0,403.0,308.0,182.0,92.0,90.0,0.20318494285228236,1.0641569999999998
PI,medium,eager_b1,trace_0044,44,agx_host_proxy,True,True,True,,,164.1614914878614,144.59002093904553,19.57147054881588,0.5479106628021071,0.8672429482353067,-0.3193322854331996,29.188569118915158,25.23120291233399,3.957366206581167,91.0,77.0,14.0,370.0,424.0,-54.0,97.0,96.0,1.0,0.11922083779473369,0.747516
PI,medium,eager_b1,trace_0045,45,agx_host_proxy,True,True,True,,,138.708294462121,153.03131668968908,-14.323022227568089,0.6637695932421239,0.5664318882846442,0.09733770495747973,23.68574578118824,24.75539436671927,-1.0696485855310307,74.0,80.0,-6.0,397.0,459.0,-62.0,94.0,92.0,2.0,-0.10326002697322095,0.7509330000000001
PI,medium,eager_b1,trace_0046,46,agx_host_proxy,True,True,True,,,169.3681464879721,172.4822046775026,-3.1140581895305104,1.3163435840767754,1.3524896561186583,-0.036146072041882915,28.11057731682953,29.72116007031625,-1.610582753486721,91.0,96.0,-5.0,469.0,512.0,-43.0,95.0,96.0,-1.0,-0.018386327382709237,0.855281
PI,medium,eager_b1,trace_0047,47,agx_host_proxy,True,True,True,,,234.43423689154258,215.310688861014,19.123548030528582,0.2722370142794794,0.2191018002070457,0.053135214072433684,28.496476365175305,25.511283180098566,2.9851931850767386,115.0,104.0,11.0,994.0,684.0,310.0,377.0,121.0,256.0,0.08157318779072273,1.1543210000000002
PI,medium,eager_b1,trace_0048,48,agx_host_proxy,True,True,True,,,163.85377623280164,196.20469257705844,-32.3509163442568,0.613255519708754,0.39751752511996874,0.2157379945887853,29.228782491242352,30.360563983964898,-1.1317814927225456,91.0,109.0,-18.0,434.0,599.0,-165.0,94.0,93.0,1.0,-0.19743772214497501,0.830331
PI,medium,eager_b1,trace_0049,49,agx_host_proxy,True,True,True,,,153.68244686763228,146.2658584308151,7.416588436817193,0.4914351042912064,0.5861684870805762,-0.09473338278936982,25.590685817622976,25.54367893089089,0.04700688673208475,80.0,79.0,1.0,427.0,433.0,-6.0,94.0,112.0,-18.0,0.04825917720587277,0.749511
