aggregation_level,dataset,policy_id,planned_pair_n,both_completed_n,condition_incomplete_n,eager_incomplete_n,mission_change_vs_eager_s_n,mission_change_vs_eager_s_mean,mission_change_vs_eager_s_median,mission_change_vs_eager_s_std,mission_change_vs_eager_s_q1,mission_change_vs_eager_s_q3,mission_change_vs_eager_s_ci95_low,mission_change_vs_eager_s_ci95_high,mission_change_vs_eager_s_cohen_dz,mission_change_vs_eager_s_paired_t_p,mission_change_vs_eager_s_wilcoxon_p,assignment_latency_change_vs_eager_s_n,assignment_latency_change_vs_eager_s_mean,assignment_latency_change_vs_eager_s_median,assignment_latency_change_vs_eager_s_std,assignment_latency_change_vs_eager_s_q1,assignment_latency_change_vs_eager_s_q3,assignment_latency_change_vs_eager_s_ci95_low,assignment_latency_change_vs_eager_s_ci95_high,assignment_latency_change_vs_eager_s_cohen_dz,assignment_latency_change_vs_eager_s_paired_t_p,assignment_latency_change_vs_eager_s_wilcoxon_p,completion_latency_change_vs_eager_s_n,completion_latency_change_vs_eager_s_mean,completion_latency_change_vs_eager_s_median,completion_latency_change_vs_eager_s_std,completion_latency_change_vs_eager_s_q1,completion_latency_change_vs_eager_s_q3,completion_latency_change_vs_eager_s_ci95_low,completion_latency_change_vs_eager_s_ci95_high,completion_latency_change_vs_eager_s_cohen_dz,completion_latency_change_vs_eager_s_paired_t_p,completion_latency_change_vs_eager_s_wilcoxon_p,allocator_calls_saved_vs_eager_n,allocator_calls_saved_vs_eager_mean,allocator_calls_saved_vs_eager_median,allocator_calls_saved_vs_eager_std,allocator_calls_saved_vs_eager_q1,allocator_calls_saved_vs_eager_q3,allocator_calls_saved_vs_eager_ci95_low,allocator_calls_saved_vs_eager_ci95_high,allocator_calls_saved_vs_eager_cohen_dz,allocator_calls_saved_vs_eager_paired_t_p,allocator_calls_saved_vs_eager_wilcoxon_p,allocator_work_saved_vs_eager_s_n,allocator_work_saved_vs_eager_s_mean,allocator_work_saved_vs_eager_s_median,allocator_work_saved_vs_eager_s_std,allocator_work_saved_vs_eager_s_q1,allocator_work_saved_vs_eager_s_q3,allocator_work_saved_vs_eager_s_ci95_low,allocator_work_saved_vs_eager_s_ci95_high,allocator_work_saved_vs_eager_s_cohen_dz,allocator_work_saved_vs_eager_s_paired_t_p,allocator_work_saved_vs_eager_s_wilcoxon_p,max_robot_steps_change_vs_eager_n,max_robot_steps_change_vs_eager_mean,max_robot_steps_change_vs_eager_median,max_robot_steps_change_vs_eager_std,max_robot_steps_change_vs_eager_q1,max_robot_steps_change_vs_eager_q3,max_robot_steps_change_vs_eager_ci95_low,max_robot_steps_change_vs_eager_ci95_high,max_robot_steps_change_vs_eager_cohen_dz,max_robot_steps_change_vs_eager_paired_t_p,max_robot_steps_change_vs_eager_wilcoxon_p,mission_change_vs_eager_s_bh_q,algorithm,arrival_load
policy,causal,bounded_b4_w5,600,584,4,13,584,-0.79425445536427,0.2776387379087737,18.199625634504446,-7.421267737347463,7.945409690460231,-2.273385540325129,0.684876629596589,-0.0436412523705132,0.2920275442664532,0.499446798701099,584,0.9245735630520993,1.6307368534308968,4.774646532501169,1.054681869600767,1.9584697540445672,0.5365255752663682,1.3126215508378303,0.19364230561539958,3.577580187434975e-06,2.0653892205747713e-51,584,-0.29064438216848637,1.1313284642029702,12.518827513771443,-0.8652969428663608,2.650373319425756,-1.3080821742830933,0.7267934099461206,-0.02321658173249536,0.5749762647424773,1.8865247156424267e-12,584,16.58732876712329,58.0,605.7332649309985,-85.25,132.0,-32.64219492459671,65.81685245884329,0.027383882853144637,0.5083855964866686,4.896865384625904e-05,584,7.863389746575343,0.06485500000000002,57.96071301884922,-0.007966749999999995,0.26331925,3.152771294614541,12.574008198536145,0.13566758131526288,0.0011055292259589276,7.523090743862954e-32,584,-0.3664383561643836,0.0,13.134061501016681,-7.25,6.0,-1.433877820474575,0.7010011081458078,-0.027899850791472107,0.5004321160069134,0.7044745492031295,0.6791595091306721,,
policy,causal,count_b2,600,582,6,13,582,-1.6037785775801385,0.07445462847208972,17.66835617902966,-7.541488320823902,6.3623924427551515,-3.042207465498116,-0.1653496896621609,-0.09077123878018953,0.028933686239414787,0.494042772752624,582,0.6150097607509887,1.0316925538460335,4.600262087229828,0.3853434295678401,1.948760071258775,0.240489923635692,0.9895295978662854,0.1336901570148003,0.0013294070911501741,5.5134528557152335e-40,582,-0.5820014537857361,0.7395270108368841,12.296762526862421,-1.1612836231655477,2.1928063048778137,-1.5831143058970063,0.4191113983255341,-0.04732964896364772,0.254002342951947,3.2642128708222305e-06,582,-4.194158075601375,34.0,541.0154172359449,-103.0,98.0,-48.239693329459946,39.8513771782572,-0.007752381802776314,0.8517073395369943,0.13949123843880265,582,8.348910986254296,0.04572950000000009,58.2630972755608,-0.01772299999999999,0.17749975,3.6055539149149896,13.092268057593603,0.14329672428445292,0.0005861827415331741,4.855235290083726e-25,582,-1.541237113402062,-0.5,12.80910486668952,-7.75,5.0,-2.584061147620103,-0.4984130791840211,-0.12032356120450677,0.00383918459085904,0.009409136203071282,0.166700715017032,,
policy,causal,count_b4,600,584,4,13,584,0.43598490109942617,0.47973990326488547,15.071157869161093,-6.5197237565428985,8.44348796607484,-0.7888874417890503,1.6608572439879026,0.02892842772163825,0.48477643326377007,0.09079475706061423,584,1.747085112208321,2.0544701475033387,3.5700613899167037,1.2112414918249794,3.250279083065709,1.4569369034983044,2.0372333209183378,0.48937116799806174,4.475765386584101e-29,3.7712791532820954e-65,584,0.7416956926163499,1.5743980063976544,8.581686383348988,-0.24352097552686836,3.3432372671852497,0.04423963797468289,1.439151747258017,0.08642773220604509,0.03717508740382395,3.547827731021612e-26,584,-25.565068493150687,44.5,572.1630552531025,-157.75,124.0,-72.06625361019748,20.9361166238961,-0.044681438723515106,0.28068854427248324,0.6278427143891632,584,3.6759026455479455,0.04879550000000002,33.58896434486437,-0.04338200000000009,0.2232825,0.9460398301316526,6.405765460964238,0.1094378084363288,0.008397042298243153,4.888841521723334e-19,584,-1.5616438356164384,-1.0,13.397842996173537,-8.0,6.0,-2.650521510632692,-0.4727661606001847,-0.11655934735632059,0.005015009997946816,0.05683075298245261,0.7756422932220322,,
policy,causal,count_b8,600,583,5,13,583,-0.737606801290947,-0.2650997334810654,18.633774389668503,-8.203505309644711,7.90927985502455,-2.2533259627276765,0.7781123601457826,-0.03958440119892796,0.33957975456533607,0.8130981822564862,583,2.024687504086107,2.5661658634983535,4.801282039058064,1.5799370546907605,3.643440564870437,1.634138867300139,2.4152361408720755,0.421697264942036,1.6134962221951765e-22,5.0525036433188314e-68,583,0.48421526170877377,1.7045666043196022,12.527716160126545,-0.4990158242256353,3.718275794946863,-0.5348214098671444,1.503251933284692,0.038651519201077,0.3510747525074972,7.500693437648813e-26,583,-15.809605488850773,57.0,523.0945783646098,-174.0,135.0,-58.35946463657715,26.74025365887561,-0.030223225670351125,0.4658355990405747,0.4700822989584117,583,8.46837538593482,0.07711299999999999,58.23825235789174,-0.02224799999999999,0.31734899999999994,3.731126067493615,13.205624704376024,0.1454091605272439,0.00048106565092120087,2.8770610384140508e-30,583,-1.528301886792453,0.0,15.126345500850933,-9.5,6.0,-2.7587177563150584,-0.29788601726984765,-0.10103576483205928,0.015003198248979058,0.022744883220492125,0.6791595091306721,,
policy,zero_compute,bounded_b4_w5,600,600,0,0,600,0.275083507832846,0.10284031233621249,14.903301610854266,-6.893188242866977,7.498340773745092,-0.9198214610713444,1.4699884767370364,0.01845789040681423,0.6513432379997046,0.7786675877620526,600,1.3872295989840324,1.633602791305142,1.6239310558765199,1.1385700741768547,2.0022205471566963,1.2570273566559678,1.517431841312097,0.8542416834532871,2.1540936908140798e-73,1.0998153312878802e-63,600,1.0148691621212076,1.2326435518570094,2.9885012488721836,-0.7569858583348417,2.732432052279508,0.7752595048052097,1.2544788194372056,0.33959134616530756,6.033293026948051e-16,7.023454132356222e-18,600,15.23,52.5,171.5525309775639,-82.25,126.0,1.4753987011921552,28.984601298807846,0.08877747191029098,0.030051084269835618,4.9198086002007726e-05,600,0.0,-0.0,0.0,0.0,0.0,0.0,0.0,0.0,1.0,1.0,600,-0.9833333333333333,0.0,13.746806175336122,-8.0,6.0,-2.0855137383456417,0.11884707167897501,-0.0715317667821333,0.08025740329176352,0.0633465734327583,0.8684576506662728,,
policy,zero_compute,count_b2,600,600,0,0,600,-1.2081074256574236,-0.3051338181489456,14.498046280062642,-8.908665730912311,7.297874955411359,-2.3705201575337367,-0.04569469378111046,-0.08332898118271172,0.041675178754258,0.0853339331848539,600,1.0872973149377898,1.1089435335772084,1.5618674102957604,0.4512878401387174,1.9448535710107149,0.9620711618300324,1.2125234680455472,0.6961521239065329,1.9235339672382108e-53,1.5903917788688866e-51,600,0.657764307630839,0.818104211507932,2.9057891544669143,-1.035316886968384,2.4344594888709388,0.4247862743115901,0.890742340950088,0.22636339825953755,4.418864785018387e-08,2.663222486214888e-09,600,-11.458333333333334,28.5,177.32924471805552,-88.75,97.25,-25.676095355361284,2.759428688694614,-0.06461615145066174,0.11400262620916649,0.29558686255041433,600,0.0,-0.0,0.0,0.0,0.0,0.0,0.0,0.0,1.0,1.0,600,-2.325,-1.0,13.740355549173252,-10.0,6.0,-3.4266632118791476,-1.2233367881208526,-0.16920959517236756,3.892093387370549e-05,0.00011526655820762217,0.166700715017032,,
policy,zero_compute,count_b4,600,599,1,0,599,0.03363636520879401,0.14718175477841555,14.599313931065026,-6.8397348946175995,7.407641722150075,-1.1378763538854308,1.205149084303019,0.0023039688965945967,0.9550512067434368,0.7708369123159224,599,2.007594250659683,2.094079025802121,1.9786043991757343,1.1580151718330538,3.38100127223496,1.8488223911986772,2.1663661101206886,1.01465166634423,4.358368530627855e-94,2.4294054675808916e-70,599,1.3413665284258194,1.5261248946269,3.2171962476040004,-0.4242675535177227,3.3588505794258277,1.0832046489233522,1.5995284079282865,0.4169364953800375,1.199477598381296e-22,3.345603485863033e-24,599,-29.40066777963272,41.0,220.4338904670581,-170.5,119.5,-47.08924599782458,-11.712089561440859,-0.13337635023969416,0.0011599198395226954,0.598437594266768,599,0.0,-0.0,0.0,0.0,0.0,0.0,0.0,0.0,1.0,1.0,599,-2.1686143572621037,-1.0,13.887024450067894,-10.0,5.0,-3.2829698571468993,-1.0542588573773082,-0.1561611967386938,0.00014625543982427612,0.0002580098904576396,0.9550512067434368,,
policy,zero_compute,count_b8,600,600,0,0,600,0.09437877251808013,0.0,14.474688858689229,-7.766835070197551,7.472686056501011,-1.0661612267524894,1.2549187717886494,0.006520262607332252,0.8731608704065141,0.9895235267747424,600,2.4763764575891036,2.615532469596199,2.140624422199285,1.554037724775762,3.7191740306303576,2.3047471887577813,2.648005726420426,1.1568477085040754,1.0565100492936347e-112,1.4044105109105358e-77,600,1.696845702330091,1.9482154125522548,3.4179499926590653,-0.36293396797118227,4.085113477392428,1.4228040479144117,1.97088735674577,0.4964512956522206,1.4549180118023127e-30,1.6287165514290276e-30,600,-23.32,58.0,228.2363994269369,-170.75,132.0,-41.61935506112433,-5.0206449388756695,-0.1021747629149101,0.012588136121110045,0.9223554368634743,600,0.0,-0.0,0.0,0.0,0.0,0.0,0.0,0.0,1.0,1.0,600,-1.92,-2.0,13.696700308184463,-9.25,6.0,-3.0181630569646005,-0.8218369430353996,-0.14017974817282847,0.000636541880562471,0.0005591272367471985,0.9550512067434368,,
condition,causal,bounded_b4_w5,50,50,0,0,50,4.877444425017004,3.9095211646076464,13.292673154808076,-2.0849085531866294,11.547633002171434,1.0997085182509543,8.655180331783054,0.3669272815342481,0.012458377081304959,0.011914077324997694,50,0.18266600973313302,0.39443276518595205,2.5926472907339897,-1.6269913126510998,1.5984596498756467,-0.5541561967350079,0.9194882162012741,0.07045540301064997,0.620575486764829,0.6465711850099514,50,0.5169429442733818,0.8703055511007651,3.946338602124667,-1.2393064921790895,3.256132649397375,-0.6045940756984706,1.6384799642452341,0.1309930536612001,0.3588502980062962,0.22570901562377965,50,150.44,98.5,272.93650005307916,67.0,159.5,72.87230503680746,228.00769496319253,0.5511904782641504,0.00029522323048885126,7.79672147763753e-09,50,3.6387815600000004,0.1253685,11.974092988858057,0.09052025000000005,0.17906074999999996,0.2357819896236828,7.041781130376318,0.3038878655265081,0.036616735138972234,1.0872449061578732e-09,50,3.24,3.0,7.495740286921605,-1.0,6.75,1.109734183642805,5.370265816357195,0.43224549890730307,0.0036206458714839996,0.00424662399535597,0.37394262710503556,ACBBA,high
condition,causal,count_b2,50,50,0,0,50,1.2412242069007078,1.6392123215143144,10.589083401429683,-5.259169973995643,6.839671968381122,-1.7681599944141306,4.250608408215546,0.11721734165708093,0.4112076684591556,0.38232429376304766,50,-0.2899306407096161,-0.49351991868377,2.172370988073848,-1.726703752376157,0.7805082947809647,-0.9073116436792861,0.3274503622600539,-0.13346276593699388,0.34994073626665756,0.16304636856443988,50,-0.8421411693960974,-0.5494085136276823,3.1585049492828703,-2.666947242867076,1.0085095793748673,-1.73977834287074,0.05549600407854516,-0.26662651568341,0.06532118383371682,0.10799495507295946,50,109.78,67.0,289.29176642699144,26.0,104.0,27.564189768652867,191.99581023134715,0.3794784806905494,0.009912893043143618,1.3213333341804281e-06,50,3.59034006,0.08079700000000004,11.972149092967443,0.045813750000000014,0.12517125000000007,0.18789293872248036,6.992787181277519,0.29989102475419394,0.03904612065659922,1.3394511022385218e-08,50,1.08,1.5,5.735104931161118,-2.0,4.0,-0.5498987852328041,2.709898785232804,0.18831390409823687,0.18915970882065822,0.1760433211769311,0.9762408613437946,ACBBA,high
condition,causal,count_b4,50,50,0,0,50,4.728083389252817,5.669649232675546,12.757403552134853,-3.38819152144249,12.530342226880457,1.1024694202090992,8.353697358296536,0.370614864531867,0.01165460316719478,0.013647399077956262,50,0.3130873482647749,0.36025265818150887,2.1124001593051354,-0.9444211502632984,1.4963097710250344,-0.2872501337697446,0.9134248302992944,0.1482140336363938,0.29976618443965075,0.27323322826893637,50,0.8033014378914984,0.8348200529937344,3.1419217364559726,-1.1649516867460052,2.60427519591852,-0.08962283864991472,1.6962257144329116,0.2556720075394389,0.07676598063333347,0.05412571718647891,50,93.42,108.5,506.25137298881594,46.25,153.75,-50.455048104805044,237.29504810480506,0.18453283286614183,0.19804088208175008,1.1905112435931856e-07,50,1.0819277600000001,0.128058,3.539088468674953,0.08735550000000002,0.18902125,0.07612994720272281,2.0877255727972774,0.3057080289391798,0.035555082961202064,1.3394511022385218e-08,50,2.48,2.0,7.448434981489023,-2.0,6.75,0.3631782026773478,4.596821797322653,0.33295584994208016,0.022607205161972548,0.028965904145362546,0.37394262710503556,ACBBA,high
condition,causal,count_b8,50,50,0,0,50,0.979245493993999,-0.0440474866440681,14.358931725595676,-6.65043328868645,8.581402194498995,-3.101517745337163,5.060008733325161,0.06819765653237517,0.6317895758960208,0.7245797902868737,50,0.5316599042338221,0.5850680103184498,2.6328000156557505,-0.8208683647063171,1.7732417739415798,-0.21657358038167707,1.2798933888493214,0.2019370636099764,0.1596604107727522,0.13839930112754348,50,0.1353649031684143,0.14515639608112707,3.9879046263633824,-1.411673171302553,2.3391291608876283,-0.9979850501720215,1.2687148565088502,0.03394386672979568,0.8113165234327194,0.37189558283448554,50,167.26,114.0,282.92321089883404,82.25,195.0,86.85411322142743,247.66588677857254,0.5911851469118516,0.00011969877228229419,1.8507447155769748e-08,50,3.6767499200000002,0.17264200000000002,11.973862067468714,0.14039925,0.22750925000000002,0.27381597675631486,7.079683863243686,0.30706466295358525,0.034781493479331085,2.10022501127283e-09,50,1.0,0.0,7.917946548886296,-4.0,5.0,-1.2502555082205333,3.2502555082205333,0.12629537138523064,0.3761992063528793,0.4760344337837772,0.9762408613437946,ACBBA,high
condition,causal,bounded_b4_w5,50,50,0,0,50,-0.7854784052520484,-0.2776327967657721,9.867375044473464,-4.864706261448305,4.061187006240658,-3.5897553612043933,2.018798550700297,-0.07960358268656063,0.5760815848967491,0.8130405737621077,50,1.8788677511820133,1.8672699204071166,0.2805833814083955,1.7195776039224122,2.05290479527792,1.799126836586146,1.9586086657778807,6.696290214163748,1.4068706661657707e-42,7.556929455863566e-10,50,1.4801434024041615,1.5099695660588637,1.8299610643310613,0.06911307173059011,2.7388612294155927,0.9600742229248831,2.00021258188344,0.8088387404817409,6.315202497575723e-07,6.109585409500458e-06,50,-138.54,-134.5,222.80166067603716,-222.5,16.0,-201.85953128017186,-75.22046871982812,-0.621808650705898,5.8992316363822225e-05,5.568008041398387e-05,50,2.01531672,-0.038820999999999994,8.033132421152938,-0.092895,0.01373975000000005,-0.26767425087324037,4.298307690873241,0.25087557559654367,0.08228390635230952,0.022430344415033155,50,-6.74,-8.0,15.47059092838633,-16.75,3.75,-11.136693288732111,-2.343306711267889,-0.4356653233997068,0.003383556648271523,0.004198305238883229,0.9762408613437946,ACBBA,low
condition,causal,count_b2,50,50,0,0,50,-2.122539042320616,-0.19120048450537297,10.610956175930475,-6.263533883624746,2.164705614412611,-5.13813941736138,0.8930613327201482,-0.20003277811431452,0.16355435200841756,0.27323322826893637,50,1.96325024880944,1.9140852802974633,0.45193746952244257,1.6664604207979958,2.2239432600861475,1.8348110412591985,2.0916894563596817,4.344074968787132,1.133851236374135e-33,7.556929455863566e-10,50,1.1142680353444998,0.8812115263013487,1.7944984363662284,-0.16553869547041788,2.204793150004116,0.6042772232072015,1.6242588474817983,0.6209356401562757,6.020514341129707e-05,0.00012943824374041837,50,-250.26,-194.0,370.989950356214,-415.0,-19.0,-355.69417717324137,-144.8258228267586,-0.6745735289047788,1.6945646216305e-05,7.15839584182171e-07,50,2.8315839,-0.038877000000000106,10.092659050665544,-0.11848749999999986,0.020871249999999952,-0.03671806202150396,5.699885862021504,0.2805587591719227,0.052889439917554716,0.008525474468102713,50,-10.86,-10.5,17.345245775727946,-18.75,-0.25,-15.78946430078651,-5.930535699213489,-0.6261081647627577,5.335862827075928e-05,7.038989616086815e-05,0.9236010466357697,ACBBA,low
condition,causal,count_b4,50,50,0,0,50,-0.8201943584444723,-1.0970667221723431,10.307809139652356,-7.272158805568409,5.9003729446795745,-3.7496412991353267,2.1092525822463823,-0.07957019259207339,0.5762411280124974,0.6958284390633942,50,3.5214950983784883,3.4605942230469884,0.6197431217561582,3.075869037608578,4.012473784896119,3.345366052191666,3.6976241445653106,5.682185045313084,3.601582446257592e-39,7.556929455863566e-10,50,2.332395267632593,2.410615192284329,2.072598226220489,0.8411004182190136,3.770360339857344,1.743369369808521,2.921421165456665,1.1253484819804462,2.2196232038275526e-10,4.536492378197316e-08,50,-328.38,-341.5,243.8421110104668,-437.5,-168.25,-397.67916109557524,-259.08083890442475,-1.3466910971169554,9.95523787984973e-13,4.251762099911232e-09,50,-0.3423051000000001,-0.1090815,1.6284030929286908,-0.15164299999999994,-0.04394775000000006,-0.8050921378818796,0.1204819378818795,-0.21020907015373125,0.14357917747795504,2.3493381424195538e-07,50,-13.24,-12.0,18.728522392874677,-20.75,-2.0,-18.562587165143924,-7.917412834856075,-0.70694311714827,7.76688598188479e-06,1.4210067140092817e-05,0.9762408613437946,ACBBA,low
condition,causal,count_b8,50,50,0,0,50,0.3008429905805929,-0.08192898171327556,13.19039209262353,-5.862943748159722,7.48505380883725,-3.447824959974033,4.049510941135218,0.022807736757790048,0.8725398986344863,0.7758190390045979,50,3.7946151572651714,3.622995900785766,0.9952720511597964,3.067276793335429,4.288566648282907,3.5117619703343634,4.077468344195979,3.812641129471368,4.775253215825137e-31,7.556929455863566e-10,50,2.763732854002064,2.70569285559401,2.105159966105692,1.4903092551083401,3.8992453770932767,2.1654530121053046,3.362012695898823,1.3128374558227314,2.240471854029827e-12,2.6610826344429773e-09,50,-294.06,-301.0,224.51784257081454,-425.5,-130.75,-357.86726477748556,-230.25273522251445,-1.3097400038807667,2.4138418114282574e-12,9.767256088554014e-09,50,2.82859534,-0.06218000000000007,10.089741898337438,-0.12994274999999986,-0.019386999999999932,-0.03887757650394352,5.696068256503944,0.2803436766272573,0.05306467738173601,0.00041827996764852123,50,-11.78,-13.0,21.272085761698623,-22.0,1.5,-17.82545987536816,-5.73454012463184,-0.5537773837491026,0.00027869972318604835,0.0003613518256660662,0.9762408613437946,ACBBA,low
condition,causal,bounded_b4_w5,50,50,0,0,50,-2.752012334791776,-1.5550379502907745,17.825601710456233,-7.4390055791169445,6.750847691777217,-7.817992281567434,2.3139676119838812,-0.15438538229974513,0.28031715366537224,0.47800433690945443,50,1.4652463391001913,1.4725479106453832,0.4962613741239396,1.1929982536962351,1.8042458679634454,1.3242104172554603,1.6062822609449223,2.9525697858045485,4.880866427894264e-26,8.031090907046915e-10,50,-0.016259825439442963,-0.13711646300324531,2.6865012187975417,-1.5334364109125493,2.1696915516813924,-0.7797550231041267,0.7472353722252408,-0.006052416922677125,0.9660372378109835,0.888681686055255,50,-166.1,50.5,1020.6542369620436,-43.5,125.25,-456.1667243119382,123.96672431193824,-0.1627387551874504,0.25542529555518056,0.10484659704415066,50,1.60543452,0.051075499999999996,6.065738113913187,0.00723275000000001,0.11597674999999998,-0.1184291759700431,3.3292982159700433,0.2646725740297889,0.06724941694263185,0.0014689163506685506,50,-1.7,-2.0,8.31583196225668,-5.75,3.0,-4.063333291399462,0.6633332913994623,-0.2044293352385957,0.15467379618695906,0.1656431971854374,0.9762408613437946,ACBBA,medium
condition,causal,count_b2,50,50,0,0,50,-0.7207194255326849,-1.0693471341535314,17.627925682032842,-6.420886475924966,7.88664239991251,-5.730520466697335,4.289081615631966,-0.04088509553153346,0.7737235264146469,0.8810598365200165,50,0.7683279622799674,0.7862555682660954,0.5786340481581056,0.5796607187036412,0.9883596625389235,0.6038819855267059,0.9327739390332288,1.3278305428546608,1.563070058895624e-12,1.774221563201894e-08,50,0.18084578018503145,0.32817384655104576,3.03840245793465,-1.8310959718901199,2.6588553904465186,-0.6826586429560848,1.0443502033261478,0.05952002168533037,0.6756902153444218,0.5398874509526412,50,39.86,19.0,588.603120159267,-39.0,96.75,-127.41915566448004,207.13915566448003,0.06771965461075792,0.6341751469372847,0.15729195400498663,50,2.05869818,0.03603250000000002,6.9789270475838725,0.002802250000000006,0.09527324999999999,0.07530906094819434,4.042087299051806,0.29498777762875855,0.042218258649351595,0.0009786462689256885,50,0.36,0.0,8.32689274922782,-4.0,4.0,-2.0064767322718384,2.726476732271838,0.043233413812539374,0.7611232226657739,0.7844611726925451,0.9762408613437946,ACBBA,medium
condition,causal,count_b4,50,50,0,0,50,-0.3365219219860748,1.1645979233611712,17.354017028054464,-7.157658502473744,9.080628355850479,-5.268478985099266,4.595435141127117,-0.019391586480643312,0.8914984305592684,0.6958284390633942,50,1.7206631303432396,1.6430681200191253,0.768348355143283,1.3651525894761405,2.133814985866195,1.5023009441730704,1.9390253165134088,2.23943100655479,6.619861400698027e-21,9.06805772149548e-10,50,0.6999948062673158,0.8511575224555017,2.728750161539283,-0.5346572523212956,2.6739280075502814,-0.0755074080568161,1.4754970205914477,0.2565257956310848,0.0758170988054461,0.048370886197753156,50,77.34,53.5,628.043726867121,-14.5,131.0,-101.14805205497049,255.8280520549705,0.12314429185654982,0.3881304894304034,0.002072959887986876,50,0.64523114,0.058581999999999995,2.2719487447545728,0.03598875000000004,0.10587824999999997,-0.00044954825847287605,1.2909118282584728,0.2839989861081576,0.050153570139375575,9.168574321927341e-07,50,-0.2,-1.0,8.77147510457643,-5.5,5.75,-2.692825639504811,2.2928256395048106,-0.02280118196945597,0.8725762071171212,0.9246260464417008,0.9762408613437946,ACBBA,medium
condition,causal,count_b8,50,50,0,0,50,-3.1703165545086245,-2.0322406589418023,17.70412287073217,-9.130470213383134,7.059365953879073,-8.20177259707079,1.8611394880535395,-0.17907221824299918,0.21141688157314797,0.3319694831715281,50,2.258768963567996,2.197963431115828,0.7808441322253286,1.8624787499885265,2.8096054584002736,2.036855516848799,2.480682410287193,2.8927270761844976,1.2029900197930979e-25,8.031090907046915e-10,50,1.228519245233306,1.2775178996218255,3.304340512417541,-1.237659287224532,3.231603113664903,0.28943606335078986,2.1676024271158223,0.3717895418515719,0.011408696672251297,0.020253755177481122,50,82.32,86.0,627.3252074628974,41.25,138.75,-95.96385109994574,260.6038510999457,0.1312238038910125,0.35801168439709274,9.812231386835223e-05,50,2.0928283,0.078483,6.941335272798374,0.04693775,0.11771174999999998,0.12012264512070181,4.065533954879298,0.3015022640098299,0.03805028212767427,1.062298952546515e-06,50,-1.7,-0.5,8.4714406167103,-8.0,4.75,-4.1075567816250045,0.7075567816250048,-0.20067425092335217,0.16223448782015387,0.23335810889773778,0.9762408613437946,ACBBA,medium
condition,causal,bounded_b4_w5,50,46,1,4,46,0.25012357797480744,0.7787338343749326,11.388179707048813,-4.229955831704181,6.064448938140263,-3.131748338037095,3.63199549398671,0.02196343791624497,0.8822481851140593,0.6740275561833153,46,0.6013118788759939,1.303355944903041,3.0626661337793393,-0.8938389475242543,2.8573415335630994,-0.3081876945754337,1.5108114523274216,0.1963360851657615,0.18969256988699373,0.06404724394416272,46,0.6316977660637964,1.1503102033059456,3.5126452706540454,-1.1167620050911928,3.2176609052717353,-0.41142911613530875,1.6748246482629014,0.17983534270916457,0.22893183754747118,0.06097156617798691,46,18.73913043478261,113.5,1070.9909312777709,84.5,137.5,-299.30591679518756,336.7841776647528,0.017497001970339234,0.9060646243146915,6.563852761699462e-08,46,1.033219239130435,0.029358500000000017,3.3316686456926337,0.015165499999999998,0.04940125000000001,0.04383578047713066,2.0226026977837392,0.31012064794205696,0.04105861020318469,2.741712219793652e-07,46,0.17391304347826086,0.0,6.244301750222045,-2.0,3.75,-1.6804156787062934,2.0282417656628153,0.027851479706610366,0.8510221978010861,0.5899595270857219,0.9762408613437946,CBAA,high
condition,causal,count_b2,50,45,2,4,45,0.4903850712536941,0.34340586451327226,10.991998255762676,-1.6149290919630488,4.409158716209049,-2.811976788361073,3.7927469308684607,0.044612913852729585,0.7661412179823573,0.24728296354478918,45,0.5124848481555839,0.0514638697498242,2.4607761329364632,-0.7371977277815773,1.4804135031218948,-0.2268141452917044,1.2517838416028724,0.20826146730545203,0.1694017602749112,0.2613901881367874,45,0.6832516310219301,0.2106281240086716,3.094195404439095,-0.705718378621043,1.7134542803971442,-0.2463475785174254,1.6128508405612856,0.2208172211883262,0.14565645736211968,0.1469329635051231,45,130.22222222222223,71.0,350.1193880072708,56.0,89.0,25.034713421380346,235.40973102306413,0.3719366212862167,0.016420202140880216,7.741304070215536e-09,45,1.0500227555555557,0.014494000000000007,3.358077259509431,0.006356999999999988,0.03219799999999998,0.041144660289320845,2.0589008508217903,0.312685705065925,0.04172251439813087,8.035845038900015e-06,45,0.2222222222222222,0.0,6.171374124606172,-1.0,3.0,-1.6318638189421675,2.0763082633866117,0.03600854813455397,0.810248999076369,0.3371384579057799,0.9762408613437946,CBAA,high
condition,causal,count_b4,50,46,1,4,46,2.215039832699726,2.3888485475350336,10.579520742081781,-2.9049191119715765,9.569313608058316,-0.926690013762594,5.356769679162046,0.20937052695487815,0.16249320215988197,0.1302379399438959,46,0.753564680824257,1.3274532290681993,3.097556755736503,-1.0320197304422267,3.0166341264484213,-0.1662961283614547,1.6734254900099685,0.24327711814438815,0.1059098122908789,0.04382806487882745,46,0.9107859161160498,1.1491718837814684,3.4131242241219693,-1.0882083550912007,3.410613612997116,-0.10278686341020926,1.9243586956423089,0.2668481591379378,0.07700019795550218,0.029286230248434953,46,10.91304347826087,105.5,1095.142442812034,82.25,141.25,-314.30411735441317,336.1302043109349,0.009964953463258241,0.9464149250735344,6.562377421727128e-08,46,0.35109769565217397,0.03222449999999999,1.1655856901323207,0.01770575,0.0479845,0.004961472606448858,0.6972339186978991,0.3012199777541163,0.046938146603844426,6.118679540467934e-07,46,1.2173913043478262,1.0,5.984843981919888,-1.75,5.0,-0.5598879716052931,2.9946705803009452,0.20341237098670317,0.17452413597955546,0.08888017987473372,0.9236010466357697,CBAA,high
condition,causal,count_b8,50,46,0,4,46,4.499486063939785,2.4926346813251428,13.551740820914501,-3.165941539798279,12.665066189178201,0.4751158068603498,8.52385632101922,0.33202273592745335,0.029256416281685148,0.04860618682118665,46,1.2279113002015307,1.4673131648943354,3.6505027773518153,-0.5574907703767602,3.7477144690337907,0.1438457919615983,2.311976808441463,0.33636772113136004,0.02731068783585586,0.0155217756510577,46,1.398947936240114,1.6547800546905904,4.160470091044127,-0.997931909186863,4.245690655168151,0.16344082972679108,2.6344550427534372,0.33624756472868406,0.027362904902485212,0.015061551515946946,46,114.73913043478261,123.0,492.478107117807,87.25,153.5,-31.508814588559304,260.98707545812454,0.23298321037311728,0.12107246504697454,1.659892808296018e-06,46,1.0430548695652175,0.0337745,3.3312338428609145,0.021275,0.054592499999999995,0.05380053141434826,2.0323092077160867,0.3131136746225615,0.039231765043297576,1.410236261200694e-06,46,2.652173913043478,2.0,7.472073611653663,-1.75,8.0,0.43324195449839875,4.871105871588558,0.354944832035256,0.02023178325975895,0.028397017187215275,0.5617231926083548,CBAA,high
condition,causal,bounded_b4_w5,50,46,0,4,46,0.9323926788808703,-0.09207294420744461,8.018793057603148,-2.972291607137464,4.8010094348440475,-1.4488949139935245,3.313680271755265,0.11627593731163909,0.43446822353939896,0.706229049631686,46,1.7396919909691275,1.7324951118866752,0.32467884329266766,1.511605911914782,1.9660283276253212,1.6432742762771937,1.8361097056610614,5.3581932636151395,5.393598440138286e-35,3.5229504763988177e-09,46,1.5340392449545264,1.3811835351731325,1.3657625313891384,0.6407202422841545,2.494562504699306,1.1284578379463999,1.9396206519626529,1.1232108142505792,1.247135445329277e-09,1.4361151203296346e-07,46,163.7826086956522,-130.0,1181.0771150483024,-284.0,159.25,-186.9539996803059,514.5192170716102,0.1386722396098192,0.35197201087955876,0.45422273152513315,46,1.8447511086956523,-0.026342000000000004,7.404832838656321,-0.09571350000000003,0.04786425000000005,-0.354212805117055,4.043715022508359,0.24912798828695779,0.09800915718141832,0.24906354573078748,46,-2.4782608695652173,0.0,15.45709348908891,-13.75,9.5,-7.0684510244997085,2.1119292853692735,-0.1603316219387953,0.2826406288709542,0.4138228236204081,0.9762408613437946,CBAA,low
condition,causal,count_b2,50,45,1,4,45,-0.4698064843365008,0.06340546872309005,7.943536495103555,-4.557861498732677,3.2195981530447852,-2.8563090420616453,1.9166960733886436,-0.05914323986880307,0.6934733973029619,0.680342621481421,45,1.8658130606504049,1.8539550214374967,0.5023295044493753,1.4955486751440155,2.1585477625596017,1.7148965705042096,2.0167295507966,3.714321066399637,1.4070217938253131e-27,5.179254777295379e-09,45,1.7808250337375957,1.7849226757586134,1.257979167496907,1.1040187648584343,2.24720211846822,1.402886252610717,2.1587638148644746,1.4156236285542259,3.2092134242259425e-12,2.8923416120358135e-08,45,-94.42222222222222,-220.0,1454.7698269812133,-446.0,102.0,-531.4834625315073,342.6390180870628,-0.0649052657478863,0.6654021801756457,0.08936129764197401,45,2.040098377777778,-0.05048399999999997,7.989197991982784,-0.10329300000000008,0.040802000000000005,-0.36012241226857533,4.440319167824131,0.2553570933934834,0.09375404149679481,0.0394006265838471,45,-2.2444444444444445,-3.0,15.883318229507271,-16.0,7.0,-7.016321504900671,2.527432616011782,-0.14130828407598248,0.3483451482431117,0.23356872461098688,0.9762408613437946,CBAA,low
condition,causal,count_b4,50,46,0,4,46,0.31371682265223355,0.1968488019662118,7.88316460875353,-4.125915035588832,3.2306524239259033,-2.0272940926515686,2.6547277379560352,0.03979579752830226,0.788464799737639,0.978209741838084,46,3.2139901816652867,3.0030442839017613,0.7248283114029179,2.806970222931022,3.619495027321852,2.9987427432404594,3.429237620090114,4.434139962668611,1.9379209560285502e-31,3.5229504763988177e-09,46,2.5864415558579927,2.5512252692518755,1.3448599612395844,1.513900690135669,3.650634010202447,2.1870674459578923,2.985815665758093,1.92320511458607,6.799471618913383e-17,3.764117523632076e-09,46,-230.06521739130434,-282.5,1139.6668597479395,-531.0,-124.25,-568.5044979205215,108.37406313791288,-0.2018705864994512,0.17774671487579918,0.005803213282277066,46,-0.22463615217391297,-0.07508050000000002,0.6840299745292503,-0.13983374999999998,-0.024853500000000056,-0.4277679800936085,-0.021504324254217416,-0.32840103582961794,0.03097144736976428,1.852110130665976e-06,46,-8.217391304347826,-11.0,17.50544428771075,-20.75,3.0,-13.41586655999179,-3.018916048703863,-0.46941918007283234,0.002638067347357969,0.0024749317845739927,0.9762408613437946,CBAA,low
condition,causal,count_b8,50,45,1,4,45,0.11624293526797373,-0.06992112893613012,7.864561322347896,-3.950285659382075,3.8746282814084907,-2.246532853920972,2.4790187244569197,0.014780600023762091,0.9214685190981085,0.9684866264039615,45,3.421754142422446,3.290476828997722,0.856342285591246,2.820867681747499,4.019102476983578,3.1644804386871597,3.679027846157732,3.9957785572388937,6.870623193005471e-29,5.179254777295379e-09,45,2.882086308979626,2.5943416853296295,1.6923831688040363,1.6890628552768767,3.8833017495155495,2.373638117989202,3.39053449997005,1.7029750485029478,9.415879039792504e-15,5.542058507605286e-09,45,-271.26666666666665,-312.0,1237.3763372555659,-802.0,-141.0,-643.0156723581779,100.48233902484458,-0.21922729447721742,0.14850918473294777,0.013226281600924464,45,2.7078282222222225,-0.07182100000000002,9.097732675441966,-0.13343799999999995,-0.002866999999999842,-0.025433255562279822,5.441089700006724,0.2976376992843084,0.05207700807147262,0.0053961568835529175,45,-7.688888888888889,-11.0,19.307113882314116,-23.0,2.0,-13.489388035690203,-1.8883897420875755,-0.39824123562725433,0.010547031528618465,0.013288146018099807,0.9762408613437946,CBAA,low
condition,causal,bounded_b4_w5,50,42,3,5,42,0.24685319964042934,0.8158149473446485,12.862986766690316,-5.54858995260512,7.856373657623891,-3.7615356409874456,4.255242040268304,0.019190970504585646,0.9016287550329376,0.6125770111482778,42,1.7671226232327726,1.6852493993808726,2.3065889603774856,0.30773878162367807,3.1434393888668746,1.0483389055479326,2.4859063409176123,0.7661194315885278,1.2551250110442047e-05,3.0463726472712634e-05,42,1.0585690459310175,0.9340990777416813,3.0289255674171685,-0.8445189870879952,3.108682033665527,0.11468939622417318,2.0024486956378618,0.3494866487702049,0.028867899554042377,0.02176625388282595,42,111.0952380952381,79.5,208.365744284912,19.75,151.75,46.16390143837354,176.02657475210265,0.5331741955785706,0.0012916415758480416,1.0794540552888108e-06,42,0.7271778809523809,0.023224499999999995,2.553587062383635,0.005285249999999995,0.050734499999999995,-0.0685758634996142,1.522931625404376,0.2847672169335005,0.07219464193323849,3.3989353649613355e-06,42,-0.6904761904761905,0.0,8.353436842688472,-5.75,4.0,-3.2935903527196846,1.9126379717673039,-0.082657737585045,0.5950715956430868,0.7692398527327293,0.9762408613437946,CBAA,medium
condition,causal,count_b2,50,42,3,5,42,-0.17865866395618096,-0.018403269364668517,14.589963509072112,-8.755485995322132,9.44608289338094,-4.725211340693498,4.367894012781136,-0.012245312597601091,0.9371334016040451,0.9551295162314712,42,1.2012152017769042,0.858148888122888,2.4112097251259903,-0.38365065424027556,3.2786927982648324,0.449829358821919,1.9526010447318893,0.4981794778196403,0.0024505344257150447,0.005401419127274172,42,0.9936543791462414,0.7974011555040708,2.910294702064719,-0.7801992100835848,3.1991142899911384,0.08674270938509498,1.900566048907388,0.34142740886044626,0.032544862916081656,0.04891554849697479,42,-52.904761904761905,66.5,587.7908956848021,17.0,104.0,-236.0732988566081,130.2637750470843,-0.0900060928012938,0.5628823225288865,0.0013996787252809402,42,0.772656857142857,0.017478500000000022,2.792190946866055,0.004029999999999999,0.033956500000000014,-0.0974510917592668,1.6427648060449809,0.27672063689271836,0.08029479300233491,0.0013403855568395382,42,-0.38095238095238093,0.0,8.80673905196381,-6.75,6.0,-3.1253254553014616,2.3634206933966997,-0.04325691708413145,0.7806287545647598,0.8014116633944831,0.9778783321085688,CBAA,medium
condition,causal,count_b4,50,42,3,5,42,0.7068509997543627,0.33223133282088213,10.171160610174944,-4.14406413561349,6.702161969895002,-2.462705762259572,3.8764077617682973,0.0694956088931728,0.6548069394774514,0.5694126720967009,42,1.6459106007475006,2.020673244627387,2.1803753294839856,0.25904986671028185,2.9061269516392114,0.9664578190874673,2.325363382407534,0.7548748963037603,1.585765717129445e-05,6.138454734644281e-05,42,0.9324179469429749,1.5128909013597163,2.7871787102007657,-0.8194450039160293,2.50047481084664,0.0638719209348213,1.8009639729511284,0.33453827109486317,0.036011696042932986,0.020371753151905165,42,115.19047619047619,92.0,203.50816344808288,55.25,123.75,51.77286827888374,178.60808410206863,0.566023859872641,0.0006963209982665212,9.664760254182563e-08,42,0.2655765476190476,0.02660500000000001,0.7873845828108736,0.015098250000000007,0.041481499999999984,0.020210239446002226,0.510942855792093,0.3372894941261987,0.03458981840301162,3.051304037108928e-07,42,0.16666666666666666,0.0,6.881990164035849,-3.75,4.0,-1.9779124326656399,2.311245765998973,0.024217800766068994,0.8760551625725252,0.7714628334691759,0.9762408613437946,CBAA,medium
condition,causal,count_b8,50,42,4,5,42,-1.3850881635907628,-0.953600178849797,10.334535806671362,-7.987048057712933,5.842793239992972,-4.605556220652241,1.8353798934707157,-0.13402519372922703,0.39013161464877333,0.4056948211445802,42,2.2337304569084777,2.1247318008544,2.3704992763401784,0.6182027761587068,3.903217744423425,1.4950308828247763,2.972430030992179,0.9423037919493237,3.049018239963607e-07,3.610888892584235e-06,42,1.083827100928138,1.1379158667849563,2.83925997980779,-0.49350785623929294,3.5942569013894934,0.19905140884902683,1.968602793007249,0.3817287281320078,0.017596224570186645,0.015017258141279547,42,-19.88095238095238,86.5,684.5442565243932,30.0,131.75,-233.19995896454546,193.4380542026407,-0.02904261074644476,0.8516345570580718,0.00018954167601583114,42,0.9920403333333332,0.030454500000000002,3.0514001485886064,0.010123750000000018,0.03919200000000001,0.04115711112817422,1.942923555538492,0.32510987908032685,0.04128379377720174,5.491393371973661e-06,42,-1.380952380952381,-1.0,6.966653607398748,-5.0,3.0,-3.551914466424717,0.7900097045199552,-0.19822320137831703,0.2061314279638465,0.22648994189809613,0.9762408613437946,CBAA,medium
condition,causal,bounded_b4_w5,50,50,0,0,50,-11.734941908867865,-1.0976105773939366,40.68941726572872,-17.117816067465835,8.574759453716538,-23.29874633254996,-0.17113748518577232,-0.2884028009600373,0.04683051435706471,0.25265950227055756,50,-3.012286873636014,0.7794456636115124,14.573530152836526,-0.07187477004397236,1.8620211236056057,-7.154038311103234,1.1294645638312049,-0.20669575882063937,0.1502457072199141,0.002322092669991043,50,-11.103433613042828,0.13019307317952844,39.61816716355137,-1.9073476425536766,2.0923703440255297,-22.3627921266366,0.15592490055094466,-0.280261163198331,0.05313203738543058,0.9807463639015632,50,103.02,106.0,103.38643379997953,59.0,151.75,73.63790065172839,132.4020993482716,0.9964556877869637,5.630047727035693e-09,3.6295591156056466e-07,50,55.264846940000005,0.963427,186.89431107792493,0.7013742500000002,1.2456260000000001,2.1500714913912375,108.37962238860877,0.2957010655982863,0.04174325820253795,7.556929455863566e-10,50,1.42,1.0,9.881109579931408,-5.5,6.75,-1.3881802677360602,4.22818026773606,0.1437085570717714,0.314538468255583,0.5082482814998448,0.6258504575892929,HIPC,high
condition,causal,count_b2,50,50,0,0,50,-11.75152155012705,0.5072456616442764,40.804933703802156,-17.50979558753551,9.382301564392105,-23.348155382224554,-0.1548877180295456,-0.28799266371635,0.047131723153766444,0.2566854001233341,50,-3.756802544689752,0.1357033692760221,13.94918779718546,-1.048915664272119,0.9725231122803799,-7.721117848161244,0.20751275878174003,-0.26932052240688636,0.0627398419821521,0.8734489877977527,50,-11.229336108044972,-0.11595703519421185,38.97522828295882,-1.9157259697448232,1.3910385804837686,-22.305973413738442,-0.15269880235150346,-0.28811469753353025,0.047041925274374695,0.4146705674113692,50,78.92,69.5,98.5794696513158,26.5,141.0,50.904024745464625,106.93597525453538,0.8005723735291632,7.759172864008321e-07,3.4273965621421936e-06,50,55.00428996000001,0.6999875,186.9045568861034,0.492573,0.8601205000000003,1.8866026849287394,108.12197723507128,0.29429079138781367,0.04268694943836675,7.556929455863566e-10,50,1.6,1.5,11.333533411599259,-6.0,8.75,-1.6209545530008502,4.820954553000851,0.1411739783078141,0.3230620968954727,0.42095679577405687,0.6258504575892929,HIPC,high
condition,causal,count_b4,50,50,0,0,50,-8.054271337614333,-4.169707362057856,28.615237739354797,-16.132678017241,8.934392611600494,-16.186631911718013,0.07808923648934751,-0.28146791618429295,0.05215420479910774,0.17809866183078726,50,-1.5386882246142484,0.8574744922251618,9.885895528002806,-0.0074029511396909164,1.8547476886056042,-4.3482286437409785,1.270852194512482,-0.15564479922489138,0.2764591073585883,0.001122077003145897,50,-7.138755769351126,0.16294166203785565,26.383638497027118,-1.237457675750199,2.065851644659106,-14.636902856891808,0.35939131818955783,-0.27057510548272234,0.06156770953466112,0.8431293969609626,50,112.58,114.0,94.79065871483242,60.25,163.75,85.64079289826644,139.51920710173354,1.1876697717512958,4.7341862446457375e-11,2.4753594455470104e-08,50,32.65802326000001,0.9219175,109.78247525827203,0.6997035,1.2186507500000001,1.4581890440493588,63.85785747595065,0.2974793853314876,0.040579274978717196,7.556929455863566e-10,50,0.16,0.0,8.60792231206882,-6.0,6.0,-2.2863444502276664,2.6063444502276667,0.018587528348817745,0.8959704318969975,0.9520277975218656,0.6258504575892929,HIPC,high
condition,causal,count_b8,50,50,0,0,50,-11.25993243439003,-3.292170134394972,41.938176696032556,-19.242962062234884,11.622210622388842,-23.17863036096888,0.6587654921888202,-0.2684888405140237,0.06352730555066662,0.16597741534373123,50,-2.0994692171397085,1.6388105783340743,14.177074561359454,0.529413224827546,2.496177224844364,-6.128549222313463,1.9296107880340467,-0.14808902979617172,0.3001695005912089,8.034644982217635e-05,50,-10.839315972523563,0.14554228197755847,39.544715275725125,-1.6251703038539533,1.6896298372332668,-22.07779969059431,0.3991677455471869,-0.27410276940791056,0.05837156740608573,0.9884471006904338,50,118.66,109.0,113.97020914005805,51.25,197.0,86.27002498475635,151.04997501524366,1.0411492695795501,1.8271091629855904e-09,1.1284372309471396e-07,50,55.391910800000005,1.1016425,186.88030162225994,0.7811632500000001,1.41038475,2.281116794633192,108.50270480536682,0.2964031538859743,0.04128027650618353,7.556929455863566e-10,50,1.32,0.0,13.927567729404258,-5.75,8.75,-2.638170948200541,5.2781709482005414,0.09477606037507758,0.5058970191765162,0.6842389483719877,0.6776245925404439,HIPC,high
condition,causal,bounded_b4_w5,50,50,0,0,50,-1.8322840824148567,0.08689802678537717,10.22268182339185,-7.521022121429496,2.3955973194667024,-4.737538107539468,1.0729699427097548,-0.17923712329793623,0.21100331222254184,0.49006249702346216,50,1.8393395583185004,1.814466678482209,0.2497306883989816,1.7029812163057552,2.0230936052699584,1.7683668820479646,1.9103122345890362,7.365292468100213,1.4473916376495173e-44,7.556929455863566e-10,50,1.6010147864036595,1.5911695349006676,1.2085806879479417,0.9630316178711333,2.0436451738175427,1.2575399557272202,1.9444896170800987,1.3247065772017543,1.6846655857946573e-12,4.7783296819626144e-09,50,-86.7,-114.0,274.56408864873464,-205.25,-33.75,-164.73025052351088,-8.66974947648913,-0.3157732696460542,0.030159431843975404,7.06848325735037e-05,50,3.59808074,-0.0192294999999999,15.506951894782977,-0.06913824999999993,0.0249660000000001,-0.8089462210312486,8.005107701031248,0.23203017359011133,0.10726399819368816,0.10799495507295946,50,-1.18,0.0,20.247136355846592,-12.75,10.0,-6.93417247756547,4.574172477565471,-0.058279846555153045,0.6820629241653604,0.5496065292507688,0.9762408613437946,HIPC,low
condition,causal,count_b2,50,50,0,0,50,-0.3908687641340623,-2.4500000051830284e-05,8.053691170975119,-1.759950145219932,2.0045727226531938,-2.679702467052014,1.8979649387838895,-0.048532872174528265,0.7329316788232774,0.8963138410681736,50,1.8823315162077383,1.92358867661056,0.41905484773640905,1.6138200739687718,2.0367346924892527,1.763237446357266,2.0014255860582106,4.491849996188922,2.377217846806314e-34,7.556929455863566e-10,50,1.4386070688813815,1.6692032044004197,1.1031710587427372,0.9355134265905876,1.9902619822290641,1.1250893233246768,1.752124814438086,1.3040652739031553,2.7673865327461785e-12,1.5859651576522737e-08,50,-122.28,-155.5,243.54214654317462,-217.25,-52.0,-191.49391213732235,-53.066087862677634,-0.5020896864696167,0.0008608182407463932,3.725369321561228e-07,50,5.01711094,-0.019930000000000114,17.35172793889392,-0.07043300000000002,0.026526500000000036,0.08580442882733053,9.94841745117267,0.28914186285471544,0.046291953505233636,0.07029737648244569,50,-1.86,-0.5,16.972979727093488,-9.0,4.75,-6.683667460495765,2.9636674604957642,-0.10958594365318981,0.4421283085914115,0.4392489041933456,0.9762408613437946,HIPC,low
condition,causal,count_b4,50,50,0,0,50,0.7488683548047516,0.15202240095328534,10.766975122128235,-3.5783291667401897,2.854814224022732,-2.3110721140849226,3.808808823694426,0.06955234374654409,0.6250502246829208,0.7537249310173678,50,3.313480729199565,3.311067566126409,0.6403426027310932,2.8829271918352393,3.7091800629583256,3.131497375302513,3.495464083096617,5.174543619411552,3.0545967453436226e-37,7.556929455863566e-10,50,3.0384463764561924,2.804557962203977,1.5729895499479776,2.142604891534945,3.9385509209050635,2.59140769322062,3.485485059691765,1.9316379924816924,2.490673099336908e-18,8.031090907046915e-10,50,-226.32,-213.0,343.8478804616355,-307.5,-122.25,-324.04048626769054,-128.59951373230945,-0.6581980371557109,2.5043329156984903e-05,2.6922909852167793e-08,50,-0.17820112000000005,-0.06056000000000006,1.2523157648446792,-0.10283775000000014,0.0008812499999999446,-0.5341053219890273,0.17770308198902723,-0.1422972743795985,0.3192655437558216,0.00019816925019304656,50,-0.12,0.0,17.0265578867071,-10.5,8.0,-4.958894204961199,4.718894204961199,-0.007047813233800232,0.9604560167684321,0.8783840566090992,0.9762408613437946,HIPC,low
condition,causal,count_b8,50,50,0,0,50,0.8505080248442232,0.3495133701274824,9.726461995919912,-1.6560887152651276,3.196109892452796,-1.913721885863497,3.6147379355519433,0.08744269244058087,0.5392325282723529,0.21840028269003364,50,3.6065475183856193,3.5835716979754393,0.772891747763443,3.0201970246721617,4.0720262872326405,3.386894114321214,3.8262009224500244,4.6663035655666825,3.9879116848087064e-35,7.556929455863566e-10,50,3.3211566829953494,3.2948032116540364,1.6961554118352868,2.195131523461186,4.532499869901784,2.8391146491529673,3.8031987168377315,1.9580497517039235,1.4643112184501482e-18,8.031090907046915e-10,50,-223.46,-245.5,258.59812095849674,-339.5,-122.25,-296.9527727169598,-149.9672272830402,-0.864120741371759,1.5823351976732856e-07,2.478131185339131e-08,50,4.9908902799999995,-0.06014849999999994,17.33640183906584,-0.10859099999999991,0.014780499999999919,0.06393939819976158,9.917841161800236,0.2878850136453073,0.0472110601699739,0.013647399077956262,50,0.3,0.5,19.590970431527367,-10.75,10.0,-5.26769218543548,5.867692185435479,0.015313177111288772,0.9142153649978592,0.8821890133329138,0.9762408613437946,HIPC,low
condition,causal,bounded_b4_w5,50,50,0,0,50,2.0977849987646,2.417964630803027,15.827654599860718,-6.492132139910467,9.932634762740392,-2.40038466247898,6.5959546600081795,0.1325392202318504,0.3532553824790786,0.24084659445680967,50,1.4715170615111937,1.4565711247954862,0.2934091840596816,1.291872097832953,1.6517507163560494,1.3881310941374105,1.5549030288849768,5.015238586437282,1.338604704918652e-36,7.556929455863566e-10,50,1.146269895552054,1.3168013899970745,2.98215780123608,-0.7025945752771285,3.2927027131244007,0.29875002696210873,1.9937897641419995,0.38437600286508466,0.00905633383405067,0.004893977232724029,50,37.7,47.0,109.01998506171766,-19.0,114.5,6.716863099971736,68.68313690002827,0.3458081559877075,0.01811651811126578,0.008284147160486031,50,6.51443672,0.09711550000000002,24.004121113196113,0.038434750000000004,0.17538849999999997,-0.3074590103468928,13.336332450346893,0.27138826242710173,0.06081801546971711,2.2309759044101424e-07,50,1.56,1.0,10.887476422805372,-5.0,9.25,-1.534186559580272,4.654186559580272,0.14328389237494535,0.31595586319993757,0.38858889157180787,0.9762408613437946,HIPC,medium
condition,causal,count_b2,50,50,0,0,50,-2.7800444292627327,-2.1202690976501515,13.074990192328626,-9.568089961070442,7.280215470909418,-6.495915522678401,0.9358266641529358,-0.21262306039004478,0.1391357370848832,0.25265950227055756,50,0.7320352844687739,0.7431096336917375,0.2472589599011713,0.5676685837893158,0.82420398525925,0.661765065664032,0.8023055032735157,2.9606016492238187,4.3291282816272494e-26,7.556929455863566e-10,50,-0.16832593455141961,0.6507823325070543,2.887401456957913,-1.370474519964131,1.531770500905946,-0.9889163480946168,0.6522644789917775,-0.05829668546637197,0.6819762384397428,0.6396530018516378,50,46.88,42.5,90.7761633730722,-19.75,102.75,21.08169984929813,72.67830015070187,0.5164351329470978,0.0006326658554827601,0.0009616335294968104,50,7.655494040000001,0.08398400000000006,26.542861367892172,0.030168749999999925,0.14362225000000003,0.11209631329591385,15.198891766704087,0.2884200740037976,0.046817865583435064,7.37844890371565e-08,50,-1.96,-2.0,8.836288813749809,-6.75,3.75,-4.471245491820701,0.5512454918207013,-0.2218125778041704,0.12321161260042174,0.1449246166928669,0.9236010466357697,HIPC,medium
condition,causal,count_b4,50,50,0,0,50,2.128412440081163,0.0471820414143167,12.235789939850044,-3.812658557006529,7.34954867858896,-1.3489605807621912,5.605785460924517,0.1739497368412037,0.22456611470843246,0.44282253656653425,50,1.6792454433183315,1.5565821389914507,0.3990027237200378,1.4182309857217925,1.9556037215678295,1.5658501240518357,1.7926407625848273,4.208606466798413,4.955791478075617e-33,7.556929455863566e-10,50,1.1175105865211217,1.045650782238745,2.824695684360651,-0.6214430531102817,3.2163679844295254,0.31474095634808497,1.9202802166941584,0.3956215859670781,0.007341044946139697,0.006390311764810927,50,44.44,45.5,87.4960430592173,-14.25,113.75,19.573899726918693,69.3061002730813,0.5079086830237913,0.0007601101284234953,0.0015437516424818185,50,3.1440618600000003,0.09089950000000002,11.087740982753466,0.04960050000000005,0.17790850000000002,-0.0070392577099864795,6.295162977709987,0.2835619866021818,0.050494178123029546,5.339357587716575e-08,50,0.52,-1.5,9.86281410353132,-6.0,6.0,-2.2829807508801894,3.3229807508801894,0.052723289168941874,0.7108977369878091,0.9922845154997463,0.9762408613437946,HIPC,medium
condition,causal,count_b8,50,50,0,0,50,1.7839007607427126,-2.0684245531257943,19.08713964315623,-9.264747018733722,11.356537068707311,-3.640604299123864,7.208405820609289,0.09346087439467847,0.511792187676759,0.7832252432554863,50,2.1070633100236797,2.0784952517076114,0.5460127709902758,1.745087219933888,2.3841711952777995,1.951888197651591,2.2622384223957686,3.8590000490321965,2.738734710209991e-31,7.556929455863566e-10,50,1.7223063626112847,1.3187317141915322,3.910812580860119,-0.5962533883575034,3.771699825748091,0.610865726157827,2.8337469990647426,0.44039603714082654,0.003079521511436274,0.003089097115717505,50,48.68,52.5,111.93610422277268,-12.5,123.25,16.868111205237806,80.49188879476219,0.4348909615714173,0.0034359298166692603,0.0015689712564671044,50,7.67672828,0.11405950000000001,26.536056722348075,0.04989324999999993,0.17129899999999998,0.13526441215976703,15.218192147840233,0.2892942369065269,0.046181587940363235,2.9259876905925688e-08,50,2.28,0.0,12.493328832065634,-4.75,9.0,-1.270564764082725,5.830564764082725,0.18249739766299156,0.20295022011074998,0.3273595346905528,0.9762408613437946,HIPC,medium
condition,causal,bounded_b4_w5,50,50,0,0,50,1.4805166825165847,2.197546275444175,22.29406065558288,-13.977703302594112,16.027061822950806,-4.855385243707502,7.816418608740671,0.06640856977061439,0.6407384796817381,0.47800433690945443,50,-0.07724601618147556,0.28026971281809,3.984767883311985,-1.9702252598016001,2.037135791617742,-1.2097045170113774,1.055212484648426,-0.01938532392438168,0.8915332480251957,0.5527284110902966,50,-1.2308947941302668,0.10656716506519359,8.618646286268753,-3.2454533103970142,3.296478496860969,-3.6802869640999676,1.2184973758394337,-0.14281764829951674,0.3175170080129548,0.8582630586832802,50,116.58,101.5,199.04169289423783,68.0,169.5,60.0129768412244,173.1470231587756,0.5857064331840545,0.00013565798541226,9.85858776320703e-07,50,9.94402798,0.34098200000000006,32.98367736269886,0.25572074999999994,0.46187274999999994,0.5701706031499718,19.317885356850027,0.3014833025030032,0.03806187076876839,1.0089294427154324e-08,50,2.22,1.0,10.418370744967364,-6.0,8.75,-0.7408682012186607,5.1808682012186615,0.21308514107854917,0.1382977588857434,0.20681614863303577,0.9762408613437946,PI,high
condition,causal,count_b2,50,50,0,0,50,-1.9146325277236236,0.2864019076194282,18.851715605934217,-11.15605457549529,7.923427827337932,-7.27223081659149,3.4429657611442432,-0.1015627737944937,0.47607071988943395,0.8734489877977527,50,-0.08442280016627192,0.5566467827966615,3.4390485772941783,-1.336260934298818,2.042208112374862,-1.061789590446349,0.8929439901138052,-0.02454830115621549,0.8629085479376895,0.4146705674113692,50,-0.685604784720929,0.2859229484899082,8.05767142673812,-2.4526748502733415,4.506024486437886,-2.975569663809308,1.6043600943674503,-0.08508721048687304,0.5501759228559253,0.6535200579282296,50,119.7,92.0,143.0409175083572,26.25,173.75,79.04822109030607,160.35177890969393,0.8368234913832016,3.138280282810655e-07,6.272567381807848e-08,50,9.8258299,0.22907449999999996,32.96251719039832,0.13122624999999982,0.3552025,0.45798617757163385,19.193673622428367,0.2980910057094236,0.04018555025978286,1.6551652076305663e-09,50,0.36,1.0,9.319192397347289,-4.0,6.5,-2.288485171606429,3.008485171606429,0.038629956830001075,0.7858820390733164,0.54947578751238,0.9762408613437946,PI,high
condition,causal,count_b4,50,50,0,0,50,3.3798720013804666,5.3840410618727645,17.770272870251578,-7.6220271372433075,15.060239164409676,-1.6703836630114588,8.430127665772392,0.1901980924017526,0.1848485656711126,0.20429624539024516,50,0.7872156510604846,0.8077542372550095,2.634350248666595,-0.8633651396953126,2.3605133487122902,0.03854159509859656,1.5358897070223727,0.29882725406727617,0.03971603049653647,0.02186795096885905,50,0.5662089043492144,1.1561839127539955,5.455520844616734,-3.007133820935053,3.740084669475161,-0.984232962745414,2.116650771443843,0.10378640655509992,0.4665186120876228,0.3319694831715281,50,139.32,113.0,155.87271625743034,75.75,174.75,95.02146424025628,183.6185357597437,0.8938061987057899,7.497958761658755e-08,7.577606235535052e-08,50,4.69391502,0.358027,15.172564688763892,0.2568242499999999,0.48226025000000017,0.38191985131253325,9.005910188687468,0.3093685949796015,0.0335016384313469,7.556929455863566e-10,50,2.28,3.5,9.489069974428045,-4.0,8.0,-0.41676384476858797,4.976763844768588,0.2402764450198321,0.09565861311865952,0.09652626602805073,0.9762408613437946,PI,high
condition,causal,count_b8,50,50,0,0,50,0.7400692268101104,0.3708708717606086,19.014378487495325,-8.34298473490977,7.888297412620883,-4.663757341442568,6.143895795062789,0.03892155756217916,0.7843067767432768,0.9576577827172162,50,1.0207425060996593,1.245401434739354,3.400892101780461,-0.4655079975200487,2.7224695375598413,0.05421966616313456,1.987265346036184,0.30013963264676125,0.038890993211078285,0.007604765791502592,50,-0.6378780228310017,-0.12259610494308859,6.824471493825627,-2.1725029487054357,3.8571613126608923,-2.577371359248529,1.3016153135865256,-0.09346921932461957,0.5117546663257626,0.7610682552125038,50,160.92,146.0,156.43383422327767,84.5,216.75,116.46199627900981,205.37800372099016,1.0286777205135764,2.500380390170299e-09,1.6765699794642046e-08,50,10.0603612,0.4790905000000001,32.96444508087675,0.3646704999999999,0.5557850000000001,0.6919695771606431,19.428752822839357,0.3051882467706453,0.03585546211051554,7.556929455863566e-10,50,1.84,1.0,9.863062404750362,-4.0,5.0,-0.9630513173057642,4.643051317305765,0.18655463430037691,0.19325360891217364,0.3116045379851837,0.9762408613437946,PI,high
condition,causal,bounded_b4_w5,50,50,0,0,50,0.7253671104319221,0.5657713499815031,13.174800678356522,-4.298818997099332,7.002968348974349,-3.01886980922111,4.469604030084954,0.05505716011503313,0.6987315460735082,0.49006249702346216,50,1.9032477142403712,1.8888955795483613,0.2870679964206882,1.7134539082217988,2.0649011758687763,1.8216638924513309,1.9848315360294115,6.629954359145029,2.2679360542327573e-42,7.556929455863566e-10,50,1.0662669250883223,1.2310665158718397,3.1444789341912656,-0.3981489663962914,2.6401859893023785,0.17261590099261281,1.9599179491840317,0.3390917692258471,0.02035168169900277,0.00551478206326184,50,-164.04,-164.5,385.1890052895051,-286.0,-10.25,-273.5095039309925,-54.57049606900749,-0.4258688533352835,0.004104837548299518,0.00015726819728133419,50,2.46796462,-0.08054449999999991,9.758562252161392,-0.14733999999999986,0.0910892499999999,-0.3053880825801705,5.241317322580171,0.25290248258173265,0.07991290552955094,0.1941616029918274,50,0.16,0.0,21.91948159673006,-12.0,13.5,-6.069447735703417,6.389447735703417,0.007299442703237505,0.9590454269165896,0.9959074142115218,0.9762408613437946,PI,low
condition,causal,count_b2,50,50,0,0,50,2.6342938154777915,2.0390786417146103,16.27448296123287,-5.033802056747106,8.292170119361842,-1.9908630608472375,7.2594506918028205,0.16186651347098963,0.2579479449463776,0.31308609275657895,50,2.064433795656585,2.0170790271970915,0.4101359922832977,1.8091511906453583,2.3546431593005455,1.9478744364771776,2.180993154835992,5.033534814058933,1.1271950790204298e-36,7.556929455863566e-10,50,1.1993726205094202,1.3276781974903056,2.9196494170468315,-1.03234008350285,3.0184047949496318,0.3696174381248407,2.0291278028939996,0.4107933690622904,0.005500556013517435,0.00902219759220187,50,-196.24,-181.0,326.6365739297598,-379.25,-28.75,-289.06908707878426,-103.41091292121574,-0.6007900390303494,9.601298747693861e-05,4.744926941725154e-06,50,3.4148466600000003,-0.08665999999999996,12.199354575083364,-0.21221450000000003,0.047036750000000016,-0.05217154476142616,6.881864864761427,0.2799202727474347,0.05341110500491178,0.03492375090847876,50,-3.1,-4.5,21.301767676004,-20.75,14.75,-9.15389538206776,2.953895382067761,-0.14552782882390017,0.308515154510891,0.2882034604974425,0.9762408613437946,PI,low
condition,causal,count_b4,50,50,0,0,50,-0.2221621849914527,1.1051549788171542,13.292623917428578,-6.94869502691968,6.245722573909035,-3.9998840986490944,3.555559728666189,-0.0167131926978063,0.9064080805628768,0.9192651438406544,50,3.766877850472881,3.5944902306439133,0.8072676125490827,3.296407275146715,4.306049585169728,3.5374549337442853,3.9963007672014768,4.66620708166197,3.9917833838904187e-35,7.556929455863566e-10,50,2.4150097981671093,2.0454331524104017,3.0470138488396428,0.806848395042282,4.209076690968256,1.5490580448125646,3.2809615515216537,0.7925824817260966,9.464888765983246e-07,4.6390835888625035e-06,50,-259.06,-276.5,266.78336468653623,-458.75,-108.25,-334.8789932428788,-183.24100675712123,-0.9710500514317638,1.0685641675703444e-08,1.1598566476569455e-07,50,-0.7322304799999999,-0.15314799999999995,2.27934393378016,-0.32079174999999993,-0.02675800000000017,-1.3800128577225803,-0.08444810227741961,-0.3212461573474074,0.027541070446592538,4.229225670258276e-06,50,-3.9,-1.0,20.544873733724767,-15.0,7.5,-9.738788504010827,1.938788504010828,-0.18982837522131285,0.18568854004418384,0.21744589817124915,0.9762408613437946,PI,low
condition,causal,count_b8,50,50,0,0,50,-0.3326385386614686,-0.018804650698371006,11.641458750829273,-6.006394001447745,6.726025141782344,-3.6411045046839794,2.9758274273610423,-0.02857361313398746,0.8407173178195315,0.9961489139450291,50,4.033801704635779,3.968424647369908,0.9141915432548807,3.2747635351338893,4.751748177482262,3.7739913430632726,4.293612066208285,4.4124250923103725,5.472402929829353e-34,7.556929455863566e-10,50,2.3985803474130387,2.6277680315535576,3.067554217898385,0.5739614612503185,4.231694278782416,1.5267910857689466,3.2703696090571306,0.7819194632055542,1.2332849814706976e-06,5.086836313927119e-06,50,-251.86,-275.0,277.55646676829195,-433.5,-127.25,-330.74067497442604,-172.97932502557396,-0.9074189585006365,5.3207405960857315e-08,1.3946204627799975e-07,50,3.3867564800000003,-0.142401,12.188568400455722,-0.25670475000000015,0.010419750000000061,-0.07719632785344999,6.850709287853451,0.27786335267014395,0.05512190236797293,0.007178714156112414,50,-5.26,-11.0,23.587276058009213,-23.5,12.5,-11.963429676589465,1.4434296765894654,-0.22300158725678426,0.12126284618154153,0.10486547252565089,0.9762408613437946,PI,low
condition,causal,bounded_b4_w5,50,50,0,0,50,-2.6485601680634234,-1.998184258447651,12.917097871941452,-12.347990580137868,6.343444429121135,-6.319558760577083,1.0224384244502365,-0.20504297438332736,0.153464910336919,0.1601545245098438,50,1.5095611084075649,1.5061089152183378,0.2994192926642015,1.330476123418555,1.697561442819738,1.4244670870694334,1.5946551297456963,5.041629398612389,1.044843742782895e-36,7.556929455863566e-10,50,0.2635478464441251,0.4404015253374922,4.01203215217161,-2.8209756364538183,2.938833467350287,-0.8766590738528927,1.4037547667411427,0.06568936550059137,0.6443512227121786,0.6327660147059379,50,80.14,92.0,609.4561647359832,9.75,150.5,-93.0655253529094,253.34552535290942,0.13149428069977223,0.3570303124663943,0.0005995058442753914,50,3.5369403,0.1895805000000001,12.231250840202442,0.11611199999999999,0.30423625,0.06085727700158161,7.013023322998418,0.28917241140820715,0.0462698086526749,1.0115116071269478e-06,50,-0.56,-0.5,9.114151364885313,-6.75,5.75,-3.1502131550096912,2.030213155009691,-0.061442911970668895,0.6658566776337058,0.7499705209895816,0.9236010466357697,PI,medium
condition,causal,count_b2,50,50,0,0,50,-2.731622376812826,-4.695196869023562,12.554655347724161,-12.091109283415811,6.574943249969614,-6.299615943781317,0.8363711901556647,-0.21757844410344562,0.13035674823557553,0.1601545245098438,50,0.7300019058666543,0.7799110888375391,0.24350997659133602,0.5773924666793075,0.8960764366053084,0.6607971363284738,0.7992066754048347,2.9978316128367917,2.491110466035397e-26,7.556929455863566e-10,50,-0.8345211070392995,-1.3364845909284728,3.9570344298120794,-4.065275004878038,2.0673201217425214,-1.9590978476028453,0.29005563352424635,-0.21089558906843556,0.14230422840188803,0.11899531368679399,50,137.04,72.0,445.05991158265334,-0.75,121.75,10.555372787168437,263.52462721283155,0.3079136009187606,0.034304976788350025,0.000145419311646092,50,4.35298946,0.1471515,14.228175066894899,0.08926875000000009,0.25802224999999995,0.3093868518579086,8.396592068142091,0.30594151671131914,0.035420873475816676,7.556929455863566e-10,50,-1.42,-2.5,7.82223413985899,-6.0,4.0,-3.6430543425787865,0.8030543425787866,-0.18153381433115706,0.20530594848789444,0.22069138402760569,0.9236010466357697,PI,medium
condition,causal,count_b4,50,50,0,0,50,0.6200062996409653,0.6623790972424928,14.106693027513082,-9.606649480601014,9.4248209031716,-3.389071494954962,4.629084094236893,0.04395121510276944,0.7572845558078196,0.9576577827172162,50,1.809861706051394,1.7605545053985279,0.3793733316553266,1.518850192078046,2.044440570898434,1.702044998277653,1.9176784138251348,4.770661390863694,1.4110108946584639e-35,7.556929455863566e-10,50,0.8282139321768294,1.161737271658117,3.539417666103552,-1.7878952242244601,2.926502741942156,-0.17767743749437015,1.834105301848029,0.2339972307050689,0.10439606209530489,0.09587474145721818,50,152.92,63.0,517.5142249844197,5.25,171.5,5.844084778335628,299.99591522166435,0.295489462158463,0.04188368262154781,7.260310781505357e-05,50,1.6246916399999998,0.1870009999999998,4.877452327031731,0.13016574999999997,0.33743175000000003,0.23853502764828072,3.010848252351719,0.3331025156300682,0.022550778753065378,1.2658797980080207e-08,50,0.08,1.5,9.115673875478523,-6.75,6.0,-2.5106458477321714,2.6706458477321715,0.00877609281472901,0.9507704024525241,0.8978569907647168,0.9762408613437946,PI,medium
condition,causal,count_b8,50,50,0,0,50,-1.5728460356134955,-0.9034302581894451,15.49368886031811,-12.414649015734653,8.388239004860026,-5.976103683960449,2.8304116127334584,-0.10151527178539213,0.4762759742006777,0.5022824092698657,50,2.2685357424032633,2.1299214330334113,0.5572433199463271,1.9503153116395922,2.5340371217084647,2.110168943336567,2.4269025414699597,4.0709967463078165,2.3175080098694451e-32,7.556929455863566e-10,50,0.7621590072532056,0.25903182706711547,3.4080905341329406,-1.4992018896399912,2.860443843334121,-0.20640960451970503,1.7307276190261163,0.22363226552228552,0.12023930624642273,0.15448740694256521,50,162.48,75.0,394.47729507099723,15.75,180.0,50.37079332364215,274.58920667635783,0.41188682347549854,0.005386064983997706,4.3475702249540257e-05,50,4.4064666400000005,0.229317,14.218589371852714,0.14288825000000005,0.32343425000000003,0.36558825624305946,8.447345023756942,0.30990884712678274,0.03320760153108828,9.634403725281625e-10,50,-0.18,1.5,9.8678823483469,-6.0,6.0,-2.984421130117768,2.6244211301177676,-0.01824099575226028,0.8978988329488793,0.9713222707794719,0.9762408613437946,PI,medium
condition,zero_compute,bounded_b4_w5,50,50,0,0,50,0.281948564704949,0.048848672846069974,14.174004322168377,-7.865832117646992,7.760722504645674,-3.746258888146229,4.310156017556127,0.01989194854865232,0.8887173076782182,0.9346046719840639,50,0.6673268811229801,0.7879970655381578,1.9347370280770473,-0.5204159610710155,1.9036375550278595,0.11748070225467666,1.2171730599912836,0.34491864860117055,0.01839923153779508,0.01644711073792131,50,0.5031691968100562,0.7733412409384179,2.929940055776343,-1.6991274821161904,2.2544656117954744,-0.32951055273865104,1.3358489463587635,0.17173361476050134,0.2304379648156412,0.175008298276776,50,108.8,97.5,92.6963442909048,57.75,145.0,82.4559904711841,135.1440095288159,1.1737248198112087,6.680605305222077e-11,6.377377572691005e-09,50,0.0,-0.0,0.0,0.0,0.0,0.0,0.0,0.0,1.0,1.0,50,0.04,-0.5,7.604939318680743,-5.0,4.0,-2.1212998377655508,2.201299837765551,0.005259739535560022,0.9704830477887705,0.7579198578443959,0.9762408613437946,ACBBA,high
condition,zero_compute,count_b2,50,50,0,0,50,-0.9703003387397859,0.6626934746335067,15.070913238301083,-11.899619566681949,11.05980688073035,-5.253406484887094,3.3128058074075226,-0.06438231866890942,0.6509390170215827,0.7537249310173678,50,0.567052450579249,0.19885999942582,2.1805975969918694,-0.7494171795264126,1.7570120174271133,-0.05266652877324429,1.1867714299317424,0.26004451777874876,0.07200995701316786,0.15171160541707326,50,0.2336658345505409,-0.5202479258290307,3.5621830123885565,-1.842367422176694,2.5325490857498414,-0.7786953749406285,1.2460270440417103,0.06559624638540415,0.6448196195958464,0.9576577827172162,50,80.34,66.0,110.37295032418635,13.5,144.25,48.972354627288325,111.70764537271168,0.7278957368089386,4.663762729508748e-06,2.7402195959458894e-07,50,0.0,-0.0,0.0,0.0,0.0,0.0,0.0,0.0,1.0,1.0,50,-0.56,0.0,8.211887848772433,-6.75,6.0,-2.893792701238756,1.7737927012387558,-0.06819381977844627,0.6318087083586548,0.7464685436391739,0.9762408613437946,ACBBA,high
condition,zero_compute,count_b4,50,50,0,0,50,0.3114123747143827,0.048848672846069974,14.357856207760454,-7.865832117646992,8.01816980291446,-3.7690452058303814,4.391869955259147,0.021689336500393674,0.8787389166920645,0.8506893529466235,50,0.6640943489860622,0.7651837853092553,1.885838044447096,-0.4730247582169005,1.8554479248912523,0.12814510748407137,1.200043590488053,0.35214813432230146,0.016212473801847635,0.01328390266362403,50,0.48212265487444567,0.7733412409384179,2.932149353272294,-1.6991274821161904,2.2544656117954744,-0.3511849700746406,1.315430279823532,0.16442636332163443,0.25059478365876586,0.1908667766218506,50,106.96,97.5,92.34318422855792,48.75,145.0,80.7163574502579,133.20364254974209,1.158287976460332,9.790200440036656e-11,7.152289776201518e-09,50,0.0,-0.0,0.0,0.0,0.0,0.0,0.0,0.0,1.0,1.0,50,0.12,-0.5,7.678860459676532,-5.0,5.0,-2.0623079935636106,2.302307993563611,0.01562731874477309,0.9124627615829286,0.8492729236582187,0.9762408613437946,ACBBA,high
condition,zero_compute,count_b8,50,50,0,0,50,-1.2365028420399415,0.8027923013917118,14.761798441282748,-12.241491097780209,4.180260994203387,-5.431759535002849,2.9587538509229656,-0.08376369904780341,0.5563739719762784,0.6055398662613332,50,0.9215836123884347,0.938926282369998,2.7554341528917554,-0.7709586462717541,2.201680653086102,0.1384978916398174,1.704669333137052,0.3344604012479329,0.022034324020311278,0.022430344415033155,50,0.16664897673198298,0.18476557090258083,3.757691630219972,-1.7346547298708748,2.8535542025896197,-0.9012751670961967,1.2345731205601627,0.04434876331835337,0.7551611879210156,0.7464038125448392,50,129.9,121.0,97.78260978062615,74.5,166.75,102.11048981468784,157.68951018531217,1.3284570773006443,1.5397707840271121e-12,1.97612662356146e-09,50,0.0,-0.0,0.0,0.0,0.0,0.0,0.0,0.0,1.0,1.0,50,-0.52,0.0,8.271514926763626,-6.75,3.0,-2.8707385292839893,1.8307385292839893,-0.06286635575273744,0.658615115571717,0.6953794969401285,0.9762408613437946,ACBBA,high
condition,zero_compute,bounded_b4_w5,50,50,0,0,50,0.957968138241689,0.2712922767006489,9.56112147055016,-3.758121741066674,4.480772625826006,-1.7592725151316664,3.675208791615044,0.10019411856573412,0.48200461192961463,0.6816120452366761,50,1.9120068351099235,1.9655591775047667,0.26338299624280187,1.738520815188833,2.088448739497072,1.8371542158850114,1.9868594543348357,7.259416372298095,2.905861006545583e-44,7.556929455863566e-10,50,1.4914741381938348,1.6585271481043025,2.2167839138952345,0.09105026223790613,2.800548470394804,0.8614711213789434,2.1214771550087264,0.6728098886161089,1.7676161003122874e-05,4.000165834481665e-05,50,-155.72,-176.0,188.58918098256186,-248.25,-54.25,-209.31645214534814,-102.12354785465186,-0.8257101451349897,4.144367760468914e-07,2.8423549441055138e-06,50,0.0,-0.0,0.0,0.0,0.0,0.0,0.0,0.0,1.0,1.0,50,-5.16,-1.0,20.04215964573943,-17.75,4.75,-10.855918741179682,0.5359187411796826,-0.25745728460440215,0.0747931336687487,0.09745447258054167,0.9762408613437946,ACBBA,low
condition,zero_compute,count_b2,50,50,0,0,50,1.2794240329703144,0.17466403759061677,8.552017389638879,-3.1472939507285957,6.271523349795331,-1.1510324141169026,3.7098804800575316,0.14960493818924986,0.29530366368194566,0.366748018977068,50,1.975832673749849,1.9069949254043064,0.45524552165321863,1.6078112290665274,2.3010169953716355,1.84645332818746,2.105212019312238,4.340147414464697,1.182693796153287e-33,7.556929455863566e-10,50,1.3689021951821598,1.3554191580861037,1.7675875584967649,0.2986917567703622,2.352545752046753,0.8665593699039456,1.871245020460374,0.7744466114857332,1.484081179666827e-06,4.037539299724955e-06,50,-208.5,-221.0,184.4316421123146,-329.0,-79.75,-260.9148926733748,-156.08510732662515,-1.1305001550277818,1.9523999381507305e-10,4.178747974367761e-08,50,0.0,-0.0,0.0,0.0,0.0,0.0,0.0,0.0,1.0,1.0,50,-5.98,-6.5,21.34506586391089,-23.75,8.0,-12.046200590903396,0.08620059090339538,-0.28015842340925584,0.053216012125237515,0.060471128499937306,0.9762408613437946,ACBBA,low
condition,zero_compute,count_b4,50,50,0,0,50,1.5125473974940826,1.0700687533899043,9.805456744670105,-3.116483762773015,6.080553998561356,-1.274132572379624,4.29922736736779,0.15425567996271558,0.28071660969277246,0.15730162470388975,50,3.6566778469187557,3.6089792164174543,0.778267168023061,3.1134182654718154,4.1227942754576095,3.435496765321606,3.8778589285159053,4.698486582965304,2.888125558353457e-35,7.556929455863566e-10,50,2.6935784571597647,2.909260477508597,2.1177407246638227,0.8075860024620045,4.319390509239066,2.091723203245731,3.2954337110737986,1.2719113467430496,6.023075219923307e-12,7.582444917112655e-09,50,-282.7,-311.5,195.36248360419663,-409.75,-220.25,-338.2214034492089,-227.1785965507911,-1.4470536757341226,9.34344988540886e-14,2.344791097412955e-08,50,0.0,-0.0,0.0,0.0,0.0,0.0,0.0,0.0,1.0,1.0,50,-10.04,-11.5,17.81189696437153,-17.5,1.75,-15.102085101038133,-4.977914898961865,-0.5636682055865602,0.00022337945960852808,0.0006999869731751142,0.9762408613437946,ACBBA,low
condition,zero_compute,count_b8,50,50,0,0,50,0.9819282984020083,0.2508093634955344,8.373844323493648,-2.271521370672886,5.483066684352593,-1.3978919236192229,3.3617485204232396,0.11726135099587551,0.4110332744552847,0.23319070659441454,50,3.935729213057436,3.739653787206195,0.9062779253439067,3.3030886757835907,4.583622475048877,3.6781678768078687,4.193290549307003,4.342739796474618,1.1502202423608804e-33,7.556929455863566e-10,50,3.0941026878453486,3.2122917203689463,2.0475919186759266,1.4641299759539543,4.638441319992767,2.512183503983664,3.676021871707033,1.5110934261970261,2.1315318423659372e-14,2.822654834233987e-09,50,-296.88,-328.5,203.6759771634087,-414.5,-219.5,-354.76407217381706,-238.99592782618294,-1.4576093073647756,7.31069188055396e-14,1.377512026033533e-08,50,0.0,-0.0,0.0,0.0,0.0,0.0,0.0,0.0,1.0,1.0,50,-8.64,-8.0,17.24109944881943,-19.5,2.0,-13.539866242206564,-3.740133757793437,-0.5011281342960769,0.0008786419190680868,0.0018424182679380443,0.9762408613437946,ACBBA,low
condition,zero_compute,bounded_b4_w5,50,50,0,0,50,-0.2038845942031753,-0.10809436713722675,15.316936059686691,-10.204332874974739,9.254567046436726,-4.556909652476607,4.149140464070257,-0.01331105603683938,0.9253949831488053,0.8734489877977527,50,1.4026057836949193,1.459528333712945,0.43143769191346043,1.082760006041053,1.7020127076095912,1.2799925484718584,1.5252190189179802,3.2510042816941915,6.695304323401054e-28,7.556929455863566e-10,50,0.009846869785656125,-0.35481920062110106,2.9745358437415126,-2.5095853945526674,2.44672971071574,-0.8355068624544566,0.8552006020257688,0.003310388680094123,0.9814199041985602,0.805559457241567,50,40.68,56.5,127.67535999957238,-12.5,110.25,4.395064211504682,76.96493578849532,0.3186206015016229,0.028770881002496945,0.0014931005329819557,50,0.0,-0.0,0.0,0.0,0.0,0.0,0.0,0.0,1.0,1.0,50,-1.7,-2.0,8.94256046974814,-8.0,3.75,-4.2414475622440735,0.8414475622440734,-0.19010215315299728,0.18506625471499463,0.1896054868880278,0.9762408613437946,ACBBA,medium
condition,zero_compute,count_b2,50,50,0,0,50,-1.0585845898048318,-0.33021169861760313,17.696686683023767,-9.637011904414862,7.759662306574953,-6.087927291206167,3.970758111596504,-0.059818236530136466,0.6741613663706508,0.6675078082538215,50,0.5854156557162746,0.6203348122611505,0.47197393859623304,0.3867963320931538,0.8788698472330729,0.4512821466675051,0.7195491647650442,1.2403558922288067,1.2987103257201958e-11,4.0676569521084974e-08,50,-0.834464325967754,-0.7843541630913187,2.6783383845338395,-2.474520022530493,1.3767656754465243,-1.5956396718058086,-0.07328898012969942,-0.31156045508902014,0.03232276955465135,0.06313264839992917,50,34.96,30.0,100.5292037983318,-27.5,87.75,6.389916432557968,63.530083567442034,0.34775964276144133,0.017509966670202437,0.017330019167428826,50,0.0,-0.0,0.0,0.0,0.0,0.0,0.0,0.0,1.0,1.0,50,-1.26,-1.5,10.08698899269626,-7.75,6.0,-4.126690549378272,1.606690549378272,-0.12491339099431308,0.3814029573275908,0.3460152677790507,0.9762408613437946,ACBBA,medium
condition,zero_compute,count_b4,50,50,0,0,50,-1.1940898010423637,0.7610064346089729,13.788360853032602,-7.917585724501031,8.31190975699841,-5.112698592766672,2.724518990681945,-0.08660128740246427,0.5431286969142026,0.9961489139450291,50,1.5312557077771423,1.5627695428081005,0.5550454043872565,1.1529532830598472,1.9473526119889508,1.373513549400158,1.6889978661541265,2.758793597196927,9.569231443948158e-25,7.556929455863566e-10,50,-0.18384101152476526,-0.24759486923913876,2.681193493295948,-2.2035908420066033,1.8994451325412047,-0.9458277702940434,0.5781457472445128,-0.06856685725384648,0.6299497002034169,0.6190876129435576,50,42.18,42.5,107.27719007414429,-16.0,101.0,11.692159954563127,72.66784004543688,0.3931870323117843,0.007684687980265005,0.006296231749508666,50,0.0,-0.0,0.0,0.0,0.0,0.0,0.0,0.0,1.0,1.0,50,-3.26,-3.0,9.19141125270361,-9.75,4.0,-5.872170172154759,-0.6478298278452415,-0.3546789399768274,0.01550442975322649,0.03238924023895242,0.9762408613437946,ACBBA,medium
condition,zero_compute,count_b8,50,50,0,0,50,-0.10386022398629847,-0.3916808276457999,16.477707335771722,-10.957659993372218,9.00907959790991,-4.786772828439481,4.579052380466883,-0.006303074928441448,0.9646316171345695,0.8963138410681736,50,2.0802014586041615,2.230123678579308,0.7590675367628567,1.7927879328894052,2.6432008677239693,1.8644768518306714,2.295926065377652,2.7404695338117793,1.278611177761033e-24,8.031090907046915e-10,50,1.1160506889415174,0.8187354803393099,2.812172497087479,-1.0737567714918264,3.2736158213052313,0.31684010920762473,1.91526126867541,0.39686423578119506,0.007171171529566342,0.0182637733862042,50,59.56,72.5,122.85534217949505,13.5,130.5,24.644898117604463,94.47510188239553,0.4847978031999715,0.0012408206287050775,0.00036907428819901863,50,0.0,-0.0,0.0,0.0,0.0,0.0,0.0,0.0,1.0,1.0,50,-1.72,-2.0,9.6553675460326,-9.75,4.0,-4.464025091633091,1.024025091633091,-0.17813925692624197,0.21376805928664724,0.15862004801197382,0.9935618328294061,ACBBA,medium
condition,zero_compute,bounded_b4_w5,50,50,0,0,50,2.9432553451130388,0.6020707743285527,11.590845897957443,-3.4265330622083248,9.679951099256858,-0.35082660729452586,6.237337297520604,0.25392929653492363,0.07873378299695555,0.15448740694256521,50,0.42951425179481356,0.9179839384937196,2.81887583142124,-1.0296776459651706,2.2111932476209786,-0.3716013944755679,1.230629898065195,0.152370759650757,0.2865667611388247,0.1436119886726997,50,0.5918434546015668,0.898265713925186,3.3317830623552482,-1.0520044264783932,3.196413529008721,-0.3550388136697844,1.538725722872918,0.1776356513989812,0.2150452618310139,0.07649809104336512,50,105.16,105.5,57.74799581291253,76.25,134.75,88.74820120035028,121.57179879964971,1.8210155784572888,2.415957205292259e-17,1.6526503671631796e-09,50,0.0,-0.0,0.0,0.0,0.0,0.0,0.0,0.0,1.0,1.0,50,1.56,0.0,6.40522745696905,-2.0,5.75,-0.26034549961407993,3.38034549961408,0.24355106988475178,0.09134694224957247,0.12560630044313711,0.7346724175187945,CBAA,high
condition,zero_compute,count_b2,50,50,0,0,50,1.492601802636636,0.23703222901075804,9.96077247336641,-4.080072956075217,4.590803363640646,-1.3382184088836009,4.323422014156873,0.14984799689257297,0.29452857582848363,0.3733140173091627,50,0.6231215869186318,0.17289143346677704,2.86591233035824,-1.0219162560644746,2.482466113865499,-0.19136168442561174,1.4376048582628753,0.21742520883070468,0.13062142355209916,0.20429624539024516,50,0.8039022183016398,0.34081295061955785,3.5740914679473414,-1.1280432443695485,3.064862894466751,-0.21184333680870093,1.8196477734119805,0.22492491462825764,0.1181632343115066,0.16597741534373123,50,75.94,77.0,49.52979313668961,60.25,83.75,61.86378855569111,90.0162114443089,1.5332185981561632,1.2868859672538015e-14,1.552702303615946e-09,50,0.0,-0.0,0.0,0.0,0.0,0.0,0.0,0.0,1.0,1.0,50,0.7,0.0,5.481881101242826,-2.0,2.0,-0.8579333691279833,2.2579333691279833,0.12769339339397554,0.3709812432101498,0.35837631460344554,0.9762408613437946,CBAA,high
condition,zero_compute,count_b4,50,50,0,0,50,2.662054676399316,1.6147015073626676,10.6786105195684,-3.4265330622083248,9.679951099256858,-0.37277285033871443,5.6968822031373465,0.24928848856516858,0.08418121450736188,0.12129731145171986,50,0.5924890211795555,1.0719098656708876,2.9975918889220408,-1.0504951428359535,2.4901629020378397,-0.25941716659242264,1.4443952089515335,0.1976549987905857,0.1685196239125752,0.09396487281109464,50,0.7111340447774012,0.9099057085486972,3.4508501963156526,-1.0520044264783932,3.2828715147786163,-0.2695867285139314,1.6918548180687338,0.20607502624618512,0.15144845724225794,0.05784519551519504,50,105.7,104.0,56.06201012799877,76.25,134.75,89.76735302978412,121.63264697021589,1.8854122383173482,6.376657916724855e-18,1.5112124939117705e-09,50,0.0,-0.0,0.0,0.0,0.0,0.0,0.0,0.0,1.0,1.0,50,1.4,0.5,5.886685079439005,-2.0,5.75,-0.2729773866723626,3.0729773866723624,0.2378248506769821,0.09899541590635355,0.11507030871302106,0.7346724175187945,CBAA,high
condition,zero_compute,count_b8,50,50,0,0,50,4.497970384753383,2.83779015431778,11.186439740050401,-2.4384434597580444,13.420137946300098,1.3188193906151224,7.677121378891645,0.40209132568331496,0.006495690294517484,0.011914077324997694,50,0.7782681861537967,0.9316554477525418,3.330269114257875,-0.673054412391668,2.961959394888785,-0.16818382282946265,1.7247201951370559,0.23369528391017966,0.10483217385232457,0.048370886197753156,50,1.0170478263961857,1.2970991813593393,3.759646538750137,-0.8944456899539945,3.491298839210219,-0.05143189628831868,2.08552754908069,0.2705168733054078,0.06162169828525488,0.028781411161818912,50,127.02,128.0,53.58627984619852,102.25,152.25,111.79094779000297,142.24905220999702,2.370382873462543,6.256746432656904e-22,1.2993734260717958e-09,50,0.0,-0.0,0.0,0.0,0.0,0.0,0.0,0.0,1.0,1.0,50,2.38,2.0,6.413919811389817,-2.0,7.0,0.5571841605959293,4.202815839404071,0.371067938169979,0.01155918833171166,0.01914291710449238,0.37394262710503556,CBAA,high
condition,zero_compute,bounded_b4_w5,50,50,0,0,50,-0.7045171809835904,-0.15796085483378874,8.280070620135845,-4.7603924893586225,3.5426210068568054,-3.0576872114173557,1.6486528494501749,-0.08508589036309837,0.5501820875347894,0.5335234365917243,50,1.7516646760107435,1.728673349006769,0.29609277598793027,1.5801088521932267,2.0110422049538035,1.6675160402505205,1.8358133117709665,5.9159318229437226,5.2776828935600414e-40,7.556929455863566e-10,50,1.4380229164867415,1.2432959399349244,1.3791300525929524,0.5445223303161004,1.9426443704241487,1.0460784927350715,1.8299673402384116,1.042702908099974,1.7571199536735296e-09,2.344791097412955e-08,50,-137.42,-124.5,147.85763837046025,-200.25,-70.25,-179.4406758307059,-95.39932416929405,-0.9294075132979701,3.055929817942527e-08,5.57714922946387e-07,50,0.0,-0.0,0.0,0.0,0.0,0.0,0.0,0.0,1.0,1.0,50,-4.94,-4.0,17.814703855786874,-17.0,2.0,-10.002882810751046,0.12288281075104468,-0.27729902444577015,0.05559942292270692,0.013629358786711501,0.9762408613437946,CBAA,low
condition,zero_compute,count_b2,50,50,0,0,50,-1.0695954129591985,-0.5309232603985379,10.238277081043279,-6.057562964814508,4.583212886726244,-3.979281561263169,1.8400907353447722,-0.10447025456457043,0.4636031810591751,0.5592045958598981,50,1.8410317726491099,1.7806086893440014,0.44601844026956794,1.5939287794376793,2.076120529488679,1.7142747345979126,1.9677888107003072,4.12770326611701,1.2205296402310416e-32,7.556929455863566e-10,50,1.561765380311412,1.6486332427216137,1.271306013585079,0.6671549444185412,2.485854352024877,1.2004642093523714,1.9230665512704526,1.228473210715993,1.7366732767858354e-11,1.98410437411317e-08,50,-190.42,-184.5,154.52403419163358,-281.25,-95.0,-234.3352445580843,-146.50475544191568,-1.2323002113952701,1.5813924936434326e-11,8.028083508024705e-09,50,0.0,-0.0,0.0,0.0,0.0,0.0,0.0,0.0,1.0,1.0,50,-6.92,-7.0,16.45009769836381,-19.25,5.75,-11.595066032330784,-2.2449339676692155,-0.4206661946262052,0.004544069350238845,0.006009071497238344,0.9762408613437946,CBAA,low
condition,zero_compute,count_b4,50,50,0,0,50,0.007519874187083815,1.120201649420892,8.781730911524514,-2.982056085113129,4.620636080184511,-2.488220433399114,2.503260181773282,0.0008563088829350568,0.9951934089827463,0.47800433690945443,50,3.3001754608789584,3.271982215783265,0.8493499750008204,2.7152365366029905,3.6963847575681372,3.058792869085459,3.5415580526724577,3.8855307682510625,1.9976390698738323e-31,7.556929455863566e-10,50,2.702456670711129,2.624953160151831,1.539901964875805,1.3242088503361402,4.116039131873968,2.264821375096662,3.140091966325596,1.7549537128677446,9.737720688875007e-17,7.556929455863566e-10,50,-275.9,-264.0,163.792084481441,-376.75,-149.75,-322.44919530356356,-229.35080469643637,-1.6844525843448908,4.445704202797872e-16,8.029280680234975e-10,50,0.0,-0.0,0.0,0.0,0.0,0.0,0.0,0.0,1.0,1.0,50,-10.5,-12.0,16.099499295040836,-21.0,-2.0,-15.075427068695468,-5.924572931304531,-0.6521941960787773,2.887763384027955e-05,9.579909461631987e-05,0.9951934089827463,CBAA,low
condition,zero_compute,count_b8,50,50,0,0,50,-1.191473995361754,0.03216197678153776,8.850228503500736,-3.5395267838349156,3.74665689858179,-3.706681103171051,1.3237331124475429,-0.13462635398514994,0.3457936247969241,0.8205387894383639,50,3.5296563443422158,3.3323795277821713,0.9971184423835575,2.8350943274775346,4.233443745533754,3.2462784188322895,3.813034269852142,3.5398566452193623,1.425070153120545e-29,7.556929455863566e-10,50,2.9233748675361397,2.859798573541366,1.6226844730397494,1.7454100710004377,4.11502351904433,2.4622130434423375,3.384536691629942,1.801567042827388,3.631196152097667e-17,7.556929455863566e-10,50,-276.24,-266.0,161.5489513227164,-385.0,-171.0,-322.15170391423334,-230.32829608576668,-1.7099461044979016,2.557772260378015e-16,8.528474683027006e-10,50,0.0,-0.0,0.0,0.0,0.0,0.0,0.0,0.0,1.0,1.0,50,-8.88,-9.5,16.7266620845223,-18.75,1.25,-13.633664761115877,-4.126335238884124,-0.5308889457518808,0.0004620398826135859,0.0004162053249310627,0.9762408613437946,CBAA,low
condition,zero_compute,bounded_b4_w5,50,50,0,0,50,-1.005830260377658,0.32956339700052695,14.728254919451976,-8.724811292628146,6.488501162081832,-5.191553989926531,3.179893469171214,-0.06829256187365638,0.631316399253012,0.7537249310173678,50,2.0233320543529656,1.897715935022485,2.636374461887259,0.9826746933166459,3.254323196394039,1.2740827233596677,2.7725813853462635,0.7674676278363565,1.7636386402898485e-06,1.6442621929354076e-06,50,1.3489264853471945,1.3189700890794924,3.314855245034842,-0.42655076591550767,2.8404200455193074,0.40685504952238893,2.290997921172,0.406933752949751,0.005923023947078228,0.0038382636477843515,50,84.38,89.5,95.17028562164832,47.25,151.75,57.33290412522953,111.42709587477046,0.8866212752103597,8.985034112141769e-08,2.230254651056654e-07,50,0.0,-0.0,0.0,0.0,0.0,0.0,0.0,0.0,1.0,1.0,50,-1.02,0.0,9.622444001989752,-8.5,4.75,-3.7546683239566305,1.7146683239566305,-0.10600217572469967,0.4571102988439212,0.43229449452133306,0.9762408613437946,CBAA,medium
condition,zero_compute,count_b2,50,50,0,0,50,-1.449652741938935,-1.4132855994241709,12.706306013155002,-8.280100032630685,7.6535741077783115,-5.060744951100086,2.161439467222217,-0.11408923572579559,0.42371895536583626,0.5657173945054648,50,1.3455592444549416,1.3400571816063902,2.4951004502658334,-0.1462770692130273,2.9488827696431033,0.6364595432749743,2.054658945634909,0.5392805906117258,0.0003842900217506337,0.0005584160540050753,50,1.1386487768040556,1.243356800198919,3.2643521340860686,-0.5913933833400984,3.1830773249730497,0.21093016628478745,2.0663673873233237,0.3488130967595035,0.01719021946793332,0.02131786738680895,50,75.04,69.0,70.3350465664892,33.0,117.0,55.0510009609181,95.02899903908191,1.066893443072695,9.571438247342356e-10,9.452069021210249e-08,50,0.0,-0.0,0.0,0.0,0.0,0.0,0.0,0.0,1.0,1.0,50,-0.84,-1.0,7.597958909591228,-4.0,4.0,-2.9993160274548427,1.319316027454843,-0.11055600721130936,0.43812329475907774,0.5437895987621888,0.9762408613437946,CBAA,medium
condition,zero_compute,count_b4,50,50,0,0,50,0.32217355340875714,-1.1005077364810631,12.27509490008702,-6.465635716605959,6.8348036577774,-3.166369813524655,3.81071692034217,0.02624611508351542,0.8535339384672244,0.9269315130521094,50,1.939027567936388,2.5000518322722196,2.427158172029681,0.7244222857691809,3.317472183121229,1.2492368485609844,2.6288182873117916,0.7988880124425101,8.09133126658646e-07,3.85419520601072e-06,50,1.2872323879994538,1.4649085289914687,3.0899113122347344,-0.56865667081866,3.576906754784212,0.40908931045529695,2.165375465543611,0.4165920176746048,0.004918255953473421,0.004080760905260815,50,93.68,96.0,95.73143556377937,58.75,131.25,66.4734270764238,120.88657292357621,0.9785709307324382,8.838875013413899e-09,5.184572819197622e-08,50,0.0,-0.0,0.0,0.0,0.0,0.0,0.0,0.0,1.0,1.0,50,0.0,-0.5,7.866228513106402,-6.0,3.75,-2.235557405098781,2.235557405098781,0.0,1.0,0.7463437110994008,0.9762408613437946,CBAA,medium
condition,zero_compute,count_b8,50,50,0,0,50,-1.4749638311684368,-0.5365286201651571,12.323792327763234,-10.533601372664776,6.597112735430798,-4.977346853899979,2.027419191563105,-0.11968424912886717,0.4015021450403736,0.37189558283448554,50,2.8251154846757562,2.750795163694707,2.7744300004363285,1.1972981581590623,4.338138158576532,2.0366312037945873,3.613599765556925,1.0182687918712876,3.249427289320037e-09,1.3953192127031755e-07,50,1.8436959232172618,1.5691471516117819,3.327677098941892,-0.09510365057083803,3.7772321726900344,0.8979805568352341,2.7894112895992897,0.5540489261423548,0.00027701799296494714,0.0004032820954100997,50,106.22,101.5,83.79330497828376,71.5,157.5,82.40620624486186,130.03379375513813,1.2676430417385784,6.680796099018279e-12,8.98993497359659e-09,50,0.0,-0.0,0.0,0.0,0.0,0.0,0.0,0.0,1.0,1.0,50,-1.52,-1.0,8.790625804845542,-7.75,4.0,-4.018268208294684,0.9782682082946836,-0.17291146657182818,0.22730325842911284,0.16425410023400278,0.9762408613437946,CBAA,medium
condition,zero_compute,bounded_b4_w5,50,50,0,0,50,0.4486239857633157,1.4446229319512653,19.84971382411079,-12.957569118873131,12.596819694478224,-5.1926022581280655,6.089850229654697,0.022601030409737544,0.8736850255802232,0.7980960963894896,50,0.8385847563343719,0.8590551046706394,1.6075100634036164,0.03292838363403927,1.66442433541446,0.38173545173749746,1.2954340609312465,0.5216668781275422,0.0005648936568046407,0.00015130856874845343,50,0.4400314522396778,0.8222252288409528,2.955420057514294,-1.0409259235596187,2.1681009511029803,-0.39988963367146774,1.2799525381508234,0.14888964806233795,0.2975928115079977,0.13584822858890458,50,108.12,111.5,107.09115705027818,42.75,163.75,77.68502995489479,138.55497004510522,1.0096071699854618,4.041662037283747e-09,1.6323891406938158e-07,50,0.0,-0.0,0.0,0.0,0.0,0.0,0.0,0.0,1.0,1.0,50,0.02,0.5,11.330814045723967,-6.0,7.5,-3.200181717771165,3.240181717771165,0.0017650982461889064,0.9900924378113962,0.9957741472969438,0.9762408613437946,HIPC,high
condition,zero_compute,count_b2,50,50,0,0,50,-2.126051700922706,-2.706681256245197,18.38532041309885,-11.580467112267275,8.631432866828142,-7.351101942742568,3.0989985408971563,-0.11563854494523654,0.417493807051037,0.3929303880925773,50,0.18404911016794437,0.18922041012229762,0.9621107634655857,-0.43040129842204666,0.8246196785844089,-0.08937974308836052,0.4574779634242493,0.19129721561890387,0.18236854097352895,0.2008761306841198,50,0.21888378049672788,0.028312596227898723,2.2331944930997203,-1.061348604032669,1.4271958251788481,-0.415783071318815,0.8535506323122707,0.09801375615650594,0.4915427771127554,0.6055398662613332,50,96.14,98.0,96.15506396717029,36.0,147.25,68.81303321643958,123.46696678356042,0.9998433367256099,5.169200511389153e-09,1.2544027406890034e-07,50,0.0,-0.0,0.0,0.0,0.0,0.0,0.0,0.0,1.0,1.0,50,-1.4,-1.5,10.542431272854339,-6.75,5.0,-4.39612581308896,1.5961258130889604,-0.13279669212592868,0.35232925329089304,0.3219060280570647,0.9762408613437946,HIPC,high
condition,zero_compute,count_b4,50,50,0,0,50,0.5192261639871814,1.456116714701622,19.882619251788498,-12.957569118873131,13.162289871978516,-5.131351698966663,6.169804026941025,0.026114575620637886,0.8542595004350798,0.7980960963894896,50,0.868527400902829,0.8881540975816664,1.5952391126922179,0.12795902673066895,1.66442433541446,0.41516546190749565,1.3218893398981624,0.5444496652524097,0.00034284193201279114,8.034644982217635e-05,50,0.5579100191216527,1.1517791307775482,2.985718727693636,-0.9274441443562829,2.246417205432806,-0.29062185356885184,1.4064418918121573,0.18685953701761412,0.19253931941974842,0.08486859077878148,50,108.66,111.5,107.04578650354841,42.75,163.75,78.23792412159057,139.08207587840943,1.0150796546896133,3.5211832670379935e-09,1.5491657923167706e-07,50,0.0,-0.0,0.0,0.0,0.0,0.0,0.0,0.0,1.0,1.0,50,-0.02,0.5,11.323607271212344,-6.0,7.5,-3.2381335751193863,3.1981335751193862,-0.0017662216218718024,0.99008613259627,0.9873226493430947,0.9762408613437946,HIPC,high
condition,zero_compute,count_b8,50,50,0,0,50,-2.2840214725512373,-2.770175393806724,19.52266227966931,-12.542954474382377,9.45678360311998,-7.832300696049436,3.2642577509469612,-0.11699334034630066,0.4120960107999425,0.4720366364421994,50,1.779172124660037,1.7055471444796262,1.7876325071258794,0.7015796381349608,2.828565668724235,1.2711325880203388,2.287211661299735,0.9952672697368629,5.8012877286014075e-09,2.1183855614203935e-07,50,0.5632132781112174,0.45673534598385146,3.5936770757651906,-1.966894537112518,3.1157306437976056,-0.45809844514661635,1.584525001369051,0.15672339674295696,0.27318476584568824,0.31308609275657895,50,137.34,123.0,106.43607068497569,89.0,191.0,107.09120343974729,167.58879656025272,1.2903520311877377,3.85324843182708e-12,6.0187512814614805e-09,50,0.0,-0.0,0.0,0.0,0.0,0.0,0.0,0.0,1.0,1.0,50,-1.86,-2.0,11.358733042312888,-7.75,5.75,-5.088116208799909,1.3681162087999093,-0.16375065714382378,0.2525209369923781,0.2880963335694541,0.9762408613437946,HIPC,high
condition,zero_compute,bounded_b4_w5,50,50,0,0,50,-0.5416136130568725,0.03243053922204808,10.024253340188144,-3.443528825334795,2.4861455734767475,-3.3904748872882875,2.307247661174543,-0.054030319733190925,0.7040747458601415,0.7225336702350214,50,1.8479754698364779,1.838833491682667,0.25091044029484366,1.7260203655599322,2.0546003717881356,1.7766675117873134,1.9192834278856423,7.365080016857532,1.4494032168451907e-44,7.556929455863566e-10,50,1.805478797616899,1.7517687027769373,1.250914452154253,1.1132213787279568,2.323801385420936,1.449972844287534,2.160984750946264,1.443327155192433,1.0190454749406667e-13,2.9937649854285767e-09,50,-132.1,-129.0,182.61895759605406,-215.75,-46.5,-183.9997334345246,-80.2002665654754,-0.7233641114752171,5.2092933972035885e-06,8.773394621327368e-06,50,0.0,-0.0,0.0,0.0,0.0,0.0,0.0,0.0,1.0,1.0,50,-0.08,0.0,20.359864479722184,-6.5,8.75,-5.866209455854757,5.706209455854757,-0.0039292992386898064,0.9779470080370711,0.9534564089505688,0.9762408613437946,HIPC,low
condition,zero_compute,count_b2,50,50,0,0,50,-0.3573510989733279,0.0,9.01848381618111,-3.0439041644494296,3.328853953421685,-2.9203758375040176,2.205673639557362,-0.03962429896832134,0.7805142361338316,0.7889520689699113,50,1.8820062215565614,1.9044003906947085,0.3913954530422842,1.6163645269157279,2.03597780665542,1.7707728646927476,1.9932395784203751,4.808451929954434,9.735705586531753e-36,7.556929455863566e-10,50,1.6137607132485516,1.8005041379501892,1.1520429208466973,1.0822344012427405,2.385345679763565,1.2863537381779273,1.941167688319176,1.4007817625948462,2.7608411406714847e-13,2.218010774931946e-08,50,-155.78,-162.5,152.14349966329786,-249.75,-45.5,-199.0187041316211,-112.54129586837891,-1.023901779206801,2.819757461373887e-09,1.1292019753319008e-07,50,0.0,-0.0,0.0,0.0,0.0,0.0,0.0,0.0,1.0,1.0,50,-2.64,-0.5,17.032693652538477,-10.75,7.0,-7.480637970314243,2.200637970314243,-0.15499603608537552,0.27844181748051766,0.37957033666090345,0.9762408613437946,HIPC,low
condition,zero_compute,count_b4,50,50,0,0,50,0.0445108898405897,0.07416076128419036,9.20495297369236,-3.7668894359542264,3.878557052996996,-2.571507796832116,2.660529576513295,0.004835536907988696,0.9728626279787935,0.8077035607168179,50,3.3371355184979974,3.340603024157247,0.6664611559600356,2.9032144829960074,3.742547554761333,3.1477293539129336,3.526541683083061,5.00724684200216,1.4432445154585257e-36,7.556929455863566e-10,50,3.037296903881611,2.6668740298518063,1.6073564846039297,2.298906449057485,3.679392221518353,2.5804912458966207,3.494102561866601,1.8896224533725847,5.85015269628871e-18,9.06805772149548e-10,50,-242.94,-240.5,155.26638202700255,-355.75,-117.0,-287.0662174783031,-198.8137825216969,-1.5646658138640084,6.314987244233021e-15,1.977828380456566e-09,50,0.0,-0.0,0.0,0.0,0.0,0.0,0.0,0.0,1.0,1.0,50,-0.9,-0.5,17.80191459549523,-11.5,7.5,-5.959248143196819,4.159248143196819,-0.0505563598326522,0.7222621417276229,0.6036541820375927,0.9935618328294061,HIPC,low
condition,zero_compute,count_b8,50,50,0,0,50,0.5507250873182613,0.31764556705024916,10.13521873186875,-3.239131317098412,4.024260690022629,-2.329672202256205,3.431122376892728,0.0543377604260858,0.7024733726614254,0.4177867001544123,50,3.582257265192357,3.5529457316769575,0.8192149426122719,3.0198309921588735,4.159518452487565,3.349438954832694,3.8150755755520205,4.372792876274246,8.33839298760045e-34,7.556929455863566e-10,50,3.299871942153638,3.0958452036309376,1.7243448836066362,2.3863007956943303,4.192287238974615,2.8098185490862777,3.7899253352209987,1.9136960207470983,3.581757797595162e-18,9.06805772149548e-10,50,-257.78,-260.5,161.72832977886475,-393.75,-114.75,-303.7426827073474,-211.81731729265255,-1.5939075136215721,3.2760340627981123e-15,1.3025210640480113e-09,50,0.0,-0.0,0.0,0.0,0.0,0.0,0.0,0.0,1.0,1.0,50,0.14,0.0,18.216397636666336,-8.0,9.0,-5.037042919999204,5.317042919999204,0.0076853833997455765,0.9568821707221739,0.89473297828168,0.9762408613437946,HIPC,low
condition,zero_compute,bounded_b4_w5,50,50,0,0,50,-0.45417876068814195,-2.3690670300281766,19.111753567372897,-7.468644514375846,9.722941624984657,-5.885679020409315,4.977321499033032,-0.02376436882607698,0.8672439012988576,0.9192651438406544,50,1.553648576849141,1.4936746500203035,0.26341218534064914,1.3871460718076762,1.6432915161951192,1.478787662174417,1.6285094915238651,5.898165169693787,6.091640884930024e-40,7.556929455863566e-10,50,1.3886213889886148,1.5822690840386198,2.136282782595015,-0.3775784635817443,2.9556867922738332,0.781496540523039,1.9957462374541906,0.6500175914453654,3.040513196848652e-05,9.81590568723988e-05,50,66.44,54.0,128.70202256470137,-11.0,148.75,29.863289939223165,103.01671006077683,0.5162312034886564,0.0006354594543528029,0.0005581249986340449,50,0.0,-0.0,0.0,0.0,0.0,0.0,0.0,0.0,1.0,1.0,50,-1.54,-1.5,11.514338886796759,-9.25,3.0,-4.812338900440887,1.7323389004408862,-0.13374628062805102,0.34892728351096536,0.2872246594548965,0.9762408613437946,HIPC,medium
condition,zero_compute,count_b2,50,50,0,0,50,-2.5515529475499643,-3.5232579492236624,17.30571124851346,-9.955829596941513,11.675777125563478,-7.469781660033368,2.3666757649334396,-0.14743993534326072,0.30226975253623467,0.40060209941233327,50,0.8206919134585768,0.810416772623232,0.20496967779467046,0.7150296708648899,0.9100192227138582,0.7624401756338853,0.8789436512832683,4.003967427224575,4.996624081759913e-32,7.556929455863566e-10,50,0.4366712337602484,0.36378464794881005,1.9708659300189153,-0.9549976754246066,1.8084626645671884,-0.12344266541895854,0.9967851329394554,0.22156313481762682,0.12362362772203694,0.1601545245098438,50,63.92,42.0,108.37554509902225,-5.75,122.75,33.120010910684954,94.71998908931505,0.5898009550180032,0.00012354954140410805,0.0002534354805077847,50,0.0,-0.0,0.0,0.0,0.0,0.0,0.0,0.0,1.0,1.0,50,-3.0,-0.5,11.474906073156115,-10.0,3.0,-6.261132218815589,0.2611322188155887,-0.2614400484739537,0.07054538036453362,0.07840394762258414,0.9762408613437946,HIPC,medium
condition,zero_compute,count_b4,50,49,1,0,49,-0.8276764714542645,-0.18043365327440597,19.958459885000536,-10.871523139496986,9.455210828252149,-6.560415485025249,4.90506254211672,-0.0414699569116699,0.7728450890207269,0.8853142942387254,49,1.7554407203633287,1.7336332199808255,0.392381957125677,1.4963133551109402,2.0559792201286884,1.642735463204372,1.8681459775222853,4.47380591407029,1.3290609753688037e-33,1.1100954635085597e-09,49,1.423245618847214,1.3516263986240773,2.6730436819700927,-0.41284292614156826,2.8900275378992646,0.6554578291628111,2.191033408531617,0.5324438311454194,0.0005105147330331014,0.0005886511736690849,49,71.9795918367347,63.0,131.14789517244745,-6.0,138.0,34.30951811687627,109.64966555659313,0.548842905500604,0.00035803234743871917,0.00045373171019726723,49,0.0,-0.0,0.0,0.0,0.0,0.0,0.0,0.0,1.0,1.0,49,-1.5918367346938775,1.0,11.097894633943975,-9.0,4.0,-4.779524256832012,1.5958507874442565,-0.14343592070383263,0.32038873427621223,0.4293253892682647,0.9762408613437946,HIPC,medium
condition,zero_compute,count_b8,50,50,0,0,50,0.03899299047578921,0.4728650723313734,18.712309681750426,-9.359269322958845,8.45312720641219,-5.2789865731536185,5.356972554105196,0.002083814939949286,0.9883035911454391,0.9807463639015632,50,2.1324385584507333,2.1447456538382172,0.48976891421953694,1.7729196502938163,2.4808809454577156,1.9932477732928415,2.271629343608625,4.353968772903533,1.0197232384090916e-33,7.556929455863566e-10,50,1.8171117639429415,1.4790361052356804,2.9101624052170227,-0.28195557767309865,3.023574685846249,0.9900527604849022,2.644170767400981,0.6244021848008967,5.552817326889389e-05,0.00012445612543805074,50,66.66,58.5,114.96860441007362,-8.25,136.0,33.98628418884887,99.33371581115112,0.5798104651443364,0.0001551381616739543,0.00020572534211340363,50,0.0,-0.0,0.0,0.0,0.0,0.0,0.0,0.0,1.0,1.0,50,-1.98,-2.0,11.604872305393533,-10.75,4.0,-5.278068213289567,1.3180682132895667,-0.17061799112427684,0.23343616299061612,0.18391841169822853,0.9951934089827463,HIPC,medium
condition,zero_compute,bounded_b4_w5,50,50,0,0,50,1.5892521957175583,1.1018048452195686,22.966580667505877,-10.661118267817933,13.946425483240077,-4.9377778029019055,8.116282194337023,0.069198467927187,0.6268076156398417,0.7391055127705244,50,0.7681756293369892,0.9810314254514032,2.609855807505855,-1.1164976272577594,2.5092508004781138,0.026462816520963384,1.5098884421530152,0.29433642545605115,0.042656124490268996,0.052931129527606105,50,0.5745554682247545,-0.03990140586418178,4.8074068654670485,-3.298940099751711,3.965420471188903,-0.7916944442346863,1.9408053806841952,0.11951463321150275,0.4021648923437442,0.44282253656653425,50,110.88,112.0,109.91808452717164,45.75,182.25,79.64162605630263,142.11837394369735,1.008751203016011,4.129773954417295e-09,2.8119445530668904e-07,50,0.0,-0.0,0.0,0.0,0.0,0.0,0.0,0.0,1.0,1.0,50,0.84,0.0,12.991928420432151,-6.0,8.25,-2.8522651990617987,4.532265199061799,0.06465552863414399,0.649559632434265,0.8568475998432347,0.9762408613437946,PI,high
condition,zero_compute,count_b2,50,50,0,0,50,-2.916344784658163,-3.593085576524828,17.705650356627693,-14.4399996207311,5.729707906417076,-7.948234933908078,2.1155453645917524,-0.16471266098206316,0.2497818666961493,0.18761329108286684,50,0.3497623230802012,0.33976122113097595,1.814999538135796,-0.7155097392281253,1.7795794090572652,-0.16605483770655177,0.8655794838669542,0.19270656313193643,0.17922585182930753,0.18761329108286684,50,-0.15673500674390672,-0.2665042190456077,4.196153579903072,-2.6700662601455027,1.640558989909099,-1.3492686577628477,1.0357986442750344,-0.03735206630533461,0.7927959380444795,0.5722664037295826,50,94.76,94.0,88.24376257080759,40.25,163.75,69.6814001932111,119.8385998067889,1.0738436036650605,8.040633797776689e-10,9.128137655292992e-08,50,0.0,-0.0,0.0,0.0,0.0,0.0,0.0,0.0,1.0,1.0,50,-1.7,-2.0,10.270325790194521,-8.75,3.75,-4.618794290655485,1.2187942906554852,-0.16552542097769246,0.2474844600962956,0.21193990329217038,0.9762408613437946,PI,high
condition,zero_compute,count_b4,50,50,0,0,50,1.8226170370520243,1.1018048452195686,22.709713813870813,-10.661118267817933,13.946425483240077,-4.631412209579176,8.276646283683224,0.0802571556819352,0.5729630461261743,0.7101525415643333,50,0.7643793315707851,1.0501867498068682,2.5724579715241687,-1.1183537578950915,2.4956605716016265,0.0332948661291369,1.4954637970124334,0.2971396773172135,0.04079941146087773,0.0441452937390526,50,0.6119819515231086,0.5378836727251795,4.802685611053679,-3.298940099751711,4.412905665775232,-0.7529261952798201,1.9768900983260373,0.12742494535028365,0.3719795881264304,0.40916988955076716,50,112.38,114.5,109.28037148471236,45.75,191.0,81.32286209744008,143.43713790255993,1.0283640005352768,2.5201989364736508e-09,2.3485813621398333e-07,50,0.0,-0.0,0.0,0.0,0.0,0.0,0.0,0.0,1.0,1.0,50,0.96,0.5,12.97400855399686,-6.0,8.25,-2.727172429376676,4.647172429376676,0.07399409334474778,0.6031812820402108,0.7789975431321742,0.9762408613437946,PI,high
condition,zero_compute,count_b8,50,50,0,0,50,2.093822138384056,-0.10848422146381864,18.55427332323238,-12.079858749964561,17.11661433887543,-3.1792439891595294,7.366888265927642,0.11284851214099108,0.42874434207251355,0.5209101726157914,50,1.716054569795763,1.5218546779545616,2.7196762912932577,-0.2241537666063762,3.1456321906224547,0.9431311208593398,2.488978018732186,0.6309775083488876,4.761138166795065e-05,4.7244338450388704e-05,50,0.9383713349081725,0.9360147730970958,5.032813518229453,-3.2082856424349586,5.126885690112044,-0.4919384393900049,2.3686811092063498,0.18645064664313096,0.19349767701812173,0.21126317015775908,50,128.34,116.0,96.69214981959338,57.5,200.75,100.86039510625022,155.81960489374978,1.3273052697603132,1.582877790172494e-12,6.01631348824592e-09,50,0.0,-0.0,0.0,0.0,0.0,0.0,0.0,0.0,1.0,1.0,50,1.08,0.0,10.730159669390398,-7.0,10.0,-1.9694776330016746,4.129477633001675,0.10065087876379729,0.480019701150196,0.48796815370995605,0.9762408613437946,PI,high
condition,zero_compute,bounded_b4_w5,50,50,0,0,50,-0.43859506243968666,-0.09334245250266804,11.8151496421541,-7.054622627775331,5.237060257472251,-3.7964234335401144,2.919233308660741,-0.03712141409321358,0.7940456677263861,0.7684331661508539,50,1.93054589417578,1.9132445445915947,0.26571463397587125,1.7347694636025026,2.0876553623600933,1.855030630839845,2.006061157511715,7.265485778066282,2.7913116647291926e-44,7.556929455863566e-10,50,1.1585576110614646,1.181412557098037,2.5424473848521694,-0.5070277561222616,3.266976070002697,0.43600205997237607,1.881113162150553,0.455685973272886,0.0022633030618438286,0.002901014625048907,50,-113.74,-120.0,193.476340377097,-225.75,7.5,-168.72536747575677,-58.75463252424321,-0.5878754982563444,0.0001291067851180334,0.0001068249182606535,50,0.0,-0.0,0.0,0.0,0.0,0.0,0.0,0.0,1.0,1.0,50,0.6,2.0,17.96936167991711,-8.75,10.75,-4.506836077988928,5.706836077988927,0.03339016770253843,0.8143360061976351,0.600753100956706,0.9762408613437946,PI,low
condition,zero_compute,count_b2,50,50,0,0,50,-4.457702160914814,-3.135281136545075,12.578149971469161,-8.418831945646573,2.0280457419866167,-8.032372826063916,-0.883031495765711,-0.3544004619937079,0.015580942796043148,0.00928012083221018,50,2.0539975499397354,2.018153933976018,0.41347340686181805,1.8606165978184248,2.2883813780043543,1.9364897080328731,2.1715053918465976,4.9676654310834,2.0986986174339775e-36,7.556929455863566e-10,50,0.7320528573887636,0.4052233303764865,2.4967893953232787,-0.9322477618711593,2.9532047984709506,0.02247316333499605,1.441632551442531,0.2931976796921548,0.04343114956177787,0.051758653864323594,50,-172.74,-187.5,212.95614284521167,-312.0,-34.0,-233.26146607560003,-112.21853392439999,-0.8111529336139274,5.961108671395037e-07,3.509325644770605e-06,50,0.0,-0.0,0.0,0.0,0.0,0.0,0.0,0.0,1.0,1.0,50,-3.92,-5.0,22.16527897042432,-17.0,9.75,-10.219302576304667,2.3793025763046662,-0.17685317677393336,0.21704094187240786,0.16006688981567396,0.37394262710503556,PI,low
condition,zero_compute,count_b4,50,50,0,0,50,-1.9161617352349527,-1.0791444318424226,12.114008211786246,-8.092922507989627,3.201136891292549,-5.358924771951207,1.526601301481302,-0.1581773515202537,0.2688143430602468,0.27748171276573774,50,3.8779395697768977,3.9682764267385977,0.8538306946158544,3.2159738257860555,4.352415288147973,3.6352835715601204,4.120595567993675,4.541813259034469,1.4166088462376995e-34,7.556929455863566e-10,50,1.9924570519926241,1.7093695431322562,2.931194779630049,0.553667283940837,3.969994595494345,1.1594207138706465,2.8254933901146018,0.6797422900173477,1.4971226365519954e-05,3.242413897703721e-05,50,-286.78,-271.0,219.23357127846594,-435.5,-130.5,-349.0854914945866,-224.47450850541333,-1.3081025790331078,2.51090047531035e-12,9.773389069003988e-09,50,0.0,-0.0,0.0,0.0,0.0,0.0,0.0,0.0,1.0,1.0,50,-1.68,-2.5,22.965315462360067,-14.0,13.5,-8.20667043129594,4.84667043129594,-0.07315379589509684,0.60729122068422,0.5449192585434695,0.9762408613437946,PI,low
condition,zero_compute,count_b8,50,50,0,0,50,-0.48532993977768457,-2.3084912611047343,13.415691743401615,-7.447801414247607,5.686886979400029,-4.2980273425436115,3.3273674629882426,-0.03617628886086993,0.7991722467959991,0.34660510726369287,50,4.169190018777833,3.972300850236329,0.953123021764949,3.4823916097919034,4.824234706133433,3.898315453447501,4.440064584108165,4.374241229697212,8.210541214747006e-34,7.556929455863566e-10,50,2.570009078464559,2.4198714982734124,2.9306065413451754,0.4099296507488521,4.49132417707391,1.737139915813205,3.4028782411159133,0.8769546652567359,1.1459612078401654e-07,1.1155358793431112e-06,50,-295.92,-271.0,205.37738682826833,-430.5,-162.25,-354.287607449845,-237.55239255015505,-1.4408597001355425,1.0793621486499943e-13,1.864801419609502e-09,50,0.0,-0.0,0.0,0.0,0.0,0.0,0.0,0.0,1.0,1.0,50,-1.92,-6.5,22.47523807505968,-16.0,13.5,-8.30739197905858,4.467391979058581,-0.08542734869316403,0.5485887240813143,0.4512998645280121,0.9762408613437946,PI,low
condition,zero_compute,bounded_b4_w5,50,50,0,0,50,0.42857333620272586,0.2322919767762528,15.079843833241847,-6.673180475609769,12.634055618745357,-3.8570708569411196,4.714217529346572,0.028420276823953795,0.8415603830943496,0.8431293969609626,50,1.5213743791892838,1.534155303664706,0.3153441833010152,1.2952026141489243,1.70774696149661,1.431754554014002,1.6109942043645655,4.824488478790298,8.323947311428219e-36,7.556929455863566e-10,50,1.4279021660980311,1.8568187144107018,3.857911308921505,-1.968714728804466,3.6490997092368938,0.33149590476150115,2.524308427434561,0.37012311890010946,0.011758976671127939,0.022430344415033155,50,97.28,86.5,105.00807354772337,28.25,175.25,67.43703573527816,127.12296426472184,0.9264049583367401,3.296394898666866e-08,4.797396331168138e-07,50,0.0,-0.0,0.0,0.0,0.0,0.0,0.0,0.0,1.0,1.0,50,-0.42,-2.5,10.10170727134371,-7.75,8.75,-3.290873437882692,2.450873437882692,-0.04157713035215803,0.7700037311226812,0.7699160871849322,0.9762408613437946,PI,medium
condition,zero_compute,count_b2,50,50,0,0,50,-0.3121791670343055,-1.7108016447436967,19.186078347567264,-10.901421144274813,11.973501553258302,-5.76480229554438,5.1404439614757695,-0.01627112958568153,0.9088723067582531,0.973047420887899,50,0.819047276982403,0.8346803755285893,0.27170398431735426,0.6833044663426387,0.9929675271088294,0.7418298591151923,0.8962646948496137,3.0144838657417097,1.9490361187009723e-26,8.031090907046915e-10,50,0.7761180342376304,1.3706846279337643,3.8994675219056454,-2.4543869287750724,3.947241281430861,-0.3320983721397879,1.8843344406150486,0.1990317985411368,0.16563056751089525,0.15448740694256521,50,68.84,48.5,132.38107639596794,-25.0,140.25,31.217714410551288,106.46228558944873,0.5200139013380671,0.0005855156997313396,0.0016767462610568077,50,0.0,-0.0,0.0,0.0,0.0,0.0,0.0,0.0,1.0,1.0,50,-0.38,-1.0,11.647702760280104,-7.0,8.0,-3.6902404938717903,2.9302404938717905,-0.03262445890153036,0.8185163206181265,0.7030524391401809,0.9762408613437946,PI,medium
condition,zero_compute,count_b4,50,50,0,0,50,-2.87772383357957,-1.054657074904739,14.367774331888226,-11.98452754635204,4.93593477764378,-6.96100011381016,1.2055524466510197,-0.20029016096060695,0.16302377438632382,0.12129731145171986,50,1.7989454425215679,1.786475284974713,0.48897482449012186,1.483530371047119,2.0901209537042242,1.659980335167461,1.9379105498756748,3.679014444961286,2.4524746869408987e-30,7.556929455863566e-10,50,0.7824611735546199,0.3124232502844464,4.46199527735146,-2.430410374560471,4.248805872887804,-0.48562385183954637,2.050546198948786,0.17536127335819846,0.2208839969737266,0.23319070659441454,50,96.0,94.5,130.7028098006922,40.25,166.75,58.854672498985586,133.1453275010144,0.7344907132936908,3.969115182801772e-06,4.326643210954193e-06,50,0.0,-0.0,0.0,0.0,0.0,0.0,0.0,0.0,1.0,1.0,50,-0.5,0.0,9.871108119669447,-5.75,5.0,-3.305337884182979,2.305337884182979,-0.05065287442285086,0.721754604219922,0.8614200111645076,0.9236010466357697,PI,medium
condition,zero_compute,count_b8,50,50,0,0,50,-0.2547413242311836,-3.5222010318364596,15.840621181955191,-7.452573187139002,8.55934345516198,-4.756596047327698,4.247113398865332,-0.01608152365396956,0.9099295201059723,0.6190876129435576,50,2.266850654970721,2.286126682705197,0.6402074963000215,1.753651229295163,2.7411923068097663,2.0849056978964864,2.4487956120449557,3.54080617311048,1.4077792758859492e-29,7.556929455863566e-10,50,1.0126500597121255,0.8749023608605171,4.2342263926740955,-1.7148113965306768,4.525698009208974,-0.19070376496200314,2.216003884386254,0.2391582229670515,0.09716890659230817,0.12129731145171986,50,91.94,97.5,126.88809307127799,-4.75,165.25,55.8788029966678,128.0011970033322,0.7245754725650555,5.05758856790974e-06,1.3384046665519713e-05,50,0.0,-0.0,0.0,0.0,0.0,0.0,0.0,0.0,1.0,1.0,50,0.4,1.0,9.209577977877826,-4.0,6.0,-2.2173330983171433,3.017333098317143,0.04343304339903884,0.7600550277159586,0.5599400026374549,0.9762408613437946,PI,medium
