dataset,provider,source_campaign,job_id,condition_id,algorithm,arrival_load,policy_id,policy_mode,batch_size,policy_max_pending_age_s,trace_id,trace_number,runtime_seed,scenario_sha256,release_sha256,technical_status,algorithmic_status,trial_status,all_tasks_completed,algorithmic_failure_type,algorithmic_horizon_time_s,hardware_validated,parity_passed,board_id,retained_audited_outcome,trial_summary_sha256,task_events_sha256,allocation_epochs_sha256,mission_elapsed_time_s,mean_release_to_first_assignment_latency_s,median_release_to_first_assignment_latency_s,mean_release_to_completion_latency_s,median_release_to_completion_latency_s,max_release_to_first_assignment_latency_s,max_release_to_completion_latency_s,max_robot_steps,total_team_steps,allocator_call_count,allocation_epoch_count,arrival_induced_trigger_count,mandatory_trigger_count,mandatory_reallocation_trigger_count,timeout_trigger_count,batch_threshold_trigger_count,piggybacked_admission_epoch_count,mean_pending_queue_depth,max_pending_queue_depth,mean_pending_age_s,max_pending_age_s,agx_allocator_processor_work_s,rp2040_allocator_processor_work_s,cumulative_allocator_time_s,allocator_time_per_completed_task_s,processor_capacity_fraction,host_program_runtime_s,historical_validation_message
arrival_verification,agx_host_proxy,arrival_trace_0,ACBBA__high__count_b4__trace_0000,ACBBA__high__count_b4,ACBBA,high,count_b4,count,4,,trace_0000,0,6173009043561456367,0cf5e7f7c35f047de89df247dee044702e9af1f9d02ad4cc48f04828f46d22c1,c46d89dd23ecd7fbf2b588e35106b598d56e57256428bda3d13e3e2dd809f8bf,completed,completed,completed,True,,,False,,,False,8886f6f7afd9f7e1139659cf609c8261c5e36d2ab0e5b52606c059f352f78034,f04e399552d34094ae96be42bad62f64d6cca8268bb94a3cb676f6507c74895e,bc15c99de949bc6758ef45f8e77a8bec7a038ece6a038cdfcb659980a84cfce1,95.58777090583439,10.209965743601591,1.6547633897559715,32.90520502448426,27.186729657298773,58.64204984948935,92.10536375282385,54.0,195.0,255.0,57.0,5.0,52.0,51.0,0.0,4.0,12.0,1.6578947368421053,4.0,0.5176018462172476,4.472051384235922,0.449313725,0.44930400000000004,0.44930400000000004,0.00898608,0.0011751084781614462,5.039542254060507,
arrival_verification,agx_host_proxy,arrival_trace_0,ACBBA__high__eager_b1__trace_0000,ACBBA__high__eager_b1,ACBBA,high,eager_b1,eager,1,,trace_0000,0,6173009043561456367,0cf5e7f7c35f047de89df247dee044702e9af1f9d02ad4cc48f04828f46d22c1,c46d89dd23ecd7fbf2b588e35106b598d56e57256428bda3d13e3e2dd809f8bf,completed,completed,completed,True,,,False,,,False,834bb1c985afc51af1817e1471c2f2498bceb1799e73abfc13946b7af003ee66,6883ad7295b763ba29dd3161be6c1676ad655d57c794690a0d57d764f9117ff1,30180825f326bc69acd554a6e741bfc0d5f20c17d8603b16ea278a3f43dafe7e,106.35242606750982,11.717377237174741,1.5845555994098415,31.92599643726445,29.315250145245287,55.49629556500071,91.92511574400596,58.0,195.0,443.0,100.0,42.0,58.0,57.0,0.0,0.0,0.0,0.6666666666666666,1.0,0.0,0.0,0.582662833,0.582651,0.582651,0.01165302,0.001369623198887226,7.45123328268528,
arrival_verification,agx_host_proxy,arrival_trace_0,ACBBA__low__count_b4__trace_0000,ACBBA__low__count_b4,ACBBA,low,count_b4,count,4,,trace_0000,0,6173009043561456367,0cf5e7f7c35f047de89df247dee044702e9af1f9d02ad4cc48f04828f46d22c1,1b2576e5f784366238fa1ffcc81b6fdf5015e83fe2aaad4dc018c6b77019a51b,completed,completed,completed,True,,,False,,,False,e4028e11d3f568e30ffac0371698f17d7067095ccce49181dc9224f8ace26626,9837aceb1bb703d7abcf9495d5acc4b0d81727330d420ac8dc0658f1adad795a,a9805944be3a597aa66b18495684e6a4858b949fb6e9c3280ce969eb13d98cec,656.5783301832626,3.079476420892152,1.838058131461878,20.969758524356617,17.53669517586423,13.874340163710485,75.28676392739632,172.0,487.0,2483.0,64.0,1.0,63.0,62.0,0.0,0.0,31.0,0.9056603773584906,3.0,1.491733845259866,13.873956163710432,0.96904221,0.969052,0.969052,0.019381040000000002,0.000368978062270773,33.10776473907754,
arrival_verification,agx_host_proxy,arrival_trace_0,ACBBA__low__eager_b1__trace_0000,ACBBA__low__eager_b1,ACBBA,low,eager_b1,eager,1,,trace_0000,0,6173009043561456367,0cf5e7f7c35f047de89df247dee044702e9af1f9d02ad4cc48f04828f46d22c1,1b2576e5f784366238fa1ffcc81b6fdf5015e83fe2aaad4dc018c6b77019a51b,completed,completed,completed,True,,,False,,,False,6f5474a09904f29fdb5b771c5d8fba81db6720d6cf575036ef5f2eefb5ceebc9,47fd848ca9e72f2186ced9102fed09bb22194a2c9d2398dc6cf7002233bf89f6,7b5f3575ddae0b0beef47b9129675b8c231258e9d76c3f68ee219b4840ed8653,661.0110773974819,0.12562815213413406,0.0004615000000001146,17.512585216643025,15.515320125202095,1.7272564992439496,57.88047380730241,150.0,528.0,2107.0,101.0,42.0,59.0,58.0,0.0,0.0,0.0,0.6666666666666666,1.0,0.0,0.0,0.8402524659999999,0.840259,0.840259,0.01680518,0.00031779308574836937,28.7590947272256,
arrival_verification,agx_host_proxy,arrival_trace_0,ACBBA__medium__count_b4__trace_0000,ACBBA__medium__count_b4,ACBBA,medium,count_b4,count,4,,trace_0000,0,6173009043561456367,0cf5e7f7c35f047de89df247dee044702e9af1f9d02ad4cc48f04828f46d22c1,ee84143a056e0057f0f46da7f08e1b6034ec2d9a0fa9c79a750290da99d22de4,completed,completed,completed,True,,,False,,,False,b3c65d89a58239377cb1a4613333792a90b326915d6b9eefe63653e105878755,807b95d7df3d08d6e2ef05d447d679a5ce4964cc898b9b786a4d8f9532e1d18a,43f011efab1a5ea632bfdae3552d12fc6a47c54d6ad6975bdbaadd9cd89dbcf1,189.675606029394,2.3824038173136883,1.5058570989605613,22.656584367252716,18.21171574493889,9.746857266002934,77.95589624076338,84.0,327.0,563.0,59.0,4.0,55.0,54.0,0.0,3.0,19.0,1.3068181818181819,4.0,1.0989103020603732,8.524102202943624,0.340951123,0.340935,0.340935,0.0068187,0.0004493659031029606,7.633146844338626,
arrival_verification,agx_host_proxy,arrival_trace_0,ACBBA__medium__eager_b1__trace_0000,ACBBA__medium__eager_b1,ACBBA,medium,eager_b1,eager,1,,trace_0000,0,6173009043561456367,0cf5e7f7c35f047de89df247dee044702e9af1f9d02ad4cc48f04828f46d22c1,ee84143a056e0057f0f46da7f08e1b6034ec2d9a0fa9c79a750290da99d22de4,completed,completed,completed,True,,,False,,,False,1ebb5cf54e98cf45acb5d9f3d76fa5134b3a87b0f07bb64e23cad960e7db02e7,87893d2a4043fc1d91af960255e758c5699ecd73b140bb16661e173e4fbc8fda,b5810fcb76674f66a14df20a7b3b7b2ae5d5e49882d0fc70300743c27e39d0b6,198.79124253865803,0.6561254596598001,0.10936045654970883,26.007404795879854,18.909016290799617,9.568935174070203,108.03052329446261,111.0,370.0,631.0,98.0,42.0,56.0,55.0,0.0,0.0,0.0,0.6666666666666666,1.0,0.0,0.0,0.46187851399999996,0.461873,0.461873,0.00923746,0.0005808517947039111,9.92938694730401,
arrival_verification,agx_host_proxy,arrival_trace_0,CBAA__high__count_b4__trace_0000,CBAA__high__count_b4,CBAA,high,count_b4,count,4,,trace_0000,0,6173009043561456367,0cf5e7f7c35f047de89df247dee044702e9af1f9d02ad4cc48f04828f46d22c1,c46d89dd23ecd7fbf2b588e35106b598d56e57256428bda3d13e3e2dd809f8bf,completed,completed,completed,True,,,False,,,False,6a1760a8c0ec975e0e7c4954a393c891e3c01ed6f54a349d2e23a768688ea672,ec0b0f3df5edf131bdc8ef8e9e1419b17329ebbf988d53d9cd0b87f7c529ea5f,adf711f0b32440d79f7f338363b0949b6d824c002c377495b5c4d6b044daefba,93.70454358485179,22.86981398354386,17.42291179382135,31.216427203306864,30.943842969393245,70.10309650473096,77.53282615290368,52.0,202.0,215.0,58.0,4.0,54.0,53.0,0.0,3.0,17.0,1.4166666666666667,4.0,0.42728844749453154,2.7612753253911926,0.107639165,0.10763500000000001,0.10763500000000001,0.0021527,0.00028716590434735387,2.879185675177723,
arrival_verification,agx_host_proxy,arrival_trace_0,CBAA__high__eager_b1__trace_0000,CBAA__high__eager_b1,CBAA,high,eager_b1,eager,1,,trace_0000,0,6173009043561456367,0cf5e7f7c35f047de89df247dee044702e9af1f9d02ad4cc48f04828f46d22c1,c46d89dd23ecd7fbf2b588e35106b598d56e57256428bda3d13e3e2dd809f8bf,completed,completed,completed,True,,,False,,,False,48f25360010ab31681d80dce523054fc0f5450a1bd071eea88fc7d3265016d36,d57859b2ec35aff485ddf72b7946ef898059fefe9a4efa44bb2c96cbec3ab06a,fc1d25b82a772c17a9159c40e75764ca972c35b656a7666ceec7798b59f2c2f6,90.25042812695712,21.895509940495717,16.664550679589937,30.263274343641392,30.187074577377487,69.68840361233181,77.11786726050453,50.0,192.0,323.0,100.0,42.0,58.0,57.0,0.0,0.0,0.0,0.6666666666666666,1.0,0.0,0.0,0.132514673,0.13251,0.13251,0.0026501999999999997,0.0003670619706468192,3.8154548751190305,
arrival_verification,agx_host_proxy,arrival_trace_0,CBAA__low__count_b4__trace_0000,CBAA__low__count_b4,CBAA,low,count_b4,count,4,,trace_0000,0,6173009043561456367,0cf5e7f7c35f047de89df247dee044702e9af1f9d02ad4cc48f04828f46d22c1,1b2576e5f784366238fa1ffcc81b6fdf5015e83fe2aaad4dc018c6b77019a51b,completed,completed,completed,True,,,False,,,False,1a5211703180239018efc4b0caa8ba0e875fce738b1934330eeb6cc73543e308,6d838b00721944d7659f94ea59211efcd98ed264d1b0031e3da5d9f57df12d80,9d30e18613c960756c518e2a45d245fe5e2d442fea438ae8679564213c3f3e87,643.5048245850369,5.135580564752913,2.313623361932482,18.419012320178197,17.313087054458435,34.83975573925201,49.47688037141731,122.0,433.0,2221.0,68.0,1.0,67.0,66.0,0.0,0.0,32.0,0.8703703703703703,3.0,1.1474726424978359,16.238861433611078,0.6841439,0.6841389999999999,0.6841389999999999,0.013682779999999999,0.0002657862745788914,27.42114939307794,
arrival_verification,agx_host_proxy,arrival_trace_0,CBAA__low__eager_b1__trace_0000,CBAA__low__eager_b1,CBAA,low,eager_b1,eager,1,,trace_0000,0,6173009043561456367,0cf5e7f7c35f047de89df247dee044702e9af1f9d02ad4cc48f04828f46d22c1,1b2576e5f784366238fa1ffcc81b6fdf5015e83fe2aaad4dc018c6b77019a51b,completed,completed,completed,True,,,False,,,False,35c106e90ffddcd4bb6812a9e46316051e6a5559667257b7676b63f6d1d74733,3738d5af9f9038de7f7de363c5a165650cf9556552a754db534c884a7c91285f,776865344f699b2f5108dbdc5dadd151bca6b7c1c6cc179f72d34c21279c2e0a,660.7199488179828,2.4665343789365997,0.00030750000000523414,17.008621842708635,15.56179002886383,34.840975739252,56.54818457116208,142.0,496.0,2082.0,96.0,42.0,54.0,53.0,0.0,0.0,0.0,0.6666666666666666,1.0,0.0,0.0,0.6087914,0.6087859999999999,0.6087859999999999,0.01217572,0.00023034948509164442,25.252750070299953,
arrival_verification,agx_host_proxy,arrival_trace_0,CBAA__medium__count_b4__trace_0000,CBAA__medium__count_b4,CBAA,medium,count_b4,count,4,,trace_0000,0,6173009043561456367,0cf5e7f7c35f047de89df247dee044702e9af1f9d02ad4cc48f04828f46d22c1,ee84143a056e0057f0f46da7f08e1b6034ec2d9a0fa9c79a750290da99d22de4,completed,completed,completed,True,,,False,,,False,dba1d5110fca8f39ec7946852954725fc32ccc6c763e297df5b7192c38017f63,9c96a6d8bb7c5e846abbfbde6594933ff92ca18ee36f4a7446f02a57935b9b20,082f5ab90f388da2c66485aaea167e90b41509323d99f1b256edd806d52a72fe,196.01578128055573,8.876509609007007,5.217213763420091,21.903603198899557,19.71887475743562,63.777786244856316,67.7765430313719,100.0,351.0,1845.0,1365.0,5.0,1360.0,1359.0,0.0,4.0,17.0,1.372093023255814,4.0,1.4841140823382264,13.78508633490587,0.255659293,0.255652,0.255652,0.00511304,0.0003260604813676806,20.17584655387327,
arrival_verification,agx_host_proxy,arrival_trace_0,CBAA__medium__eager_b1__trace_0000,CBAA__medium__eager_b1,CBAA,medium,eager_b1,eager,1,,trace_0000,0,6173009043561456367,0cf5e7f7c35f047de89df247dee044702e9af1f9d02ad4cc48f04828f46d22c1,ee84143a056e0057f0f46da7f08e1b6034ec2d9a0fa9c79a750290da99d22de4,completed,completed,completed,True,,,False,,,False,ab059e7fd3369335e934400deeb7f6dd62f24cd2e4e28c08e2b21159e380c7d6,f84157db8000ad46f08d6799af33d27e43b7140985500c9888442310a7dd2ac3,3e6ca37872621d5bc092fba0d536528ce6c79fc17d1460ca494529551ded43b8,191.9856329529824,7.8798182079937895,1.237710374581098,24.445219699113306,17.798194484893045,59.60650222934046,122.45719461445248,108.0,382.0,498.0,99.0,42.0,57.0,56.0,0.0,0.0,0.0,0.6666666666666666,1.0,0.0,0.0,0.163194065,0.163195,0.163195,0.0032639,0.00021250939131467033,6.497523033991456,
arrival_verification,agx_host_proxy,arrival_trace_0,HIPC__high__count_b4__trace_0000,HIPC__high__count_b4,HIPC,high,count_b4,count,4,,trace_0000,0,6173009043561456367,0cf5e7f7c35f047de89df247dee044702e9af1f9d02ad4cc48f04828f46d22c1,c46d89dd23ecd7fbf2b588e35106b598d56e57256428bda3d13e3e2dd809f8bf,completed,completed,completed,True,,,False,,,False,0f7e76009ea7c6492b59900f855b156283142c88128a08a366949a11305b14a7,13d7b02a5737b18734172bca5c3cedb93ace27759bcf5893094dec9716936335,490b0358e85cea43018bccd6a687863df9dedeaf568b274d6ca2354983fbb3f6,103.66632483393687,6.056278610678928,1.5091960667657844,33.269783845130135,30.591464536147143,41.93904332062836,103.66632483393687,56.0,195.0,283.0,56.0,6.0,50.0,49.0,0.0,5.0,12.0,1.6025641025641026,4.0,0.5439576362589474,4.501227384235921,1.264498459,1.26449,1.26449,0.025289799999999998,0.0030494232385145006,5.471044903155416,
arrival_verification,agx_host_proxy,arrival_trace_0,HIPC__high__eager_b1__trace_0000,HIPC__high__eager_b1,HIPC,high,eager_b1,eager,1,,trace_0000,0,6173009043561456367,0cf5e7f7c35f047de89df247dee044702e9af1f9d02ad4cc48f04828f46d22c1,c46d89dd23ecd7fbf2b588e35106b598d56e57256428bda3d13e3e2dd809f8bf,completed,completed,completed,True,,,False,,,False,65c61e88ea7cc71d865e2b5272fd25ebc05e37709add32f520fab0d32b4b1a15,7da640e32d7698161ac33e902ef134fd395670f76679c1c4d62074995a7ce2c3,9da1280a45868decdc1fb2c5e8957ed7cec576448b3b2112066ebe6c95118250,131.8672627867002,6.191868139768807,1.0982320589803813,33.147638213296986,28.63652300563742,45.05465477353164,131.8672627867002,72.0,224.0,521.0,92.0,42.0,50.0,49.0,0.0,0.0,0.0,0.6666666666666666,1.0,0.0,0.0,2.2353643279999997,2.235378,2.235378,0.04470756,0.004237932055236105,9.689248923677951,
arrival_verification,agx_host_proxy,arrival_trace_0,HIPC__low__count_b4__trace_0000,HIPC__low__count_b4,HIPC,low,count_b4,count,4,,trace_0000,0,6173009043561456367,0cf5e7f7c35f047de89df247dee044702e9af1f9d02ad4cc48f04828f46d22c1,1b2576e5f784366238fa1ffcc81b6fdf5015e83fe2aaad4dc018c6b77019a51b,completed,completed,completed,True,,,False,,,False,4c4a76182d7ca763865884c50db2381f2f18ee3e316817c5f82ce55c38d98e63,2f5c8811f23a52fe12f76135cef56008509f813457ae103263fc6fa429e0337c,0599d6c111d80bcc12d56178839f185065fed4281b9d89604acc4853e69c6035,632.8105577304684,4.051031685834034,1.7301830349700253,20.60102149786621,18.68448824682799,22.61536116086745,46.09433685406776,144.0,362.0,2600.0,64.0,1.0,63.0,62.0,0.0,0.0,30.0,0.9326923076923077,3.0,1.9668978380680058,22.614712160867498,1.1897125899999998,1.189725,1.189725,0.0237945,0.00047001625741946646,30.587020074017346,
arrival_verification,agx_host_proxy,arrival_trace_0,HIPC__low__eager_b1__trace_0000,HIPC__low__eager_b1,HIPC,low,eager_b1,eager,1,,trace_0000,0,6173009043561456367,0cf5e7f7c35f047de89df247dee044702e9af1f9d02ad4cc48f04828f46d22c1,1b2576e5f784366238fa1ffcc81b6fdf5015e83fe2aaad4dc018c6b77019a51b,completed,completed,completed,True,,,False,,,False,3b26f2c30a1b7b707752b8ccd33208ca1a5ee0a02c31fcd506ae759e47d9d866,6341ef0528cfd2a005b281e37509ed621442c2cd7f64bfe361c39d1fe22b99f2,47f2c40d74bf92701e0a3811851c01d6781bbb5db66a01d8e8de6baf2dc3e624,639.5416186968216,0.12993893159812867,0.0005395000000163463,17.335049004920737,15.88271802280473,1.1297993282568264,70.51030263944502,139.0,414.0,2128.0,92.0,42.0,50.0,49.0,0.0,0.0,0.0,0.6666666666666666,1.0,0.0,0.0,0.928957122,0.928952,0.928952,0.01857904,0.0003631319576562128,26.50880841491744,
arrival_verification,agx_host_proxy,arrival_trace_0,HIPC__medium__count_b4__trace_0000,HIPC__medium__count_b4,HIPC,medium,count_b4,count,4,,trace_0000,0,6173009043561456367,0cf5e7f7c35f047de89df247dee044702e9af1f9d02ad4cc48f04828f46d22c1,ee84143a056e0057f0f46da7f08e1b6034ec2d9a0fa9c79a750290da99d22de4,completed,completed,completed,True,,,False,,,False,49e3fd49028d4b645c82ce549e9b410bbba1ee3eba6f0e036b4fe1d4a7a6bd5a,cca316c4b05cd863ee238089e2ef259c7f12557a6128e92f41c4cd932d0365b4,5a3770edecee1f5b22e567e9a3fad6fe2fa467d37bf31e3e04ff55eecabfab56,202.00317755819512,2.3790303024929425,1.4222832430508063,28.806088249195234,21.652677770769124,13.867046059359028,91.1279005630686,101.0,343.0,587.0,54.0,4.0,50.0,49.0,0.0,3.0,18.0,1.3372093023255813,4.0,1.2193306595139481,6.154212010816025,0.430424374,0.430426,0.430426,0.00860852,0.0005326970659607551,7.881363936699927,
arrival_verification,agx_host_proxy,arrival_trace_0,HIPC__medium__eager_b1__trace_0000,HIPC__medium__eager_b1,HIPC,medium,eager_b1,eager,1,,trace_0000,0,6173009043561456367,0cf5e7f7c35f047de89df247dee044702e9af1f9d02ad4cc48f04828f46d22c1,ee84143a056e0057f0f46da7f08e1b6034ec2d9a0fa9c79a750290da99d22de4,completed,completed,completed,True,,,False,,,False,d746934784611b670c7983c4bf74596334aa37a1b11436ea9e2b89c3e383483f,b9a98ca713a844532613d6d27b371bb33c7b276bd9120c5794db23721f472c0d,482efd8644c20e46170956936e4539a762747ea94c94d6c8c0e79e0d9f8cdcba,203.82971566756615,0.3981040031504551,0.03864039164541507,22.594046236075204,15.808617105826336,1.9013372130564612,64.56586883116958,97.0,315.0,785.0,92.0,42.0,50.0,49.0,0.0,0.0,0.0,0.6666666666666666,1.0,0.0,0.0,0.6314347880000001,0.6314449999999999,0.6314449999999999,0.012628899999999998,0.0007744761330946567,10.3406784478575,
arrival_verification,agx_host_proxy,arrival_trace_0,PI__high__count_b4__trace_0000,PI__high__count_b4,PI,high,count_b4,count,4,,trace_0000,0,6173009043561456367,0cf5e7f7c35f047de89df247dee044702e9af1f9d02ad4cc48f04828f46d22c1,c46d89dd23ecd7fbf2b588e35106b598d56e57256428bda3d13e3e2dd809f8bf,completed,completed,completed,True,,,False,,,False,54b1754e8701809cadf9efcd1d99bffd2ed33da89c199480fbd4a4d3bdb59f90,6bbe70e4b3afdcc9336fb1f34320bfb39806e3141bfabf706199f3a448e3a843,14d84c286a4e7e3ed3c50faa6c8355bc5fdb9c9e53ba4a8b0318c1b1d83e1b2e,98.13101280162701,7.161288143656074,1.6128039509361145,29.3874313852012,28.427540479852,38.42939601402634,94.06780932509476,54.0,194.0,248.0,55.0,4.0,51.0,50.0,0.0,3.0,13.0,1.644736842105263,4.0,0.5729565849712545,6.947606925240272,0.753203115,0.753202,0.753202,0.01506404,0.0019188684048400853,3.8254124373197556,
arrival_verification,agx_host_proxy,arrival_trace_0,PI__high__eager_b1__trace_0000,PI__high__eager_b1,PI,high,eager_b1,eager,1,,trace_0000,0,6173009043561456367,0cf5e7f7c35f047de89df247dee044702e9af1f9d02ad4cc48f04828f46d22c1,c46d89dd23ecd7fbf2b588e35106b598d56e57256428bda3d13e3e2dd809f8bf,completed,completed,completed,True,,,False,,,False,7c67b471bc790a5f27d77d3d4b1018a2bb51af3bc69511294d78762fc5ec2be9,2bf8d5a97851063278b013339affcaaf308bde0266734cd54dbc9f48c7e0ffaf,45a3922020c9f851fdf77595a1b52f8d8ca9bc92ab7152f751e4fdaaabefd48e,120.40010055358546,8.777680372792277,1.4490434060605546,41.72931781192297,29.310366774350854,53.416982367988034,116.57284505178256,66.0,234.0,402.0,94.0,42.0,52.0,51.0,0.0,0.0,0.0,0.6666666666666666,1.0,0.0,0.0,1.344382223,1.344381,1.344381,0.02688762,0.0027914864560301335,6.890416883863509,
arrival_verification,agx_host_proxy,arrival_trace_0,PI__low__count_b4__trace_0000,PI__low__count_b4,PI,low,count_b4,count,4,,trace_0000,0,6173009043561456367,0cf5e7f7c35f047de89df247dee044702e9af1f9d02ad4cc48f04828f46d22c1,1b2576e5f784366238fa1ffcc81b6fdf5015e83fe2aaad4dc018c6b77019a51b,completed,completed,completed,True,,,False,,,False,db4170d1cccd08cd1495a8e85529b3b93cef5f5323210ab752b6b953c1046616,492d208420146ab8beaf8a77f13a3f0d63dcab9a4875fe7fbf5bb53e11277207,17bc2f6c0ef2e85ec48e477ec5908abbf4dfaddaf934f8deeaf2e658a5d368aa,646.8353317523035,2.9111456859383646,0.642656115915397,17.831525475178427,15.84035377001564,13.487498224964611,43.98231380875478,119.0,413.0,2285.0,141.0,1.0,140.0,139.0,0.0,0.0,33.0,0.8363636363636363,2.0,1.4826476306831786,13.4866022249646,1.691296315,1.691318,1.691318,0.03382636,0.0006536895547349547,27.095638970378786,
arrival_verification,agx_host_proxy,arrival_trace_0,PI__low__eager_b1__trace_0000,PI__low__eager_b1,PI,low,eager_b1,eager,1,,trace_0000,0,6173009043561456367,0cf5e7f7c35f047de89df247dee044702e9af1f9d02ad4cc48f04828f46d22c1,1b2576e5f784366238fa1ffcc81b6fdf5015e83fe2aaad4dc018c6b77019a51b,completed,completed,completed,True,,,False,,,False,3ea8ee5c36499b9043941f439c1df4697aa0fded1c1c48cb402136c290884c77,23e03b786559c0b9c49aed605e5532dc49a15da3de4ec92ab60eea018501f3f9,29a71836838368d46b120e9c8272b12ccf88475151bfb659657936c1c835c345,630.2848175130337,0.06300555868122246,0.0014169999999893435,18.771722716955097,18.495559803391927,1.3180667471875367,43.30777177362731,147.0,474.0,2331.0,277.0,42.0,235.0,234.0,0.0,0.0,0.0,0.6666666666666666,1.0,0.0,0.0,1.775696866,1.775692,1.775692,0.03551384,0.0007043212650300277,28.930137819144875,
arrival_verification,agx_host_proxy,arrival_trace_0,PI__medium__count_b4__trace_0000,PI__medium__count_b4,PI,medium,count_b4,count,4,,trace_0000,0,6173009043561456367,0cf5e7f7c35f047de89df247dee044702e9af1f9d02ad4cc48f04828f46d22c1,ee84143a056e0057f0f46da7f08e1b6034ec2d9a0fa9c79a750290da99d22de4,completed,completed,completed,True,,,False,,,False,88fdb73bb78dccad01849c685c5827a834fc89ddaf2e4d8060c031ebfff69914,00fc11587f3e756f69cd861ade39f771a0d75e7359afa079d65104702efb5816,2610a325a082213712e2165b44305bdd195990f8e221ec204a22d43c4dce1116,204.0909034266033,2.189823734280975,1.8802652455692268,32.20647929386198,27.975757241080444,8.809582777970874,150.4290257183027,107.0,369.0,517.0,57.0,5.0,52.0,51.0,0.0,4.0,17.0,1.372093023255814,4.0,1.430625276520303,8.80736877797088,0.7454972830000001,0.745503,0.745503,0.014910060000000001,0.0009131996912690715,7.2410812536254525,
arrival_verification,agx_host_proxy,arrival_trace_0,PI__medium__eager_b1__trace_0000,PI__medium__eager_b1,PI,medium,eager_b1,eager,1,,trace_0000,0,6173009043561456367,0cf5e7f7c35f047de89df247dee044702e9af1f9d02ad4cc48f04828f46d22c1,ee84143a056e0057f0f46da7f08e1b6034ec2d9a0fa9c79a750290da99d22de4,completed,completed,completed,True,,,False,,,False,d507ca251ad2fc6b8998cfb85e43c9399e57308aeec1d8bf68eba29c0344a03d,2c0e820b580345de0dbc92ddecc13aa44f88261701fb1dc8f08c6540004683dc,e302ce844ab0110b69a322f87c1ba8b36cf2e0cd203df09fe55a4d16d0a8b464,205.84397163624067,0.4307923810407333,0.1478466255154549,30.682635657663006,21.306231667541887,1.8047192130564582,127.10650210224067,106.0,387.0,570.0,94.0,42.0,52.0,51.0,0.0,0.0,0.0,0.6666666666666666,1.0,0.0,0.0,0.90196197,0.9019780000000001,0.9019780000000001,0.01803956,0.0010954632200669203,8.230805440805852,
arrival_verification,agx_host_proxy,arrival_traces_1_2,ACBBA__high__count_b4__trace_0001,ACBBA__high__count_b4,ACBBA,high,count_b4,count,4,,trace_0001,1,5235383566147383851,8e04d06f759a8bfd35ccc1db1e32bd3815f687eabaff8ca3b867dff199053bb7,ecbe25c6871aa05bece28f3a2e374e264a50c6356533b2780e4096095eeb88a9,completed,completed,completed,True,,,False,,,False,d7b40a75da1f153b37b24f50c4481499884bd889014ba995c99c27aa21f3d928,597bcefb7a93e7d096a86f35de15bd21271fe71fb2dad7c09a599489128437d2,7a19d68e016816df7c181c89e5eb4956db3d73194838b25cce71ea778092f6b2,106.89367725686071,6.356313109927251,1.870279774337086,33.15623805582724,25.725135733048003,39.3578177260173,104.24397829686072,61.0,238.0,227.0,63.0,7.0,56.0,55.0,0.0,6.0,11.0,1.6282051282051282,4.0,0.6966662886054098,6.417104946,0.40198683599999996,0.40198900000000004,0.40198900000000004,0.008039780000000002,0.0009401608456083855,4.915553682949394,
arrival_verification,agx_host_proxy,arrival_traces_1_2,ACBBA__high__count_b4__trace_0002,ACBBA__high__count_b4,ACBBA,high,count_b4,count,4,,trace_0002,2,10850256728946054170,9ee59ab3251ac38228755c261b38f7f7e5f150bb6ad1fe1c0572ca65df63e684,a8b6ac32dbfb5115a6dd3d720906b26dd6ce59d58ad388149cac1fd8ba98d89e,completed,completed,completed,True,,,False,,,False,7213d79a1ed9a4f19eb45a0b923d5c91e9d397778941c2b36fffb8568e842385,9d232380385a20d8cd9f7fa9ba6bc31b45e4559fd11a2fa07574b471e4bc34fa,1d00601eb903d501c20fdd30a11e2e37fab80b5aa4f1605f0a5640e08bdd91e7,101.36166851050581,13.444213728142614,1.9860320137697907,35.706551721643585,31.702600000032326,64.10152097915426,97.82818038375052,57.0,202.0,290.0,61.0,7.0,54.0,53.0,0.0,6.0,10.0,1.6842105263157894,4.0,0.4611747315178216,3.3304090386061946,0.532284256,0.5322859999999999,0.5322859999999999,0.01064572,0.0013128384916651955,6.1637517074123025,
arrival_verification,agx_host_proxy,arrival_traces_1_2,ACBBA__high__eager_b1__trace_0001,ACBBA__high__eager_b1,ACBBA,high,eager_b1,eager,1,,trace_0001,1,5235383566147383851,8e04d06f759a8bfd35ccc1db1e32bd3815f687eabaff8ca3b867dff199053bb7,ecbe25c6871aa05bece28f3a2e374e264a50c6356533b2780e4096095eeb88a9,completed,completed,completed,True,,,False,,,False,2a906e47ba7cfa6181c7726b6affd9b78e4f3ff1a20cb0729f0de34cc12e8468,8716ca986b98635807bda779d10f8ebe1c90a27308fec75a470e7647e6040ac3,fa03d423dcc6e55f1f593f27e4e62c74cb31140edce4e18ae6e67ba864f7bbf5,106.00387981364395,12.442529185807023,1.1485126158786514,40.9751914640813,36.313893302501086,69.89237547624305,106.00387981364395,60.0,230.0,350.0,96.0,42.0,54.0,53.0,0.0,0.0,0.0,0.6666666666666666,1.0,0.0,0.0,0.699876396,0.6998770000000001,0.6998770000000001,0.013997540000000001,0.0016505928868603488,6.637688792776316,
arrival_verification,agx_host_proxy,arrival_traces_1_2,ACBBA__high__eager_b1__trace_0002,ACBBA__high__eager_b1,ACBBA,high,eager_b1,eager,1,,trace_0002,2,10850256728946054170,9ee59ab3251ac38228755c261b38f7f7e5f150bb6ad1fe1c0572ca65df63e684,a8b6ac32dbfb5115a6dd3d720906b26dd6ce59d58ad388149cac1fd8ba98d89e,completed,completed,completed,True,,,False,,,False,d841004d6ec3d6da30aa904b7e55c936bb306eba8e9c24db3577d9f5f15215ef,183ab0e656867ffa6f1363cd773ab31f594dda8a6e09fe3f6c505dd69be2f17e,3e90e5bbc99a29882860f13bd3fd38929b50dba2d025d90a7d30a4567aadcec6,95.63676710147033,14.005504555326882,1.536676418999057,35.62331565874292,30.847906768865556,59.20848377846169,86.45014765256893,53.0,195.0,376.0,92.0,42.0,50.0,49.0,0.0,0.0,0.0,0.6666666666666666,1.0,0.0,0.0,0.6203917250000001,0.620392,0.620392,0.012407840000000002,0.0016217403065856618,6.7861040430143476,
arrival_verification,agx_host_proxy,arrival_traces_1_2,ACBBA__low__count_b4__trace_0001,ACBBA__low__count_b4,ACBBA,low,count_b4,count,4,,trace_0001,1,5235383566147383851,8e04d06f759a8bfd35ccc1db1e32bd3815f687eabaff8ca3b867dff199053bb7,d0c308df8bbbc8fb4fdd5bb199aa0a1303d5a8c397acf47f5bab0774313be04a,completed,completed,completed,True,,,False,,,False,943c6815db05bbc3126d5427425d9c7103294b1463a541ff1decf1c99a7edfaf,a593e86bd8c7edf14787ff632a2e4add210efd3cf8a68876c484e3cf5bfbd022,e2605d09f1e0dc5d8d56f05c265beb1b69326c0b89b7832e4a1e16589b3a3db0,587.9827243699557,3.732415693008351,2.0728628738291857,20.573429130431197,17.4190383792579,21.230559260534793,57.04866349801325,126.0,445.0,2193.0,63.0,1.0,62.0,61.0,0.0,0.0,34.0,0.8303571428571429,3.0,1.5551383735921356,21.112532689482634,0.839396631,0.839406,0.839406,0.01678812,0.0003569007919830694,26.8674177210778,
arrival_verification,agx_host_proxy,arrival_traces_1_2,ACBBA__low__count_b4__trace_0002,ACBBA__low__count_b4,ACBBA,low,count_b4,count,4,,trace_0002,2,10850256728946054170,9ee59ab3251ac38228755c261b38f7f7e5f150bb6ad1fe1c0572ca65df63e684,8db92b4f8c31b7ea8f291fb8c9e0b6da7b55e90ee54cad7878fdfc8fb3db8141,completed,completed,completed,True,,,False,,,False,6b1f430d6e962b2cb7e082e3240089a756143c80d8b519287de2aca690c7097f,b8cfabb54f456c389cc8be257d3824acb3ae234675513e48de360bb35c4c87d3,21a7664554d7151eb70b7fd2c8228835f35e4eb7b088535e7d3f201eb4379586,529.2109482462781,3.546962628708001,2.0623733547456577,18.033583227328677,16.21447062665667,21.813352195402615,48.73493220694701,130.0,429.0,1890.0,65.0,2.0,63.0,62.0,0.0,1.0,30.0,0.9245283018867925,4.0,1.8289676943268784,21.81273119540262,0.7500593870000001,0.75005,0.75005,0.015001,0.00035432468020812295,23.066144206095487,
arrival_verification,agx_host_proxy,arrival_traces_1_2,ACBBA__low__eager_b1__trace_0001,ACBBA__low__eager_b1,ACBBA,low,eager_b1,eager,1,,trace_0001,1,5235383566147383851,8e04d06f759a8bfd35ccc1db1e32bd3815f687eabaff8ca3b867dff199053bb7,d0c308df8bbbc8fb4fdd5bb199aa0a1303d5a8c397acf47f5bab0774313be04a,completed,completed,completed,True,,,False,,,False,f3c5cce004ce014362ff3f71c20296419b77b8e5c89ed9e58f71e6eeff49af0c,91025d7a761e2acfe2a9ee4092cb761c0c0e99aec74bf435ea6b62d53584a126,71582b6bd7d64638dede8a5e2788978fc0ffa45f504ee69e4e81f76ae24294b0,583.7240124091143,0.07990875749176309,0.0004475000000070395,16.722723662852186,13.213173086160964,1.7375600027609353,47.111357815080396,130.0,500.0,1821.0,96.0,42.0,54.0,53.0,0.0,0.0,0.0,0.6666666666666666,1.0,0.0,0.0,0.708902797,0.708916,0.708916,0.01417832,0.00030361779922081676,22.658584468998015,
arrival_verification,agx_host_proxy,arrival_traces_1_2,ACBBA__low__eager_b1__trace_0002,ACBBA__low__eager_b1,ACBBA,low,eager_b1,eager,1,,trace_0002,2,10850256728946054170,9ee59ab3251ac38228755c261b38f7f7e5f150bb6ad1fe1c0572ca65df63e684,8db92b4f8c31b7ea8f291fb8c9e0b6da7b55e90ee54cad7878fdfc8fb3db8141,completed,completed,completed,True,,,False,,,False,16b4f159d8908bdfb7cd72106002991c1f7785a219c0f26bddf2d2fe22c6e09a,0620efe11f2a8f5a163b63d714c0e756f326dee7d9a5e9b62a2a971e39868d4a,75587f4e37078cc5c167a5e39646bfd6755f4605bf4e8cd6969f680ab596e0ca,526.2283165830478,0.10788391039524506,0.00044799999999156626,14.385613958445662,12.720509910567742,1.707366371065899,42.29860546343373,120.0,443.0,1612.0,202.0,42.0,160.0,159.0,0.0,0.0,0.0,0.6666666666666666,1.0,0.0,0.0,0.623969697,0.6239760000000001,0.6239760000000001,0.012479520000000001,0.00029643786752661666,19.66031647892669,
arrival_verification,agx_host_proxy,arrival_traces_1_2,ACBBA__medium__count_b4__trace_0001,ACBBA__medium__count_b4,ACBBA,medium,count_b4,count,4,,trace_0001,1,5235383566147383851,8e04d06f759a8bfd35ccc1db1e32bd3815f687eabaff8ca3b867dff199053bb7,c3726df566bbcd849bef9eb4ab6ad18392e9da81d229ad226570a6a72bb115c5,completed,completed,completed,True,,,False,,,False,41a5373393d0de1272a6315c101801ecefaad44eb8a43dfefbf79af26bb6da3f,ea887d115bdd59811edb084fa491343f51e6d2e752db3af4cdfd6da909819124,4ad05a1942e83b696c06f7d356081c87ff3145160b9d1178047cc4f9f4e67b2f,182.2780039127377,2.827510908880662,1.6135472546027034,24.462485897969554,21.173432867450334,15.920280499960393,72.72422099273768,102.0,351.0,487.0,55.0,5.0,50.0,49.0,0.0,4.0,17.0,1.3488372093023255,4.0,1.4874801871227978,8.634979528087968,0.32287995799999997,0.322882,0.322882,0.00645764,0.0004428427910514287,7.430969909764826,
arrival_verification,agx_host_proxy,arrival_traces_1_2,ACBBA__medium__count_b4__trace_0002,ACBBA__medium__count_b4,ACBBA,medium,count_b4,count,4,,trace_0002,2,10850256728946054170,9ee59ab3251ac38228755c261b38f7f7e5f150bb6ad1fe1c0572ca65df63e684,10384de97bb8f4f2bb810950688d155d2f211e774d238261f95e65ed7dbaf699,completed,completed,completed,True,,,False,,,False,bb5e5f0e220369396733ccca9d0ce085ad07550609803321e49fba7ba05e3397,77c96355366503bccdc0c1f61a8818afcc42a10e5d5fff7845805f5bbd75dc35,3d7ab008ef32ae03eed0234a1317f325134310ce471e4b591e90c8fda6f57779,166.29563079167846,2.6365396570631723,1.8922737197397836,21.72623068351877,19.068679184631794,14.29172261412632,63.92762046167846,79.0,300.0,468.0,56.0,4.0,52.0,51.0,0.0,3.0,16.0,1.4634146341463414,4.0,1.3371279324549812,7.24723184,0.296944901,0.296927,0.296927,0.00593854,0.0004463842474189322,6.853449377696961,
arrival_verification,agx_host_proxy,arrival_traces_1_2,ACBBA__medium__eager_b1__trace_0001,ACBBA__medium__eager_b1,ACBBA,medium,eager_b1,eager,1,,trace_0001,1,5235383566147383851,8e04d06f759a8bfd35ccc1db1e32bd3815f687eabaff8ca3b867dff199053bb7,c3726df566bbcd849bef9eb4ab6ad18392e9da81d229ad226570a6a72bb115c5,completed,completed,completed,True,,,False,,,False,56fd0deb77eb48e12ba771b213e732e3aa74b528002aed97b33cff6186d43034,b034c3908c4768e5d443821389c7067f05a1ae9164a6572abfe0ac8d66d1a1b9,68257ecc7b15940f9ffc419a9d2495c49b849265692e0bb9fd2de3add93cc7b8,177.72578161829364,0.8762462004082534,0.4226113990225713,26.319417497687276,21.416476728057717,14.113140471474301,76.72235763131663,98.0,372.0,453.0,94.0,42.0,52.0,51.0,0.0,0.0,0.0,0.6666666666666666,1.0,0.0,0.0,0.362940477,0.36294400000000004,0.36294400000000004,0.0072588800000000005,0.0005105393217224731,7.575831450987607,
arrival_verification,agx_host_proxy,arrival_traces_1_2,ACBBA__medium__eager_b1__trace_0002,ACBBA__medium__eager_b1,ACBBA,medium,eager_b1,eager,1,,trace_0002,2,10850256728946054170,9ee59ab3251ac38228755c261b38f7f7e5f150bb6ad1fe1c0572ca65df63e684,10384de97bb8f4f2bb810950688d155d2f211e774d238261f95e65ed7dbaf699,completed,completed,completed,True,,,False,,,False,f0348a96d83e0b507f9df1e5ba9f4e21005b70f4cd21d51446fbf7710b58a5fb,92ad9e9cf739af0f69a1a9d40b8deab5e7e23394e067c2df29388ed383eecace,97a1dcf6ee048941db98062104a273f583d962149132c761bab9058a27265983,165.06656070145274,0.7941565592546856,0.23163145289252007,20.923499263001514,19.370979250730258,12.668068195729573,56.88668727125537,85.0,337.0,460.0,94.0,42.0,52.0,51.0,0.0,0.0,0.0,0.6666666666666666,1.0,0.0,0.0,0.331261379,0.331266,0.331266,0.0066253200000000005,0.0005017157905760566,7.183569456916302,
arrival_verification,agx_host_proxy,arrival_traces_1_2,CBAA__high__count_b4__trace_0001,CBAA__high__count_b4,CBAA,high,count_b4,count,4,,trace_0001,1,5235383566147383851,8e04d06f759a8bfd35ccc1db1e32bd3815f687eabaff8ca3b867dff199053bb7,ecbe25c6871aa05bece28f3a2e374e264a50c6356533b2780e4096095eeb88a9,completed,completed,completed,True,,,False,,,False,311e15fb8704e23c736f6384eb350858952ed2257f0baf59cff6f03d4e87b125,29af9072dad0bef619c029fdeef99bdb8778fdc8970034b633fe2d370762dadb,3f1864a010d0a4bde0ce101716acf5a156893ab35899d9f050d5671a467fcdf3,120.08746531280906,21.604274341445922,12.734625695806503,35.329521158946456,28.12963689714445,74.29205969891905,98.45480583880905,68.0,245.0,276.0,58.0,8.0,50.0,49.0,0.0,7.0,7.0,1.8472222222222223,4.0,0.8664340935921918,6.417104946,0.135183402,0.135187,0.135187,0.00270374,0.00028143445206345856,4.690377024002373,
arrival_verification,agx_host_proxy,arrival_traces_1_2,CBAA__high__count_b4__trace_0002,CBAA__high__count_b4,CBAA,high,count_b4,count,4,,trace_0002,2,10850256728946054170,9ee59ab3251ac38228755c261b38f7f7e5f150bb6ad1fe1c0572ca65df63e684,a8b6ac32dbfb5115a6dd3d720906b26dd6ce59d58ad388149cac1fd8ba98d89e,completed,completed,completed,True,,,False,,,False,9743f9defd0172014360a394d746562abf7a75c26683d4b77e30451959ca751d,809e2a11ae21348eba905fb869c8b524c14f07ac6a664204159f605f702fffb0,216b0c770dae0fd4be4232efa2ae705d721ceb5e685a64bb12e1434d76573d9c,106.59381708626769,28.87878265371146,24.122387120141113,39.48848339641214,38.52958731514697,87.96145032497036,90.9275851132677,59.0,217.0,282.0,67.0,7.0,60.0,59.0,0.0,6.0,10.0,1.6842105263157894,4.0,0.4547168337753154,3.326103038606194,0.14876507900000002,0.148765,0.148765,0.0029753,0.00034890625944937,4.318614008836448,
arrival_verification,agx_host_proxy,arrival_traces_1_2,CBAA__high__eager_b1__trace_0001,CBAA__high__eager_b1,CBAA,high,eager_b1,eager,1,,trace_0001,1,5235383566147383851,8e04d06f759a8bfd35ccc1db1e32bd3815f687eabaff8ca3b867dff199053bb7,ecbe25c6871aa05bece28f3a2e374e264a50c6356533b2780e4096095eeb88a9,completed,completed,completed,True,,,False,,,False,69eb2b8caad822a603d02e5a05fc7638528cb05bcc775bc975ae3d83c8e2c102,94fa7fb5fd842ed3f2926a94868fc10e322a4aee27b6bb733c9cb6fc5cf7b411,27943ea58dcf246efca30bf9cf52fb993b55937ab2e04558a3e24dd76d2bc7f0,99.26462890427939,22.60529179012268,17.179549776567516,34.478610206489414,28.492999434297968,89.46620294002429,93.45575671896474,56.0,214.0,313.0,92.0,42.0,50.0,49.0,0.0,0.0,0.0,0.6666666666666666,1.0,0.0,0.0,0.12778895199999998,0.12778599999999998,0.12778599999999998,0.0025557199999999996,0.0003218316569823267,3.960152767598629,
arrival_verification,agx_host_proxy,arrival_traces_1_2,CBAA__high__eager_b1__trace_0002,CBAA__high__eager_b1,CBAA,high,eager_b1,eager,1,,trace_0002,2,10850256728946054170,9ee59ab3251ac38228755c261b38f7f7e5f150bb6ad1fe1c0572ca65df63e684,a8b6ac32dbfb5115a6dd3d720906b26dd6ce59d58ad388149cac1fd8ba98d89e,completed,completed,completed,True,,,False,,,False,d064c0249fcb763b2508e02c6331f9d992ffd1544bc2b2064308297282e95ca2,142efd16a79be513ca7c6fe51a4df98115a82b5b5ce9f6bbe23607b0a12ca9d1,1d09652dd0ba9b0a7d3373919b49cb8a1191a2b85b9dc490b028d8006d943009,108.31002063084524,29.576463934551196,22.23427591186374,39.36038858564676,34.10344941949712,78.44456722092598,108.31002063084524,61.0,226.0,376.0,103.0,42.0,61.0,60.0,0.0,0.0,0.0,0.6666666666666666,1.0,0.0,0.0,0.163143788,0.163148,0.163148,0.0032629599999999996,0.00037657642166845275,4.982401678338647,
arrival_verification,agx_host_proxy,arrival_traces_1_2,CBAA__low__count_b4__trace_0001,CBAA__low__count_b4,CBAA,low,count_b4,count,4,,trace_0001,1,5235383566147383851,8e04d06f759a8bfd35ccc1db1e32bd3815f687eabaff8ca3b867dff199053bb7,d0c308df8bbbc8fb4fdd5bb199aa0a1303d5a8c397acf47f5bab0774313be04a,completed,completed,completed,True,,,False,,,False,cba9eb218984b03f8ec7cf2a84e61ffb1832849ec40003b0bb582149240402be,d5c2dc7f9e2afd13100e0c9bed128cd33d62617d906a5cf406a43b477c136b51,4e9988d4f362153b3c14d3be24d9fb0eb1a3167ffe4718c969abae3dcd9ae69e,590.3067910765487,6.0435806307169075,5.084618973390231,22.208020976346205,20.691365058702672,28.537739456910778,47.10635115444745,153.0,519.0,2316.0,67.0,1.0,66.0,65.0,0.0,0.0,33.0,0.8545454545454545,3.0,1.521156451229573,14.502442683969154,0.703520536,0.70352,0.70352,0.0140704,0.0002979467671026549,30.106660444755107,
arrival_verification,agx_host_proxy,arrival_traces_1_2,CBAA__low__count_b4__trace_0002,CBAA__low__count_b4,CBAA,low,count_b4,count,4,,trace_0002,2,10850256728946054170,9ee59ab3251ac38228755c261b38f7f7e5f150bb6ad1fe1c0572ca65df63e684,8db92b4f8c31b7ea8f291fb8c9e0b6da7b55e90ee54cad7878fdfc8fb3db8141,completed,completed,completed,True,,,False,,,False,e7d27353a655e9ed12cad5928ca549d4f6404a9e845662329c3c4f16afbdb9ca,f44c485879d6a5fc54f9056204d4323d3b14b9c9e8a68dc8c1f6b57f6cdd8672,6bc50479eec3263d5ab1ef85ad8d9c23eefdfd4cdf87fb38fce47b6ef9a2fe8e,520.3784781805691,4.545143184655992,2.058949002893499,15.211639316696226,13.646607673962336,25.53863596375962,34.81911428516514,109.0,355.0,2399.0,948.0,1.0,947.0,946.0,0.0,0.0,31.0,0.9056603773584906,3.0,1.767668773059023,20.718712056522463,0.496641704,0.49665,0.49665,0.009932999999999999,0.00023860037493117871,23.939882623963058,
arrival_verification,agx_host_proxy,arrival_traces_1_2,CBAA__low__eager_b1__trace_0001,CBAA__low__eager_b1,CBAA,low,eager_b1,eager,1,,trace_0001,1,5235383566147383851,8e04d06f759a8bfd35ccc1db1e32bd3815f687eabaff8ca3b867dff199053bb7,d0c308df8bbbc8fb4fdd5bb199aa0a1303d5a8c397acf47f5bab0774313be04a,completed,completed,completed,True,,,False,,,False,4b568c8ec828885dc166a5164f67c0aecb01597d8f8de3aa87707e1cd5d4a3ad,592c4757e0f07d5730d804e741e458a8640add60f6d53ff3290d141089dc6050,fffcb03bd44c138f6e84002a08b5c3f20dc2444ec83b6fd23d8f15b3d3f3b9a3,577.3316200995206,2.6622988464173165,0.0003169999999954598,16.69871017317473,12.594009749734255,28.538076456910783,45.43997029501959,131.0,479.0,1797.0,98.0,42.0,56.0,55.0,0.0,0.0,0.0,0.6666666666666666,1.0,0.0,0.0,0.5361089200000001,0.536129,0.536129,0.010722579999999999,0.00023215816583352125,21.782341892365366,
arrival_verification,agx_host_proxy,arrival_traces_1_2,CBAA__low__eager_b1__trace_0002,CBAA__low__eager_b1,CBAA,low,eager_b1,eager,1,,trace_0002,2,10850256728946054170,9ee59ab3251ac38228755c261b38f7f7e5f150bb6ad1fe1c0572ca65df63e684,8db92b4f8c31b7ea8f291fb8c9e0b6da7b55e90ee54cad7878fdfc8fb3db8141,completed,completed,completed,True,,,False,,,False,b8e1041a08c040305cfe92cb99359782c183124ce6d92f3de719acddba61115e,52fe6735317767ea5cd2f597acafed772f906d3abff77639fae64d32fd84ef3c,0b5e8c1db2275d5f58a045288ac9f73b9ce52a06add39d4a1bf3e6d2fafa03c6,520.3192546199091,1.6514790473286782,0.00031599999999798456,13.259269306844805,10.917764664040575,25.539351963759625,35.01500017365697,120.0,411.0,2238.0,804.0,42.0,762.0,761.0,0.0,0.0,0.0,0.6666666666666666,1.0,0.0,0.0,0.496437662,0.49640599999999996,0.49640599999999996,0.009928119999999999,0.0002385102970879976,26.29013282014057,
arrival_verification,agx_host_proxy,arrival_traces_1_2,CBAA__medium__count_b4__trace_0001,CBAA__medium__count_b4,CBAA,medium,count_b4,count,4,,trace_0001,1,5235383566147383851,8e04d06f759a8bfd35ccc1db1e32bd3815f687eabaff8ca3b867dff199053bb7,c3726df566bbcd849bef9eb4ab6ad18392e9da81d229ad226570a6a72bb115c5,completed,completed,completed,True,,,False,,,False,c538d247202bb27dd3e9b8734cf0846b924af852dd7ead878d6d4644704637d9,f2b0f4cd27409841b6c42f0ac27f47c6a94d0a9c6128432cfbb406ecb9cd0acd,27d67f056b37eae9921d15510fdf6a034f584c0dc3a2bb5b3689e6ab75dad5e1,184.38798514416226,7.6549007690768125,3.657860248394403,22.38782926504889,18.285860884816664,30.41681887350515,65.64026868301198,103.0,367.0,377.0,56.0,4.0,52.0,51.0,0.0,3.0,16.0,1.451219512195122,4.0,1.725632855575849,9.218584257026272,0.125192644,0.125185,0.125185,0.0025036999999999998,0.00016973041912427905,5.526223415974528,
arrival_verification,agx_host_proxy,arrival_traces_1_2,CBAA__medium__count_b4__trace_0002,CBAA__medium__count_b4,CBAA,medium,count_b4,count,4,,trace_0002,2,10850256728946054170,9ee59ab3251ac38228755c261b38f7f7e5f150bb6ad1fe1c0572ca65df63e684,10384de97bb8f4f2bb810950688d155d2f211e774d238261f95e65ed7dbaf699,completed,completed,completed,True,,,False,,,False,f8263791d3d7e447332e1b77a3a56442772c50cba6de12de2e237eeef97a212f,95480461c6a8ec9173fc8985de2a51001bba78a5eb5adc50f88faad6b451dc63,ade9dce5e229eb5326a2358a7839bcc995718ecb358f063082a17bc19bfae684,161.6847044055708,10.129992067106507,4.73919678115913,23.42368430715907,21.338889483379134,61.52236210824738,65.07506724189645,92.0,337.0,314.0,62.0,6.0,56.0,55.0,0.0,5.0,16.0,1.3953488372093024,4.0,1.1510712804605612,7.24723184,0.106242282,0.106248,0.106248,0.00212496,0.00016428270130841647,4.417249916121364,
arrival_verification,agx_host_proxy,arrival_traces_1_2,CBAA__medium__eager_b1__trace_0001,CBAA__medium__eager_b1,CBAA,medium,eager_b1,eager,1,,trace_0001,1,5235383566147383851,8e04d06f759a8bfd35ccc1db1e32bd3815f687eabaff8ca3b867dff199053bb7,c3726df566bbcd849bef9eb4ab6ad18392e9da81d229ad226570a6a72bb115c5,completed,completed,completed,True,,,False,,,False,da7184fb476041042505bd5e9c23eb14fef56e9c867fac73b724313ce56219a3,08acf813bf7cb4be1141e538d5f5c8fb2bda89e9f46b1a7662aa96fdef1e97db,efe2e203990c24612b643c9eeec186a8c873f4b2de6f0c502b6eb750b671407e,205.32985832065754,6.773316850075045,1.353516223326889,24.251491144573052,19.455734592640194,33.60769485182503,95.77607540065753,116.0,410.0,531.0,99.0,42.0,57.0,56.0,0.0,0.0,0.0,0.6666666666666666,1.0,0.0,0.0,0.163478941,0.163476,0.163476,0.00326952,0.0001990407061800827,7.084285765886307,
arrival_verification,agx_host_proxy,arrival_traces_1_2,HIPC__high__count_b4__trace_0001,HIPC__high__count_b4,HIPC,high,count_b4,count,4,,trace_0001,1,5235383566147383851,8e04d06f759a8bfd35ccc1db1e32bd3815f687eabaff8ca3b867dff199053bb7,ecbe25c6871aa05bece28f3a2e374e264a50c6356533b2780e4096095eeb88a9,completed,completed,completed,True,,,False,,,False,5861baffbdb4311dbc06a564a80c9924cff800a2d9f34ef8df7c08f7330501ed,4fc888f54ac3c8ceb2e101dd28f177dcd50559131521053a20be2c5ee93b074d,35616853fdbbbbf3d6b55f644e985e3afed34cebc895d4b8c9b63a8f8df70065,93.73112922985125,4.048874418824232,1.8991183402675595,31.760502971628117,25.87221352012215,41.95176948987072,93.73112922985125,53.0,193.0,229.0,56.0,6.0,50.0,49.0,0.0,5.0,12.0,1.6025641025641026,4.0,0.5702039616796452,3.4141988233931158,1.333230634,1.333245,1.333245,0.026664900000000002,0.0035560357880959777,4.664761887863278,
arrival_verification,agx_host_proxy,arrival_traces_1_2,HIPC__high__count_b4__trace_0002,HIPC__high__count_b4,HIPC,high,count_b4,count,4,,trace_0002,2,10850256728946054170,9ee59ab3251ac38228755c261b38f7f7e5f150bb6ad1fe1c0572ca65df63e684,a8b6ac32dbfb5115a6dd3d720906b26dd6ce59d58ad388149cac1fd8ba98d89e,completed,completed,completed,True,,,False,,,False,4a7aaa11b9f25bf78e70627e52603521c2c5e05ad7382a0f3648db44c5dc3ee1,4c011990a5eddb6535c58bc2b30f505b4e340fd4fad61e34bbb3677bfd9c60fc,05535e504e5d91e8c81bb81fe7413ff8756673f92b25176c941267aa4cf85187,104.38547235321435,9.333806484346521,1.838968791178364,34.42706378433096,28.908677953767352,53.09568028780941,82.74271249280946,57.0,204.0,272.0,57.0,7.0,50.0,49.0,0.0,6.0,9.0,1.7432432432432432,4.0,0.5687035842622574,3.598777681538189,1.4279719880000001,1.427967,1.427967,0.02855934,0.0034199371038148786,5.478392031043768,
arrival_verification,agx_host_proxy,arrival_traces_1_2,HIPC__high__eager_b1__trace_0001,HIPC__high__eager_b1,HIPC,high,eager_b1,eager,1,,trace_0001,1,5235383566147383851,8e04d06f759a8bfd35ccc1db1e32bd3815f687eabaff8ca3b867dff199053bb7,ecbe25c6871aa05bece28f3a2e374e264a50c6356533b2780e4096095eeb88a9,completed,completed,completed,True,,,False,,,False,05de86982b85ab068da995bfc9b6edc65c215a50ce802968f3759533b115aa36,f27b3415e46a4ae570f86f7753fe0a0b82403411de044ef646fc06225cb652a8,e404baf800d5ebffc6fe471f255a46dd2628d83870e0b0813c583e6bfa539682,142.04022765840455,5.802646595348343,1.2544467496940959,36.330687991737946,27.346954263024692,45.905529010545514,112.6320233799184,79.0,263.0,487.0,92.0,42.0,50.0,49.0,0.0,0.0,0.0,0.6666666666666666,1.0,0.0,0.0,2.936861809,2.9368600000000002,2.9368600000000002,0.0587372,0.00516906380751324,10.18939368892461,
arrival_verification,agx_host_proxy,arrival_traces_1_2,HIPC__high__eager_b1__trace_0002,HIPC__high__eager_b1,HIPC,high,eager_b1,eager,1,,trace_0002,2,10850256728946054170,9ee59ab3251ac38228755c261b38f7f7e5f150bb6ad1fe1c0572ca65df63e684,a8b6ac32dbfb5115a6dd3d720906b26dd6ce59d58ad388149cac1fd8ba98d89e,completed,completed,completed,True,,,False,,,False,46bf9688bfd8cacdda99eba6fad69906d0f74c3688516428177e32d59bf75cd0,da1a4ff97706544e767977babc2f667f6b5620334b30fc6a435d07f8c44a8dc1,907e836f8080054aac0132de63c3109f7a4f2a7f04cceb3bfaf97a8abbb5345b,104.68927110343101,10.032611669259751,1.230841982843982,35.12951270061826,30.356884304432338,53.540624993742064,94.43217231998095,58.0,201.0,403.0,92.0,42.0,50.0,49.0,0.0,0.0,0.0,0.6666666666666666,1.0,0.0,0.0,2.394332291,2.394332,2.394332,0.04788664,0.0057177110289421285,8.153270260896534,
arrival_verification,agx_host_proxy,arrival_traces_1_2,HIPC__low__count_b4__trace_0001,HIPC__low__count_b4,HIPC,low,count_b4,count,4,,trace_0001,1,5235383566147383851,8e04d06f759a8bfd35ccc1db1e32bd3815f687eabaff8ca3b867dff199053bb7,d0c308df8bbbc8fb4fdd5bb199aa0a1303d5a8c397acf47f5bab0774313be04a,completed,completed,completed,True,,,False,,,False,f06113f526d82b2d7cd92f6fefe6344d2a11f1a4dad97509fbe9785df4cbacc3,902b8d483e50dc548a5d02327222eb46bbb76d15de80d729c90ab330169699c3,37522b4f7a24719eaafd0b313d63b4b6f1630703581ab9dc6f16b60e265e3bac,580.6477571868226,4.27719911414715,1.7426622824995643,20.134736247331844,20.18231508358565,21.83921859954438,53.40760048507223,107.0,336.0,2222.0,62.0,2.0,60.0,59.0,0.0,1.0,32.0,0.8727272727272727,4.0,1.8098552446972316,21.838576599544353,1.060916327,1.060924,1.060924,0.021218479999999998,0.00045678468007009335,23.744581861887127,
arrival_verification,agx_host_proxy,arrival_traces_1_2,HIPC__low__count_b4__trace_0002,HIPC__low__count_b4,HIPC,low,count_b4,count,4,,trace_0002,2,10850256728946054170,9ee59ab3251ac38228755c261b38f7f7e5f150bb6ad1fe1c0572ca65df63e684,8db92b4f8c31b7ea8f291fb8c9e0b6da7b55e90ee54cad7878fdfc8fb3db8141,completed,completed,completed,True,,,False,,,False,e533866190574d9bd0c88a696489d24e634e7377d4e99a6ac4e670df0c029619,a9e479ac31ff81ee4baa6064f9fdfad7d2e7a5f88f5412f2d71c80ba10dfa688,3a55cdaa5caa97d4db185c3cc61a9fd243eb44a8607670259cb628d2cfe66c50,522.5854458879678,4.410343863562094,2.784612145624294,18.889723312960403,16.669275386597526,25.149528892000006,53.3810656991548,93.0,320.0,1940.0,61.0,2.0,59.0,58.0,0.0,1.0,29.0,0.9519230769230769,4.0,2.266155741922149,25.148768891999993,0.842431845,0.842424,0.842424,0.01684848,0.0004030077792199935,19.539323914796114,
arrival_verification,agx_host_proxy,arrival_traces_1_2,HIPC__low__eager_b1__trace_0001,HIPC__low__eager_b1,HIPC,low,eager_b1,eager,1,,trace_0001,1,5235383566147383851,8e04d06f759a8bfd35ccc1db1e32bd3815f687eabaff8ca3b867dff199053bb7,d0c308df8bbbc8fb4fdd5bb199aa0a1303d5a8c397acf47f5bab0774313be04a,completed,completed,completed,True,,,False,,,False,3604b385b4f6d08cef5483890dad67b19377853ba4b7ba1cd6930f77c7cd7f75,31d5a05016d3087858ec2ce2d7157359febb2ddb5296ad91fa04cd3253051f46,cb8c0654feedf936b73f5ddd55de6e48bfaa914eae4fc1414e1b851997a72a4c,585.1016403971711,0.1519666735540277,0.0005594999999800621,17.10329378241848,14.434759937771545,1.1285573334802166,43.4930483504461,103.0,337.0,2267.0,92.0,42.0,50.0,49.0,0.0,0.0,0.0,0.6666666666666666,1.0,0.0,0.0,1.048315318,1.048317,1.048317,0.02096634,0.0004479208942605233,23.91316602891311,
arrival_verification,agx_host_proxy,arrival_traces_1_2,HIPC__low__eager_b1__trace_0002,HIPC__low__eager_b1,HIPC,low,eager_b1,eager,1,,trace_0002,2,10850256728946054170,9ee59ab3251ac38228755c261b38f7f7e5f150bb6ad1fe1c0572ca65df63e684,8db92b4f8c31b7ea8f291fb8c9e0b6da7b55e90ee54cad7878fdfc8fb3db8141,completed,completed,completed,True,,,False,,,False,9b724d0ea62f7e81b9c6d93e2e6bc2ab168b0dc083d49848f141b1e2a9b385be,655a71a8221bb071f4f6ef818408ba69675c1e9429204cbf3b6c78d5baf2216f,ca41837141b94d6156761175a66ee4f8c93b31737d1522c91c13ecb985201451,520.4598192838375,0.12036462980691381,0.0005400000000008731,14.204873758405851,12.539990807361377,1.638976678608799,49.753852386170216,101.0,322.0,1581.0,92.0,42.0,50.0,49.0,0.0,0.0,0.0,0.6666666666666666,1.0,0.0,0.0,0.719608731,0.719626,0.719626,0.014392519999999999,0.0003456683750295166,16.328506940975785,
arrival_verification,agx_host_proxy,arrival_traces_1_2,HIPC__medium__count_b4__trace_0001,HIPC__medium__count_b4,HIPC,medium,count_b4,count,4,,trace_0001,1,5235383566147383851,8e04d06f759a8bfd35ccc1db1e32bd3815f687eabaff8ca3b867dff199053bb7,c3726df566bbcd849bef9eb4ab6ad18392e9da81d229ad226570a6a72bb115c5,completed,completed,completed,True,,,False,,,False,8afd0be2260dbe61f4d2e192de4db481fef97834c9eab53ef3f8f19fe5398596,87128be93e91e2c68c7cabeb90c1515ebcb3a7f378895ebafa968432ccdf1b97,c385056706d2ea6db61f4d04ad66dabcbf64e492802e478e017339e000cdd797,196.8240503218404,2.2187917500556695,1.3281172821921814,28.674341647900285,23.867214188437373,8.487888631698322,96.73887230056319,93.0,345.0,563.0,87.0,3.0,84.0,83.0,0.0,2.0,15.0,1.5256410256410255,4.0,1.7127750344442363,7.320032729,0.417506455,0.417514,0.417514,0.00835028,0.0005303137489007243,7.155608613975346,
arrival_verification,agx_host_proxy,arrival_traces_1_2,HIPC__medium__count_b4__trace_0002,HIPC__medium__count_b4,HIPC,medium,count_b4,count,4,,trace_0002,2,10850256728946054170,9ee59ab3251ac38228755c261b38f7f7e5f150bb6ad1fe1c0572ca65df63e684,10384de97bb8f4f2bb810950688d155d2f211e774d238261f95e65ed7dbaf699,completed,completed,completed,True,,,False,,,False,2d7eb6a7955fadda67f17e5f210a735192902c111daf76c2f661ee62519a119f,e576a6a7948ec178c47a1924bda817e27020c3de6366b64567384a9e983454c6,043faf3108a5a65a16d9d451295dec110b2b0837d22eed61215ea0947d0f9b87,148.13071140786246,2.772156012390096,2.1348911816807394,19.222753472963603,15.231082549324565,8.560531774303065,44.773952110585945,74.0,243.0,493.0,54.0,4.0,50.0,49.0,0.0,3.0,17.0,1.4047619047619047,4.0,1.3347328673548642,8.559733774303062,0.420782494,0.420779,0.420779,0.00841558,0.0007101481455142495,5.558973517734557,
arrival_verification,agx_host_proxy,arrival_traces_1_2,HIPC__medium__eager_b1__trace_0001,HIPC__medium__eager_b1,HIPC,medium,eager_b1,eager,1,,trace_0001,1,5235383566147383851,8e04d06f759a8bfd35ccc1db1e32bd3815f687eabaff8ca3b867dff199053bb7,c3726df566bbcd849bef9eb4ab6ad18392e9da81d229ad226570a6a72bb115c5,completed,completed,completed,True,,,False,,,False,ed845d3ce54d22bb22755d47012a20f8ec22d82b69a4e54c27a044595ff0180a,629fae51e76ae9265b4bee272c6aae04d06e1d02d67d645243ce09c5213604b5,d740a8f4b775d7adeabedab818052e2a7b6f2a50a26db56598e8212b9d05d3fd,209.7259738622161,0.5267807688927324,0.11379900832191885,24.37253618153129,19.546764837152505,7.530018564230209,110.72442435321611,102.0,345.0,747.0,94.0,42.0,52.0,51.0,0.0,0.0,0.0,0.6666666666666666,1.0,0.0,0.0,0.550780465,0.550768,0.550768,0.01101536,0.0006565328912977639,9.911690923850983,
arrival_verification,agx_host_proxy,arrival_traces_1_2,HIPC__medium__eager_b1__trace_0002,HIPC__medium__eager_b1,HIPC,medium,eager_b1,eager,1,,trace_0002,2,10850256728946054170,9ee59ab3251ac38228755c261b38f7f7e5f150bb6ad1fe1c0572ca65df63e684,10384de97bb8f4f2bb810950688d155d2f211e774d238261f95e65ed7dbaf699,completed,completed,completed,True,,,False,,,False,17a224fb17e6366f180682220aa2eb3ac3e5febc62763176c74f40d8f7ea91e6,2af0ad4a539c3e399247e8b82d1898fd0d0b025f4bd3d80645e71b116194b1f3,d0936b61c2cb041b176644e58bb683f5ddfde8f1806087681754e75aefd91242,170.06519580463615,0.7033267633096351,0.3123716055349899,23.80301351296012,14.056115654028204,7.036016470716429,77.0651825768849,91.0,319.0,511.0,94.0,42.0,52.0,51.0,0.0,0.0,0.0,0.6666666666666666,1.0,0.0,0.0,0.4792886,0.479299,0.479299,0.00958598,0.0007045812603400034,6.771546878386289,
arrival_verification,agx_host_proxy,arrival_traces_1_2,PI__high__count_b4__trace_0001,PI__high__count_b4,PI,high,count_b4,count,4,,trace_0001,1,5235383566147383851,8e04d06f759a8bfd35ccc1db1e32bd3815f687eabaff8ca3b867dff199053bb7,ecbe25c6871aa05bece28f3a2e374e264a50c6356533b2780e4096095eeb88a9,completed,completed,completed,True,,,False,,,False,a6170690472b820dc44405fd1d94203f2e7714f2ab8a813529b853706c77b49d,dd2651f20b2871f847662daa472e4093f3a98988a9d28a735f451e4f1fa51eed,ffe894a117cb8709e734c4be828525bac5e337cde067ea57b2396a6bd6a7d063,98.7726429812608,3.9455043656826576,1.5568329305806996,32.29862579740294,25.12298453639765,26.249208315154803,89.55215467065497,54.0,198.0,252.0,58.0,8.0,50.0,49.0,0.0,7.0,8.0,1.7702702702702702,4.0,0.5877776205683894,3.414150823393116,0.846724042,0.846719,0.846719,0.01693438,0.002143101000548907,4.219957127701491,
arrival_verification,agx_host_proxy,arrival_traces_1_2,PI__high__count_b4__trace_0002,PI__high__count_b4,PI,high,count_b4,count,4,,trace_0002,2,10850256728946054170,9ee59ab3251ac38228755c261b38f7f7e5f150bb6ad1fe1c0572ca65df63e684,a8b6ac32dbfb5115a6dd3d720906b26dd6ce59d58ad388149cac1fd8ba98d89e,completed,completed,completed,True,,,False,,,False,9bf4a675fa5269729ac4e36fbd0fa9a84bd83181a528fcedf03b8f8d7becf249,778e98a34871f6af48b5fea4334406b625a2682299ba4a9d66e8c9d11bfd4f7f,73fc4cdf2808125d0b06426cffe62c1ac289318b1e8cfaa0eaefef1a698fac31,126.7339170087598,11.279548501065195,3.0643088667570755,40.993161305982696,30.630268149226573,59.7327963501887,111.06768503575981,69.0,240.0,338.0,61.0,7.0,54.0,53.0,0.0,6.0,9.0,1.7702702702702702,4.0,0.5575070252265569,3.331505038606194,1.003045238,1.0030540000000001,1.0030540000000001,0.020061080000000002,0.001978661323808585,6.051045931410044,
arrival_verification,agx_host_proxy,arrival_traces_1_2,PI__high__eager_b1__trace_0001,PI__high__eager_b1,PI,high,eager_b1,eager,1,,trace_0001,1,5235383566147383851,8e04d06f759a8bfd35ccc1db1e32bd3815f687eabaff8ca3b867dff199053bb7,ecbe25c6871aa05bece28f3a2e374e264a50c6356533b2780e4096095eeb88a9,completed,completed,completed,True,,,False,,,False,adde0fcf25a9d4de02a8fbac15de9ce4eddb67ae0a61e70e06be0a5ec54e603e,05f19851d879cafddeba9e89b6c08d6db395f551c2550c8268ceb86e6151c5de,4de31a79944b0424317b859a9e1534613458dcf29f115ceb89d14868761a766a,98.90649322186353,7.407668161249878,0.829102377382597,32.580781547688595,28.09214635064481,44.51474753924028,84.34275605085769,56.0,194.0,378.0,92.0,42.0,50.0,49.0,0.0,0.0,0.0,0.6666666666666666,1.0,0.0,0.0,1.2440158669999999,1.2440220000000002,1.2440220000000002,0.024880440000000004,0.0031444396608255394,5.990280531812459,
arrival_verification,agx_host_proxy,arrival_traces_1_2,PI__high__eager_b1__trace_0002,PI__high__eager_b1,PI,high,eager_b1,eager,1,,trace_0002,2,10850256728946054170,9ee59ab3251ac38228755c261b38f7f7e5f150bb6ad1fe1c0572ca65df63e684,a8b6ac32dbfb5115a6dd3d720906b26dd6ce59d58ad388149cac1fd8ba98d89e,completed,completed,completed,True,,,False,,,False,565d10404f6758dc2e2fea2789df872dbc48a590f2413d6a068e98278d8f7028,8d7eb285ca4d82cecdb558c160235190a56b07a74f6e0c5972d2845ba6e85e61,16c6e4ea8d0f1fb9cc48fcb681e83571da7e60db3f767e2510fca7fd68708098,100.24339567475563,10.214193555782284,1.1959556522003216,33.14262006013024,31.792981240832624,48.60222974209191,86.13023775375564,56.0,189.0,403.0,92.0,42.0,50.0,49.0,0.0,0.0,0.0,0.6666666666666666,1.0,0.0,0.0,1.24878516,1.248777,1.248777,0.02497554,0.0031143622769217514,6.442791023757309,
arrival_verification,agx_host_proxy,arrival_traces_1_2,PI__low__count_b4__trace_0001,PI__low__count_b4,PI,low,count_b4,count,4,,trace_0001,1,5235383566147383851,8e04d06f759a8bfd35ccc1db1e32bd3815f687eabaff8ca3b867dff199053bb7,d0c308df8bbbc8fb4fdd5bb199aa0a1303d5a8c397acf47f5bab0774313be04a,completed,completed,completed,True,,,False,,,False,738c7c394d5af1f7a266a4907026520187b70a10879dac149bd4cf98685a19d7,bc27159a0f0e0841a58b3afa9f757dbc04913023a2461b69423a7dfa7fc27b21,81206122e3fb72d0077f1a9de661268dfc0cdbfcaad6aae5d06d5c85c75ba05f,613.0179453337923,3.6739691495223736,0.5726771731981444,23.85197579233902,19.323184087700213,21.94952448800001,67.89734342434272,158.0,460.0,2484.0,68.0,3.0,65.0,64.0,0.0,2.0,31.0,0.8909090909090909,4.0,1.8179693306595877,21.947477488000004,1.844500644,1.844523,1.844523,0.03689046,0.0007522304257323351,30.246484393253922,
arrival_verification,agx_host_proxy,arrival_traces_1_2,PI__low__count_b4__trace_0002,PI__low__count_b4,PI,low,count_b4,count,4,,trace_0002,2,10850256728946054170,9ee59ab3251ac38228755c261b38f7f7e5f150bb6ad1fe1c0572ca65df63e684,8db92b4f8c31b7ea8f291fb8c9e0b6da7b55e90ee54cad7878fdfc8fb3db8141,completed,completed,completed,True,,,False,,,False,54239d3d035ebdf6815c2791c5e44a9766fd1834e1af3187bcd95ed053779aad,bbacbb80ec7c77f87779da91b199dd1a74679441ecd2d1e5fabd4f29aa45f7fd,94b4e4cacda1f9c31e13517b3001b01da00ffcfdc29a27a9e1a07aa19a707d9f,522.7511695417942,4.28586364657595,3.141579453649314,18.932857993119292,14.860928742733247,24.91769426459817,55.54784766253516,123.0,402.0,1761.0,60.0,1.0,59.0,58.0,0.0,0.0,30.0,0.9326923076923077,3.0,2.1586177865217815,24.916179264598156,1.3412024770000002,1.3412119999999998,1.3412119999999998,0.026824239999999996,0.0006414198944670029,19.12047530990094,
arrival_verification,agx_host_proxy,arrival_traces_1_2,PI__low__eager_b1__trace_0001,PI__low__eager_b1,PI,low,eager_b1,eager,1,,trace_0001,1,5235383566147383851,8e04d06f759a8bfd35ccc1db1e32bd3815f687eabaff8ca3b867dff199053bb7,d0c308df8bbbc8fb4fdd5bb199aa0a1303d5a8c397acf47f5bab0774313be04a,completed,completed,completed,True,,,False,,,False,a48289269cf39899c7fc667a904d01e6c4a81d750c6c0a268e81bc40fd6b657c,2de00ca0d2c5aeb879387e391febf6a967689d3a74e525545efd4e7e80372a9f,72af031af49523f508496d784a62f2aa772c56992cdbcfc3476c18a22d5c2a98,577.4059673546044,0.09364917003888792,0.0012810000000058608,17.46486180725209,14.949285994925765,1.0003681924878265,59.62168183779059,141.0,469.0,1883.0,94.0,42.0,52.0,51.0,0.0,0.0,0.0,0.6666666666666666,1.0,0.0,0.0,1.413816514,1.4138389999999998,1.4138389999999998,0.028276779999999998,0.0006121511899493904,21.496175199747086,
arrival_verification,agx_host_proxy,arrival_traces_1_2,PI__low__eager_b1__trace_0002,PI__low__eager_b1,PI,low,eager_b1,eager,1,,trace_0002,2,10850256728946054170,9ee59ab3251ac38228755c261b38f7f7e5f150bb6ad1fe1c0572ca65df63e684,8db92b4f8c31b7ea8f291fb8c9e0b6da7b55e90ee54cad7878fdfc8fb3db8141,completed,completed,completed,True,,,False,,,False,47512c0930466975b570b7365ed9923931561216152ffade9932f13415fcdc69,78c89557bb9714bb062680ced83caa64f0f7246883c81e215da090e214c99a17,5cdc103b75213a8973a667c45d63e88fd67c6500b329248120bea09f90e441f4,522.2380978535944,0.0939163122901822,0.0016135000000190303,19.47992111019299,12.87332900437491,0.9085527273291216,111.55796649945648,157.0,473.0,1682.0,92.0,42.0,50.0,49.0,0.0,0.0,0.0,0.6666666666666666,1.0,0.0,0.0,1.351860179,1.351851,1.351851,0.02703702,0.0006471430395236032,19.964375817216933,
arrival_verification,agx_host_proxy,arrival_traces_1_2,PI__medium__count_b4__trace_0001,PI__medium__count_b4,PI,medium,count_b4,count,4,,trace_0001,1,5235383566147383851,8e04d06f759a8bfd35ccc1db1e32bd3815f687eabaff8ca3b867dff199053bb7,c3726df566bbcd849bef9eb4ab6ad18392e9da81d229ad226570a6a72bb115c5,completed,completed,completed,True,,,False,,,False,e4c13a4314617df1667d8ac43a47499dab4b569ca5b7dda270326522839326b9,bc1d82ce334374757f8d13b7e9f45c39d595777a602bf6169c8fa3de85230e5a,cba1ecd2b1bd97d11f1937693e331cc5a6804f1fe2a7af810923a85edfe0eb02,173.61819089074308,2.5564679322235966,2.2332066234633388,29.9668124378632,26.310823040827213,8.57185998696419,79.87958410895682,93.0,348.0,330.0,57.0,5.0,52.0,51.0,0.0,4.0,16.0,1.4166666666666667,4.0,1.6668755193892009,8.242501982000007,0.535658514,0.5356719999999999,0.5356719999999999,0.010713439999999998,0.0007713362252707368,4.71694914996624,
arrival_verification,agx_host_proxy,arrival_traces_1_2,PI__medium__count_b4__trace_0002,PI__medium__count_b4,PI,medium,count_b4,count,4,,trace_0002,2,10850256728946054170,9ee59ab3251ac38228755c261b38f7f7e5f150bb6ad1fe1c0572ca65df63e684,10384de97bb8f4f2bb810950688d155d2f211e774d238261f95e65ed7dbaf699,completed,completed,completed,True,,,False,,,False,f6e188c32ca21f68cdf8c6b7dc0bfb85d1a01ba35f44e0d2c46f83a9a2b273f0,e86e2b6e45b6f43bc3a225447fe954809aa0b4566e35e82acf4938fe4d8d5494,9baa5bb10e68f4ebd6ad6576ae47188621bcf4f6af654c0f05e4606f6dad2dac,172.77994531437503,2.075695801578741,1.511175980554448,29.104361979342205,24.40219372227781,8.195280554742775,135.73819379637501,96.0,349.0,1307.0,1031.0,5.0,1026.0,1025.0,0.0,4.0,16.0,1.4166666666666667,4.0,1.224411576106606,7.24723184,1.250271447,1.250266,1.250266,0.02500532,0.0018090438646179788,13.92830593464896,
arrival_verification,agx_host_proxy,arrival_traces_1_2,PI__medium__eager_b1__trace_0001,PI__medium__eager_b1,PI,medium,eager_b1,eager,1,,trace_0001,1,5235383566147383851,8e04d06f759a8bfd35ccc1db1e32bd3815f687eabaff8ca3b867dff199053bb7,c3726df566bbcd849bef9eb4ab6ad18392e9da81d229ad226570a6a72bb115c5,completed,completed,completed,True,,,False,,,False,c43d2ca05353344e05d24ba9ac4e05b3272f5aabc2f54dfd19550366f4b5a2cf,63cdd272725ad25dac89b0e52e628a6b53e59a1681c98a58e8572c8f35715b3e,047453a42d1f828fa7a4489db06b2130c477e1e816227ea76b4701dbf1df46d0,178.66636249456147,0.643190965114758,0.13483076572416408,27.21356219129673,24.589402832811054,7.52757956423021,76.8547579847265,100.0,337.0,515.0,92.0,42.0,50.0,49.0,0.0,0.0,0.0,0.6666666666666666,1.0,0.0,0.0,0.855935636,0.855925,0.855925,0.017118500000000002,0.0011976582889603156,7.341672136448324,
arrival_verification,agx_host_proxy,arrival_traces_1_2,PI__medium__eager_b1__trace_0002,PI__medium__eager_b1,PI,medium,eager_b1,eager,1,,trace_0002,2,10850256728946054170,9ee59ab3251ac38228755c261b38f7f7e5f150bb6ad1fe1c0572ca65df63e684,10384de97bb8f4f2bb810950688d155d2f211e774d238261f95e65ed7dbaf699,completed,completed,completed,True,,,False,,,False,ecf93063c9a7ac42503f7b4e19d64f314d01d96fc0d81e74f927d63c4e68d36c,8f568fe1321ed7c62a4d0ef1eda052d4267f9896ac1b28e016f1d56efad3e99f,328899ffeb3ce46faa77e2f9b3b03b7e4a39465c0f8020ce416db6f9f1b0aa71,150.6466723138105,0.5981839889472151,0.49981198136008587,25.378018109088647,24.288082090563194,1.916156669787398,70.0421434724504,83.0,315.0,367.0,92.0,42.0,50.0,49.0,0.0,0.0,0.0,0.6666666666666666,1.0,0.0,0.0,0.719896891,0.7198990000000001,0.7198990000000001,0.014397980000000001,0.00119468121821567,5.325866024009883,
arrival_verification,agx_host_proxy,arrival_traces_1_2,CBAA__medium__eager_b1__trace_0002,CBAA__medium__eager_b1,CBAA,medium,eager_b1,eager,1,,trace_0002,2,10850256728946054170,9ee59ab3251ac38228755c261b38f7f7e5f150bb6ad1fe1c0572ca65df63e684,10384de97bb8f4f2bb810950688d155d2f211e774d238261f95e65ed7dbaf699,completed,incomplete,algorithmic_incomplete,False,stagnation_horizon,68.45234058032732,False,,,True,9d3e633894e514e02a9041de579f355791f491e836052a33a4fa4e4a459cc30a,11fbf0c61c73679f920d80c50a522df9aa38b53ca646bc15b8ecd63ee1f34a21,12228be47ff5b263ed5dd9b9dc277dde4865c2f710bc30f000a24f62c44ce089,,7.109257475745093,1.407315413424449,18.691038435301724,13.851247907724883,33.18021409092728,47.470270142471314,38.0,149.0,7079.0,6952.0,25.0,6927.0,6926.0,0.0,0.0,0.0,0.6666666666666666,1.0,0.0,0.0,0.350085364,0.350087,0.350087,0.014586958333333332,0.0,67.32053828286007,semantic output validation failed: task_0034.release_time_s cannot be empty
timeout_verification,agx_host_proxy,timeout_trace_0,ACBBA__low__bounded_b4_w5__trace_0000,ACBBA__low__bounded_b4_w5,ACBBA,low,bounded_b4_w5,bounded,4,5.0,trace_0000,0,6173009043561456367,0cf5e7f7c35f047de89df247dee044702e9af1f9d02ad4cc48f04828f46d22c1,1b2576e5f784366238fa1ffcc81b6fdf5015e83fe2aaad4dc018c6b77019a51b,completed,completed,completed,True,,,False,,,False,15017813299895d090097440cb82911c2ba7018ec3350ca382245ae1e34a1850,927ce01d3ec460be81f122af8f048ba38aad35d769ad7b5dfbee04d252781823,223f90b10b77de181ac69a6cab7a8267e2f7b65aa4f77e1a1f7dd2ef4930c1e5,643.5219442024626,1.9394101581321976,0.5532367254999997,20.981850207749495,19.381765552109016,6.932768518983998,61.13982535781569,152.0,544.0,2182.0,80.0,12.0,68.0,67.0,11.0,0.0,23.0,0.8214285714285714,3.0,0.9468569996352451,5.0,0.850500785,0.850481,0.850481,0.01700962,0.000330400931802733,28.780981827992946,
timeout_verification,agx_host_proxy,timeout_trace_0,ACBBA__low__count_b4__trace_0000,ACBBA__low__count_b4,ACBBA,low,count_b4,count,4,,trace_0000,0,6173009043561456367,0cf5e7f7c35f047de89df247dee044702e9af1f9d02ad4cc48f04828f46d22c1,1b2576e5f784366238fa1ffcc81b6fdf5015e83fe2aaad4dc018c6b77019a51b,completed,completed,completed,True,,,False,,,False,eb05ebf765f88afce4f4140def17d5caf78fea33c5cf35369186679cee6f5d0a,fe7f7ef54e87a44bd114b4df1cd88be84f7f5396efe74d151d2d4e66121302ac,277cb5aceb13d9c05c5903ebfc01c2a1ac532ecb36bc9e3335c7d799e7565237,640.0307356189468,4.802940745229077,1.8480035502759051,22.50238723356016,20.420132030624877,34.76342092281561,59.522646143905305,147.0,495.0,2366.0,62.0,1.0,61.0,60.0,0.0,0.0,32.0,0.8796296296296297,3.0,1.8015895994705853,34.7629749228156,0.931479556,0.931483,0.931483,0.01862966,0.00036384307352802436,32.541322813369334,
timeout_verification,agx_host_proxy,timeout_trace_0,ACBBA__low__eager_b1__trace_0000,ACBBA__low__eager_b1,ACBBA,low,eager_b1,eager,1,,trace_0000,0,6173009043561456367,0cf5e7f7c35f047de89df247dee044702e9af1f9d02ad4cc48f04828f46d22c1,1b2576e5f784366238fa1ffcc81b6fdf5015e83fe2aaad4dc018c6b77019a51b,completed,completed,completed,True,,,False,,,False,9a366e138c8e7491f379dbfab2dab8829103c8dda44e24afd68aeaed7c6587db,ad8d4c924e1f0679c6893e635ffb198f9074caebf1975964132bbd23615f6e9c,0912b31f2c6806c0cb8782a80d4ec670571d1f54591600ef71c48eddc0b468b4,648.9044838434638,0.24602704666263792,0.0004500000000007276,17.078648893663008,15.234726131562454,5.412850274420758,49.915550245514254,133.0,507.0,1950.0,97.0,42.0,55.0,54.0,0.0,0.0,0.0,0.6666666666666666,1.0,0.0,0.0,0.7721077159999999,0.7721110000000001,0.7721110000000001,0.015442220000000001,0.0002974671231375932,25.294766804669052,
timeout_verification,agx_host_proxy,timeout_trace_0,ACBBA__medium__bounded_b4_w5__trace_0000,ACBBA__medium__bounded_b4_w5,ACBBA,medium,bounded_b4_w5,bounded,4,5.0,trace_0000,0,6173009043561456367,0cf5e7f7c35f047de89df247dee044702e9af1f9d02ad4cc48f04828f46d22c1,ee84143a056e0057f0f46da7f08e1b6034ec2d9a0fa9c79a750290da99d22de4,completed,completed,completed,True,,,False,,,False,f3f982dca06d106bf5482301ab502a5a9ffcb6b9ef2e43df00486b820edc517c,b24da72f0bcbc6269450c757a66105f856434d64dce464bf72aa068e9e799c0f,3552a72fc0d5ce5659ab19332bd48183a73011221cb185fe50b525346f4f4e94,176.08717051304347,1.972120486903174,1.4075295046372212,23.536563660624484,18.816537271167157,7.283550565994364,84.19092283453895,91.0,324.0,972.0,548.0,7.0,541.0,540.0,4.0,2.0,17.0,1.2333333333333334,4.0,1.098722303921912,5.0,0.539542312,0.5395340000000001,0.5395340000000001,0.010790680000000002,0.0007660041308347825,13.812998065724969,
timeout_verification,agx_host_proxy,timeout_trace_0,ACBBA__medium__count_b4__trace_0000,ACBBA__medium__count_b4,ACBBA,medium,count_b4,count,4,,trace_0000,0,6173009043561456367,0cf5e7f7c35f047de89df247dee044702e9af1f9d02ad4cc48f04828f46d22c1,ee84143a056e0057f0f46da7f08e1b6034ec2d9a0fa9c79a750290da99d22de4,completed,completed,completed,True,,,False,,,False,2fa14223257da6a7a6cbe0e101ebefe8c0e9e9f2878b1c962ba0ac8b981950ec,eeae929571a0620d5deceb1f3ed090b81d7d8186e83a93be2093c284d423d483,84ec26c060a324558522dc19266505ea790ada924e406c1954fa5d2212b06bce,194.92744386798714,2.191385152442943,1.4939699476546835,23.82269662205685,19.228610487996267,8.10323048026737,85.63003606739285,104.0,359.0,550.0,55.0,3.0,52.0,51.0,0.0,2.0,23.0,1.1382978723404256,4.0,1.079174541378719,7.826227462009058,0.353007695,0.353012,0.353012,0.00706024,0.000452747946870778,8.001187453977764,
timeout_verification,agx_host_proxy,timeout_trace_0,ACBBA__medium__eager_b1__trace_0000,ACBBA__medium__eager_b1,ACBBA,medium,eager_b1,eager,1,,trace_0000,0,6173009043561456367,0cf5e7f7c35f047de89df247dee044702e9af1f9d02ad4cc48f04828f46d22c1,ee84143a056e0057f0f46da7f08e1b6034ec2d9a0fa9c79a750290da99d22de4,completed,completed,completed,True,,,False,,,False,f998524a02c63cfc05df3f7ea4ca9976f3d12e06e45ae76b00e870817cc94639,1e2f60cd9ac8b5a734828009ceb9018150022b068351971dafba7efad8150fdd,3b9b477a956b15705d91f8378cffdd5afd77a610d29ca3378afb55e911a9f981,198.98316647071522,0.6864220016520671,0.1585433210399168,25.68556809105406,18.908789290799646,9.569319174070204,108.0304722944626,111.0,378.0,608.0,98.0,42.0,56.0,55.0,0.0,0.0,0.0,0.6666666666666666,1.0,0.0,0.0,0.439593597,0.439608,0.439608,0.00879216,0.0005523180777011834,9.40466072410345,
timeout_verification,agx_host_proxy,timeout_trace_0,CBAA__low__bounded_b4_w5__trace_0000,CBAA__low__bounded_b4_w5,CBAA,low,bounded_b4_w5,bounded,4,5.0,trace_0000,0,6173009043561456367,0cf5e7f7c35f047de89df247dee044702e9af1f9d02ad4cc48f04828f46d22c1,1b2576e5f784366238fa1ffcc81b6fdf5015e83fe2aaad4dc018c6b77019a51b,completed,completed,completed,True,,,False,,,False,8c10bcdf254f1fd9196e2144eaa83c683edf79f5b5f8327fadd97b23d2d1194f,98781678f4bce7847d8e8ba5da1c9848e4a28f4f6408bed470314f8d094317b7,21c7e13e399c0efba32ccbbfe5b7b24aeea6c8000d09f74adefd8a04ee7026b8,638.0204619306156,3.986193454120984,1.904150402511132,17.185051849511982,15.91635135528686,34.84103473925201,49.53218486370509,118.0,441.0,2594.0,559.0,10.0,549.0,548.0,9.0,0.0,27.0,0.7672413793103449,2.0,0.7346477438289758,5.0,0.686347554,0.686333,0.686333,0.01372666,0.00026893063818172585,33.552732832264155,
timeout_verification,agx_host_proxy,timeout_trace_0,CBAA__low__count_b4__trace_0000,CBAA__low__count_b4,CBAA,low,count_b4,count,4,,trace_0000,0,6173009043561456367,0cf5e7f7c35f047de89df247dee044702e9af1f9d02ad4cc48f04828f46d22c1,1b2576e5f784366238fa1ffcc81b6fdf5015e83fe2aaad4dc018c6b77019a51b,completed,completed,completed,True,,,False,,,False,7a6eeae7d7d336a7dbe14516e52982431d346d9e3c40f91fdbffdaa1c6a62501,fc9432d4b06eabf9d19f5d046408c4a1335f3776f94a97207603cb901f1b2468,90ee7d67ad3efc8bd69a7c6bd078f017af40d8f2f5e643bdb8ee7ae4301e6290,631.2722943701615,4.84237843370592,2.5360115610077187,18.09955734316777,15.8318360260855,34.84010873925201,49.477518371417304,118.0,433.0,2249.0,65.0,1.0,64.0,63.0,0.0,0.0,32.0,0.8611111111111112,2.0,1.2479453322649312,11.258315777112841,0.697388369,0.697365,0.697365,0.013947300000000001,0.0002761744045395581,28.272903678007424,
timeout_verification,agx_host_proxy,timeout_trace_0,CBAA__low__eager_b1__trace_0000,CBAA__low__eager_b1,CBAA,low,eager_b1,eager,1,,trace_0000,0,6173009043561456367,0cf5e7f7c35f047de89df247dee044702e9af1f9d02ad4cc48f04828f46d22c1,1b2576e5f784366238fa1ffcc81b6fdf5015e83fe2aaad4dc018c6b77019a51b,completed,completed,completed,True,,,False,,,False,74951cf5a37988a6418c1f83a396e66704f46dea115e6be11de902b36feada75,987c3e5e7f14f61beb3ef113eaf3f64f0d530306d340b0662c7b3599be16ae11,9966dd074d6db98f372f204d137bea19d70993bf0712727911e8a048fe87174a,660.7199658179827,2.466575078936589,0.0003445000000041887,17.00868630270863,15.561790528863826,34.840954739252005,56.54828057116209,142.0,496.0,2080.0,96.0,42.0,54.0,53.0,0.0,0.0,0.0,0.6666666666666666,1.0,0.0,0.0,0.651856893,0.651864,0.651864,0.01303728,0.0002466491228220193,27.498389163054526,
timeout_verification,agx_host_proxy,timeout_trace_0,CBAA__medium__bounded_b4_w5__trace_0000,CBAA__medium__bounded_b4_w5,CBAA,medium,bounded_b4_w5,bounded,4,5.0,trace_0000,0,6173009043561456367,0cf5e7f7c35f047de89df247dee044702e9af1f9d02ad4cc48f04828f46d22c1,ee84143a056e0057f0f46da7f08e1b6034ec2d9a0fa9c79a750290da99d22de4,completed,completed,completed,True,,,False,,,False,596eeda78db253c20a37eb816ca768c4bf30410b114a0c0f66169e56b8a379a8,0435666323917aed4216cc02307c2c2b97e01520efc520c6a5080a7d03ccb1bb,8b20883ebb55ba6a3b0955e2024b71fb229dc7db4759b0ade760dad3e12be7e4,212.57971973128483,8.19660805190295,4.790137005318748,21.97314585353374,18.688382687522335,63.7779692448563,67.7767260313719,106.0,356.0,1798.0,1193.0,9.0,1184.0,1183.0,5.0,3.0,14.0,1.3068181818181819,4.0,1.4063461066891605,5.0,0.292445769,0.29245699999999997,0.29245699999999997,0.005849139999999999,0.00034393802989495594,20.560110392980278,
timeout_verification,agx_host_proxy,timeout_trace_0,CBAA__medium__count_b4__trace_0000,CBAA__medium__count_b4,CBAA,medium,count_b4,count,4,,trace_0000,0,6173009043561456367,0cf5e7f7c35f047de89df247dee044702e9af1f9d02ad4cc48f04828f46d22c1,ee84143a056e0057f0f46da7f08e1b6034ec2d9a0fa9c79a750290da99d22de4,completed,completed,completed,True,,,False,,,False,ac9307d4140a4b6caf12b5e854361e76766ea8ac046c8f27a4a18eb498e1f083,a333dc6ea2e630d87146ef09e992ec936b3ee4b02636884b25b2dd4d6326cd76,b6f0e830645e79006982aa4458bb649fe2a3d9d969b2161797e2cc82de18d6f6,192.70880239964737,8.836672313886249,5.217449263420164,21.87400730625484,20.33095017832532,63.77802724485631,67.7767840313719,98.0,349.0,1964.0,1506.0,5.0,1501.0,1500.0,0.0,4.0,17.0,1.372093023255814,4.0,1.4724637310255355,13.785392334905865,0.245115241,0.24512,0.24512,0.0049024,0.0003179927394957032,20.578403872903436,
timeout_verification,agx_host_proxy,timeout_trace_0,CBAA__medium__eager_b1__trace_0000,CBAA__medium__eager_b1,CBAA,medium,eager_b1,eager,1,,trace_0000,0,6173009043561456367,0cf5e7f7c35f047de89df247dee044702e9af1f9d02ad4cc48f04828f46d22c1,ee84143a056e0057f0f46da7f08e1b6034ec2d9a0fa9c79a750290da99d22de4,completed,completed,completed,True,,,False,,,False,46c6c76c433c8677442631bf43b2aa450d7651f984c3e787147ce33aa37ea258,3b32484e0721f0c252847c106ef9027c93ea8f18db1d147d14a9c9056741ba6c,54bca02a0df30b76f272998d3ee4e0c5e61836ba8b94b3cc866b127dfc987153,186.3894955230511,8.526796489414707,1.4293979756581727,26.004931071238516,20.735267966166305,59.606462229340444,105.79969408420686,104.0,398.0,412.0,101.0,42.0,59.0,58.0,0.0,0.0,0.0,0.6666666666666666,1.0,0.0,0.0,0.133353668,0.133346,0.133346,0.0026669199999999997,0.00017885396334407278,5.116961491294205,
timeout_verification,agx_host_proxy,timeout_trace_0,HIPC__low__bounded_b4_w5__trace_0000,HIPC__low__bounded_b4_w5,HIPC,low,bounded_b4_w5,bounded,4,5.0,trace_0000,0,6173009043561456367,0cf5e7f7c35f047de89df247dee044702e9af1f9d02ad4cc48f04828f46d22c1,1b2576e5f784366238fa1ffcc81b6fdf5015e83fe2aaad4dc018c6b77019a51b,completed,completed,completed,True,,,False,,,False,6e61f89395c718709806b6078ba900c405c10576273338909d55ba80e1d601d8,d0ea69379047ce33095a87896fc5301f482c78a0d80f3d463455b5ee5f4bb573,874b87dbf22dcabb7440b95696f40e29f3bd88fe4446df00e012158dade9d4fa,636.0831567119617,2.015896196706981,0.553336725500003,17.81220701441912,15.605028478811107,9.8553505964892,44.84837695949238,132.0,359.0,2425.0,76.0,12.0,64.0,63.0,11.0,0.0,24.0,0.7982456140350878,3.0,0.8890950208972287,5.0,1.053692277,1.0536750000000001,1.0536750000000001,0.021073500000000002,0.0004141262777050458,27.132504187058657,
timeout_verification,agx_host_proxy,timeout_trace_0,HIPC__low__count_b4__trace_0000,HIPC__low__count_b4,HIPC,low,count_b4,count,4,,trace_0000,0,6173009043561456367,0cf5e7f7c35f047de89df247dee044702e9af1f9d02ad4cc48f04828f46d22c1,1b2576e5f784366238fa1ffcc81b6fdf5015e83fe2aaad4dc018c6b77019a51b,completed,completed,completed,True,,,False,,,False,87a8430e79f7ebc510c0e860ed7dc3df3ef1d4e4bec4e1c1510a45670cb22c2e,d89d3350b21fcae9ae0a0d4ea3d869a421c1d3f9e5213172bba894d117cc285f,ef94ec853070d14b0f39c83e9726106dcf0f194acc17a41b80a2505569db042c,632.8105147304684,4.050876345834031,1.7301825349700266,20.600861977866206,18.684116746827982,22.615367160867436,46.094384854067755,144.0,362.0,2600.0,64.0,1.0,63.0,62.0,0.0,0.0,30.0,0.9326923076923077,3.0,1.966875251529543,22.614732160867447,1.189198484,1.1891770000000002,1.1891770000000002,0.023783540000000002,0.00046979979485111106,30.593864783179015,
timeout_verification,agx_host_proxy,timeout_trace_0,HIPC__low__eager_b1__trace_0000,HIPC__low__eager_b1,HIPC,low,eager_b1,eager,1,,trace_0000,0,6173009043561456367,0cf5e7f7c35f047de89df247dee044702e9af1f9d02ad4cc48f04828f46d22c1,1b2576e5f784366238fa1ffcc81b6fdf5015e83fe2aaad4dc018c6b77019a51b,completed,completed,completed,True,,,False,,,False,d1a5d7192c84dca547369ce9622c5ff72eb29205fd5ee5579334b97526ba4594,57b1d71e6756ca039981eecd542ad1537d8724abe133b066d4abd902076688af,e3a79e6dbcf17c2e3245a423755d25647b380e831a160c88bc34abdfd4268239,639.5416076968216,0.14551360354646992,0.0005565000000018472,17.264484233753766,15.882753022804726,1.1299063282568227,70.510330639445,139.0,414.0,2099.0,92.0,42.0,50.0,49.0,0.0,0.0,0.0,0.6666666666666666,1.0,0.0,0.0,0.9241074330000001,0.924137,0.924137,0.01848274,0.00036124975641854267,26.183967534918338,
timeout_verification,agx_host_proxy,timeout_trace_0,HIPC__medium__bounded_b4_w5__trace_0000,HIPC__medium__bounded_b4_w5,HIPC,medium,bounded_b4_w5,bounded,4,5.0,trace_0000,0,6173009043561456367,0cf5e7f7c35f047de89df247dee044702e9af1f9d02ad4cc48f04828f46d22c1,ee84143a056e0057f0f46da7f08e1b6034ec2d9a0fa9c79a750290da99d22de4,completed,completed,completed,True,,,False,,,False,fbd221252730dfc33b59dbe71a1816f232d82793a2561ec1815c2d36b6c910da,8ebda8348638624bc88e6ff64b2589870d6922cc2a808603acfdeefd77aaf3c5,7d1e293db1067c9aea9f79021ef5f54b84b00e3da9b1f2a676e3567970f51160,195.21351232382116,2.332414596614484,1.457443642374109,27.778631651433972,21.091876095600096,13.86739305935903,91.12813856306857,92.0,339.0,557.0,56.0,6.0,50.0,49.0,2.0,3.0,16.0,1.3372093023255813,4.0,1.20907973001575,5.0,0.418266445,0.41825399999999996,0.41825399999999996,0.008365079999999999,0.0005356365896769969,7.386639387346804,
timeout_verification,agx_host_proxy,timeout_trace_0,HIPC__medium__count_b4__trace_0000,HIPC__medium__count_b4,HIPC,medium,count_b4,count,4,,trace_0000,0,6173009043561456367,0cf5e7f7c35f047de89df247dee044702e9af1f9d02ad4cc48f04828f46d22c1,ee84143a056e0057f0f46da7f08e1b6034ec2d9a0fa9c79a750290da99d22de4,completed,completed,completed,True,,,False,,,False,5850f5a7b0205db7a365c96167004042310be28ad5345434a4f5c6eba3a6d7f3,b6b8af16add126d2b7e45f07cf6cabaa869e3528fbda81cd37b1dc442bfd3159,624d37e408c8344953a1f0b0bc6c5202e202bbed7846d954fa05f90d75088db6,202.0025215581951,2.3788191024929493,1.4221257430508203,28.80564260919524,21.65242527076913,13.866773059359025,91.12687956306858,101.0,343.0,586.0,54.0,4.0,50.0,49.0,0.0,3.0,18.0,1.3372093023255813,4.0,1.2192723804441816,6.154115010816042,0.41887916799999997,0.41888800000000004,0.41888800000000004,0.008377760000000001,0.0005184192711665263,7.567747744265944,
timeout_verification,agx_host_proxy,timeout_trace_0,HIPC__medium__eager_b1__trace_0000,HIPC__medium__eager_b1,HIPC,medium,eager_b1,eager,1,,trace_0000,0,6173009043561456367,0cf5e7f7c35f047de89df247dee044702e9af1f9d02ad4cc48f04828f46d22c1,ee84143a056e0057f0f46da7f08e1b6034ec2d9a0fa9c79a750290da99d22de4,completed,completed,completed,True,,,False,,,False,6254e8e5492e27f5878409a3c6d2ba1762e20da4f548ae0ca56b8aad0eef07d1,a916d80a29529c95a528f74366d30b39929683e57afaec780dc5b79c2dd843e2,6fed4dd3195c22c7076c44286491d08f77a2c2d83005d8ba29e479ef722fe001,203.82950966756613,0.39815322315045465,0.039275391645415075,22.593840796075202,15.808580605826343,1.901289213056458,64.56585183116958,97.0,315.0,785.0,92.0,42.0,50.0,49.0,0.0,0.0,0.0,0.6666666666666666,1.0,0.0,0.0,0.6170838319999999,0.617083,0.617083,0.01234166,0.0007568617039387794,9.97053092205897,
timeout_verification,agx_host_proxy,timeout_trace_0,PI__low__bounded_b4_w5__trace_0000,PI__low__bounded_b4_w5,PI,low,bounded_b4_w5,bounded,4,5.0,trace_0000,0,6173009043561456367,0cf5e7f7c35f047de89df247dee044702e9af1f9d02ad4cc48f04828f46d22c1,1b2576e5f784366238fa1ffcc81b6fdf5015e83fe2aaad4dc018c6b77019a51b,completed,completed,completed,True,,,False,,,False,b590d309e36247f186c52e5f60e16db78da28f23bd314fd1813944028fdfcc4e,8d5da17c2ba052c2f8f890a33aa392547efb265ced9d7806d8276833676266dd,3ffaac55725ea7d866c3b14f80bef43da039145ac6caf977d32f7c7b62604b94,646.8515127916951,2.0158942646564344,0.5544967255000017,20.768231257756888,17.278201725906044,6.359418329039828,87.19313904697,128.0,472.0,2382.0,175.0,14.0,161.0,160.0,13.0,0.0,22.0,0.7982456140350878,3.0,0.9464889500025853,5.0,1.800993155,1.8009979999999999,1.8009979999999999,0.03601996,0.0006960631475635017,31.490249364171177,
timeout_verification,agx_host_proxy,timeout_trace_0,PI__low__count_b4__trace_0000,PI__low__count_b4,PI,low,count_b4,count,4,,trace_0000,0,6173009043561456367,0cf5e7f7c35f047de89df247dee044702e9af1f9d02ad4cc48f04828f46d22c1,1b2576e5f784366238fa1ffcc81b6fdf5015e83fe2aaad4dc018c6b77019a51b,completed,completed,completed,True,,,False,,,False,d9cc0e7a8be09d8b1e343e41b12feed8f44d6b691d8f01b04da50c36c98d9b6c,1c181d1dc1356fb64ab0298b65a0471e884b5436916777468baccfb235eb8c5e,a0440bf132db4d8d68ca8641ccbf4a20c7d4a0c26e55c55eb0b501ce56cc102b,646.8350097523034,2.911509925938389,0.6440636159153961,17.831928275178452,15.84029377001562,13.487001224964786,43.98400780875478,108.0,399.0,2335.0,143.0,1.0,142.0,141.0,0.0,0.0,33.0,0.8363636363636363,2.0,1.4826889215922767,13.486044224964758,1.7043201410000002,1.7043320000000002,1.7043320000000002,0.03408664,0.0006587197563149259,26.781706620939076,
timeout_verification,agx_host_proxy,timeout_trace_0,PI__low__eager_b1__trace_0000,PI__low__eager_b1,PI,low,eager_b1,eager,1,,trace_0000,0,6173009043561456367,0cf5e7f7c35f047de89df247dee044702e9af1f9d02ad4cc48f04828f46d22c1,1b2576e5f784366238fa1ffcc81b6fdf5015e83fe2aaad4dc018c6b77019a51b,completed,completed,completed,True,,,False,,,False,53456615d2add6cb156ba3a4b6c5c9ee4c79cebe87f3beb10380d157c6dd10c3,3cac78ac1dbbc803dc88de8df321fb486ec8212e3d427a24f18d203b3d448bd6,5e99e5b67e1625123d623666767e1a68efdc93cdb7f914df91ed5414d9295733,638.4715927896239,0.05044944777527424,0.0015545000000258824,18.84434331897247,17.70850602129471,1.3165957471875416,51.590239742702806,170.0,497.0,2116.0,94.0,42.0,52.0,51.0,0.0,0.0,0.0,0.6666666666666666,1.0,0.0,0.0,1.614546543,1.614532,1.614532,0.03229064,0.0006321863095528463,26.255377549678087,
timeout_verification,agx_host_proxy,timeout_trace_0,PI__medium__bounded_b4_w5__trace_0000,PI__medium__bounded_b4_w5,PI,medium,bounded_b4_w5,bounded,4,5.0,trace_0000,0,6173009043561456367,0cf5e7f7c35f047de89df247dee044702e9af1f9d02ad4cc48f04828f46d22c1,ee84143a056e0057f0f46da7f08e1b6034ec2d9a0fa9c79a750290da99d22de4,completed,completed,completed,True,,,False,,,False,0b0009359da380a3c8b048e2ade3aa0b0a9ee62f764ab9318dd326950868d60d,92d0c9a14a2d5aef0db994f79161e6c89e46b7e9345d05720f3c5a2599e7ce02,7d4261263792628ca1d4d55bb244a142df5a7bce8eed25f3bfa24c6811b39f7d,189.16391732990883,2.212641772317979,1.9035814808805611,28.56307956662867,23.199721213043688,5.818817450709545,100.16757569362774,98.0,350.0,464.0,58.0,6.0,52.0,51.0,2.0,3.0,16.0,1.3488372093023255,4.0,1.352817191062617,5.0,0.650666673,0.6506749999999999,0.6506749999999999,0.013013499999999997,0.0008599354057375524,6.403834314085543,
timeout_verification,agx_host_proxy,timeout_trace_0,PI__medium__count_b4__trace_0000,PI__medium__count_b4,PI,medium,count_b4,count,4,,trace_0000,0,6173009043561456367,0cf5e7f7c35f047de89df247dee044702e9af1f9d02ad4cc48f04828f46d22c1,ee84143a056e0057f0f46da7f08e1b6034ec2d9a0fa9c79a750290da99d22de4,completed,completed,completed,True,,,False,,,False,885168c0a1e007b5a6a52156fbfe4f998fef4b3d8cb27e86e7d945052959b193,c4ff9d46f1a2727b67dd5f364852a53de8867504a31f50370f43d67d33483dcd,4be6fdb7f41a28110b4b405fe16a035a5a2c37b27ebdb7256a2944d8388b20ef,204.0912934266033,2.189944674280977,1.8803952455692325,32.20668245386198,27.976145241080403,8.810132777970878,150.4291547183027,107.0,369.0,517.0,57.0,5.0,52.0,51.0,0.0,4.0,17.0,1.372093023255814,4.0,1.4306814509389074,8.807917777970871,0.743381133,0.74337,0.74337,0.0148674,0.0009105851449113088,7.2571228188462555,
timeout_verification,agx_host_proxy,timeout_trace_0,PI__medium__eager_b1__trace_0000,PI__medium__eager_b1,PI,medium,eager_b1,eager,1,,trace_0000,0,6173009043561456367,0cf5e7f7c35f047de89df247dee044702e9af1f9d02ad4cc48f04828f46d22c1,ee84143a056e0057f0f46da7f08e1b6034ec2d9a0fa9c79a750290da99d22de4,completed,completed,completed,True,,,False,,,False,a9caa2f5d20b2c8ed9ffdfa3d134f24932bda49df822b5dc2242f85a7ec4eba9,1f9c3a692889a73da263bbc254f10c324e78af6dc892a275ea0238d09f0e3b22,a1a13d0246be8ebc66be400eb8f73f120ea20725c175952d9056a1280605aed1,194.76854786467624,0.4791120524906052,0.14276439164541507,32.08542496944241,26.886030325567052,1.804891213056461,85.27790972537245,107.0,386.0,484.0,94.0,42.0,52.0,51.0,0.0,0.0,0.0,0.6666666666666666,1.0,0.0,0.0,0.834330154,0.8343229999999999,0.8343229999999999,0.01668646,0.0010709159784100272,7.12202389491722,
timeout_verification,agx_host_proxy,timeout_traces_1_2,ACBBA__low__bounded_b4_w5__trace_0001,ACBBA__low__bounded_b4_w5,ACBBA,low,bounded_b4_w5,bounded,4,5.0,trace_0001,1,5235383566147383851,8e04d06f759a8bfd35ccc1db1e32bd3815f687eabaff8ca3b867dff199053bb7,d0c308df8bbbc8fb4fdd5bb199aa0a1303d5a8c397acf47f5bab0774313be04a,completed,completed,completed,True,,,False,,,False,65e41a03306da71a0d99289767664fd2a0c7a568d55c7321f1f555297034ce47,817d03e4cb98820d5555cc2e3904f0dd74fb93a03d65804ee82b00c43b39e3f4,7c86dfbe48293188b28a148790ebbdeaf64e345c89b274a795f4d8085d3077cd,581.1551508101563,2.4639966152058643,2.3061731773879046,19.347776664671574,17.01904600124982,5.746180226834076,47.98199627957073,147.0,466.0,2348.0,293.0,17.0,276.0,275.0,16.0,0.0,21.0,0.7542372881355932,3.0,0.9685695597077694,5.0,0.843712079,0.843733,0.843733,0.01687466,0.0003629551415073059,26.731025693938136,
timeout_verification,agx_host_proxy,timeout_traces_1_2,ACBBA__low__bounded_b4_w5__trace_0002,ACBBA__low__bounded_b4_w5,ACBBA,low,bounded_b4_w5,bounded,4,5.0,trace_0002,2,10850256728946054170,9ee59ab3251ac38228755c261b38f7f7e5f150bb6ad1fe1c0572ca65df63e684,8db92b4f8c31b7ea8f291fb8c9e0b6da7b55e90ee54cad7878fdfc8fb3db8141,completed,completed,completed,True,,,False,,,False,ed7798c3117f630505a9369a19f9ece76b00609ed7a0f8be8b5f11adfa05c588,625903eff3cf2c7269effc4c09668eb275df95c443a235f7bb7f73a8eb35c7bd,7d3841600978bce07cce346168ab77dc5100d44f5bd263f4f6c421733bb82fb7,542.0375361603309,2.2852258366076743,1.7052913286606888,18.100688888211593,15.176075803460321,6.024803346800052,54.04990184308276,146.0,482.0,1630.0,79.0,17.0,62.0,61.0,16.0,0.0,18.0,0.8214285714285714,3.0,1.0480834222128654,5.0000000000000036,0.66935889,0.669362,0.669362,0.01338724,0.0003087249292464164,21.21843185927719,
timeout_verification,agx_host_proxy,timeout_traces_1_2,ACBBA__low__count_b4__trace_0001,ACBBA__low__count_b4,ACBBA,low,count_b4,count,4,,trace_0001,1,5235383566147383851,8e04d06f759a8bfd35ccc1db1e32bd3815f687eabaff8ca3b867dff199053bb7,d0c308df8bbbc8fb4fdd5bb199aa0a1303d5a8c397acf47f5bab0774313be04a,completed,completed,completed,True,,,False,,,False,f773fde5c61ca74de5aafbc55f778476df52a320a7da9a429ccf46b78251c925,bda6496d0643402b65a261afc89dccc2f747588273dbc8399e4450e3939762d8,ea38c2056fa3c9d49e728a1158d3b84ad0ab40369af90892a072719e4032fb04,605.735729626359,3.7734160826861727,1.7118135290196512,21.96393375041428,16.626473913133122,21.230669260534793,61.76072616113483,175.0,484.0,2193.0,65.0,2.0,63.0,62.0,0.0,1.0,31.0,0.9074074074074074,4.0,1.7777646362919513,21.112517689482637,0.801539116,0.801538,0.801538,0.016030759999999998,0.00033081175535675406,26.039405193645507,
timeout_verification,agx_host_proxy,timeout_traces_1_2,ACBBA__low__count_b4__trace_0002,ACBBA__low__count_b4,ACBBA,low,count_b4,count,4,,trace_0002,2,10850256728946054170,9ee59ab3251ac38228755c261b38f7f7e5f150bb6ad1fe1c0572ca65df63e684,8db92b4f8c31b7ea8f291fb8c9e0b6da7b55e90ee54cad7878fdfc8fb3db8141,completed,completed,completed,True,,,False,,,False,8f63a8aa0c5d343d6ccde96c70be4a8dbcccd789f0012ea376c8ecba1f92d43c,c8a9c4499de2297452d08fbbc34932fd3c4df27a48d71287fe38aeba19a6d981,a43193b4697b922e1ba3a63d57f40041c5a7513a38ca2b0c37d4c1b4b16f0b39,547.8658525270899,3.8355791977708376,2.0266567637360353,17.759399699522334,14.638183481853716,21.516928577316122,53.49950545180632,124.0,373.0,1928.0,64.0,2.0,62.0,61.0,0.0,1.0,27.0,1.03,4.0,2.443712629598066,21.516436577316114,0.741363152,0.741359,0.741359,0.01482718,0.00033829403520058886,22.05604324163869,
timeout_verification,agx_host_proxy,timeout_traces_1_2,ACBBA__low__eager_b1__trace_0001,ACBBA__low__eager_b1,ACBBA,low,eager_b1,eager,1,,trace_0001,1,5235383566147383851,8e04d06f759a8bfd35ccc1db1e32bd3815f687eabaff8ca3b867dff199053bb7,d0c308df8bbbc8fb4fdd5bb199aa0a1303d5a8c397acf47f5bab0774313be04a,completed,completed,completed,True,,,False,,,False,2a9fd0578354975dff9597838f1f1ea42e288b078df7ac4c8a3dd89778371ac7,4101846c6a8ee48506d7416449517af3af83f99bd1f71ef4bb3462517d69b15e,ac0d2dd6c731dc189ce20468134e053996aee1794fa79c218fdf229de71fa2cb,589.5235425120065,0.11328879587646104,0.00042849999999816646,16.614979868872947,14.031801165892391,1.7379960027609351,40.196741032786896,143.0,498.0,1825.0,96.0,42.0,54.0,53.0,0.0,0.0,0.0,0.6666666666666666,1.0,0.0,0.0,0.7027796590000001,0.702793,0.702793,0.01405586,0.0002980343231948564,22.311736707109958,
timeout_verification,agx_host_proxy,timeout_traces_1_2,ACBBA__low__eager_b1__trace_0002,ACBBA__low__eager_b1,ACBBA,low,eager_b1,eager,1,,trace_0002,2,10850256728946054170,9ee59ab3251ac38228755c261b38f7f7e5f150bb6ad1fe1c0572ca65df63e684,8db92b4f8c31b7ea8f291fb8c9e0b6da7b55e90ee54cad7878fdfc8fb3db8141,completed,completed,completed,True,,,False,,,False,68050cbe482a33da69c722197d6139d7d5985f78d9d0656aa115a575b3eac4b0,b1d47b82cec99fde4ddf954f35002a928221a8e3c1a233a70866d127de05fa18,4b25a8c7004b646c08c65b24d0b5cdca08b411e38dba545ee71e860ef61ef468,520.900119678598,0.08664716131224734,0.00045399999999062857,14.990071262304223,13.394750538816638,1.7070783710658992,42.78318192066781,134.0,477.0,1733.0,102.0,42.0,60.0,59.0,0.0,0.0,0.0,0.6666666666666666,1.0,0.0,0.0,0.695846026,0.695857,0.695857,0.01391714,0.00033396853528722196,22.451224653981626,
timeout_verification,agx_host_proxy,timeout_traces_1_2,ACBBA__medium__bounded_b4_w5__trace_0001,ACBBA__medium__bounded_b4_w5,ACBBA,medium,bounded_b4_w5,bounded,4,5.0,trace_0001,1,5235383566147383851,8e04d06f759a8bfd35ccc1db1e32bd3815f687eabaff8ca3b867dff199053bb7,c3726df566bbcd849bef9eb4ab6ad18392e9da81d229ad226570a6a72bb115c5,completed,completed,completed,True,,,False,,,False,d085be45c1394eb67f1f4ddb3e916f375b7fc2a66e205a0d664092f9f8fe3ee7,5bba3355b418dd6624c59349227934f8b0eaf1b71cec7aaedaaaa0ae8e52c26c,c1344f5174a7ce3daff00d633ec1a73a2503836cc708fedc7d3221643d1e458d,185.6815201735124,2.685222010428,1.631732897836251,23.51192857316551,19.69269538996941,17.073925014915286,76.12773725351241,104.0,354.0,486.0,60.0,7.0,53.0,52.0,4.0,2.0,17.0,1.2333333333333334,4.0,1.0134329918026321,5.0,0.33613020200000004,0.33613899999999997,0.33613899999999997,0.006722779999999999,0.0004525746553640485,7.943104497157037,
timeout_verification,agx_host_proxy,timeout_traces_1_2,ACBBA__medium__bounded_b4_w5__trace_0002,ACBBA__medium__bounded_b4_w5,ACBBA,medium,bounded_b4_w5,bounded,4,5.0,trace_0002,2,10850256728946054170,9ee59ab3251ac38228755c261b38f7f7e5f150bb6ad1fe1c0572ca65df63e684,10384de97bb8f4f2bb810950688d155d2f211e774d238261f95e65ed7dbaf699,completed,completed,completed,True,,,False,,,False,ea638dea3a80604bfb2e91321cafbfd34fbd401723ad365ab171126eb9243c78,f6da6b56fb53d1323e74f574cf2908382fa5e24d7bde251c88b39b101582194e,0e0f6bae12844d9d9baa323864ef5dd6fe2d33b22e1effeae9d0ee3e30acc941,152.63767564127113,2.2236714116789127,1.7870935940030739,23.070389603982232,18.869055765072858,11.958952109980805,78.06048692305126,81.0,312.0,314.0,58.0,6.0,52.0,51.0,2.0,3.0,14.0,1.4390243902439024,4.0,0.9939517699292281,5.0,0.230127535,0.230127,0.230127,0.00460254,0.0003769170996498338,4.913393197115511,
timeout_verification,agx_host_proxy,timeout_traces_1_2,ACBBA__medium__count_b4__trace_0001,ACBBA__medium__count_b4,ACBBA,medium,count_b4,count,4,,trace_0001,1,5235383566147383851,8e04d06f759a8bfd35ccc1db1e32bd3815f687eabaff8ca3b867dff199053bb7,c3726df566bbcd849bef9eb4ab6ad18392e9da81d229ad226570a6a72bb115c5,completed,completed,completed,True,,,False,,,False,94a75177d5e95ace198a4e640d50395eb18a8966552806da4eda4204564c3000,4bb1a3f2253a4b0e9df86b0e62e8910b43c0da7bff23ce70b5f133c8839831ec,cc2b1d969ba92c28ec02d5dcadcdd631095b38056192db38d05dcee4f368593d,173.39627962467802,2.793228188089904,1.5804135980476595,23.42198262304217,19.666015296116644,17.072378014915284,62.748036084181194,97.0,340.0,402.0,52.0,2.0,50.0,49.0,0.0,1.0,20.0,1.302325581395349,4.0,1.3574521599728573,7.320032729,0.274982103,0.274978,0.274978,0.00549956,0.000396458909895874,6.078754372894764,
timeout_verification,agx_host_proxy,timeout_traces_1_2,ACBBA__medium__count_b4__trace_0002,ACBBA__medium__count_b4,ACBBA,medium,count_b4,count,4,,trace_0002,2,10850256728946054170,9ee59ab3251ac38228755c261b38f7f7e5f150bb6ad1fe1c0572ca65df63e684,10384de97bb8f4f2bb810950688d155d2f211e774d238261f95e65ed7dbaf699,completed,completed,completed,True,,,False,,,False,b06d57a164cba8375e687b88e8447f14271e186b5c30b6daa62d3a6767a53048,4a2eca0292d8e857aa111d82b4a043a2b83aa2d9c543aceaf1d0195d62b13cde,c2d718535a6639611c6a87593f9f5d196abf7128d47429790dda67fafba7c292,188.28686500591206,2.412101431912389,1.9798083256023862,27.563003687763917,21.286882846507858,12.624347885467602,109.28082923488657,106.0,351.0,477.0,55.0,3.0,52.0,51.0,0.0,2.0,19.0,1.313953488372093,4.0,0.9648977278121792,7.24723184,0.338841248,0.33884800000000004,0.33884800000000004,0.006776960000000001,0.00044990923821128,7.871140265837312,
timeout_verification,agx_host_proxy,timeout_traces_1_2,ACBBA__medium__eager_b1__trace_0001,ACBBA__medium__eager_b1,ACBBA,medium,eager_b1,eager,1,,trace_0001,1,5235383566147383851,8e04d06f759a8bfd35ccc1db1e32bd3815f687eabaff8ca3b867dff199053bb7,c3726df566bbcd849bef9eb4ab6ad18392e9da81d229ad226570a6a72bb115c5,completed,completed,completed,True,,,False,,,False,0bb8b644812e9081b062a08f805bc5f7c3a121d12780eb30d0f2cf60be76c517,c346f3d044687b2a2483407e91181a50698e8325b49cfd000ef91979684e6543,2187cb3495697e8118280380155d86da1b4895780a8324839622023f6a664872,177.72592661829358,0.8761202604082503,0.4226048990225735,26.319334157687276,21.416399228057735,14.113134471474302,76.72227163131666,98.0,372.0,453.0,94.0,42.0,52.0,51.0,0.0,0.0,0.0,0.6666666666666666,1.0,0.0,0.0,0.361046427,0.36103399999999997,0.36103399999999997,0.007220679999999999,0.0005078521840758239,7.592789531219751,
timeout_verification,agx_host_proxy,timeout_traces_1_2,ACBBA__medium__eager_b1__trace_0002,ACBBA__medium__eager_b1,ACBBA,medium,eager_b1,eager,1,,trace_0002,2,10850256728946054170,9ee59ab3251ac38228755c261b38f7f7e5f150bb6ad1fe1c0572ca65df63e684,10384de97bb8f4f2bb810950688d155d2f211e774d238261f95e65ed7dbaf699,completed,completed,completed,True,,,False,,,False,8a0d109999116c1f04f83f60feaaa2979e8fa3fa4032a3e3fa0e015a50426622,37ee27857fc36b561d9271e70228e3e6baa2d5ff693ed4e3e78b192391df9713,7e33a1862ae97114e6fc45c6ba61ad0e8ca97657658cd6df2f250c09c16ddc4f,165.06577370145268,0.7938712592546888,0.2312294528925296,20.923225063001514,19.37065225073026,12.667668195729581,56.88621727125539,85.0,337.0,460.0,94.0,42.0,52.0,51.0,0.0,0.0,0.0,0.6666666666666666,1.0,0.0,0.0,0.32419019899999996,0.32419699999999996,0.32419699999999996,0.006483939999999999,0.0004910118444456588,6.9639083398506045,
timeout_verification,agx_host_proxy,timeout_traces_1_2,CBAA__low__bounded_b4_w5__trace_0001,CBAA__low__bounded_b4_w5,CBAA,low,bounded_b4_w5,bounded,4,5.0,trace_0001,1,5235383566147383851,8e04d06f759a8bfd35ccc1db1e32bd3815f687eabaff8ca3b867dff199053bb7,d0c308df8bbbc8fb4fdd5bb199aa0a1303d5a8c397acf47f5bab0774313be04a,completed,completed,completed,True,,,False,,,False,be9b96bab61644e97b81217a6d388752221f1049c8629b04703050b4c5d99e19,42bb2f5bc878899b24e0c3e5443e0ce28ac52d42457062da057b831591e5e8d6,7e4748df2fecdf398e7f04296ddc3b76d329f2b78e77b8a48d02709a80a826c0,584.7751264291362,4.875134784351841,4.274435380062073,20.330120305345808,18.889321377148207,28.538159456910783,45.584502101686965,165.0,505.0,1958.0,79.0,13.0,66.0,65.0,12.0,0.0,25.0,0.7627118644067796,3.0,0.8246828357097655,5.0,0.570975084,0.570971,0.570971,0.01141942,0.00024409853215139743,23.232809175737202,
timeout_verification,agx_host_proxy,timeout_traces_1_2,CBAA__low__bounded_b4_w5__trace_0002,CBAA__low__bounded_b4_w5,CBAA,low,bounded_b4_w5,bounded,4,5.0,trace_0002,2,10850256728946054170,9ee59ab3251ac38228755c261b38f7f7e5f150bb6ad1fe1c0572ca65df63e684,8db92b4f8c31b7ea8f291fb8c9e0b6da7b55e90ee54cad7878fdfc8fb3db8141,completed,completed,completed,True,,,False,,,False,7b4b5afa57e1f22c1bcdded6c153b5bd3da1037fa8cabbe3f2c0a3814dfc34c0,87a7a18571f19a4d00ea5060cce391a66863a0ff481b80bd7aebe090a6e3fa62,ad6c2dc028e7293df81593afc435fccbdec0a45f345fe73bb88b5091ee169b82,524.0284235991744,3.868629121015266,2.893616430745695,16.345380104997776,13.978452583410188,25.63932396375963,53.92906665939631,133.0,420.0,3423.0,1855.0,15.0,1840.0,1839.0,14.0,0.0,20.0,0.8125,2.0,1.0300100163411805,5.0,0.6141392950000001,0.614176,0.614176,0.012283520000000001,0.0002930070070348793,45.158956138882786,
timeout_verification,agx_host_proxy,timeout_traces_1_2,CBAA__low__count_b4__trace_0001,CBAA__low__count_b4,CBAA,low,count_b4,count,4,,trace_0001,1,5235383566147383851,8e04d06f759a8bfd35ccc1db1e32bd3815f687eabaff8ca3b867dff199053bb7,d0c308df8bbbc8fb4fdd5bb199aa0a1303d5a8c397acf47f5bab0774313be04a,completed,completed,completed,True,,,False,,,False,f08eddd9ab838d9c5357c0b41b527292c6790f5f87660b0134e478bcd20dc9da,5c02bb9ae4a4e59cf2b07250fe787216ad229b29a7c5bec3cf8ba783ba1f29ed,1360cf792712141e934ba03d3dda2619fe6d12bbac80e8d0ebace17156ff97d3,590.3067540765487,6.043565090716912,5.084711473390286,22.20800873634622,20.691342058702702,28.537738456910784,47.10608915444743,153.0,519.0,2316.0,67.0,1.0,66.0,65.0,0.0,0.0,33.0,0.8545454545454545,3.0,1.5211545875932115,14.502452683969153,0.677204428,0.677177,0.677177,0.01354354,0.00028679029814733677,29.36262291809544,
timeout_verification,agx_host_proxy,timeout_traces_1_2,CBAA__low__count_b4__trace_0002,CBAA__low__count_b4,CBAA,low,count_b4,count,4,,trace_0002,2,10850256728946054170,9ee59ab3251ac38228755c261b38f7f7e5f150bb6ad1fe1c0572ca65df63e684,8db92b4f8c31b7ea8f291fb8c9e0b6da7b55e90ee54cad7878fdfc8fb3db8141,completed,completed,completed,True,,,False,,,False,de35bb30d240581eca12d9410816077e66964fc2472320e6fd3d51e4a0791bb4,7b01a794a58aa7bbb52f1d12845b172fe3a43e5a9aae9495fad8aa59aa4b1a49,7e0c48a5a20fdb5239526b878c378cc32298033c495261104986d2e355592cf7,520.3784361805691,4.544977044655993,2.0586295028935133,15.211456416696231,13.64644817396237,25.538389963759624,34.81882928516514,109.0,355.0,2477.0,1026.0,1.0,1025.0,1024.0,0.0,0.0,31.0,0.9056603773584906,3.0,1.7676353862665701,20.71855905652248,0.46021131899999995,0.460208,0.460208,0.00920416,0.0002210929431366319,22.933094524778426,
timeout_verification,agx_host_proxy,timeout_traces_1_2,CBAA__low__eager_b1__trace_0001,CBAA__low__eager_b1,CBAA,low,eager_b1,eager,1,,trace_0001,1,5235383566147383851,8e04d06f759a8bfd35ccc1db1e32bd3815f687eabaff8ca3b867dff199053bb7,d0c308df8bbbc8fb4fdd5bb199aa0a1303d5a8c397acf47f5bab0774313be04a,completed,completed,completed,True,,,False,,,False,616fdd7b58224a5d4c18db2899e0b6796ecc8f0e74f6a616f38a0407038073c5,8dde0cf29ddd45b22337b4fe79299b6ca27afe8073b499d0472051b6d52d50c9,5d1ba4e763165d84de79e158e14226e759511702c6eb4708e10cd60555aba2ab,577.3316730995203,2.662299406417313,0.0003229999999945221,16.698693513174728,12.593960249734295,28.53814745691078,45.439854295019586,131.0,479.0,1797.0,98.0,42.0,56.0,55.0,0.0,0.0,0.0,0.6666666666666666,1.0,0.0,0.0,0.5136387400000001,0.513636,0.513636,0.010272719999999999,0.00022241807609586122,21.00480376975611,
timeout_verification,agx_host_proxy,timeout_traces_1_2,CBAA__low__eager_b1__trace_0002,CBAA__low__eager_b1,CBAA,low,eager_b1,eager,1,,trace_0002,2,10850256728946054170,9ee59ab3251ac38228755c261b38f7f7e5f150bb6ad1fe1c0572ca65df63e684,8db92b4f8c31b7ea8f291fb8c9e0b6da7b55e90ee54cad7878fdfc8fb3db8141,completed,completed,completed,True,,,False,,,False,2097022bdef0cfcd22d93f8556f6f3b69a425ac2fd6349823935d17706fd54c8,8911973db1c740f117163c1a982c3b070394e21b4335a71c55adde3b5c9460ca,a3478d5ce4b819ba579768211286df53728182b514192a6fc2adc5e38dc51f74,520.6237178327332,1.665331510793449,0.00032249999998157364,13.061278495930162,10.918318646776257,25.53954196375962,35.01499817365697,114.0,412.0,1989.0,652.0,42.0,610.0,609.0,0.0,0.0,0.0,0.6666666666666666,1.0,0.0,0.0,0.461941663,0.461931,0.461931,0.00923862,0.000221816152519395,22.438378302846104,
timeout_verification,agx_host_proxy,timeout_traces_1_2,CBAA__medium__bounded_b4_w5__trace_0001,CBAA__medium__bounded_b4_w5,CBAA,medium,bounded_b4_w5,bounded,4,5.0,trace_0001,1,5235383566147383851,8e04d06f759a8bfd35ccc1db1e32bd3815f687eabaff8ca3b867dff199053bb7,c3726df566bbcd849bef9eb4ab6ad18392e9da81d229ad226570a6a72bb115c5,completed,completed,completed,True,,,False,,,False,dba002e082e9290eab651b967d48091a382e93c64e50e1758d259b2ea559d045,5785d211da66ef4afd75ee2abbe080a29657197a8378398a52be1dbc250c800f,6a490216df4d26fc288828db42cbaf327a37adead9c23a5471a77e0bf356f093,178.4187640968554,8.557780176240689,3.8776086146756086,24.156972306423818,23.618260101654116,55.29208167831063,65.89052451731062,98.0,374.0,327.0,62.0,6.0,56.0,55.0,2.0,3.0,18.0,1.2444444444444445,4.0,0.9705605218769972,5.0,0.099985358,0.09997400000000001,0.09997400000000001,0.00199948,0.00014008336021446808,4.530962170101702,
timeout_verification,agx_host_proxy,timeout_traces_1_2,CBAA__medium__bounded_b4_w5__trace_0002,CBAA__medium__bounded_b4_w5,CBAA,medium,bounded_b4_w5,bounded,4,5.0,trace_0002,2,10850256728946054170,9ee59ab3251ac38228755c261b38f7f7e5f150bb6ad1fe1c0572ca65df63e684,10384de97bb8f4f2bb810950688d155d2f211e774d238261f95e65ed7dbaf699,completed,completed,completed,True,,,False,,,False,ca83bf5de89e217ff3ef642cc2d197f02a2ad9d36658f70a8569547c99728a2c,69bc440fe592785ba5ff6e4b8b33be6ec99a7f2acfc9608fc51bc30c23890f8c,9c2de1d43e815dce079682ece09496f37c155fc8106eaaeb52aa0c0e7e396b67,153.64742289386504,10.210715890644586,4.316781190514246,23.340961477067545,18.886422653209188,61.89883860049879,65.45145273414786,87.0,328.0,284.0,64.0,8.0,56.0,55.0,4.0,3.0,15.0,1.3181818181818181,4.0,1.0443185056586584,5.0,0.09132138,0.091325,0.091325,0.0018265,0.00014859507286217962,3.7243074625730515,
timeout_verification,agx_host_proxy,timeout_traces_1_2,CBAA__medium__count_b4__trace_0001,CBAA__medium__count_b4,CBAA,medium,count_b4,count,4,,trace_0001,1,5235383566147383851,8e04d06f759a8bfd35ccc1db1e32bd3815f687eabaff8ca3b867dff199053bb7,c3726df566bbcd849bef9eb4ab6ad18392e9da81d229ad226570a6a72bb115c5,completed,completed,completed,True,,,False,,,False,a639645194fff9f85980a2526ea714948279a2260ac06f5d665155e093889f01,0db589a2c235cdcddf0c555a25088ce9fb49a3c383f9b026c756da8d70b10b04,fa0012c74237be9fd4bdf5ce18e8196d492a44994c95cf432c3e3603a9fafaab,184.38770314416226,7.654799589076826,3.65785224839442,22.3877395250489,18.285708384816676,30.416685873505145,65.64014468301204,103.0,367.0,377.0,56.0,4.0,52.0,51.0,0.0,3.0,16.0,1.451219512195122,4.0,1.7256147580148757,9.218589257026274,0.123885267,0.123894,0.123894,0.00247788,0.00016798029083199537,5.510140167083591,
timeout_verification,agx_host_proxy,timeout_traces_1_2,CBAA__medium__count_b4__trace_0002,CBAA__medium__count_b4,CBAA,medium,count_b4,count,4,,trace_0002,2,10850256728946054170,9ee59ab3251ac38228755c261b38f7f7e5f150bb6ad1fe1c0572ca65df63e684,10384de97bb8f4f2bb810950688d155d2f211e774d238261f95e65ed7dbaf699,completed,completed,completed,True,,,False,,,False,ede51c0e9968b1a4d286e34a370e0d68a9c2975c67e4f70824a5f859a772ca35,7f69ebd6fd8ff404e94fdffbd2d2b20af77140668baf653ab53618fc48522785,e2ea51017f7d7e58c3306573fe55ae5d35c3fe0df5538e46a1d983699abea664,161.68457540557083,10.129536647106505,4.7385452811591335,23.42327100715907,21.338376483379136,61.521800108247405,65.07446024189646,92.0,337.0,314.0,62.0,6.0,56.0,55.0,0.0,5.0,16.0,1.3953488372093024,4.0,1.1509778269721886,7.24723184,0.101444996,0.10144900000000001,0.10144900000000001,0.00202898,0.00015686252035100528,4.239340371917933,
timeout_verification,agx_host_proxy,timeout_traces_1_2,CBAA__medium__eager_b1__trace_0001,CBAA__medium__eager_b1,CBAA,medium,eager_b1,eager,1,,trace_0001,1,5235383566147383851,8e04d06f759a8bfd35ccc1db1e32bd3815f687eabaff8ca3b867dff199053bb7,c3726df566bbcd849bef9eb4ab6ad18392e9da81d229ad226570a6a72bb115c5,completed,completed,completed,True,,,False,,,False,2d13e84c98bf6c393d3a97c96c3abcff4105483170f69019c7bb2c704b29ee13,7167dd6b62cd63b6ed89f06d399261b094d9d8d0b96ca0131701eaf49313cecc,f780064423607cd80d1865a935defcc657c0c895c40f8aab4fe9b354c77f01c4,205.32992932065753,6.77333845007505,1.3534407233268901,24.25156588457305,19.4557250926402,33.60785685182505,95.77614640065752,116.0,410.0,531.0,99.0,42.0,57.0,56.0,0.0,0.0,0.0,0.6666666666666666,1.0,0.0,0.0,0.166778985,0.166773,0.166773,0.00333546,0.00020305490844877718,7.140323857776821,
timeout_verification,agx_host_proxy,timeout_traces_1_2,HIPC__low__bounded_b4_w5__trace_0001,HIPC__low__bounded_b4_w5,HIPC,low,bounded_b4_w5,bounded,4,5.0,trace_0001,1,5235383566147383851,8e04d06f759a8bfd35ccc1db1e32bd3815f687eabaff8ca3b867dff199053bb7,d0c308df8bbbc8fb4fdd5bb199aa0a1303d5a8c397acf47f5bab0774313be04a,completed,completed,completed,True,,,False,,,False,c807f09c3ccb6d528947f2f1ba668cc5ea3ec87c05e5ab4760dedd54c0a7a36c,f635860ba3c66b888f3528e51f218b640ea62b9556fa80d08a83bd93c8413e77,c325e029c9893be73f90a001945e557ad2c3ce0297a15c48d044a4f1eb43b2cd,589.658029893088,1.9937012511087682,1.3967367008245901,18.51512615709998,16.359022998939082,5.974428159030552,53.409307485072226,100.0,339.0,2142.0,73.0,11.0,62.0,61.0,10.0,0.0,27.0,0.7627118644067796,3.0,0.7178550006330767,5.0,1.032562588,1.032554,1.032554,0.02065108,0.0004377766212168832,22.987820749171078,
timeout_verification,agx_host_proxy,timeout_traces_1_2,HIPC__low__bounded_b4_w5__trace_0002,HIPC__low__bounded_b4_w5,HIPC,low,bounded_b4_w5,bounded,4,5.0,trace_0002,2,10850256728946054170,9ee59ab3251ac38228755c261b38f7f7e5f150bb6ad1fe1c0572ca65df63e684,8db92b4f8c31b7ea8f291fb8c9e0b6da7b55e90ee54cad7878fdfc8fb3db8141,completed,completed,completed,True,,,False,,,False,b3d6976ff02e8041d1fe76daaeed134b39f7cbacf66b163ec60e3d772aa58e21,ce1e89d03906666bc2b54b024d90fa977de76a28fe2ef139f039c7e4430ae03f,61e4bce883243ad6a8665b4cbfa24e5c8ce3948698d95978cee28e7243412aef,520.5820832720779,2.179971566560343,1.677008353394477,15.70716058879708,13.722938553597999,6.393169753161942,49.70952325178777,79.0,301.0,1820.0,71.0,12.0,59.0,58.0,11.0,0.0,24.0,0.7894736842105263,2.0,0.8880932169570844,5.0,0.793377319,0.793363,0.793363,0.01586726,0.00038099803349616793,18.160166075918823,
timeout_verification,agx_host_proxy,timeout_traces_1_2,HIPC__low__count_b4__trace_0001,HIPC__low__count_b4,HIPC,low,count_b4,count,4,,trace_0001,1,5235383566147383851,8e04d06f759a8bfd35ccc1db1e32bd3815f687eabaff8ca3b867dff199053bb7,d0c308df8bbbc8fb4fdd5bb199aa0a1303d5a8c397acf47f5bab0774313be04a,completed,completed,completed,True,,,False,,,False,4de1af2dcf1ff2d50b49a7eb8adfcee09ba2dc862159bdd2b66817f94ae26ea3,836203e036130b93009c64bb41f95129dca85ab8d7c37557cf0d28553dbfdc0e,0242c50db4acf1156e606b420c1c036340eeaf7b689e4f6518cd74c47a733b56,580.6474711868226,4.277152314147127,1.7427202824995423,20.13464498733182,20.181932083585536,21.839061599544323,53.40752348507223,107.0,336.0,2222.0,62.0,2.0,60.0,59.0,0.0,1.0,32.0,0.8727272727272727,4.0,1.8098434628790463,21.83846559954435,1.020972095,1.020966,1.020966,0.02041932,0.0004395808346126016,22.381691867951304,
timeout_verification,agx_host_proxy,timeout_traces_1_2,HIPC__low__count_b4__trace_0002,HIPC__low__count_b4,HIPC,low,count_b4,count,4,,trace_0002,2,10850256728946054170,9ee59ab3251ac38228755c261b38f7f7e5f150bb6ad1fe1c0572ca65df63e684,8db92b4f8c31b7ea8f291fb8c9e0b6da7b55e90ee54cad7878fdfc8fb3db8141,completed,completed,completed,True,,,False,,,False,80c5cf992893ea1ef24d00b8af02c57006506521d74758b5fc08453077a7b49a,eba79b4f86f9818b31823dae7a34bf9e56a097936ced7cbd1033a3448ee1ef65,8ea93c813c92f3acdcb02dcf8976d277d2de299dedd7e89c6e3ca5ef56d59894,522.5860578879676,4.410375103562089,2.784531645624277,18.88980739296039,16.669376386597506,25.149586892000002,53.381010699154814,93.0,320.0,1940.0,61.0,2.0,59.0,58.0,0.0,1.0,29.0,0.9519230769230769,4.0,2.2661698476913785,25.148768891999993,0.890650104,0.89067,0.89067,0.0178134,0.0004260877163464924,20.64319169241935,
timeout_verification,agx_host_proxy,timeout_traces_1_2,HIPC__low__eager_b1__trace_0001,HIPC__low__eager_b1,HIPC,low,eager_b1,eager,1,,trace_0001,1,5235383566147383851,8e04d06f759a8bfd35ccc1db1e32bd3815f687eabaff8ca3b867dff199053bb7,d0c308df8bbbc8fb4fdd5bb199aa0a1303d5a8c397acf47f5bab0774313be04a,completed,completed,completed,True,,,False,,,False,bdb4b0014e70b81bae715fed8cafbfdddc7b8e2ef8f78997381e1fd9d8dbea29,3ddbfae29c7f1fd29c0620eeb8d8d955e7ca2ea6e52eb587f82fcf0b70c39bd6,9625e7ffd9a54a4a18ebaba61483f9297560973f8f01f5f7e0957dbb9e0272f4,585.1017353971711,0.15193865355402644,0.0005744999999990341,17.103269002418475,14.434689937771537,1.1286383334802395,43.49301335044609,103.0,337.0,2267.0,92.0,42.0,50.0,49.0,0.0,0.0,0.0,0.6666666666666666,1.0,0.0,0.0,1.0581784379999999,1.058206,1.058206,0.021164119999999998,0.00045214615509629383,24.683603513985872,
timeout_verification,agx_host_proxy,timeout_traces_1_2,HIPC__low__eager_b1__trace_0002,HIPC__low__eager_b1,HIPC,low,eager_b1,eager,1,,trace_0002,2,10850256728946054170,9ee59ab3251ac38228755c261b38f7f7e5f150bb6ad1fe1c0572ca65df63e684,8db92b4f8c31b7ea8f291fb8c9e0b6da7b55e90ee54cad7878fdfc8fb3db8141,completed,completed,completed,True,,,False,,,False,1d228c13ded0d08f3339d62f364ee16f36d09c8290e2ba4682c6f690ba07037f,e8b18dcf288b74c2c0d3e885402bb26f55913294332c6491bcd2f843300c4e42,755f9e87a88b1c907017fde2e240b3a1dce0dd20d3ecd705b5b859e64c3b1c9f,520.4598182838375,0.12029118980691476,0.0005814999999955717,14.204826038405855,12.540090307361368,1.639083678608813,49.75379738617023,101.0,322.0,1581.0,92.0,42.0,50.0,49.0,0.0,0.0,0.0,0.6666666666666666,1.0,0.0,0.0,0.749641058,0.7496400000000001,0.7496400000000001,0.014992800000000002,0.0003600854348717354,16.93231681594625,
timeout_verification,agx_host_proxy,timeout_traces_1_2,HIPC__medium__bounded_b4_w5__trace_0001,HIPC__medium__bounded_b4_w5,HIPC,medium,bounded_b4_w5,bounded,4,5.0,trace_0001,1,5235383566147383851,8e04d06f759a8bfd35ccc1db1e32bd3815f687eabaff8ca3b867dff199053bb7,c3726df566bbcd849bef9eb4ab6ad18392e9da81d229ad226570a6a72bb115c5,completed,completed,completed,True,,,False,,,False,cf34f870b314bc58e3f1ad382fb896a25b316e2de03e4c2a7a7f4494dfa68a4e,f00a68fd973128308d62fda0a529fc9b568fb9dc282bfa404d66d2d2af03b912,cb747fa5d0f0fe78a248ad8aaf8afe304dc0984fd1f88980d972c308dc7b4343,176.38081233942307,2.0966278495591224,1.7238444096036645,24.108394746280098,19.77985198551518,5.679059497288037,66.57180295109424,85.0,303.0,768.0,292.0,9.0,283.0,282.0,6.0,2.0,13.0,1.3255813953488371,4.0,1.2011044643667144,5.0,0.674491153,0.674493,0.674493,0.01348986,0.0009560181051638735,9.169118605088443,
timeout_verification,agx_host_proxy,timeout_traces_1_2,HIPC__medium__bounded_b4_w5__trace_0002,HIPC__medium__bounded_b4_w5,HIPC,medium,bounded_b4_w5,bounded,4,5.0,trace_0002,2,10850256728946054170,9ee59ab3251ac38228755c261b38f7f7e5f150bb6ad1fe1c0572ca65df63e684,10384de97bb8f4f2bb810950688d155d2f211e774d238261f95e65ed7dbaf699,completed,completed,completed,True,,,False,,,False,441a5a8ff99dc48c7181e1f113a98a5aa0f0fee23a5d2db822c2fab34e8f675e,216c0dc936f78953a2122117c6abb91733e748b94a3244fa94d3a14f5685b3c5,1cd3da3629956f79e14037d08dde652820d321c5f60e9e82ae77d06037c87e87,164.289134490291,2.034421990267337,1.652491095907635,19.51105195567402,16.347188305531915,5.002314,44.870287110585934,83.0,272.0,534.0,57.0,7.0,50.0,49.0,3.0,3.0,13.0,1.4390243902439024,4.0,1.0491977999693811,5.0,0.4282309,0.428232,0.428232,0.00856464,0.0006516438249683932,6.428128296975046,
timeout_verification,agx_host_proxy,timeout_traces_1_2,HIPC__medium__count_b4__trace_0001,HIPC__medium__count_b4,HIPC,medium,count_b4,count,4,,trace_0001,1,5235383566147383851,8e04d06f759a8bfd35ccc1db1e32bd3815f687eabaff8ca3b867dff199053bb7,c3726df566bbcd849bef9eb4ab6ad18392e9da81d229ad226570a6a72bb115c5,completed,completed,completed,True,,,False,,,False,39a92a706f239acd8f0f897b016d571581e712baaa4eb806f19b7a9e6ecd6a8e,aa780e21f8b9c7cc45a1dcf21f44244d10be7e61f16c3126f07c79efca1ef3a5,7596baa6603be5517b96864fc8a19ab72d39b101e8215ace3a9f0c29a8782d31,196.82407432184038,2.219200930055686,1.3285032821922158,28.674731667900303,23.86768518843739,8.48811563169832,96.73936430056328,93.0,345.0,563.0,87.0,3.0,84.0,83.0,0.0,2.0,15.0,1.5256410256410255,4.0,1.7128703421365474,7.320032729,0.417152736,0.417151,0.417151,0.00834302,0.0005298526125898198,7.051670023240149,
timeout_verification,agx_host_proxy,timeout_traces_1_2,HIPC__medium__count_b4__trace_0002,HIPC__medium__count_b4,HIPC,medium,count_b4,count,4,,trace_0002,2,10850256728946054170,9ee59ab3251ac38228755c261b38f7f7e5f150bb6ad1fe1c0572ca65df63e684,10384de97bb8f4f2bb810950688d155d2f211e774d238261f95e65ed7dbaf699,completed,completed,completed,True,,,False,,,False,0b77916a944c1306802d1c46d461a29d9898ee431f8a3c0b26fbab033f0b1dfd,99006e064a9d70d99108c751749e149ed12acfea8b90fb373f755a7dbc77af7d,285065295691d5c3e062f34029db40a7673f00feb8a9c55c3177c1350aeff404,148.13057240786242,2.772005312390112,2.1345616816807684,19.22259539296362,15.231070049324579,8.560477774303088,44.77412711058594,74.0,243.0,493.0,54.0,4.0,50.0,49.0,0.0,3.0,17.0,1.4047619047619047,4.0,1.3346914268786785,8.559651774303084,0.417345143,0.417346,0.417346,0.00834692,0.0007043549370262345,5.547117319889367,
timeout_verification,agx_host_proxy,timeout_traces_1_2,HIPC__medium__eager_b1__trace_0001,HIPC__medium__eager_b1,HIPC,medium,eager_b1,eager,1,,trace_0001,1,5235383566147383851,8e04d06f759a8bfd35ccc1db1e32bd3815f687eabaff8ca3b867dff199053bb7,c3726df566bbcd849bef9eb4ab6ad18392e9da81d229ad226570a6a72bb115c5,completed,completed,completed,True,,,False,,,False,211df047b5148f4001287fd628fd04ad42dc81b0bf13e8f4b7c299a3f6d23f05,69687b37cf4d09fe5d7f56dfb3c13e09fbccb9efb528b5d6c30026b5d5dca831,3422e0a087b2de11ad225bce38fd8b8b5f38bdcbb5734414465b16f9aa2b877b,209.72609886221613,0.5268015488927315,0.11392200832190777,24.372756361531287,19.546828837152496,7.530282564230211,110.72454935321613,102.0,345.0,747.0,94.0,42.0,52.0,51.0,0.0,0.0,0.0,0.6666666666666666,1.0,0.0,0.0,0.561533688,0.5615439999999999,0.5615439999999999,0.011230879999999999,0.000669377825466679,10.180050076916814,
timeout_verification,agx_host_proxy,timeout_traces_1_2,HIPC__medium__eager_b1__trace_0002,HIPC__medium__eager_b1,HIPC,medium,eager_b1,eager,1,,trace_0002,2,10850256728946054170,9ee59ab3251ac38228755c261b38f7f7e5f150bb6ad1fe1c0572ca65df63e684,10384de97bb8f4f2bb810950688d155d2f211e774d238261f95e65ed7dbaf699,completed,completed,completed,True,,,False,,,False,34c4d60bb3820215ddfd102794a128e833bb26ae4222236f7776c1775501eb80,01a9647f5f2752247defc9e3cf0d1dcba7c6b972325392f017a3227e4df0ede4,698a62e2366a8c5f3598edb275a72a5f7f60806dd5d738efa5fcbb1241f3dbc8,170.06532780463613,0.7036285633096293,0.3124831055349908,23.80341429296012,14.056806154028212,7.0366714707164295,77.0652135768849,91.0,319.0,511.0,94.0,42.0,52.0,51.0,0.0,0.0,0.0,0.6666666666666666,1.0,0.0,0.0,0.49590246600000004,0.495893,0.495893,0.009917859999999999,0.0007289742806506405,7.0083358362317085,
timeout_verification,agx_host_proxy,timeout_traces_1_2,PI__low__bounded_b4_w5__trace_0001,PI__low__bounded_b4_w5,PI,low,bounded_b4_w5,bounded,4,5.0,trace_0001,1,5235383566147383851,8e04d06f759a8bfd35ccc1db1e32bd3815f687eabaff8ca3b867dff199053bb7,d0c308df8bbbc8fb4fdd5bb199aa0a1303d5a8c397acf47f5bab0774313be04a,completed,completed,completed,True,,,False,,,False,d448cd782ef7984f13a5f79a7896d562d32bbea6fad1207ecfefab461a44119b,3b7a26beba2bd05df0a93dd6e719df2dde4886efafe82fa45e5c7c0bd20aca82,7fc9907809f6d0f800598f269908520f2de30e090d514bac9c80f4034481ba8d,606.7109743669306,1.967364346010799,0.7859765567881709,21.04965576752859,16.797737255802204,5.976939159030551,72.86596198619944,152.0,497.0,1890.0,86.0,14.0,72.0,71.0,13.0,0.0,24.0,0.7627118644067796,3.0,0.7357346137242623,5.0,1.458789979,1.4587620000000001,1.4587620000000001,0.02917524,0.0006010942860899038,23.557739289011806,
timeout_verification,agx_host_proxy,timeout_traces_1_2,PI__low__bounded_b4_w5__trace_0002,PI__low__bounded_b4_w5,PI,low,bounded_b4_w5,bounded,4,5.0,trace_0002,2,10850256728946054170,9ee59ab3251ac38228755c261b38f7f7e5f150bb6ad1fe1c0572ca65df63e684,8db92b4f8c31b7ea8f291fb8c9e0b6da7b55e90ee54cad7878fdfc8fb3db8141,completed,completed,completed,True,,,False,,,False,41d053e98303c03e4a2d921c48c0d961f6bcd16742c93a035ff78b8304316dad,fdf7b7f72f02323a8b793ece057393b10cfbd5df509659400e394a6d267a7c1a,8450b7f626d5e602fe0ec85ab3e5696e06f6c84abb19c86f6b99b4e70e1ea2cb,531.4637365737773,2.2625084134083817,1.5428519305871333,19.869523927537266,13.948447751723535,6.290088962811611,92.21989358162871,127.0,445.0,1835.0,74.0,16.0,58.0,57.0,15.0,0.0,20.0,0.7894736842105263,2.0,1.0513018110386028,5.0,1.449525294,1.449538,1.449538,0.02899076,0.0006818611977859643,21.671580363065004,
timeout_verification,agx_host_proxy,timeout_traces_1_2,PI__low__count_b4__trace_0001,PI__low__count_b4,PI,low,count_b4,count,4,,trace_0001,1,5235383566147383851,8e04d06f759a8bfd35ccc1db1e32bd3815f687eabaff8ca3b867dff199053bb7,d0c308df8bbbc8fb4fdd5bb199aa0a1303d5a8c397acf47f5bab0774313be04a,completed,completed,completed,True,,,False,,,False,d8d45a226f11340dd008a60bcb133ce363dbf8d2e04689b3dab77218782761d4,bb90f3fee0a73f86d96d557134d6415d5b2ec76cbdb625e7f74d4c2d24eb83eb,48009c592b46dbb4f55fceaeba63602283e5a115e17436706817c983e49257d0,591.0538841204769,4.088319186648993,2.047869342637295,21.979653604307718,20.403199794102648,21.159611677674487,54.91879290595897,132.0,461.0,2215.0,65.0,1.0,64.0,63.0,0.0,0.0,32.0,0.8796296296296297,3.0,1.7920130240441514,21.115997689482633,1.635173881,1.6351600000000002,1.6351600000000002,0.0327032,0.0006916289884606777,26.61106809368357,
timeout_verification,agx_host_proxy,timeout_traces_1_2,PI__low__count_b4__trace_0002,PI__low__count_b4,PI,low,count_b4,count,4,,trace_0002,2,10850256728946054170,9ee59ab3251ac38228755c261b38f7f7e5f150bb6ad1fe1c0572ca65df63e684,8db92b4f8c31b7ea8f291fb8c9e0b6da7b55e90ee54cad7878fdfc8fb3db8141,completed,completed,completed,True,,,False,,,False,bbd7cb4c08151ac024bf30de2d866442b9240e9a889f964cf225d266fe3cc208,7b2f2ba026a0d3d0dcad74651e5abffad1f7d5a9f176bc2d596a2fb3e6d1d619,1d2dcd65b036d8caa2322a28e2a27db74fcc9d981bd4b88773df4c65e3491457,559.0452038086926,5.200985418001923,3.7797662097632525,23.553164645699443,20.00609535610127,21.500303593863435,56.828613414190556,161.0,475.0,2050.0,57.0,1.0,56.0,55.0,0.0,0.0,29.0,0.9607843137254902,3.0,2.6910464536185636,21.497428593863418,1.566122835,1.566149,1.566149,0.03132298,0.0007003677830209694,26.206904422026128,
timeout_verification,agx_host_proxy,timeout_traces_1_2,PI__low__eager_b1__trace_0001,PI__low__eager_b1,PI,low,eager_b1,eager,1,,trace_0001,1,5235383566147383851,8e04d06f759a8bfd35ccc1db1e32bd3815f687eabaff8ca3b867dff199053bb7,d0c308df8bbbc8fb4fdd5bb199aa0a1303d5a8c397acf47f5bab0774313be04a,completed,completed,completed,True,,,False,,,False,e2399adf5d6645705319fb85a4d0e9f06dad3b4fd853181e6e36d3f54ea4d4e6,2cc725e73ec0293ee95e9b23abdbc4891537f4b361d8d4c17423922f549c9cdb,e23e73a0ffbc6b919c332a25e4a486502b2a84a0e4b85749351ff0b9331b65f3,590.0234725608029,0.07323614915015544,0.001293500000002723,19.871317354863763,14.938543124061994,0.8623629527244496,77.16860442544396,137.0,466.0,2259.0,154.0,42.0,112.0,111.0,0.0,0.0,0.0,0.6666666666666666,1.0,0.0,0.0,1.735240095,1.735251,1.735251,0.03470502,0.0007352465964060352,27.752515903674066,
timeout_verification,agx_host_proxy,timeout_traces_1_2,PI__low__eager_b1__trace_0002,PI__low__eager_b1,PI,low,eager_b1,eager,1,,trace_0002,2,10850256728946054170,9ee59ab3251ac38228755c261b38f7f7e5f150bb6ad1fe1c0572ca65df63e684,8db92b4f8c31b7ea8f291fb8c9e0b6da7b55e90ee54cad7878fdfc8fb3db8141,completed,completed,completed,True,,,False,,,False,79f07775e4db96696fb8b79d8a645208c7043d94fde0ef060bf7b644100337b4,02c3800248badd336b087317424f8269e9d4db9ed68e5cf6bf3e420ab6040a81,7f66dc769098aa4c902e2bc6b737f6bbfd9486894845a9f2ef929fe0df7f775a,520.1530428972533,0.048677493472869766,0.0015564999999924112,19.9684204390107,18.19125636832581,0.9079587273291216,82.73619455602443,147.0,533.0,1724.0,94.0,42.0,52.0,51.0,0.0,0.0,0.0,0.6666666666666666,1.0,0.0,0.0,1.3588674399999998,1.3588749999999998,1.3588749999999998,0.027177499999999997,0.0006531130686225846,22.569508520886302,
timeout_verification,agx_host_proxy,timeout_traces_1_2,PI__medium__bounded_b4_w5__trace_0001,PI__medium__bounded_b4_w5,PI,medium,bounded_b4_w5,bounded,4,5.0,trace_0001,1,5235383566147383851,8e04d06f759a8bfd35ccc1db1e32bd3815f687eabaff8ca3b867dff199053bb7,c3726df566bbcd849bef9eb4ab6ad18392e9da81d229ad226570a6a72bb115c5,completed,completed,completed,True,,,False,,,False,a220087c8d755c17690dbe7e1ddb9f45b48ebc148737772f9553eab6c088a495,bdb23cd05d7fe66d4b5e888bf161ee20bafb545504c1bcf98bfdc543ac67b3ad,637cb86e2e6ad467e4072d76a14d8501b2a4c427ce69da007d1ae76deb25fc0c,193.44058780123646,2.034016105909164,1.5032481043491552,31.360176519282295,27.178701518082207,6.571437324018111,106.90994990323647,108.0,368.0,437.0,57.0,7.0,50.0,49.0,5.0,1.0,19.0,1.127659574468085,4.0,1.081936672246673,5.0,0.6588720690000001,0.658867,0.658867,0.01317734,0.0008515108017002579,6.32256563520059,
timeout_verification,agx_host_proxy,timeout_traces_1_2,PI__medium__bounded_b4_w5__trace_0002,PI__medium__bounded_b4_w5,PI,medium,bounded_b4_w5,bounded,4,5.0,trace_0002,2,10850256728946054170,9ee59ab3251ac38228755c261b38f7f7e5f150bb6ad1fe1c0572ca65df63e684,10384de97bb8f4f2bb810950688d155d2f211e774d238261f95e65ed7dbaf699,completed,completed,completed,True,,,False,,,False,3963dc3e80239620b0e2e2d5daad664e52896659b5f9a2fb41f80ca732bd8082,6fb7121df817f8856c6aa7a1ddcb1cd9f9a64dd2c6cba94e5c8bf3059193668f,367814afe72859800f91041ab5174695d263f0a9918573210423991a506f8b26,196.79297999818553,1.9378721407770574,1.567764872649338,25.807947945525456,22.74311166706878,6.792443105870483,77.10636989418553,107.0,325.0,1536.0,973.0,7.0,966.0,965.0,4.0,2.0,15.0,1.3255813953488371,4.0,0.9961240009726585,5.0,1.48107255,1.481068,1.481068,0.02962136,0.0018815051228118704,21.723368330858648,
timeout_verification,agx_host_proxy,timeout_traces_1_2,PI__medium__count_b4__trace_0001,PI__medium__count_b4,PI,medium,count_b4,count,4,,trace_0001,1,5235383566147383851,8e04d06f759a8bfd35ccc1db1e32bd3815f687eabaff8ca3b867dff199053bb7,c3726df566bbcd849bef9eb4ab6ad18392e9da81d229ad226570a6a72bb115c5,completed,completed,completed,True,,,False,,,False,dfecd0bb2ba88a558ed5158efbaa1e25e688f00aec1266c6e1477a0cb24c2991,1e0d83b57228931fbf8b24c5f8d0497972c6d186cdeb1ee7e7279cb94ee80989,638fd17b4eda8c1d0df0d711bb05ed52b94d2dc8031da62e39debb344e66496e,173.61935289074316,2.5568561522235944,2.23352412346334,29.9673411178632,26.31124454082721,8.572134986964182,79.87998610895683,93.0,348.0,330.0,57.0,5.0,52.0,51.0,0.0,4.0,16.0,1.4166666666666667,4.0,1.6669596741511041,8.242501982000007,0.545834099,0.5458390000000001,0.5458390000000001,0.010916780000000001,0.0007859708478804936,4.987249457277358,
timeout_verification,agx_host_proxy,timeout_traces_1_2,PI__medium__count_b4__trace_0002,PI__medium__count_b4,PI,medium,count_b4,count,4,,trace_0002,2,10850256728946054170,9ee59ab3251ac38228755c261b38f7f7e5f150bb6ad1fe1c0572ca65df63e684,10384de97bb8f4f2bb810950688d155d2f211e774d238261f95e65ed7dbaf699,completed,completed,completed,True,,,False,,,False,5d9639115abc5638681d6735b9fe62d57219d1bd2915fd95cb7bb00d48bc946e,b0385009357fa8e4b6b18f7e439a209ae0c48f3bb72adcf1ef6153db5c7945ec,fdb0deb0a32765bdb60b4a2ee616446248051db01687bd87eef4998a6ff412e4,164.62896090301095,2.1060692917999697,1.5120684805544435,28.54224171474518,24.403748222277805,8.196788554742776,91.28602879569651,89.0,342.0,1240.0,999.0,5.0,994.0,993.0,0.0,4.0,15.0,1.475609756097561,4.0,1.3129809749000723,7.24723184,1.23068625,1.230688,1.230688,0.02461376,0.001868881382184396,13.846485114190727,
timeout_verification,agx_host_proxy,timeout_traces_1_2,PI__medium__eager_b1__trace_0001,PI__medium__eager_b1,PI,medium,eager_b1,eager,1,,trace_0001,1,5235383566147383851,8e04d06f759a8bfd35ccc1db1e32bd3815f687eabaff8ca3b867dff199053bb7,c3726df566bbcd849bef9eb4ab6ad18392e9da81d229ad226570a6a72bb115c5,completed,completed,completed,True,,,False,,,False,107629ac2ec41bf2d4376eaab93d2d15669b3943649dc5f0d098c567f65c0644,dc0397aa7cccb95ebc5ee8f95c000ffa70ec4ef2f2f6e2dce67776bea6710d22,1462f5955aaeacc7451ed38ecd8e39fce49ac1ef5d38892459d7b4a32a1e1d8b,178.66582149456144,0.6433636851147585,0.13473926572417128,27.213475651296733,24.589126332811098,7.527443564230213,76.85465698472652,100.0,337.0,515.0,92.0,42.0,50.0,49.0,0.0,0.0,0.0,0.6666666666666666,1.0,0.0,0.0,0.848357545,0.848349,0.848349,0.01696698,0.0011870611190537969,7.051061570644379,
timeout_verification,agx_host_proxy,timeout_traces_1_2,PI__medium__eager_b1__trace_0002,PI__medium__eager_b1,PI,medium,eager_b1,eager,1,,trace_0002,2,10850256728946054170,9ee59ab3251ac38228755c261b38f7f7e5f150bb6ad1fe1c0572ca65df63e684,10384de97bb8f4f2bb810950688d155d2f211e774d238261f95e65ed7dbaf699,completed,completed,completed,True,,,False,,,False,bab9294cec019011500851317316444132723355b12b0716e20609bda40ed3ee,06171eb2a3ba808b92513fa35f17872cd1d7f1b4e471037f3ea447d434456361,0f0847eddf4508aec194061e707b17fb0a901682f3c5d5088dcbaac37f341f5f,159.12828221730882,0.7687731650514734,0.45077915136479874,29.91621254743105,20.893927371833627,9.025841456742363,100.10887093406606,86.0,317.0,428.0,92.0,42.0,50.0,49.0,0.0,0.0,0.0,0.6666666666666666,1.0,0.0,0.0,0.837077983,0.837076,0.837076,0.01674152,0.0013150962046722657,6.578088121023029,
timeout_verification,agx_host_proxy,timeout_traces_1_2,CBAA__medium__eager_b1__trace_0002,CBAA__medium__eager_b1,CBAA,medium,eager_b1,eager,1,,trace_0002,2,10850256728946054170,9ee59ab3251ac38228755c261b38f7f7e5f150bb6ad1fe1c0572ca65df63e684,10384de97bb8f4f2bb810950688d155d2f211e774d238261f95e65ed7dbaf699,completed,incomplete,algorithmic_incomplete,False,stagnation_horizon,68.45275958033179,False,,,True,7a93f06773675b920d00e525bf55293f1e4d98ca729feb655e063c07312db795,311e876b1b21f4e2d3189f2c31cd42573d27d2181a4ca1c80c0365638a6b92f7,42e9b075d8003e124359577956a273426defc00459180777552f8ac44ef64312,,7.109257142411763,1.4073184134244663,18.69104451863506,13.851220407724888,33.18030209092729,47.47031014247132,38.0,149.0,7127.0,7000.0,25.0,6975.0,6974.0,0.0,0.0,0.0,0.6666666666666666,1.0,0.0,0.0,0.35006970200000004,0.350049,0.350049,0.014585375,0.0,67.20737471524626,semantic output validation failed: task_0034.release_time_s cannot be empty
