algorithm,arrival_load,policy_id,call_class,epoch_reason,active_task_count_bin,candidate_count_bin,admitted_batch_size_bin,board_id,call_count,agx_duration_s_mean,agx_duration_s_median,agx_duration_s_iqr,agx_duration_s_q90,agx_duration_s_q95,agx_duration_s_max,rp2040_duration_s_mean,rp2040_duration_s_median,rp2040_duration_s_iqr,rp2040_duration_s_q90,rp2040_duration_s_q95,rp2040_duration_s_max,rp2040_to_agx_ratio_mean,rp2040_to_agx_ratio_median,rp2040_to_agx_ratio_iqr,rp2040_to_agx_ratio_q90,rp2040_to_agx_ratio_q95,rp2040_to_agx_ratio_max
ACBBA,high,count_b4,candidate_filter_only,batch_threshold,32-50,32-50,4,rp2040_c,1,0.001238133,0.001238133,0.0,0.001238133,0.001238133,0.001238133,0.020049,0.020049,0.0,0.020049,0.020049,0.020049,16.192929192582703,16.192929192582703,0.0,16.192929192582703,16.192929192582703,16.192929192582703
ACBBA,high,count_b4,candidate_filter_only,final_release_flush,32-50,32-50,1,rp2040_a,3,0.001233351,0.00131648,0.00013864850000000007,0.001327644,0.0013290395000000001,0.001330435,0.022642333333333334,0.02391,0.0024794999999999956,0.0243724,0.0244302,0.024488,18.370569090351946,18.40601006437744,0.19078005691235944,18.516104941076733,18.529866800664145,18.543628660251557
ACBBA,high,count_b4,candidate_filter_only,final_release_flush,32-50,32-50,1,rp2040_b,1,0.001376283,0.001376283,0.0,0.001376283,0.001376283,0.001376283,0.020307,0.020307,0.0,0.020307,0.020307,0.020307,14.754959554103333,14.754959554103333,0.0,14.754959554103333,14.754959554103333,14.754959554103333
ACBBA,high,count_b4,candidate_filter_only,final_release_flush,32-50,32-50,1,rp2040_c,3,0.0013629603333333332,0.001349995,3.604800000000011e-05,0.0013943918,0.0013999414,0.001405491,0.02204233333333333,0.021866,0.0007504999999999977,0.022678,0.022779499999999998,0.022881,16.171852430682225,16.279720040896738,0.28082293262795943,16.374937254741692,16.386839406472312,16.398741558202932
ACBBA,high,count_b4,candidate_filter_only,final_release_flush,32-50,32-50,2-3,rp2040_b,1,0.001460762,0.001460762,0.0,0.001460762,0.001460762,0.001460762,0.021105,0.021105,0.0,0.021105,0.021105,0.021105,14.447938815494926,14.447938815494926,0.0,14.447938815494926,14.447938815494926,14.447938815494926
ACBBA,high,count_b4,candidate_filter_only,task_completion,0-7,0-7,0,rp2040_a,105,0.001266420561904762,0.001239573,0.00015997299999999989,0.0016054132,0.0016624828,0.001807673,0.018722057142857143,0.018142,0.003115000000000003,0.023462400000000005,0.0250786,0.028202,15.55271899924485,14.3269053513986,3.247598997205859,20.720341207025072,28.092543718672655,36.54280842288932
ACBBA,high,count_b4,candidate_filter_only,task_completion,0-7,0-7,0,rp2040_b,323,0.0012214864365325078,0.001241243,8.782849999999982e-05,0.0013462434000000001,0.0013899124999999998,0.001530161,0.01641582972136223,0.015727,0.0025049999999999985,0.020935400000000003,0.023319899999999998,0.029643,13.751106479666268,12.642526637517511,2.297113345353141,17.497033272214797,23.293280799666714,35.707539704823795
ACBBA,high,count_b4,candidate_filter_only,task_completion,0-7,0-7,0,rp2040_c,188,0.0012523400744680851,0.0012684515,8.597025000000019e-05,0.0013622496,0.00140311445,0.001486022,0.01891202659574468,0.018612999999999998,0.0024440000000000017,0.021105,0.022320750000000004,0.037345,15.309832245911721,14.695337828808846,1.4379389516389534,16.76669886896657,22.242680993373348,33.85853027637367
ACBBA,high,count_b4,candidate_filter_only,task_completion,16-31,16-31,0,rp2040_a,19,0.001209742,0.001168461,9.365950000000001e-05,0.0013378243999999997,0.0015047113999999999,0.001520168,0.020735684210526316,0.020824,0.0019970000000000022,0.0224164,0.0228292,0.022966,17.250450440979062,17.47637643725179,2.0658098421205153,19.021864982632877,19.71202503995028,19.721623598726744
ACBBA,high,count_b4,candidate_filter_only,task_completion,16-31,16-31,0,rp2040_b,70,0.001219875,0.0012327115,9.746474999999984e-05,0.001367773,0.00141605095,0.001445145,0.020160714285714285,0.020127,0.0013740000000000002,0.0220547,0.022780999999999996,0.02414,16.967958882041348,16.10615095143422,2.1892695281034644,19.014112438453367,22.68253664015764,33.85874839814144
ACBBA,high,count_b4,candidate_filter_only,task_completion,16-31,16-31,0,rp2040_c,19,0.0011295535789473683,0.001164455,0.00019669300000000017,0.0013514488,0.0014225425,0.001436677,0.019971578947368424,0.019911,0.003235499999999999,0.022089,0.0222646,0.023161,18.955352084961827,16.681677329413308,1.9520896448455716,31.96001675416741,32.87565385658376,34.22873429357532
ACBBA,high,count_b4,candidate_filter_only,task_completion,16-31,16-31,1,rp2040_a,5,0.0014677276,0.001358365,0.0003398720000000002,0.0017131234000000001,0.0017192932,0.001725463,0.0214272,0.02143,0.0005879999999999982,0.0219246,0.0219708,0.022017,14.894922598505289,15.64725977344764,3.016265936502201,17.154243043926712,17.613550950211966,18.07285885649722
ACBBA,high,count_b4,candidate_filter_only,task_completion,16-31,16-31,1,rp2040_b,9,0.0013882307777777778,0.001374719,0.000109472,0.001457131,0.0014945829999999998,0.001532035,0.020894,0.021242,0.0013619999999999986,0.021841,0.022049,0.022257,15.098117881978599,15.409138403105624,2.3941626794586277,16.36646901424496,16.378616424992334,16.39076383573971
ACBBA,high,count_b4,candidate_filter_only,task_completion,16-31,16-31,1,rp2040_c,2,0.0013064525,0.0013064525,0.00012559849999999994,0.0014069313,0.00141949115,0.001432051,0.021983,0.021983,0.0004930000000000004,0.0223774,0.0224267,0.022476,17.020065597705663,17.020065597705663,2.013616805029983,18.63095904172965,18.832320722232648,19.033682402735646
ACBBA,high,count_b4,candidate_filter_only,task_completion,16-31,16-31,2-3,rp2040_b,6,0.0013106788333333331,0.001332773,0.0001395665,0.001408969,0.0014092895,0.00140961,0.0198535,0.0197195,0.0006347500000000034,0.021044,0.0214745,0.021905,15.261398773181597,14.969247493836214,2.589542260098444,17.474159765466233,17.63609625806076,17.798032750655292
ACBBA,high,count_b4,candidate_filter_only,task_completion,32-50,32-50,0,rp2040_a,7,0.001365026,0.001336792,0.00010678100000000002,0.0015170634,0.0015464052,0.001575747,0.02142157142857143,0.020994,0.0013169999999999987,0.0233644,0.024255699999999998,0.025147,15.851998012707071,15.560556900980869,1.7265788456174285,18.4351111552753,19.608560150225095,20.7820091451749
ACBBA,high,count_b4,candidate_filter_only,task_completion,32-50,32-50,0,rp2040_b,2,0.0014514225,0.0014514225,7.299450000000001e-05,0.0015098180999999998,0.0015171175499999999,0.001524417,0.0211515,0.0211515,0.0010404999999999998,0.0219839,0.02208795,0.022192,14.646041646585909,14.646041646585909,1.4534572028280657,15.80880740884836,15.954153129131166,16.099498849413973
ACBBA,high,count_b4,candidate_filter_only,task_completion,32-50,32-50,0,rp2040_c,15,0.0013434340000000001,0.001342018,0.0001523764999999998,0.001450497,0.0014659585,0.00147747,0.021573866666666667,0.021423,0.002149999999999999,0.02326,0.023625399999999998,0.024072,16.141859428552078,16.333671381921718,2.6762574597811124,18.36815963544675,18.942332967225944,19.107355045803835
ACBBA,high,count_b4,candidate_filter_only,task_completion,32-50,32-50,2-3,rp2040_a,2,0.001351745,0.001351745,2.1717999999999998e-05,0.0013691194,0.0013712911999999998,0.001373463,0.022318499999999998,0.022318499999999998,0.00041949999999999973,0.0226541,0.022696050000000002,0.022738,16.520130950703,16.520130950703,0.5757625913078037,16.980741023749243,17.038317282880023,17.095893542010803
ACBBA,high,count_b4,candidate_filter_only,task_completion,32-50,32-50,2-3,rp2040_b,1,0.001391998,0.001391998,0.0,0.001391998,0.001391998,0.001391998,0.020283,0.020283,0.0,0.020283,0.020283,0.020283,14.571141625203484,14.571141625203484,0.0,14.571141625203484,14.571141625203484,14.571141625203484
ACBBA,high,count_b4,candidate_filter_only,task_completion,32-50,32-50,2-3,rp2040_c,1,0.000700345,0.000700345,0.0,0.000700345,0.000700345,0.000700345,0.020838,0.020838,0.0,0.020838,0.020838,0.020838,29.7539070029771,29.7539070029771,0.0,29.7539070029771,29.7539070029771,29.7539070029771
ACBBA,high,count_b4,candidate_filter_only,task_completion,8-15,8-15,0,rp2040_a,9,0.0011886276666666666,0.001316456,0.00023195000000000008,0.0014180286,0.0014272298,0.001436431,0.02292988888888889,0.021683,0.010248,0.0313676,0.0316308,0.031894,20.07287814785996,19.019361180592735,8.825738327899,26.562189238060583,31.502715513850276,36.443241789639984
ACBBA,high,count_b4,candidate_filter_only,task_completion,8-15,8-15,0,rp2040_b,18,0.0011241450555555556,0.0011438375000000001,8.221925e-05,0.0011982484,0.0012227264999999997,0.001333439,0.01879111111111111,0.0181105,0.0014435000000000003,0.0199026,0.022709149999999984,0.031346,16.949176582830507,15.872000233663135,2.3060337314046,19.71212367976145,24.209663183942293,28.18781144760696
ACBBA,high,count_b4,candidate_filter_only,task_completion,8-15,8-15,0,rp2040_c,9,0.0011054373333333333,0.001116108,3.4716999999999864e-05,0.0011405054000000001,0.0011695642,0.001198623,0.018386111111111113,0.01889,0.0011439999999999992,0.020033,0.020135,0.020237,16.660989674210814,17.09250128714045,2.0479029190425315,18.39607089399549,18.676236343874045,18.9564017937526
ACBBA,high,count_b4,candidate_filter_only,task_completion,8-15,8-15,1,rp2040_b,2,0.001137728,0.001137728,5.467199999999997e-05,0.0011814656,0.0011869328,0.0011924,0.01829,0.01829,0.00034,0.018562000000000002,0.018596,0.01863,16.098712636264626,16.098712636264626,0.474760942202229,16.478521390026412,16.525997484246634,16.573473578466857
ACBBA,high,count_b4,full_allocation_solve,batch_threshold,16-31,16-31,4,rp2040_a,12,0.008314543416666667,0.0086015215,0.001990445750000001,0.0096163672,0.010297629499999999,0.011095718,0.25010458333333335,0.259308,0.09440525,0.2981941,0.29856105,0.29883,30.3321415935889,29.730810966251198,4.283170161358566,34.06221339353306,36.251937026150955,38.81441454538149
ACBBA,high,count_b4,full_allocation_solve,batch_threshold,16-31,16-31,4,rp2040_b,32,0.0078507786875,0.007707042,0.0029748394999999997,0.010729806300000002,0.01115344905,0.011598776,0.2484795625,0.24551099999999998,0.10340724999999998,0.32150220000000007,0.32716975000000004,0.32832700000000004,32.81472410431212,30.76799221998926,5.988594150951805,39.224803426944504,42.48001087322433,73.62146538480422
ACBBA,high,count_b4,full_allocation_solve,batch_threshold,16-31,16-31,4,rp2040_c,16,0.0067526379375,0.0068863065,0.0026787684999999995,0.0091813255,0.009411027,0.010053957,0.2397560625,0.239801,0.08827775000000004,0.30525100000000005,0.30725825,0.308135,37.98061014773712,33.376359211641216,7.345568358059261,52.8924687373254,65.994830102532,76.48706687500432
ACBBA,high,count_b4,full_allocation_solve,batch_threshold,32-50,32-50,4,rp2040_b,4,0.0109239225,0.010869343,0.0016197925000000016,0.011969705200000002,0.0120574306,0.012145156,0.33385125,0.33375999999999995,0.0009707500000000202,0.334723,0.334867,0.335011,30.799615918803674,30.77503568876586,4.553212806107286,33.71168314453315,33.92760012376472,34.1435171029963
ACBBA,high,count_b4,full_allocation_solve,batch_threshold,32-50,32-50,4,rp2040_c,7,0.012197567142857144,0.012207921,0.0035246079999999985,0.0144628894,0.014829327699999999,0.015195766,0.390839,0.40576799999999996,0.03608050000000007,0.4155802,0.41570260000000003,0.415825,32.738500988696636,30.585510660696954,6.38246128244764,39.11338662897855,39.739355912151396,40.36532519532424
ACBBA,high,count_b4,full_allocation_solve,batch_threshold,8-15,8-15,4,rp2040_a,4,0.00268761975,0.0024365485,0.00052794125,0.0032880045000000004,0.0034419877499999997,0.003595971,0.11361574999999999,0.1068775,0.00818625000000002,0.1274055,0.13176074999999998,0.136116,42.94983978610343,43.59454525855878,6.55841403125698,46.675303129737856,46.71660432699727,46.75790552425669
ACBBA,high,count_b4,full_allocation_solve,batch_threshold,8-15,8-15,4,rp2040_b,8,0.004009779125,0.004082416,0.0006767502499999997,0.0043857716,0.0043859648,0.004386158,0.10544350000000001,0.10545550000000001,0.003158999999999995,0.1076334,0.1078042,0.107975,26.5591754599392,26.41416013187824,4.724148604908258,29.70902259115806,30.488607548791276,31.26819250642449
ACBBA,high,count_b4,full_allocation_solve,batch_threshold,8-15,8-15,4,rp2040_c,4,0.00355708925,0.0034376345,0.0007106022500000002,0.004211493,0.004331103,0.004450713,0.11162425,0.10533100000000001,0.009416249999999987,0.1250221,0.12896754999999996,0.13291299999999998,32.02273374825303,33.87798572539661,5.481984445252429,36.1054396490022,36.24346887885258,36.38149810870297
ACBBA,high,count_b4,full_allocation_solve,final_release_flush,16-31,16-31,1,rp2040_b,2,0.010793948000000001,0.010793948000000001,0.0002114560000000005,0.0109631128,0.0109842584,0.011005404,0.326194,0.326194,0.0006090000000000817,0.3266812,0.32674210000000004,0.326803,30.232790539465192,30.232790539465192,0.6486880385483751,30.751740970303896,30.81660977415873,30.88147857801357
ACBBA,high,count_b4,full_allocation_solve,final_release_flush,32-50,32-50,1,rp2040_a,1,0.01347783,0.01347783,0.0,0.01347783,0.01347783,0.01347783,0.406279,0.406279,0.0,0.406279,0.406279,0.406279,30.14424428858355,30.14424428858355,0.0,30.14424428858355,30.14424428858355,30.14424428858355
ACBBA,high,count_b4,full_allocation_solve,final_release_flush,32-50,32-50,1,rp2040_b,1,0.010690531,0.010690531,0.0,0.010690531,0.010690531,0.010690531,0.333007,0.333007,0.0,0.333007,0.333007,0.333007,31.149715575400325,31.149715575400325,0.0,31.149715575400325,31.149715575400325,31.149715575400325
ACBBA,high,count_b4,full_allocation_solve,final_release_flush,32-50,32-50,1,rp2040_c,1,0.013463781,0.013463781,0.0,0.013463781,0.013463781,0.013463781,0.425491,0.425491,0.0,0.425491,0.425491,0.425491,31.602638218788616,31.602638218788616,0.0,31.602638218788616,31.602638218788616,31.602638218788616
ACBBA,high,count_b4,full_allocation_solve,final_release_flush,32-50,32-50,2-3,rp2040_b,3,0.010880890333333332,0.010523854,0.0008738174999999987,0.0116513516,0.0117922888,0.011933226,0.33379833333333336,0.3334,0.0010765000000000358,0.3347392,0.33490660000000005,0.33507400000000004,30.823549683684803,31.839476298321895,2.416927623066858,32.55390645921087,32.643210229321994,32.73251399943312
ACBBA,high,count_b4,full_allocation_solve,invalid_goal,16-31,16-31,2-3,rp2040_b,4,0.007801480249999999,0.007957455,0.0006010532499999988,0.0083150091,0.00836001405,0.008405019,0.23109375,0.224153,0.011102749999999995,0.2490503,0.25434215,0.259634,29.708306337590486,30.05319210438507,3.4022341677760757,31.85306349720482,31.943462561314483,32.03386162542415
ACBBA,high,count_b4,full_allocation_solve,task_completion,16-31,16-31,1,rp2040_a,6,0.008623877666666667,0.008341681,0.00470738075,0.0120003965,0.01227251175,0.012544627,0.2841051666666667,0.3235025,0.0901515,0.32690149999999996,0.32728324999999997,0.327665,35.39486648587278,32.665575660848155,10.678114248901998,47.965921085220884,53.35195208670835,58.737983088195826
ACBBA,high,count_b4,full_allocation_solve,task_completion,16-31,16-31,1,rp2040_b,12,0.00810499225,0.0082465925,0.00452258425,0.010853766,0.0112586328,0.011720371,0.2623896666666667,0.29881,0.12962749999999995,0.31656300000000004,0.32072485,0.32470299999999996,33.10925106626983,32.68137069896733,5.61564340287271,37.814446035606565,40.2227877020662,43.036754285577956
ACBBA,high,count_b4,full_allocation_solve,task_completion,16-31,16-31,1,rp2040_c,2,0.009879078999999999,0.009879078999999999,0.0006585860000000009,0.010405947799999999,0.0104718064,0.010537665,0.307301,0.307301,0.005311999999999983,0.31155059999999996,0.31208179999999996,0.312613,31.2811045066839,31.2811045066839,2.6230479068584103,33.37954283217063,33.641847622856474,33.90415241354231
ACBBA,high,count_b4,full_allocation_solve,task_completion,16-31,16-31,2-3,rp2040_a,12,0.008167170416666666,0.007936877,0.0053238752499999995,0.0115012254,0.0119933452,0.012512015,0.2658099166666667,0.305495,0.153294,0.3262921,0.329221,0.332719,33.65219897404886,31.962993433731526,5.587196391317107,45.21231085147548,46.32358189411083,46.52644087738794
ACBBA,high,count_b4,full_allocation_solve,task_completion,16-31,16-31,2-3,rp2040_b,29,0.007769075931034483,0.007227266,0.0023166790000000003,0.010965592,0.011363116999999999,0.01158788,0.2625814827586207,0.262527,0.09223199999999995,0.32245080000000004,0.3232692,0.323981,35.832134811898875,32.18765597953963,9.523109035747975,46.64706667583295,56.86297988949447,70.09703229555882
ACBBA,high,count_b4,full_allocation_solve,task_completion,16-31,16-31,2-3,rp2040_c,8,0.0074916653750000005,0.0077454675,0.0009580702499999991,0.0082410567,0.00833055485,0.008420053,0.22969575,0.2165185,0.041935500000000014,0.2576658,0.25783239999999996,0.257999,30.949479532455037,32.8252763594694,7.201669130455386,35.22294966202749,35.477309470459986,35.731669278892475
ACBBA,high,count_b4,full_allocation_solve,task_completion,32-50,32-50,1,rp2040_a,8,0.0122034175,0.013389351,0.0021189370000000013,0.014074141,0.0140946825,0.014115224,0.372282625,0.37693299999999996,0.0714475,0.40716129999999995,0.40764465,0.408128,31.96938740345293,29.058609728417984,2.3944090259016626,39.321820275770776,45.34899412771002,51.37616797964928
ACBBA,high,count_b4,full_allocation_solve,task_completion,32-50,32-50,1,rp2040_b,6,0.010930128333333332,0.0109547715,0.0005378257499999983,0.011464922499999999,0.01155007625,0.01163523,0.3373355,0.336049,0.005334749999999999,0.341993,0.342195,0.342397,30.930886748689044,30.902828899296495,2.1537578010287888,32.57518063081316,32.88128088512268,33.18738113943219
ACBBA,high,count_b4,full_allocation_solve,task_completion,32-50,32-50,1,rp2040_c,1,0.012055379,0.012055379,0.0,0.012055379,0.012055379,0.012055379,0.374389,0.374389,0.0,0.374389,0.374389,0.374389,31.055763572426883,31.055763572426883,0.0,31.055763572426883,31.055763572426883,31.055763572426883
ACBBA,high,count_b4,full_allocation_solve,task_completion,32-50,32-50,2-3,rp2040_a,9,0.012692421444444444,0.013094333,0.0018058740000000007,0.0140993164,0.0143919552,0.014684594,0.38174144444444447,0.382102,0.015283000000000047,0.3974984,0.39757719999999996,0.39765599999999995,30.588254880241678,29.088385028851793,4.377724671639111,36.683773293752495,37.63559031774041,38.58740734172833
ACBBA,high,count_b4,full_allocation_solve,task_completion,32-50,32-50,2-3,rp2040_b,2,0.0123709865,0.0123709865,0.0003324165000000018,0.0126369197,0.01267016135,0.012703403,0.342644,0.342644,0.005294999999999939,0.34688,0.3474095,0.347939,27.705890374430112,27.705890374430112,0.31645779482919423,27.959056610293466,27.990702389776388,28.022348169259306
ACBBA,high,count_b4,full_allocation_solve,task_completion,32-50,32-50,2-3,rp2040_c,8,0.01067032325,0.010776382000000001,0.004957427,0.0151921981,0.015289357049999999,0.015386516,0.40536375,0.40509700000000004,0.03323550000000003,0.4243194,0.4255017,0.426684,41.83586377755349,36.64342148211472,20.96404006807693,61.9990328171384,63.068115570771,64.1371983244036
ACBBA,high,count_b4,full_allocation_solve,task_completion,8-15,8-15,1,rp2040_b,1,0.003097722,0.003097722,0.0,0.003097722,0.003097722,0.003097722,0.140414,0.140414,0.0,0.140414,0.140414,0.140414,45.32814758716244,45.32814758716244,0.0,45.32814758716244,45.32814758716244,45.32814758716244
ACBBA,high,count_b4,full_allocation_solve,task_completion,8-15,8-15,2-3,rp2040_a,4,0.00429481975,0.004389554,0.00024643375000000037,0.0044956703,0.00450575915,0.004515848,0.15113474999999998,0.15165,0.0011987500000000262,0.1525565,0.15274475,0.152933,35.31619931361396,34.43913733633345,2.287691092077253,37.83786207521797,38.44331147661985,39.04876087802173
ACBBA,high,count_b4,full_allocation_solve,task_completion,8-15,8-15,2-3,rp2040_b,4,0.0045668105,0.0044420275,0.0003981869999999995,0.0049614714,0.0050474577,0.005133444,0.14946900000000002,0.149163,0.002303500000000014,0.15116210000000002,0.15139355000000002,0.151625,32.892960589263275,33.35979707166479,2.7220936131132945,34.984298644783856,35.149922980704915,35.315547316625974
ACBBA,high,count_b4,full_allocation_solve,task_completion,8-15,8-15,2-3,rp2040_c,4,0.0041923795,0.0042122035,0.0004529565000000006,0.004655322700000001,0.0047308403499999995,0.004806358,0.14174225000000001,0.14196199999999998,0.0017157500000000159,0.1429962,0.1430916,0.143187,34.23988156026549,33.78907612715571,3.5644792554393305,38.488387845201885,39.385610969792424,40.28283409438296
ACBBA,high,count_b4,partial_bundle_refill,batch_threshold,16-31,16-31,4,rp2040_b,2,0.00554929,0.00554929,0.0005677190000000004,0.0060034651999999996,0.006060237099999999,0.006117009,0.1879565,0.1879565,0.016978500000000007,0.2015393,0.20323715,0.204935,33.91229452088888,33.91229452088888,0.4098098915545094,34.24014243413248,34.28112342328793,34.32210441244338
ACBBA,high,count_b4,partial_bundle_refill,batch_threshold,16-31,16-31,4,rp2040_c,2,0.006089209999999999,0.006089209999999999,0.0016448649999999997,0.007405102,0.0075695885,0.007734075,0.23499899999999999,0.23499899999999999,0.03304400000000002,0.26143419999999995,0.2647386,0.268043,40.04915033689708,40.04915033689708,5.391741403055605,44.362543459341566,44.90171759964712,45.44089173995268
ACBBA,high,count_b4,partial_bundle_refill,batch_threshold,32-50,32-50,4,rp2040_c,1,0.009087118,0.009087118,0.0,0.009087118,0.009087118,0.009087118,0.374197,0.374197,0.0,0.374197,0.374197,0.374197,41.17884240085801,41.17884240085801,0.0,41.17884240085801,41.17884240085801,41.17884240085801
ACBBA,high,count_b4,partial_bundle_refill,batch_threshold,8-15,8-15,4,rp2040_a,5,0.0032770888,0.003408628,0.0006946830000000002,0.0036886518,0.0037308944000000004,0.003773137,0.133179,0.133238,0.0008710000000000107,0.1340536,0.1340608,0.134068,41.25993653031726,39.065864623537685,9.129437382393682,47.51667801395947,47.76939103266784,48.0221040513762
ACBBA,high,count_b4,partial_bundle_refill,batch_threshold,8-15,8-15,4,rp2040_b,2,0.0038707389999999998,0.0038707389999999998,0.00021202999999999977,0.004040363,0.004061566,0.004082769,0.10043250000000001,0.10043250000000001,0.00028350000000000597,0.10065930000000001,0.10068765,0.100716,26.028709262424904,26.028709262424904,1.4990334468203521,27.227936019881184,27.377839364563222,27.527742709245256
ACBBA,high,count_b4,partial_bundle_refill,batch_threshold,8-15,8-15,4,rp2040_c,3,0.0036358519999999997,0.003714913,0.0009560555000000001,0.0043848841999999996,0.0044686306,0.004552377,0.11956333333333334,0.127864,0.012966000000000005,0.128276,0.12832749999999998,0.128379,34.76268062334788,28.087304720149497,10.523141328979268,44.51626886717097,46.56988938554865,48.62350990392634
ACBBA,high,count_b4,partial_bundle_refill,initial_allocation,8-15,8-15,5-8,rp2040_a,8,0.0027627694999999997,0.0028081614999999997,0.00029785874999999984,0.003054528,0.0031210944999999998,0.003187661,0.06891875,0.069425,0.002720749999999994,0.0715674,0.0720217,0.072476,25.1884481997881,24.443720242812,3.020457700690983,29.709747605378855,29.779589202229715,29.84943079908058
ACBBA,high,count_b4,partial_bundle_refill,initial_allocation,8-15,8-15,5-8,rp2040_b,14,0.0027063322142857143,0.0027476849999999997,0.0004026995,0.0030220854,0.00307304025,0.003099102,0.0677475,0.0681205,0.0024269999999999986,0.0714414,0.07205885,0.072937,25.336647993700417,24.82917589719016,4.375168943129296,28.081178810958395,30.115095685367972,33.357343925434535
ACBBA,high,count_b4,partial_bundle_refill,initial_allocation,8-15,8-15,5-8,rp2040_c,8,0.0017884209999999999,0.0011227905,0.0017123852499999997,0.0031896025,0.0032197637499999997,0.003249925,0.06900725,0.06934699999999999,0.003698999999999994,0.0727917,0.07336185,0.073932,48.866397761248756,57.79976118563729,40.12509146877406,67.4187295944325,67.6764076287115,67.93408566299051
ACBBA,high,count_b4,partial_bundle_refill,invalid_goal,16-31,16-31,0,rp2040_b,1,0.008640962,0.008640962,0.0,0.008640962,0.008640962,0.008640962,0.253015,0.253015,0.0,0.253015,0.253015,0.253015,29.280883309057486,29.280883309057486,0.0,29.280883309057486,29.280883309057486,29.280883309057486
ACBBA,high,count_b4,partial_bundle_refill,invalid_goal,32-50,32-50,0,rp2040_c,1,0.005856555,0.005856555,0.0,0.005856555,0.005856555,0.005856555,0.390131,0.390131,0.0,0.390131,0.390131,0.390131,66.61441752019745,66.61441752019745,0.0,66.61441752019745,66.61441752019745,66.61441752019745
ACBBA,high,count_b4,partial_bundle_refill,task_completion,0-7,0-7,0,rp2040_a,13,0.0019837991538461538,0.002088518,0.000733137,0.002505923,0.0026478215999999996,0.002804652,0.047711461538461536,0.049661,0.026289,0.08570340000000003,0.09427179999999999,0.096139,22.89140198379759,23.724158651040952,6.322456928268451,32.613374327404465,35.19814029530746,36.5777417086992
ACBBA,high,count_b4,partial_bundle_refill,task_completion,0-7,0-7,0,rp2040_b,35,0.0016189442857142858,0.001613079,0.0005376769999999999,0.0020780594000000003,0.0021110474999999997,0.002515553,0.03438951428571428,0.031304,0.021882500000000006,0.0602472,0.06332819999999999,0.064718,20.613888395795502,20.59192887166802,8.780827272601705,28.27890727039812,29.61697023753753,31.32290107813737
ACBBA,high,count_b4,partial_bundle_refill,task_completion,0-7,0-7,0,rp2040_c,7,0.001435834857142857,0.001384078,0.0002660585000000002,0.001599107,0.0015997235000000001,0.00160034,0.026149714285714283,0.024757,0.007879499999999998,0.036087600000000004,0.04007279999999999,0.044058,17.993062662406896,19.254388297456334,4.978140952005894,22.827379183458664,25.178889486751633,27.530399790044616
ACBBA,high,count_b4,partial_bundle_refill,task_completion,16-31,16-31,0,rp2040_a,33,0.005862232121212121,0.005564774,0.0027502509999999996,0.008674798400000001,0.009174054199999998,0.01076533,0.2292852121212121,0.239132,0.08477100000000001,0.3304326,0.3449218,0.355215,39.619930181449824,38.509436071344794,6.737442518317259,45.66875904329462,47.054814085854275,73.31630868624143
ACBBA,high,count_b4,partial_bundle_refill,task_completion,16-31,16-31,0,rp2040_b,64,0.00628256075,0.0063129375,0.00269576225,0.0087667314,0.0090044777,0.011008598,0.222374796875,0.2136565,0.105513,0.31037139999999996,0.3169302,0.327071,35.52688609691352,35.36542308273973,6.24505670664432,41.35016659079543,42.773055619847376,64.89999745863936
ACBBA,high,count_b4,partial_bundle_refill,task_completion,16-31,16-31,0,rp2040_c,34,0.005777633764705882,0.005775736,0.002963281,0.0083670206,0.00880960055,0.010522642,0.23042755882352942,0.22836800000000002,0.08738675000000001,0.33420310000000003,0.3426032,0.356398,41.22071605606914,39.78810263744134,8.412557331243455,49.83716646281761,53.85836009691046,62.14568895548479
ACBBA,high,count_b4,partial_bundle_refill,task_completion,16-31,16-31,1,rp2040_a,5,0.0050657692,0.003992845,0.0024013320000000004,0.007357790000000001,0.007728042,0.008098294,0.18157299999999998,0.196854,0.178794,0.2685488,0.2687564,0.268964,36.43163210301002,31.51159414211608,6.060473468288457,53.650596548594706,60.506044709483284,67.36149287037188
ACBBA,high,count_b4,partial_bundle_refill,task_completion,16-31,16-31,1,rp2040_b,3,0.007453838999999999,0.005619034,0.0032943465,0.0104562772,0.0110609326,0.011665588,0.22033100000000003,0.172575,0.07456000000000002,0.2895302,0.3041496,0.318769,30.503220464474495,30.191844363283792,3.333324926827224,33.23215562617442,33.612194534035744,33.99223344189707
ACBBA,high,count_b4,partial_bundle_refill,task_completion,16-31,16-31,1,rp2040_c,1,0.009830759,0.009830759,0.0,0.009830759,0.009830759,0.009830759,0.302384,0.302384,0.0,0.302384,0.302384,0.302384,30.758967847752142,30.758967847752142,0.0,30.758967847752142,30.758967847752142,30.758967847752142
ACBBA,high,count_b4,partial_bundle_refill,task_completion,16-31,16-31,2-3,rp2040_b,8,0.00617998175,0.006365852,0.0025207514999999996,0.0079039808,0.008018814400000001,0.008133648,0.1999535,0.20221650000000002,0.10736275,0.2675949,0.26821895,0.268843,34.44674387849766,31.284619940906083,8.039478109200509,46.22260714398661,57.36912192094929,68.515636697912
ACBBA,high,count_b4,partial_bundle_refill,task_completion,32-50,32-50,0,rp2040_a,5,0.0108653846,0.01123675,0.001336872000000001,0.0116495398,0.0116845604,0.011719581,0.3630158,0.368671,0.01578400000000002,0.3905274,0.3935192,0.396511,33.5872109759525,32.809397735110245,1.8406170285135275,37.95449453644099,39.589123871119824,41.22375320579866
ACBBA,high,count_b4,partial_bundle_refill,task_completion,32-50,32-50,0,rp2040_c,8,0.010577902875,0.011018427,0.0007681002499999989,0.0118919674,0.0121012597,0.012310552,0.38455275,0.381341,0.020584500000000006,0.4033044,0.4080532,0.412802,37.84549326645371,34.34980960991862,1.0362231321316457,43.82661012563242,53.52175969936259,63.21690927309279
ACBBA,high,count_b4,partial_bundle_refill,task_completion,32-50,32-50,2-3,rp2040_a,2,0.010751233499999999,0.010751233499999999,0.001790963500000001,0.012184004299999999,0.01236310065,0.012542197,0.302736,0.302736,0.02750400000000003,0.3247392,0.3274896,0.33024,28.523623348140386,28.523623348140386,2.193308172896373,30.278269886457483,30.497600703747118,30.716931521036756
ACBBA,high,count_b4,partial_bundle_refill,task_completion,8-15,8-15,0,rp2040_a,28,0.002818085785714286,0.0029590935,0.0007260785,0.0036283666000000003,0.0038130694,0.004054677,0.11132225,0.127659,0.05088325000000002,0.1440969,0.1491721,0.159832,39.55377009223997,41.18782475965887,5.8472105338763,45.981431268330965,47.965262499997266,72.89017916690558
ACBBA,high,count_b4,partial_bundle_refill,task_completion,8-15,8-15,0,rp2040_b,43,0.002589804046511628,0.002458536,0.0008872495000000003,0.0036226904,0.0037822206,0.004511959,0.10153162790697673,0.112715,0.06294700000000003,0.14016019999999998,0.15109779999999998,0.16066,38.82582922161727,40.44474193634265,14.063033152258452,47.37163008098179,48.9750515308554,76.2165152463116
ACBBA,high,count_b4,partial_bundle_refill,task_completion,8-15,8-15,0,rp2040_c,17,0.002504637705882353,0.002495538,0.0009708830000000001,0.0034013078000000004,0.0035853972,0.003928186,0.10744311764705883,0.120699,0.07278500000000002,0.1465886,0.16015879999999996,0.189218,41.92107884931992,43.687744663828326,16.04901212422876,49.456339587088735,55.89161447798671,73.91052251004568
ACBBA,high,count_b4,partial_bundle_refill,task_completion,8-15,8-15,1,rp2040_b,2,0.0040494125,0.0040494125,0.00027446049999999955,0.0042689809,0.0042964269499999996,0.004323873,0.11604600000000001,0.11604600000000001,0.013395000000000004,0.126762,0.1281015,0.129441,29.014982069641302,29.014982069641302,5.274460551086058,33.234550510510154,33.76199656561876,34.289442620727364
ACBBA,high,count_b4,partial_bundle_refill,task_completion,8-15,8-15,2-3,rp2040_a,2,0.004034821,0.004034821,0.00023484099999999952,0.0042226938,0.004246177899999999,0.004269662,0.1487415,0.1487415,0.000925499999999968,0.1494819,0.14957445,0.149667,36.976373253551245,36.976373253551245,1.9227788472492833,38.514596331350674,38.7068742160756,38.89915210080053
ACBBA,high,count_b4,partial_bundle_refill,task_completion,8-15,8-15,2-3,rp2040_c,4,0.0037700629999999997,0.0036380485000000002,0.0005134514999999996,0.004259982,0.0043597155,0.004459449,0.13775775,0.13824750000000002,0.0018022499999999775,0.1390329,0.13907595,0.139119,36.95977548211911,38.077840186481176,5.020811470405434,40.30386536828022,40.39541596787267,40.486966567465124
ACBBA,high,eager_b1,candidate_filter_only,task_arrival_eager,16-31,16-31,1,rp2040_a,38,0.0013277452894736844,0.0013056094999999998,0.0002843717500000001,0.0016527992,0.0017838555,0.001814,0.0197925,0.0196715,0.0019769999999999996,0.0221749,0.022521,0.02378,15.805878997546,14.99653799377366,4.806272003252802,19.19739147504341,21.314260614846912,43.08010036322793
ACBBA,high,eager_b1,candidate_filter_only,task_arrival_eager,16-31,16-31,1,rp2040_b,67,0.001333450432835821,0.001377144,0.00018849199999999996,0.0014854814,0.0015038703,0.001555412,0.020344850746268656,0.020309,0.001679,0.02232,0.023041,0.023976,15.613873301550168,15.054248153918214,2.832866568066347,18.144485188678708,18.899007273565676,34.912896341735646
ACBBA,high,eager_b1,candidate_filter_only,task_arrival_eager,16-31,16-31,1,rp2040_c,35,0.0013342501714285714,0.001358799,0.00013908349999999987,0.0014490118,0.0014639835,0.001488972,0.02013917142857143,0.020182,0.001284500000000001,0.0216104,0.021963299999999998,0.022792,15.176979451961191,14.74048807907641,1.741969184084045,17.04749816291313,17.310323880166624,20.227604929813086
ACBBA,high,eager_b1,candidate_filter_only,task_arrival_eager,32-50,32-50,1,rp2040_a,21,0.0013948593333333334,0.00139989,0.000208298,0.001561082,0.001647522,0.001857263,0.02126614285714286,0.021378,0.0011440000000000027,0.023165,0.024025,0.025181,15.935874997947028,15.343349341565743,2.140247472644747,16.400475465882998,21.076252325786747,35.11123155379271
ACBBA,high,eager_b1,candidate_filter_only,task_arrival_eager,32-50,32-50,1,rp2040_b,37,0.0013789415945945945,0.00141788,0.00015772700000000008,0.0016081854,0.0016304573999999998,0.001669778,0.02193597297297297,0.02185,0.0013060000000000016,0.0236844,0.024405599999999996,0.02577,16.818518561042595,15.42809975943462,2.096191340567197,19.94917948915943,32.407188276144076,36.793177555850676
ACBBA,high,eager_b1,candidate_filter_only,task_arrival_eager,32-50,32-50,1,rp2040_c,30,0.0014214524666666668,0.001447485,0.0001789062499999998,0.0016149552,0.0016242256,0.001654919,0.021690333333333332,0.021560000000000003,0.0012677500000000015,0.023441100000000003,0.02415515,0.025122,15.756987540898495,14.788566291201146,2.7659574367293125,17.544119217623628,18.72469357032668,34.85595591033918
ACBBA,high,eager_b1,candidate_filter_only,task_arrival_eager,8-15,8-15,1,rp2040_a,5,0.0011158342,0.001134201,6.447599999999994e-05,0.0012127116,0.0012369088,0.001261106,0.018713399999999998,0.018798,0.0011520000000000002,0.0196556,0.0198558,0.020056,16.92108596467049,16.487738132828124,0.7217104497263431,19.032677091361656,19.87477259175045,20.716868092139244
ACBBA,high,eager_b1,candidate_filter_only,task_arrival_eager,8-15,8-15,1,rp2040_b,11,0.0011296034545454545,0.001175484,6.710099999999997e-05,0.001197627,0.001201657,0.001205687,0.019018818181818182,0.01909,0.001736500000000002,0.020399,0.0205065,0.020614,17.048990645242416,16.499307034080985,1.8159671959875148,18.530469162359456,21.322447559967596,24.114425957575737
ACBBA,high,eager_b1,candidate_filter_only,task_arrival_eager,8-15,8-15,1,rp2040_c,9,0.001107043111111111,0.001159317,0.00012568999999999992,0.0012075168000000001,0.0012190624,0.001230608,0.019077666666666666,0.018596,0.0005569999999999985,0.0198248,0.021290399999999998,0.022756,17.432755397128233,16.387301538205104,1.5353868086927243,20.736874625548733,21.93605368027036,23.135232734991988
ACBBA,high,eager_b1,candidate_filter_only,task_completion,0-7,0-7,0,rp2040_a,39,0.001303106153846154,0.001297548,0.0001357114999999999,0.0016249928,0.0017141106,0.001767341,0.020892333333333332,0.020221,0.0053425,0.025336400000000002,0.027467900000000007,0.03292,16.52103122682132,15.66649242028228,3.085738518043147,21.072904553124683,25.16750480835463,30.35146739029422
ACBBA,high,eager_b1,candidate_filter_only,task_completion,0-7,0-7,0,rp2040_b,120,0.0012842904166666667,0.001284355,0.00010167049999999984,0.0014570512999999999,0.0015215125,0.001675957,0.019077933333333335,0.0172125,0.0038257499999999993,0.0279017,0.029153349999999998,0.035881,14.975117154302076,13.60698500389245,2.916149100144283,19.93578647276463,21.441130603789844,36.278713707298216
ACBBA,high,eager_b1,candidate_filter_only,task_completion,0-7,0-7,0,rp2040_c,25,0.00119176984,0.001201616,0.00010754100000000006,0.0013137244,0.001346492,0.00143979,0.01965112,0.01811,0.007073999999999997,0.026901,0.0282982,0.029439,16.99049802156047,15.23241806570041,5.8387752320327895,21.33180608793916,30.41004134660447,37.35652968384186
ACBBA,high,eager_b1,candidate_filter_only,task_completion,16-31,16-31,0,rp2040_a,25,0.0013252466400000002,0.001328914,0.00024764800000000005,0.0015344366000000001,0.0015903509999999998,0.001677702,0.01993176,0.019786,0.0023700000000000006,0.0225256,0.022797599999999998,0.0256,15.210790784100244,14.919573424929599,2.8671470921099598,17.95864236227839,18.41961449717893,19.595808467016024
ACBBA,high,eager_b1,candidate_filter_only,task_completion,16-31,16-31,0,rp2040_b,58,0.001224381448275862,0.001247658,8.81355000000002e-05,0.0013497341999999999,0.00140002415,0.001580947,0.01998479310344828,0.0197685,0.0019057500000000012,0.0220657,0.02229875,0.02455,16.85175729133819,16.08923534791866,2.176038516379597,18.30560942866404,20.071938215352528,40.17578238683766
ACBBA,high,eager_b1,candidate_filter_only,task_completion,16-31,16-31,0,rp2040_c,28,0.0011771756785714286,0.001214886,0.0001224335000000001,0.0013161315,0.0013413843,0.001347582,0.019133249999999997,0.0193195,0.0023114999999999976,0.0207048,0.02101495,0.021452,16.715330527895446,16.219504344758953,2.9824098132030805,18.03325921056081,23.739250865470378,29.476600878947774
ACBBA,high,eager_b1,candidate_filter_only,task_completion,32-50,32-50,0,rp2040_a,10,0.0013450224,0.0013354884999999999,0.000350981,0.0016503404,0.0016736702,0.001697,0.0215956,0.021403,0.0016317500000000013,0.023628299999999998,0.024444149999999998,0.02526,17.061618596916286,15.381832181518064,2.1173274076473696,19.210222505936002,25.85482874481128,32.49943498368658
ACBBA,high,eager_b1,candidate_filter_only,task_completion,32-50,32-50,0,rp2040_b,28,0.0014235301785714288,0.0013942335,0.00012677999999999995,0.0015685324,0.001620811,0.00165189,0.021792071428571428,0.021589999999999998,0.002094249999999999,0.0241052,0.0248133,0.025018,15.39505541206952,15.505739378408617,2.1523570485943075,17.238667039364913,17.905683261549495,19.153457805665216
ACBBA,high,eager_b1,candidate_filter_only,task_completion,32-50,32-50,0,rp2040_c,15,0.0012740266,0.001325122,0.0001414519999999998,0.0015002554,0.0015434793999999999,0.001618217,0.021301333333333335,0.021642,0.001681499999999999,0.0229024,0.0232234,0.023418,17.974308952051267,15.701672553770972,2.4128346416958166,26.036346253771626,32.714051781605164,35.28468062489199
ACBBA,high,eager_b1,candidate_filter_only,task_completion,8-15,8-15,0,rp2040_a,9,0.0010700700000000002,0.001051011,7.767899999999999e-05,0.0012545564000000001,0.0013273692,0.001400182,0.018674,0.018217,0.0008369999999999975,0.0200698,0.021259399999999998,0.022449,18.206617260109706,17.53020514356775,0.8665051078282602,23.16552460844603,26.008332155547688,28.851139702649352
ACBBA,high,eager_b1,candidate_filter_only,task_completion,8-15,8-15,0,rp2040_b,21,0.0011882607142857144,0.001139513,0.00011558299999999983,0.001363593,0.00141645,0.001639675,0.020625809523809525,0.018764,0.0023320000000000007,0.026936,0.032026,0.04111,17.15072248754125,16.261161742977563,2.837657542979203,19.016555473190017,23.4864802034038,25.072041715583882
ACBBA,high,eager_b1,candidate_filter_only,task_completion,8-15,8-15,0,rp2040_c,9,0.0011419113333333332,0.001141595,5.664199999999998e-05,0.0012012898,0.0012367074,0.001272125,0.018335444444444446,0.01823,0.001909000000000001,0.019961,0.020687,0.021413,16.129305687150353,16.059986247311873,3.083437984919966,18.217180341008945,18.601531532650455,18.985882724291965
ACBBA,high,eager_b1,full_allocation_solve,task_arrival_eager,16-31,16-31,1,rp2040_a,53,0.008424991867924527,0.008739353,0.002645113000000001,0.0105682176,0.0108992754,0.011063332,0.26640705660377356,0.28607499999999997,0.088838,0.3185344,0.3246654,0.3497,32.849909535818384,30.669191377060788,5.541638787717517,39.49452470513617,47.23796457244176,78.75377083733247
ACBBA,high,eager_b1,full_allocation_solve,task_arrival_eager,16-31,16-31,1,rp2040_b,113,0.00787451514159292,0.007878786,0.0026624459999999997,0.010615726999999998,0.011151171999999999,0.012405082,0.25139426548672567,0.264297,0.094885,0.3191848,0.32337699999999997,0.33082100000000003,33.29137668107345,30.439210234642776,5.209688701916523,40.24596854708668,49.37711202583758,74.50809607247079
ACBBA,high,eager_b1,full_allocation_solve,task_arrival_eager,16-31,16-31,1,rp2040_c,47,0.007941807510638298,0.007841513,0.0024379004999999995,0.0103596668,0.010805581699999999,0.011649737,0.2523576808510638,0.25906599999999996,0.07829349999999999,0.3125996,0.3134501,0.31897299999999995,33.308395514631734,29.73728548231682,3.8979342286354886,43.417334045160565,63.312073422347524,72.3488038417616
ACBBA,high,eager_b1,full_allocation_solve,task_arrival_eager,32-50,32-50,1,rp2040_a,20,0.013377736500000001,0.014266342,0.0023146942500000024,0.0155737892,0.0159182568,0.01651282,0.40386885,0.4069445,0.024930249999999987,0.4291199,0.43447414999999995,0.434477,32.84989492086616,28.303510640038407,3.190727752611725,39.30695131350174,69.796397983233,69.98711917869781
ACBBA,high,eager_b1,full_allocation_solve,task_arrival_eager,32-50,32-50,1,rp2040_b,45,0.012429245311111113,0.012777018,0.0025418009999999998,0.0145672246,0.0150516814,0.015525264,0.3919694444444445,0.394717,0.02749999999999997,0.4192754,0.422999,0.42689,32.867411936471846,30.982802661240953,4.313694517636321,36.186447647128574,49.7612332207886,67.75387317092137
ACBBA,high,eager_b1,full_allocation_solve,task_arrival_eager,32-50,32-50,1,rp2040_c,25,0.01247367016,0.012780866,0.0011509950000000001,0.013816923200000001,0.01397086,0.014060978,0.38208704,0.380111,0.043347000000000024,0.416796,0.4184152,0.423299,30.89361506144696,30.10452046792193,3.0932931893521705,35.50645555265794,37.32820214639907,41.22034137758582
ACBBA,high,eager_b1,full_allocation_solve,task_arrival_eager,8-15,8-15,1,rp2040_a,20,0.0040699427500000005,0.0044237385,0.0016354027500000002,0.0052565777999999995,0.005305856300000001,0.005633764,0.12569065,0.13850800000000002,0.04994124999999998,0.1559723,0.15677270000000001,0.15773600000000002,32.17447547824791,30.214492285889158,6.040781663368801,40.23585255446024,45.80404196272063,46.199601829407406
ACBBA,high,eager_b1,full_allocation_solve,task_arrival_eager,8-15,8-15,1,rp2040_b,45,0.003803159266666667,0.004223138,0.0009884719999999998,0.004701854,0.0049294998,0.00498974,0.12840577777777779,0.141508,0.047478000000000006,0.1576184,0.1594116,0.161188,35.81599544567447,32.58423197919718,7.221827715436749,45.913283957091906,49.65409570487073,86.71482074501947
ACBBA,high,eager_b1,full_allocation_solve,task_arrival_eager,8-15,8-15,1,rp2040_c,20,0.0038941819000000003,0.0039250464999999995,0.0010861994999999997,0.004706521900000001,0.00493650755,0.00529254,0.1307634,0.147897,0.048938499999999996,0.1557281,0.15931140000000002,0.159319,33.52180844395143,33.77759902168578,8.11543356603931,40.50664254052288,43.960506059489376,47.57991083041083
ACBBA,high,eager_b1,full_allocation_solve,task_completion,16-31,16-31,0,rp2040_b,2,0.007877534,0.007877534,0.0018869579999999993,0.0093871004,0.0095757962,0.009764492,0.23306700000000002,0.23306700000000002,0.05275200000000002,0.27526860000000003,0.2805438,0.28581900000000005,29.685519172159495,29.685519172159495,0.41425754380237834,30.016925207201396,30.05835096158163,30.09977671596187
ACBBA,high,eager_b1,full_allocation_solve,task_completion,32-50,32-50,0,rp2040_a,1,0.004944119,0.004944119,0.0,0.004944119,0.004944119,0.004944119,0.337025,0.337025,0.0,0.337025,0.337025,0.337025,68.16684630770416,68.16684630770416,0.0,68.16684630770416,68.16684630770416,68.16684630770416
ACBBA,high,eager_b1,full_allocation_solve,task_completion,32-50,32-50,0,rp2040_b,1,0.014273894,0.014273894,0.0,0.014273894,0.014273894,0.014273894,0.40398500000000004,0.40398500000000004,0.0,0.40398500000000004,0.40398500000000004,0.40398500000000004,28.30236794528529,28.30236794528529,0.0,28.30236794528529,28.30236794528529,28.30236794528529
ACBBA,high,eager_b1,partial_bundle_refill,initial_allocation,8-15,8-15,5-8,rp2040_a,4,0.00269301975,0.0027549755,0.00018166025000000046,0.0028823309,0.0029048319499999998,0.002927333,0.06546425,0.065392,0.0022982500000000017,0.0678359,0.06825545,0.068675,24.487516812947543,24.417488204077316,2.0852487759810785,26.877716425180054,27.338579601405744,27.79944277763144
ACBBA,high,eager_b1,partial_bundle_refill,initial_allocation,8-15,8-15,5-8,rp2040_b,10,0.0027170197,0.002841545,0.00038226174999999966,0.0029911307999999997,0.0030178374,0.003044544,0.0672662,0.068038,0.0025707500000000105,0.0701389,0.07023744999999999,0.070336,25.11977165991265,24.634775053441395,4.2571975041850685,28.797636346380298,30.727221627784992,32.6568069091897
ACBBA,high,eager_b1,partial_bundle_refill,initial_allocation,8-15,8-15,5-8,rp2040_c,4,0.00265119225,0.00270331,9.651624999999992e-05,0.0027617814999999998,0.00277387225,0.002785963,0.06642775000000001,0.067626,0.0027032500000000043,0.06838659999999999,0.0683893,0.068392,25.148904465631322,25.296043023636898,1.3953866314268524,27.00310243084596,27.364080887678767,27.725059344511575
ACBBA,high,eager_b1,partial_bundle_refill,invalid_goal,16-31,16-31,0,rp2040_c,2,0.0085397265,0.0085397265,0.0005484924999999991,0.0089785205,0.009033369749999999,0.009088219,0.21698299999999998,0.21698299999999998,0.004571999999999993,0.2206406,0.2210978,0.221555,25.479382177773584,25.479382177773584,1.1011184057407988,26.360276902366227,26.470388742940305,26.580500583514386
ACBBA,high,eager_b1,partial_bundle_refill,task_arrival_eager,16-31,16-31,1,rp2040_a,9,0.007050185333333334,0.007182897,0.0016449670000000007,0.0094132066,0.0095624898,0.009711773,0.2389501111111111,0.26892,0.09007599999999999,0.3048478,0.3055414,0.306235,35.734045962451454,30.739772546931274,10.212236894194472,45.143217512851145,54.418531316171304,63.69384511949148
ACBBA,high,eager_b1,partial_bundle_refill,task_arrival_eager,16-31,16-31,1,rp2040_b,18,0.007537232611111111,0.0075265035,0.0036320122499999986,0.0104511615,0.01076818375,0.010900686,0.25417988888888887,0.26861999999999997,0.11123,0.31761750000000005,0.3248006,0.324906,36.49295558365413,30.326599252009867,4.393676226690037,63.708533792560715,68.64292847790958,69.37847633481256
ACBBA,high,eager_b1,partial_bundle_refill,task_arrival_eager,32-50,32-50,1,rp2040_b,4,0.00999672775,0.0098474675,0.0035115172500000003,0.013283886900000002,0.013819230449999999,0.014354574,0.304364,0.328272,0.11937350000000002,0.3780383,0.37871615000000003,0.379394,30.84354432912665,31.093529765269004,2.8640473665017403,33.814385903888855,34.285660961702234,34.75693601951562
ACBBA,high,eager_b1,partial_bundle_refill,task_arrival_eager,8-15,8-15,1,rp2040_a,8,0.004056062875,0.004020246,0.0010070515000000003,0.0048387606,0.0048524462999999995,0.004866132,0.11241675000000001,0.099266,0.06916275000000001,0.1560519,0.15635745,0.156663,27.314631434348303,26.109225763633837,8.465347536549402,33.115731702450496,33.88616448056864,34.65659725868677
ACBBA,high,eager_b1,partial_bundle_refill,task_arrival_eager,8-15,8-15,1,rp2040_b,14,0.003641485857142857,0.0036647695,0.0005886867500000002,0.004531342900000001,0.004658807300000001,0.0046749,0.10026621428571428,0.08718300000000001,0.020217749999999993,0.15132530000000002,0.15696885,0.157522,27.3523875637493,25.725983563746826,4.962363041691617,34.04010036359731,36.05117995325491,39.654368584079535
ACBBA,high,eager_b1,partial_bundle_refill,task_arrival_eager,8-15,8-15,1,rp2040_c,7,0.0032163005714285716,0.002950503,0.0011349074999999998,0.0040741946,0.0041690753,0.004263956,0.10003357142857142,0.082116,0.03644299999999999,0.1402626,0.14374679999999998,0.147231,31.069292535617866,31.15530263508845,3.162418503317763,35.56906315031313,38.3917799362315,41.214496722149896
ACBBA,high,eager_b1,partial_bundle_refill,task_completion,0-7,0-7,0,rp2040_a,9,0.0018140366666666667,0.001655364,0.000804078,0.0023756606,0.0023875698,0.002399479,0.04529177777777778,0.035973,0.026386000000000003,0.0982022,0.0982166,0.098231,23.060761931186857,20.099140787293173,11.279280958363186,41.22269483140367,41.79114370831541,42.35959258522714
ACBBA,high,eager_b1,partial_bundle_refill,task_completion,0-7,0-7,0,rp2040_b,17,0.001608303117647059,0.001571509,0.0003056930000000001,0.0021445488,0.0022786138,0.002297681,0.034661,0.031918,0.018722000000000003,0.0520984,0.06454119999999998,0.091942,20.512155882265677,20.320118734338905,8.416220993925187,25.187693007179757,28.33226664940801,40.43455870161889
ACBBA,high,eager_b1,partial_bundle_refill,task_completion,0-7,0-7,0,rp2040_c,11,0.001640992909090909,0.001672908,0.00048127650000000005,0.001923244,0.001996122,0.002069,0.04234818181818181,0.035372,0.021116000000000003,0.057534,0.0767635,0.095993,24.767384502122606,24.425229097396805,6.25557013354479,30.210170032628707,40.06109683800728,49.91202364338586
ACBBA,high,eager_b1,partial_bundle_refill,task_completion,16-31,16-31,0,rp2040_a,34,0.006246664058823529,0.0060694600000000005,0.0033458722499999996,0.0089168277,0.0091210628,0.010185872,0.2297605,0.24431,0.12150725000000001,0.3335084,0.34096645,0.355204,37.34281664191013,35.92242546674203,6.937630366401876,43.3968898085405,46.54717484260702,60.44899370102934
ACBBA,high,eager_b1,partial_bundle_refill,task_completion,16-31,16-31,0,rp2040_b,60,0.006154433283333333,0.006218958,0.002260228750000001,0.008714610400000001,0.00920530575,0.009950091,0.23470521666666666,0.2401055,0.06782674999999999,0.33202210000000004,0.3487208,0.357642,38.87636489052404,37.91944660375525,6.249354780478306,44.959541820219165,48.90030204236583,68.02695115397539
ACBBA,high,eager_b1,partial_bundle_refill,task_completion,16-31,16-31,0,rp2040_c,22,0.005826696318181818,0.0059716925,0.0032480547500000007,0.0085883876,0.008958772549999999,0.010031599,0.2380244090909091,0.2407915,0.07158799999999998,0.3401243,0.344617,0.356704,42.827268935791686,40.45291156864977,7.395197420732643,57.445830636468294,66.098028182777,83.99122674685033
ACBBA,high,eager_b1,partial_bundle_refill,task_completion,32-50,32-50,0,rp2040_a,8,0.010667639,0.011587548,0.0015888784999999982,0.0129251936,0.0129960168,0.01306684,0.358663125,0.380079,0.02167549999999996,0.40128820000000004,0.4046041,0.40792,35.89742873743135,33.14241473817937,4.237005112609431,43.001141339105594,49.65303895639292,56.304936573680266
ACBBA,high,eager_b1,partial_bundle_refill,task_completion,32-50,32-50,0,rp2040_b,12,0.01076980725,0.0110240495,0.0014202894999999997,0.0121869791,0.012294646099999999,0.01239271,0.36473991666666666,0.377846,0.023307500000000037,0.4002472,0.4053283,0.410341,33.744125016872204,33.50993348596626,3.386391107765526,37.50855266235027,37.717808811259324,37.74109218052418
ACBBA,high,eager_b1,partial_bundle_refill,task_completion,32-50,32-50,0,rp2040_c,10,0.0096976761,0.0103684685,0.0023281820000000016,0.0117850084,0.0118474387,0.011909869,0.3573898,0.372976,0.015431250000000007,0.3914647,0.39856885,0.405673,38.626800725710396,34.78636729304273,2.827741728460097,45.19231682645439,58.7168982616386,72.24147969682286
ACBBA,high,eager_b1,partial_bundle_refill,task_completion,8-15,8-15,0,rp2040_a,18,0.002718126,0.0026763000000000004,0.001027114,0.0035554697999999997,0.0036475783499999997,0.003882237,0.11111616666666665,0.110732,0.039169499999999996,0.15183159999999998,0.15363534999999998,0.16012,41.30999830374643,39.9261201539594,5.8036337092433214,45.72119620658857,50.79650351805779,76.39501844461596
ACBBA,high,eager_b1,partial_bundle_refill,task_completion,8-15,8-15,0,rp2040_b,45,0.002804944577777778,0.002752781,0.0008752130000000001,0.0037009774000000004,0.0038494491999999996,0.004255391,0.11379755555555555,0.119328,0.02258800000000001,0.15086940000000001,0.156588,0.193526,40.58656856263968,42.21873215749302,6.942767293538331,48.4291853962958,50.000816519404204,79.46068841825587
ACBBA,high,eager_b1,partial_bundle_refill,task_completion,8-15,8-15,0,rp2040_c,28,0.002626147821428571,0.002531309,0.001006328,0.0036559267,0.00373429875,0.003956538,0.10767375,0.1107405,0.0441115,0.1433776,0.14896784999999999,0.161075,41.376307869073074,42.729518163470516,9.843721107147637,48.203436633837825,53.889691371045345,82.82354251384749
ACBBA,low,bounded_b4_w5,candidate_filter_only,age_timeout,0-7,0-7,1,rp2040_a,19,0.0010103201052631579,0.000884445,0.00029920399999999996,0.0015338011999999999,0.0017456319999999998,0.001857574,0.021082684210526316,0.020435,0.002225999999999999,0.024915999999999997,0.0270528,0.027492,22.952830216639022,23.481097225497134,6.110750934233504,25.356744392980318,28.552761962028256,52.48442557749407
ACBBA,low,bounded_b4_w5,candidate_filter_only,age_timeout,0-7,0-7,2-3,rp2040_a,9,0.0009997562222222223,0.001073635,3.052700000000003e-05,0.0011145364,0.0011189012,0.001123266,0.020962777777777778,0.020933,0.0013800000000000028,0.0219054,0.0221582,0.022411,23.283646746278503,19.3717257654559,1.3821411690958456,28.825815216574885,41.34225254476934,53.85868987296382
ACBBA,low,bounded_b4_w5,candidate_filter_only,final_release_flush,0-7,0-7,1,rp2040_a,40,0.0009002824249999999,0.0009088165,9.564450000000004e-05,0.0011896998,0.0012399186,0.001272371,0.019062299999999997,0.0191495,0.0011477499999999995,0.0199721,0.0206134,0.021182,22.93275168369177,21.078418881128457,3.288938277769983,28.129714690797805,45.33446972989664,52.83776319866363
ACBBA,low,bounded_b4_w5,candidate_filter_only,invalid_goal,0-7,0-7,0,rp2040_a,16,0.0009359829375,0.0009455465,8.411724999999985e-05,0.0012008804999999998,0.0013522185,0.001378665,0.0180495625,0.0179435,0.001429750000000004,0.019264,0.0195,0.019962,21.10797961209506,19.230403357349367,1.696190931242647,30.21410534238866,40.98988167328366,42.694327120548685
ACBBA,low,bounded_b4_w5,candidate_filter_only,robot_idle,0-7,0-7,1,rp2040_a,814,0.0008992385196560197,0.000895139,5.900274999999999e-05,0.001004932,0.0012612725499999999,0.001445095,0.017684447174447174,0.017641999999999998,0.0013185000000000002,0.018978900000000003,0.0193675,0.020888,20.709863010659642,19.68015265355873,2.4750628240638903,22.46895908635247,28.164309754360115,61.06274133648147
ACBBA,low,bounded_b4_w5,candidate_filter_only,task_completion,0-7,0-7,0,rp2040_a,632,0.001014721444620253,0.0009810894999999998,0.00024290475,0.0013072835999999998,0.0013824415999999996,0.001705265,0.0187729667721519,0.018346,0.0024435000000000012,0.022171399999999997,0.024122749999999988,0.032391,19.362525216484627,18.323122125194438,2.548037828555028,21.506075873131806,23.131785983056698,52.48662301314331
ACBBA,low,bounded_b4_w5,candidate_filter_only,task_completion,0-7,0-7,1,rp2040_a,337,0.0009350772314540059,0.000935435,9.8902e-05,0.001063616,0.0010978522000000001,0.001403655,0.01781580415430267,0.017746,0.0019060000000000014,0.019804600000000002,0.0202142,0.021687,19.927071099747813,18.797003119314,2.3721515977785756,21.487955438390653,27.6580328010722,56.95887734257039
ACBBA,low,bounded_b4_w5,candidate_filter_only,task_completion,0-7,0-7,2-3,rp2040_a,38,0.0010083443684210526,0.001005412,0.00011393699999999994,0.001128195,0.0012453526,0.001487005,0.019304684210526314,0.019102,0.0022672499999999984,0.021303800000000005,0.0219747,0.024299,20.41373962610658,18.782618153135843,1.6864772738683484,22.521326567810974,28.501292475100602,55.86112328850918
ACBBA,low,bounded_b4_w5,candidate_filter_only,task_completion,8-15,8-15,0,rp2040_a,1,0.001460408,0.001460408,0.0,0.001460408,0.001460408,0.001460408,0.037569,0.037569,0.0,0.037569,0.037569,0.037569,25.725002875908647,25.725002875908647,0.0,25.725002875908647,25.725002875908647,25.725002875908647
ACBBA,low,bounded_b4_w5,candidate_filter_only,task_completion,8-15,8-15,1,rp2040_a,1,0.001047308,0.001047308,0.0,0.001047308,0.001047308,0.001047308,0.018563,0.018563,0.0,0.018563,0.018563,0.018563,17.724489834890978,17.724489834890978,0.0,17.724489834890978,17.724489834890978,17.724489834890978
ACBBA,low,bounded_b4_w5,full_allocation_solve,age_timeout,0-7,0-7,1,rp2040_a,20,0.0012703489,0.0010395595,0.0009158199999999999,0.0022614188,0.0023559368,0.002425397,0.03563925,0.0271335,0.016887500000000003,0.05508110000000001,0.0587701,0.061470000000000004,30.56133702831027,28.115156139542798,9.701655136572125,41.53040233833495,44.43858534129426,47.64470686526088
ACBBA,low,bounded_b4_w5,full_allocation_solve,age_timeout,0-7,0-7,2-3,rp2040_a,8,0.001229181625,0.0011618605,0.0002577084999999999,0.0014617107999999998,0.0016025913999999997,0.001743472,0.0336505,0.033531000000000005,0.002036999999999997,0.035585,0.036046999999999996,0.036509,28.240601701910283,29.329665822907245,5.249831630076059,32.8803655157201,33.66384648385901,34.44732745199792
ACBBA,low,bounded_b4_w5,full_allocation_solve,age_timeout,8-15,8-15,1,rp2040_a,4,0.0029654855,0.0032171765,0.0005808519999999998,0.0034462222,0.0034677106,0.003489199,0.08197974999999999,0.0819375,0.0011867500000000003,0.0828076,0.0828928,0.082978,29.18594445256243,25.74160948667019,6.111469169556958,37.42409236571038,39.72561930281556,42.02714623992076
ACBBA,low,bounded_b4_w5,full_allocation_solve,final_release_flush,0-7,0-7,1,rp2040_a,4,0.0008357474999999999,0.000817108,0.00025778399999999994,0.0010167047,0.0010371663499999999,0.001057628,0.02770025,0.027915500000000003,0.0010457500000000015,0.0288415,0.02901175,0.029182,34.19206374137534,35.32272888479129,8.738912865983743,39.41315382921549,39.508587523595594,39.60402121797569
ACBBA,low,bounded_b4_w5,full_allocation_solve,robot_idle,0-7,0-7,1,rp2040_a,60,0.0006621293166666666,0.0006205665,0.00020093225,0.0008847573,0.0009717516499999999,0.001136324,0.0218829,0.0219005,0.001487249999999999,0.0232914,0.0235438,0.024356000000000003,34.545616337362084,34.9934413073418,9.92592710998742,42.11775448877413,44.76157313888696,47.394763097889225
ACBBA,low,bounded_b4_w5,full_allocation_solve,task_completion,0-7,0-7,1,rp2040_a,32,0.00098542153125,0.000860496,0.0004890259999999999,0.0016541334000000007,0.0022043575,0.002392946,0.03153584375,0.027186000000000002,0.008676000000000003,0.04970580000000002,0.051484449999999994,0.057918,35.9560697762977,33.474194213826706,14.376445643624194,50.45576948393532,61.151149949475794,64.41261935610466
ACBBA,low,bounded_b4_w5,full_allocation_solve,task_completion,0-7,0-7,2-3,rp2040_a,12,0.0014254549166666667,0.00132132,0.0010696497499999998,0.0021276903,0.0022108520999999997,0.002308916,0.04138675,0.038028,0.009049249999999995,0.0551349,0.05895474999999999,0.062824,31.34881852081388,30.49065218711268,8.272880948613064,39.99126848828537,43.32478838934843,47.33953978194571
ACBBA,low,bounded_b4_w5,full_allocation_solve,task_completion,8-15,8-15,1,rp2040_a,8,0.002296274375,0.002687883,0.00190384975,0.0032846391000000003,0.00337851505,0.003472391,0.07947125,0.08005000000000001,0.0023960000000000092,0.08178440000000001,0.0823787,0.082973,43.34313487912213,30.55259972803605,43.92566270729424,70.93507398008933,72.01592118771187,73.09676839533441
ACBBA,low,bounded_b4_w5,partial_bundle_refill,age_timeout,0-7,0-7,1,rp2040_a,9,0.001146762,0.001027895,0.0001918,0.0014666438,0.0015140114,0.001561379,0.02803777777777778,0.024508,0.0040989999999999985,0.0406224,0.0410032,0.041384,24.85858179335162,22.53245710894595,2.9071143503988317,31.242509561004532,36.367657307507685,41.492805054010844
ACBBA,low,bounded_b4_w5,partial_bundle_refill,age_timeout,0-7,0-7,2-3,rp2040_a,3,0.001343644,0.001345915,8.420349999999988e-05,0.0014105526,0.0014186322999999999,0.001426712,0.031694,0.032007,0.0006385000000000002,0.0321422,0.0321591,0.032176,23.666833910723273,23.906413109297393,1.8895549232485465,25.130562009607285,25.28358062214602,25.436599234684756
ACBBA,low,bounded_b4_w5,partial_bundle_refill,age_timeout,8-15,8-15,1,rp2040_a,4,0.00293188175,0.0029580085,0.00031085825000000053,0.0032147665,0.00325289725,0.003291028,0.07983575,0.080098,0.001618750000000016,0.0811439,0.08126645,0.081389,27.457409704788084,27.392463226606928,2.551682167523552,29.990580087366816,30.420514266669326,30.85044844597184
ACBBA,low,bounded_b4_w5,partial_bundle_refill,final_release_flush,0-7,0-7,1,rp2040_a,3,0.0009892146666666667,0.000971871,7.586949999999996e-05,0.001053379,0.0010635675,0.001073756,0.023313,0.022811,0.001680000000000001,0.0247574,0.0250007,0.025244,23.58923771351381,23.50999668453541,1.111466516551591,24.494259132550763,24.617291938552682,24.740324744554602
ACBBA,low,bounded_b4_w5,partial_bundle_refill,initial_allocation,8-15,8-15,5-8,rp2040_a,12,0.002967910916666667,0.0029575065,0.0002889412499999999,0.0034737556000000004,0.0035175363500000003,0.003538405,0.06928016666666666,0.070591,0.00246325,0.0717546,0.07185174999999999,0.071904,23.641127748158507,23.915913024419336,3.929835770570225,27.44168624042788,27.516601303797213,27.589039642815525
ACBBA,low,bounded_b4_w5,partial_bundle_refill,invalid_goal,0-7,0-7,0,rp2040_a,1,0.000848511,0.000848511,0.0,0.000848511,0.000848511,0.000848511,0.020565,0.020565,0.0,0.020565,0.020565,0.020565,24.23657442272404,24.23657442272404,0.0,24.23657442272404,24.23657442272404,24.23657442272404
ACBBA,low,bounded_b4_w5,partial_bundle_refill,robot_idle,0-7,0-7,1,rp2040_a,2,0.000985383,0.000985383,2.5920000000000457e-06,0.0009874566,0.0009877158000000002,0.000987975,0.019026,0.019026,0.0006970000000000032,0.0195836,0.019653300000000002,0.019723,19.30650134108685,19.30650134108685,0.6565544042508371,19.83174486448752,19.8974003049126,19.963055745337684
ACBBA,low,bounded_b4_w5,partial_bundle_refill,task_completion,0-7,0-7,0,rp2040_a,44,0.0011729033181818182,0.0010002004999999999,0.0004747465,0.0018807295000000006,0.0022146243000000006,0.002523162,0.02495143181818182,0.019528999999999998,0.00940875,0.04483080000000002,0.04748895,0.057907,22.36085542742848,20.405813491847375,2.894798841611255,23.85282589375836,41.29853670579935,62.88054939706916
ACBBA,low,bounded_b4_w5,partial_bundle_refill,task_completion,0-7,0-7,1,rp2040_a,11,0.0012037217272727273,0.001203473,0.000369451,0.001529517,0.0017193985,0.00190928,0.027575363636363637,0.025194,0.009086999999999998,0.035854,0.0387225,0.041591,24.059870906013202,22.331956969701714,2.6702348969467984,24.597831775395843,36.71813611689573,48.83844045839562
ACBBA,low,bounded_b4_w5,partial_bundle_refill,task_completion,0-7,0-7,2-3,rp2040_a,10,0.0014333079,0.001397094,0.00022771900000000014,0.0018181862000000001,0.0018358541,0.001853522,0.0275559,0.029323500000000002,0.003740750000000001,0.0307568,0.0309224,0.031088,19.430901099459156,19.471662109787914,3.352777443318523,22.869624612488245,23.173537024342505,23.47744943619676
ACBBA,low,bounded_b4_w5,partial_bundle_refill,task_completion,8-15,8-15,0,rp2040_a,1,0.003289064,0.003289064,0.0,0.003289064,0.003289064,0.003289064,0.072288,0.072288,0.0,0.072288,0.072288,0.072288,21.978289264058105,21.978289264058105,0.0,21.978289264058105,21.978289264058105,21.978289264058105
ACBBA,low,bounded_b4_w5,partial_bundle_refill,task_completion,8-15,8-15,1,rp2040_a,4,0.0028150745,0.0028442535000000003,0.00034548,0.0032091268,0.0032780343999999997,0.003346942,0.07388825,0.07283600000000001,0.003065749999999992,0.0776922,0.0786246,0.079557,26.795272481310977,26.378865170785694,5.686504064835539,31.27844090662107,31.894480922672727,32.51052093872438
ACBBA,low,count_b4,candidate_filter_only,batch_threshold,0-7,0-7,4,rp2040_a,7,0.0006601342857142856,0.000530964,8.116850000000001e-05,0.0009473284000000002,0.0011802801999999993,0.001413232,0.02608742857142857,0.02582,0.001681000000000002,0.027337,0.027355,0.027373,44.64547025686307,46.83543369286763,8.01228387487972,54.09895305651001,55.444410190768885,56.78986732502776
ACBBA,low,count_b4,candidate_filter_only,batch_threshold,0-7,0-7,4,rp2040_b,2,0.000487399,0.000487399,1.0384000000000001e-05,0.0004957062,0.0004967446,0.000497783,0.026840000000000003,0.026840000000000003,0.0013580000000000016,0.0279264,0.028062200000000002,0.028198,55.03343867524932,55.03343867524932,1.613734892349413,56.324426589128855,56.485800078363795,56.647173567598735
ACBBA,low,count_b4,candidate_filter_only,final_release_flush,0-7,0-7,1,rp2040_a,1,0.000516341,0.000516341,0.0,0.000516341,0.000516341,0.000516341,0.022916,0.022916,0.0,0.022916,0.022916,0.022916,44.38152306324696,44.38152306324696,0.0,44.38152306324696,44.38152306324696,44.38152306324696
ACBBA,low,count_b4,candidate_filter_only,final_release_flush,0-7,0-7,1,rp2040_b,57,0.0009645792631578947,0.00096682,2.7327999999999966e-05,0.0009954013999999998,0.0010210004000000001,0.001060129,0.01996138596491228,0.020005,0.0016299999999999995,0.0213482,0.0215144,0.022739,20.722098465932028,20.64987494464636,1.5336016710461067,22.40500683704794,22.988097650514113,23.862907318032757
ACBBA,low,count_b4,candidate_filter_only,final_release_flush,0-7,0-7,1,rp2040_c,20,0.000921346,0.0009305005000000001,7.740275000000011e-05,0.0010148660000000001,0.00101735715,0.001043998,0.019701299999999998,0.019841499999999998,0.002354499999999999,0.0213012,0.0213175,0.021593,22.52195978096078,20.539180017294804,1.682644264994945,24.06763430644933,29.094484393206933,56.08921189140796
ACBBA,low,count_b4,candidate_filter_only,invalid_goal,0-7,0-7,0,rp2040_c,11,0.0009227060909090909,0.000959343,3.223599999999994e-05,0.000973521,0.000982831,0.000992141,0.01796681818181818,0.017797,0.0011614999999999993,0.019772,0.019835,0.019898,19.706075584909577,18.979086092303227,1.0542463937326794,21.08812968701646,24.945843286874975,28.803556886733496
ACBBA,low,count_b4,candidate_filter_only,invalid_goal,0-7,0-7,1,rp2040_a,4,0.000397855,0.000395247,3.328000000000001e-05,0.0004189654,0.0004208902,0.000422815,0.020241,0.0203505,0.0010935000000000007,0.0214698,0.0216789,0.021888,51.11744869577123,51.744212261900145,7.201185199640889,56.526157537713786,57.024402357399666,57.52264717708555
ACBBA,low,count_b4,candidate_filter_only,invalid_goal,0-7,0-7,1,rp2040_c,9,0.0009514491111111111,0.000930924,6.182700000000008e-05,0.000992365,0.000992365,0.000992365,0.017376333333333334,0.017043,0.001358999999999999,0.018836,0.01914,0.019444,18.298174905249212,18.589335264655066,2.6306030661622053,20.10560753917704,20.176059246944476,20.246510954711916
ACBBA,low,count_b4,candidate_filter_only,robot_idle,0-7,0-7,1,rp2040_a,715,0.0008270964545454546,0.000908726,5.431600000000011e-05,0.000974121,0.0010109642000000001,0.001511488,0.01762182797202797,0.017579,0.0012635000000000007,0.0188738,0.0193448,0.02161,24.35376139962744,19.41232429504335,2.6382952651000977,48.354088547753186,50.80916215834344,59.826558927842214
ACBBA,low,count_b4,candidate_filter_only,robot_idle,0-7,0-7,1,rp2040_b,462,0.0005643724155844156,0.0003832725,0.0005523652500000001,0.0009617576,0.00097512405,0.00103408,0.017697677489177492,0.0176665,0.0011867499999999968,0.018997800000000002,0.0193212,0.02078,37.5907200460737,44.893390800007346,28.078626801953856,50.20368494937986,51.552829001114915,55.113184421113424
ACBBA,low,count_b4,candidate_filter_only,robot_idle,0-7,0-7,1,rp2040_c,1348,0.0008940415934718101,0.0009114085,2.417975000000008e-05,0.0009414052,0.00094800815,0.000985197,0.017884836795252226,0.017874,0.0014037500000000022,0.0192036,0.019603950000000002,0.020982,20.4343254431676,19.653698717420024,1.7853841996076696,21.84379483305098,23.22082998078486,56.90434039435932
ACBBA,low,count_b4,candidate_filter_only,task_completion,0-7,0-7,0,rp2040_a,769,0.0008040619739921977,0.000917448,0.0005853169999999999,0.0011707054,0.0012875134,0.001698053,0.01862480624187256,0.018215,0.002329000000000001,0.021192000000000003,0.0230864,0.029772,27.693160616897075,19.57060908677088,23.658848107909943,46.77558749716805,48.624198259668944,54.44504112068519
ACBBA,low,count_b4,candidate_filter_only,task_completion,0-7,0-7,0,rp2040_b,643,0.0005761699129082426,0.00042988,0.0004900495,0.0009813406,0.0010183243,0.001100142,0.018796713841368586,0.018473,0.0024145,0.021472,0.0224895,0.028054,37.64312329191853,43.26545332766594,25.751170226484817,49.11147030899985,50.80335394365987,54.783888106332434
ACBBA,low,count_b4,candidate_filter_only,task_completion,0-7,0-7,0,rp2040_c,1037,0.000982574848601736,0.000971365,9.706599999999993e-05,0.0011025874,0.0012645392,0.001481637,0.01896871263259402,0.018537,0.0023869999999999968,0.0215594,0.024404199999999997,0.030252,19.6352419404263,18.99649042743935,1.900916719907638,21.283788919969584,22.38340417126135,53.640105762874825
ACBBA,low,count_b4,candidate_filter_only,task_completion,0-7,0-7,1,rp2040_a,421,0.0007635708693586698,0.000920923,0.000545755,0.000995076,0.00104492,0.001466269,0.018170776722090262,0.017945,0.0014929999999999978,0.019871,0.021058,0.02759,28.412707472234235,19.895833333333332,24.978807782284804,48.79873903421485,50.55987983067049,56.892392775195624
ACBBA,low,count_b4,candidate_filter_only,task_completion,0-7,0-7,1,rp2040_b,444,0.0006569861103603604,0.00044151,0.0005816510000000001,0.0009942576000000001,0.00100929655,0.001174756,0.018136903153153153,0.017888,0.0014492499999999992,0.0200393,0.021146099999999998,0.024962,33.48274882902418,41.30424757093041,27.636197876365824,49.04198877008104,50.630897613607964,54.39725061684879
ACBBA,low,count_b4,candidate_filter_only,task_completion,0-7,0-7,1,rp2040_c,662,0.0009395683942598187,0.0009411655,4.987950000000002e-05,0.0010303209,0.0010532921,0.001411782,0.018427262839879156,0.018128,0.0017862499999999996,0.0202968,0.021298999999999995,0.031353,19.94920838518542,19.231701197943305,1.8848806296930611,21.82446116729984,23.30434927800681,58.943951251614045
ACBBA,low,count_b4,candidate_filter_only,task_completion,0-7,0-7,2-3,rp2040_a,59,0.0009904710677966103,0.001029803,0.00010113349999999995,0.0011148746,0.0012154330999999993,0.001549728,0.02004537288135593,0.019766,0.002017500000000002,0.0219506,0.023156299999999994,0.025388,21.88112908026489,19.388565442985552,1.9561268713547477,29.13350371816986,46.01504796938044,58.559241927390275
ACBBA,low,count_b4,candidate_filter_only,task_completion,0-7,0-7,2-3,rp2040_b,124,0.0006674396612903226,0.000446936,0.0005469875,0.0010024062,0.0010304372,0.001067405,0.020616088709677422,0.020638999999999998,0.0017745000000000018,0.0222632,0.0225679,0.024197,36.73607821357651,46.601032647433186,29.299370349440782,51.608628928581304,52.44910303937859,56.32173473829259
ACBBA,low,count_b4,candidate_filter_only,task_completion,0-7,0-7,2-3,rp2040_c,192,0.001016448453125,0.0010316065000000002,5.03674999999999e-05,0.0010941586,0.0011104226,0.001153908,0.020094921875,0.020063499999999998,0.0016792500000000002,0.0218388,0.022745799999999997,0.024828,20.03752388072667,19.297558910741785,1.9923382323851513,22.68219979917769,24.049710550173113,49.32141595960945
ACBBA,low,count_b4,candidate_filter_only,task_completion,8-15,8-15,0,rp2040_c,1,0.001097365,0.001097365,0.0,0.001097365,0.001097365,0.001097365,0.018999,0.018999,0.0,0.018999,0.018999,0.018999,17.313291384361627,17.313291384361627,0.0,17.313291384361627,17.313291384361627,17.313291384361627
ACBBA,low,count_b4,candidate_filter_only,task_completion,8-15,8-15,1,rp2040_c,1,0.001122382,0.001122382,0.0,0.001122382,0.001122382,0.001122382,0.018821,0.018821,0.0,0.018821,0.018821,0.018821,16.768800640067287,16.768800640067287,0.0,16.768800640067287,16.768800640067287,16.768800640067287
ACBBA,low,count_b4,full_allocation_solve,batch_threshold,0-7,0-7,4,rp2040_a,8,0.00113456775,0.0008145715,0.0004901142499999999,0.0019528759,0.00207701845,0.002201161,0.04969825,0.049247,0.0012749999999999984,0.051197599999999996,0.05209779999999999,0.052997999999999997,51.56679178341871,60.69876554286063,24.000101199690256,67.49397126944132,68.87508079563389,70.25619032182645
ACBBA,low,count_b4,full_allocation_solve,batch_threshold,0-7,0-7,4,rp2040_b,4,0.00072759325,0.0007090415,2.450274999999996e-05,0.0007640771,0.0007752465499999999,0.000786416,0.0495775,0.049051,0.0006684999999999955,0.050644800000000004,0.0509769,0.051309,68.21973405664055,69.11630339104263,1.2766845309650563,69.36388522532194,69.38305997065454,69.40223471598715
ACBBA,low,count_b4,full_allocation_solve,batch_threshold,0-7,0-7,4,rp2040_c,4,0.0019225067499999999,0.0019465045,0.0004550827499999999,0.0021914518,0.0022012534,0.002211055,0.058104750000000004,0.0579715,0.001773250000000004,0.0597757,0.06005935,0.060343,30.7073140845351,30.097149259714634,6.246558449361515,34.646387043942525,35.02001242632149,35.39363780870046
ACBBA,low,count_b4,full_allocation_solve,final_release_flush,0-7,0-7,1,rp2040_a,4,0.00072235225,0.0007003525,4.497574999999998e-05,0.0007863701,0.0008038800499999999,0.00082139,0.04309225,0.0434725,0.000993250000000001,0.0439788,0.0440454,0.044112,60.13794823304022,62.076374240219195,4.943163051024591,65.093785023288,65.59879911033667,66.10381319738534
ACBBA,low,count_b4,full_allocation_solve,final_release_flush,0-7,0-7,1,rp2040_b,4,0.00080051225,0.0007848245,7.891725000000005e-05,0.0009010004,0.0009239582,0.000946916,0.02478225,0.025529499999999997,0.0012062500000000025,0.0257986,0.0258118,0.025825,31.352417520903398,30.59830057575265,6.282586271375205,35.8108543485816,36.37558840343692,36.94032245829224
ACBBA,low,count_b4,full_allocation_solve,final_release_flush,0-7,0-7,1,rp2040_c,8,0.000983900125,0.0010326895,0.00023804825,0.0011748307,0.00122358185,0.001272333,0.027078125,0.027058,0.0015439999999999968,0.0286222,0.0290471,0.029472,28.911537655323517,25.7265404830802,8.160058259574306,38.36388092832856,41.2805427208683,44.197204513408046
ACBBA,low,count_b4,full_allocation_solve,invalid_goal,0-7,0-7,1,rp2040_a,4,0.000460038,0.000464958,4.651999999999998e-05,0.00048748600000000003,0.000488062,0.000488638,0.027958249999999997,0.027091999999999998,0.0017392500000000012,0.030255499999999998,0.030875749999999993,0.031495999999999996,60.87355148346386,62.545655955192586,4.2424772326790645,64.20636556077588,64.33153996914525,64.45671437751463
ACBBA,low,count_b4,full_allocation_solve,invalid_goal,0-7,0-7,1,rp2040_c,8,0.000968314375,0.0009548795,0.0003803147499999999,0.0012884496,0.0013482478,0.001408046,0.027467875,0.027138,0.004548,0.033460699999999996,0.03350935,0.033558,29.6025209413056,28.209725525621277,8.768047329498195,36.59119509815173,36.8674003633823,37.14360562861288
ACBBA,low,count_b4,full_allocation_solve,robot_idle,0-7,0-7,1,rp2040_a,44,0.0006891728863636363,0.0006676815,0.00029378275000000007,0.0009229234000000001,0.00102480775,0.001181073,0.02197084090909091,0.021888499999999998,0.001210250000000003,0.023013000000000002,0.02309585,0.023852,35.26718259554202,31.92345058425328,12.045736826800201,54.54060318680331,61.5551136849079,69.41914003154886
ACBBA,low,count_b4,full_allocation_solve,robot_idle,0-7,0-7,1,rp2040_b,32,0.0004704739375,0.0004207835,0.0002259029999999999,0.0006623125000000001,0.0007412782999999999,0.000830095,0.021643375,0.021802500000000002,0.0008515000000000016,0.022690500000000002,0.02301425,0.023873,49.54869194114567,53.035295757154955,22.630859829853854,63.45948746367138,64.5538747051129,65.72792391284868
ACBBA,low,count_b4,full_allocation_solve,robot_idle,0-7,0-7,1,rp2040_c,104,0.0006622448173076923,0.0006398435,0.00017004949999999998,0.0008256539000000001,0.0008841157999999999,0.001005048,0.022129509615384617,0.022106,0.0013970000000000024,0.023332699999999998,0.0237841,0.0248,34.4752042252871,34.35582417795721,9.794392438643722,41.63586695039313,42.75039665941611,48.61472214940459
ACBBA,low,count_b4,full_allocation_solve,task_completion,0-7,0-7,1,rp2040_a,48,0.0011122164583333334,0.0008677455,0.0009552345000000001,0.0019517775000000002,0.0021450423,0.002849641,0.03427979166666666,0.027704,0.012609499999999996,0.050854699999999996,0.0583394,0.066306,36.01947932265358,32.77185954134175,14.17758276992619,60.067102560253936,61.736752448665804,66.64150957779925
ACBBA,low,count_b4,full_allocation_solve,task_completion,0-7,0-7,1,rp2040_b,52,0.0006294875192307692,0.0006080295,0.00018836700000000005,0.0009001632,0.0009493752,0.001083936,0.03048680769230769,0.0282465,0.008694250000000004,0.041028999999999996,0.0415323,0.047604,50.31038495143401,54.46955289706811,15.529669378782792,61.3091422829952,63.467989258939205,66.11935364938911
ACBBA,low,count_b4,full_allocation_solve,task_completion,0-7,0-7,1,rp2040_c,91,0.0013441767142857142,0.001201528,0.0010152244999999999,0.002137718,0.002357077,0.002640752,0.039060769230769225,0.034793,0.023573500000000004,0.058794,0.063014,0.066633,30.892002541003443,28.905008013078376,10.324376654960702,40.07500669702652,42.822356967124094,49.03672656816986
ACBBA,low,count_b4,full_allocation_solve,task_completion,0-7,0-7,2-3,rp2040_a,16,0.0013318973125,0.0010803425,0.0008676425,0.0024689885,0.0026594525,0.002895386,0.0426228125,0.038830500000000004,0.018292999999999997,0.059229,0.06092975,0.063428,37.182060197770724,33.896696254872154,12.187773214497742,57.0100151618387,62.99539776935552,68.37260456590568
ACBBA,low,count_b4,full_allocation_solve,task_completion,0-7,0-7,2-3,rp2040_b,24,0.0007104383333333334,0.0006701915000000001,8.380550000000012e-05,0.0008693281999999999,0.0010249937499999997,0.001132093,0.037796666666666666,0.039805,0.007379249999999997,0.0431311,0.0436173,0.047049,54.91503644770291,60.620318115120384,17.806975616433867,66.61210626274122,66.82012047109923,69.1850587506947
ACBBA,low,count_b4,full_allocation_solve,task_completion,0-7,0-7,2-3,rp2040_c,40,0.0009733841749999999,0.0009706975,0.0002834224999999999,0.0012736056000000001,0.0013056001000000001,0.001326867,0.03582915,0.0353445,0.006826499999999992,0.04225280000000001,0.04271635,0.043453,37.7677931086774,36.918412735500354,9.589179993298146,47.71660315732437,49.22365441969032,50.67598690970732
ACBBA,low,count_b4,full_allocation_solve,task_completion,8-15,8-15,1,rp2040_a,3,0.0024675786666666665,0.002902787,0.0009402865,0.0031327662,0.0031615135999999997,0.003190261,0.073553,0.073813,0.0005060000000000064,0.07390580000000001,0.07391740000000001,0.07392900000000001,34.89454363125137,25.468282722776426,16.751550401564558,50.18103613419801,53.2701303106257,56.3592244870534
ACBBA,low,count_b4,full_allocation_solve,task_completion,8-15,8-15,1,rp2040_b,8,0.001616626,0.0010841285,5.951950000000002e-05,0.002435084999999999,0.003863098999999998,0.005291113,0.073794625,0.073852,0.0021952500000000097,0.0758134,0.0760297,0.07624600000000001,60.761378950732,67.1135448588819,3.0251444957500127,69.99891266221174,70.47928900797069,70.95966535372965
ACBBA,low,count_b4,full_allocation_solve,task_completion,8-15,8-15,1,rp2040_c,5,0.0022171331999999997,0.00217727,0.000318268,0.0024802528,0.0024819734,0.002483694,0.0763814,0.07482699999999999,0.006265000000000007,0.0806158,0.0806404,0.080665,35.10737494983458,34.36734993822539,7.437030159573403,41.933654558257864,43.46391003514916,44.99416551204047
ACBBA,low,count_b4,full_allocation_solve,task_completion,8-15,8-15,2-3,rp2040_c,4,0.00258295975,0.0027610925000000003,0.0005311297499999996,0.002944503,0.002946807,0.002949111,0.07603675,0.074949,0.0018542500000000017,0.0787006,0.0794608,0.080221,30.682322785381132,27.189541655791135,7.237862814778307,38.89213496038179,41.004558737850616,43.11698251531945
ACBBA,low,count_b4,partial_bundle_refill,batch_threshold,0-7,0-7,4,rp2040_a,8,0.0010006737500000001,0.000856044,0.00047440175,0.0014889215,0.00149803725,0.001507153,0.044087875,0.0464285,0.010214749999999995,0.049483599999999996,0.049624299999999996,0.049765,47.37449003677056,51.900476406958305,21.255253006000196,61.17608041175257,61.65339749391828,62.13071457608398
ACBBA,low,count_b4,partial_bundle_refill,batch_threshold,0-7,0-7,4,rp2040_b,1,0.000644723,0.000644723,0.0,0.000644723,0.000644723,0.000644723,0.037548,0.037548,0.0,0.037548,0.037548,0.037548,58.2389646406286,58.2389646406286,0.0,58.2389646406286,58.2389646406286,58.2389646406286
ACBBA,low,count_b4,partial_bundle_refill,batch_threshold,0-7,0-7,4,rp2040_c,6,0.0018327021666666667,0.0019034059999999998,0.0001372852500000001,0.002014923,0.00202658,0.002038237,0.056451,0.056812,0.0005155000000000021,0.057139999999999996,0.057294,0.057448,31.421746963590717,29.285110719517796,2.696421120051781,36.79192074304065,39.54173423151174,42.29154771998282
ACBBA,low,count_b4,partial_bundle_refill,final_release_flush,0-7,0-7,1,rp2040_a,5,0.0007072104,0.000714096,4.310400000000008e-05,0.0007344868000000001,0.0007359714,0.000737456,0.041406,0.041366,0.002336999999999999,0.0431282,0.0433756,0.043623,58.561136669792816,59.153359658067735,1.029940824218933,59.34628051441263,59.35122275591797,59.35616499742331
ACBBA,low,count_b4,partial_bundle_refill,final_release_flush,0-7,0-7,1,rp2040_b,2,0.00123134,0.00123134,8.593400000000018e-05,0.0013000872,0.0013086806,0.001317274,0.0227645,0.0227645,0.0017645000000000022,0.0241761,0.02435255,0.024529,18.4775706791833,18.4775706791833,0.143460328792262,18.592338942217108,18.606684975096336,18.62103100797556
ACBBA,low,count_b4,partial_bundle_refill,final_release_flush,0-7,0-7,1,rp2040_c,1,0.000904465,0.000904465,0.0,0.000904465,0.000904465,0.000904465,0.024619,0.024619,0.0,0.024619,0.024619,0.024619,27.219405947162134,27.219405947162134,0.0,27.219405947162134,27.219405947162134,27.219405947162134
ACBBA,low,count_b4,partial_bundle_refill,initial_allocation,8-15,8-15,5-8,rp2040_a,8,0.00268970725,0.002743954,0.00035723774999999987,0.0029344630999999996,0.0030870445499999997,0.003239626,0.068426375,0.0692215,0.003870499999999999,0.0717186,0.0720063,0.072294,25.69694716399539,25.518687857647812,3.455636148805077,28.876181646034407,29.835386817247095,30.794591988459782
ACBBA,low,count_b4,partial_bundle_refill,initial_allocation,8-15,8-15,5-8,rp2040_b,13,0.001243609,0.001133923,7.961800000000005e-05,0.0013465612,0.0017369499999999986,0.002288587,0.0701143076923077,0.07036,0.0027640000000000026,0.0722782,0.0728928,0.073761,58.65215279546312,62.14493376875283,6.5749870065463085,64.84257460846997,66.42044314483779,68.47702214375205
ACBBA,low,count_b4,partial_bundle_refill,initial_allocation,8-15,8-15,5-8,rp2040_c,20,0.0025185521000000003,0.0025570239999999998,0.0003104887500000003,0.0028357658000000003,0.0028800640000000003,0.002899596,0.06928865,0.070047,0.002848749999999997,0.0724612,0.07293115,0.073105,28.784043977549185,27.76190638048739,2.936993862587478,30.73456095867177,32.58909520346876,66.51755661408286
ACBBA,low,count_b4,partial_bundle_refill,invalid_goal,0-7,0-7,0,rp2040_a,1,0.000492382,0.000492382,0.0,0.000492382,0.000492382,0.000492382,0.02083,0.02083,0.0,0.02083,0.02083,0.02083,42.30455215665886,42.30455215665886,0.0,42.30455215665886,42.30455215665886,42.30455215665886
ACBBA,low,count_b4,partial_bundle_refill,invalid_goal,0-7,0-7,0,rp2040_c,9,0.001115742111111111,0.001147092,0.00010188100000000006,0.0012975156000000002,0.0013262848000000001,0.001355054,0.020799111111111112,0.021149,0.003700000000000002,0.0248392,0.0252136,0.025588,18.577910251309792,18.88338029333148,1.1232972543694828,19.570282704683677,19.707488952342533,19.84469520000139
ACBBA,low,count_b4,partial_bundle_refill,invalid_goal,0-7,0-7,1,rp2040_c,9,0.001151999111111111,0.001169784,1.5203999999999999e-05,0.0011960764,0.0012192332,0.00124239,0.02336711111111111,0.024273,0.002311999999999998,0.025134,0.025158,0.025182,20.292215515105955,20.612104037966056,0.7682289275647989,21.21372305851603,21.37038710321013,21.527051147904228
ACBBA,low,count_b4,partial_bundle_refill,robot_idle,0-7,0-7,1,rp2040_a,17,0.0004898033529411764,0.000410496,3.929599999999997e-05,0.0006751126000000002,0.001017715,0.001149859,0.01958364705882353,0.019789,0.0010299999999999997,0.020925199999999998,0.021182799999999998,0.02175,44.05107385492894,47.568748950420925,6.261581357726527,50.652174426289314,51.07568572439352,52.099290532013526
ACBBA,low,count_b4,partial_bundle_refill,robot_idle,0-7,0-7,1,rp2040_c,38,0.0009806566315789472,0.0009950705,3.236625000000012e-05,0.0010287004000000002,0.00103312845,0.001043278,0.019405447368421053,0.019278999999999998,0.001794999999999998,0.0210115,0.021085200000000002,0.021614,20.304006796025813,19.459058321677546,1.890575828462346,21.246830717973456,22.144115124808458,50.84986420760231
ACBBA,low,count_b4,partial_bundle_refill,task_completion,0-7,0-7,0,rp2040_a,43,0.0009129192325581395,0.000788046,0.00045249950000000004,0.0018259654000000007,0.0020115667999999996,0.002561132,0.02584413953488372,0.020465,0.012541999999999998,0.040548,0.042169899999999996,0.048045,34.521322607555106,34.229815128691534,30.77093454810332,55.47049024691034,56.25067688652662,58.121919283553275
ACBBA,low,count_b4,partial_bundle_refill,task_completion,0-7,0-7,0,rp2040_b,44,0.0006187322045454546,0.000527886,0.00031969100000000004,0.0009567151,0.0010590670500000001,0.001085678,0.02658645454545455,0.0222835,0.009383000000000002,0.04038560000000001,0.05529400000000001,0.063814,44.60506590673993,47.25316062702839,7.38495873696008,57.41915287088969,59.15917487751394,61.851432828376346
ACBBA,low,count_b4,partial_bundle_refill,task_completion,0-7,0-7,0,rp2040_c,93,0.0012865239892473118,0.001121345,0.0006783299999999999,0.0019011106,0.0022379858,0.002401748,0.028863247311827957,0.022776,0.019549,0.0481254,0.054600399999999966,0.066291,22.223110958471157,20.75364721769911,4.694894274362742,27.1218006539233,29.30404512114087,52.694078750651414
ACBBA,low,count_b4,partial_bundle_refill,task_completion,0-7,0-7,1,rp2040_a,15,0.0011547312666666666,0.00119287,0.0009361719999999999,0.001801102,0.0019703874999999994,0.002344541,0.031171066666666667,0.026926,0.012007499999999997,0.0479172,0.0488845,0.050785,30.86612005050305,26.88928405812829,11.266515220192641,48.65806285223882,49.34323911767089,49.885503629997025
ACBBA,low,count_b4,partial_bundle_refill,task_completion,0-7,0-7,1,rp2040_b,29,0.0006557972758620689,0.000438005,0.000502442,0.001167083,0.0012170845999999998,0.001390776,0.02157751724137931,0.019563,0.0047310000000000026,0.027853599999999996,0.0322218,0.032541,38.71319871546775,43.939129655907195,26.824982972301598,52.61223633965841,54.491087342917986,55.59200746352816
ACBBA,low,count_b4,partial_bundle_refill,task_completion,0-7,0-7,1,rp2040_c,37,0.0015062564594594595,0.001349515,0.0008331640000000002,0.0022288294,0.0022617636,0.002489458,0.037354027027027024,0.031575,0.024896,0.0632828,0.06456719999999999,0.067267,24.716196526770467,23.456391259589545,4.02461180340228,28.544497260593868,29.73897271810008,67.56051926131319
ACBBA,low,count_b4,partial_bundle_refill,task_completion,0-7,0-7,2-3,rp2040_a,8,0.0011234931249999999,0.0010741574999999998,0.0001983,0.0013667106,0.0015143447999999998,0.001661979,0.026987875,0.0240145,0.008167249999999997,0.0339036,0.036322799999999995,0.038742,24.939066834474115,22.511031132372235,6.818548733452779,32.47969714427683,37.14331435757152,41.806931570866226
ACBBA,low,count_b4,partial_bundle_refill,task_completion,0-7,0-7,2-3,rp2040_b,25,0.00087287316,0.000615088,0.000610156,0.0014492352000000002,0.0015185843999999998,0.001621411,0.02909072,0.028868,0.005203999999999997,0.0333432,0.0336648,0.034897,39.73313906110806,51.22622459614382,32.04288875563711,56.3364098808153,56.918232572755144,57.90485133130005
ACBBA,low,count_b4,partial_bundle_refill,task_completion,0-7,0-7,2-3,rp2040_c,36,0.001219549611111111,0.0012417945,0.00019497924999999994,0.001434283,0.00147917375,0.001524109,0.02760061111111111,0.027278,0.007455,0.032741,0.03302525,0.034524,23.12810737830675,21.673697966138135,3.580128499734606,27.072442178911544,28.613475041666184,50.63686342637315
ACBBA,low,count_b4,partial_bundle_refill,task_completion,8-15,8-15,1,rp2040_b,1,0.001087073,0.001087073,0.0,0.001087073,0.001087073,0.001087073,0.071913,0.071913,0.0,0.071913,0.071913,0.071913,66.1528710583374,66.1528710583374,0.0,66.1528710583374,66.1528710583374,66.1528710583374
ACBBA,low,count_b4,partial_bundle_refill,task_completion,8-15,8-15,1,rp2040_c,3,0.0024409863333333336,0.002514471,0.0002863130000000003,0.0026553398,0.0026729484,0.002690557,0.073563,0.073682,0.000729499999999994,0.07412279999999999,0.07417789999999999,0.074233,30.466961687913507,29.303181464411402,4.000920832210607,33.900454398382415,34.47511351512879,35.049772631875165
ACBBA,low,count_b4,partial_bundle_refill,task_completion,8-15,8-15,2-3,rp2040_c,1,0.002433373,0.002433373,0.0,0.002433373,0.002433373,0.002433373,0.070409,0.070409,0.0,0.070409,0.070409,0.070409,28.934733803654435,28.934733803654435,0.0,28.934733803654435,28.934733803654435,28.934733803654435
ACBBA,low,eager_b1,candidate_filter_only,invalid_goal,0-7,0-7,0,rp2040_a,41,0.0009164643414634146,0.000921125,2.367999999999999e-05,0.000973828,0.001011299,0.00143487,0.017614073170731707,0.017648,0.001580999999999999,0.018933,0.019221,0.019841,19.928714434969596,18.905021009791568,1.6088748662542756,21.410542650046995,22.900182592818016,41.972590155961875
ACBBA,low,eager_b1,candidate_filter_only,invalid_goal,0-7,0-7,0,rp2040_c,9,0.0008900248888888888,0.000826636,0.00011887699999999998,0.0010388708000000002,0.0010973804,0.00115589,0.01804588888888889,0.016808,0.0036489999999999995,0.020780800000000002,0.0207864,0.020792,20.457155369068687,20.199655285784026,1.6980637932259164,23.409148277331177,24.291869802597272,25.17459132786337
ACBBA,low,eager_b1,candidate_filter_only,task_arrival_eager,0-7,0-7,1,rp2040_a,716,0.0007376236131284916,0.0008901614999999999,0.000562432,0.0009968665,0.00106709675,0.001507777,0.018440970670391063,0.018187000000000002,0.002049249999999999,0.020404,0.02135275,0.026936,30.579506078883277,21.376286102131708,28.46905279803681,51.38560885868665,53.46237234826053,61.89939828674749
ACBBA,low,eager_b1,candidate_filter_only,task_arrival_eager,0-7,0-7,1,rp2040_b,498,0.0009500154116465864,0.000953647,9.108925000000012e-05,0.0010561889,0.0010764209000000001,0.001161515,0.019139086345381525,0.019123,0.0020722499999999977,0.021028900000000003,0.0218243,0.025407,20.783836713161445,19.48317301114306,2.4073805928345173,23.35659043008901,26.62840980915409,53.3772061627352
ACBBA,low,eager_b1,candidate_filter_only,task_arrival_eager,0-7,0-7,1,rp2040_c,1293,0.00084903943387471,0.0009016,9.344700000000008e-05,0.0009957030000000001,0.0010220615999999999,0.001171291,0.018753808971384376,0.01856,0.0020489999999999987,0.020899199999999996,0.021640999999999997,0.025357,24.092899431262392,20.593952460188525,3.427512509212285,45.70557410408511,51.26143203791512,62.03172603436685
ACBBA,low,eager_b1,candidate_filter_only,task_completion,0-7,0-7,0,rp2040_a,635,0.0007254628582677165,0.000848552,0.0005559095000000001,0.0010695682,0.0013196818999999995,0.001808187,0.018416549606299213,0.018024,0.0018965000000000024,0.020622,0.0219288,0.030922,31.362464121340125,21.925440412781374,27.484959112027994,49.76541805494355,51.70648082424799,60.17589721766267
ACBBA,low,eager_b1,candidate_filter_only,task_completion,0-7,0-7,0,rp2040_b,717,0.000976386779637378,0.000983925,7.123099999999994e-05,0.0010783402,0.0011148546,0.001424182,0.018360993026499302,0.018164,0.0019489999999999993,0.0203494,0.0209642,0.029371,19.30086764204295,18.46723872966629,2.0591083571932955,20.862781677553958,22.639857790961212,53.22724904907463
ACBBA,low,eager_b1,candidate_filter_only,task_completion,0-7,0-7,0,rp2040_c,1842,0.0008670829017372421,0.0009349930000000001,0.00011527175000000005,0.0010251792,0.0010610276,0.001776868,0.018511704668838218,0.01817,0.0018842500000000005,0.020490500000000002,0.021685649999999997,0.035862,23.580515710581718,19.597072584020758,3.1142781694934776,46.32408103675535,49.31511388945835,60.94368475039174
ACBBA,low,eager_b1,candidate_filter_only,task_completion,8-15,8-15,0,rp2040_b,1,0.001063425,0.001063425,0.0,0.001063425,0.001063425,0.001063425,0.017979,0.017979,0.0,0.017979,0.017979,0.017979,16.906692996685237,16.906692996685237,0.0,16.906692996685237,16.906692996685237,16.906692996685237
ACBBA,low,eager_b1,full_allocation_solve,task_arrival_eager,0-7,0-7,1,rp2040_a,161,0.0009308217329192547,0.000781531,0.0007266600000000001,0.001687181,0.002125334,0.002746376,0.030588180124223603,0.026386,0.012266000000000006,0.051513,0.056413,0.062029,39.14096665585154,32.9893693017399,27.487198126488003,63.15067343446102,66.53327120393973,72.1642561818304
ACBBA,low,eager_b1,full_allocation_solve,task_arrival_eager,0-7,0-7,1,rp2040_b,159,0.0010533528679245283,0.001028304,0.000591608,0.0015959796000000002,0.0016688017,0.002046451,0.02884059748427673,0.027186000000000002,0.009695999999999996,0.0364806,0.042718599999999995,0.056769,29.9554900894215,26.853083867269856,9.876510291446877,40.41617880676262,46.384926680989594,68.86600228753797
ACBBA,low,eager_b1,full_allocation_solve,task_arrival_eager,0-7,0-7,1,rp2040_c,316,0.0009023527246835442,0.000784445,0.000556184,0.0013662255000000002,0.0015889345,0.002672435,0.02991488924050633,0.026707,0.011378749999999997,0.041062,0.058056500000000004,0.067932,38.1257232624345,32.517405625010895,20.770486390786807,64.44538285774394,67.78658424782816,77.18532261960256
ACBBA,low,eager_b1,full_allocation_solve,task_arrival_eager,8-15,8-15,1,rp2040_a,4,0.0015451675,0.0011773835,0.0003794795,0.0022190605,0.0024417422499999992,0.002664424,0.082837,0.0826745,0.001553999999999986,0.0846861,0.08507055,0.085455,60.83274484167522,69.40464069061102,11.93175513826511,72.57840586646704,73.07635104353082,73.5742962205946
ACBBA,low,eager_b1,full_allocation_solve,task_arrival_eager,8-15,8-15,1,rp2040_b,8,0.002950681875,0.003017368,0.0004721794999999998,0.0032676356,0.0032802012999999996,0.003292767,0.076898625,0.076945,0.0059514999999999985,0.0811957,0.08155235,0.081909,26.366568649428633,25.00881215662946,1.9932052666374673,29.873789248212468,32.246635196723076,34.619481145233685
ACBBA,low,eager_b1,full_allocation_solve,task_arrival_eager,8-15,8-15,1,rp2040_c,18,0.0026861237222222225,0.0027887809999999997,0.0003327445,0.0032818546,0.0034144238999999996,0.003576354,0.08075138888888889,0.080788,0.009376499999999982,0.08961709999999999,0.09045885000000001,0.092702,33.52643830508499,29.48085156235942,4.450373048054967,46.230380679360934,72.11332741638755,76.74099212556672
ACBBA,low,eager_b1,partial_bundle_refill,initial_allocation,8-15,8-15,5-8,rp2040_a,7,0.0010338474285714286,0.001005514,0.00012990050000000002,0.0011306827999999999,0.0011479048999999998,0.001165127,0.06847457142857143,0.068205,0.0047689999999999955,0.07174119999999999,0.07174509999999999,0.071749,66.47444910239952,65.60376419986979,6.6509187430980745,71.33335656632724,71.52071992547376,71.70808328462027
ACBBA,low,eager_b1,partial_bundle_refill,initial_allocation,8-15,8-15,5-8,rp2040_b,8,0.002744048,0.002822574,0.0004231317499999998,0.0030043632,0.0030075775999999998,0.003010792,0.069278375,0.069294,0.003518499999999994,0.0738634,0.07412519999999999,0.074387,25.50738578074705,24.692594846983006,4.276265402682881,29.165287375575996,29.375573248805033,29.585859122034073
ACBBA,low,eager_b1,partial_bundle_refill,initial_allocation,8-15,8-15,5-8,rp2040_c,19,0.001686866052631579,0.001084875,0.001458999,0.0028987516,0.0029466544999999997,0.002963795,0.06899142105263158,0.069814,0.0031160000000000077,0.07213,0.0723087,0.072621,50.88719330775232,59.71894476288731,39.510812476474406,74.92354244986875,76.32177552922784,78.03360120730278
ACBBA,low,eager_b1,partial_bundle_refill,invalid_goal,0-7,0-7,0,rp2040_a,4,0.00076447575,0.0007047819999999999,0.00050994725,0.0011363052,0.0011852060999999999,0.001234107,0.01976425,0.020384,0.0025262500000000007,0.0224195,0.02278025,0.023141,32.40381857969715,34.49071920127389,26.505609895935773,47.69565363009158,48.02751356063763,48.35937349118369
ACBBA,low,eager_b1,partial_bundle_refill,invalid_goal,0-7,0-7,0,rp2040_c,8,0.0015415195,0.0012981225,0.00077635925,0.0025532503,0.00262023015,0.00268721,0.0321315,0.023611,0.020546249999999995,0.0607198,0.0622234,0.063727,19.872447003588142,19.613690096465355,3.873732470902958,23.141362159891944,24.337329890225803,25.53329762055966
ACBBA,low,eager_b1,partial_bundle_refill,task_arrival_eager,0-7,0-7,1,rp2040_a,71,0.0008625168450704225,0.000624724,0.0007082445,0.001703182,0.001929102,0.002114503,0.025728281690140846,0.022747,0.0075344999999999995,0.041259,0.044592,0.055261,37.3362983211575,43.78289515604888,29.954107165596003,55.12072471467565,57.36251395016903,63.73694623545757
ACBBA,low,eager_b1,partial_bundle_refill,task_arrival_eager,0-7,0-7,1,rp2040_b,58,0.0012100137068965517,0.0012210720000000001,0.00025397099999999997,0.0014121931,0.00144930815,0.001550085,0.026636620689655173,0.024889,0.004913250000000001,0.0332146,0.0339478,0.041275,22.125013599867778,21.51695872323174,3.959462537535128,25.95811782211005,27.88614750006,30.61570734254752
ACBBA,low,eager_b1,partial_bundle_refill,task_arrival_eager,0-7,0-7,1,rp2040_c,125,0.001024441232,0.001037297,0.00019529399999999994,0.0013093016,0.0013719804,0.001549881,0.026020328,0.024157,0.006673999999999999,0.032531,0.0343606,0.063601,27.48566587070296,23.204025325593754,4.578973914881441,53.010579260363926,56.25355824849172,64.8959996734844
ACBBA,low,eager_b1,partial_bundle_refill,task_arrival_eager,8-15,8-15,1,rp2040_a,1,0.00273847,0.00273847,0.0,0.00273847,0.00273847,0.00273847,0.077265,0.077265,0.0,0.077265,0.077265,0.077265,28.214660010881992,28.214660010881992,0.0,28.214660010881992,28.214660010881992,28.214660010881992
ACBBA,low,eager_b1,partial_bundle_refill,task_arrival_eager,8-15,8-15,1,rp2040_b,4,0.00269516975,0.0027333125,0.0001819952500000002,0.0028205167,0.00282560935,0.002830702,0.07680925,0.07746549999999999,0.007993250000000021,0.08117,0.081182,0.081194,28.511497889979307,28.843141877591286,1.0121409601677307,29.508201950733557,29.61647247968836,29.724743008643156
ACBBA,low,eager_b1,partial_bundle_refill,task_arrival_eager,8-15,8-15,1,rp2040_c,15,0.0026707531333333336,0.002647045,0.00025726299999999976,0.0029820928,0.0030109103,0.003060863,0.07973340000000001,0.078906,0.002586999999999992,0.0812554,0.08380829999999999,0.089192,30.2712112856204,29.84497807932997,2.2485325854246554,33.02312276781877,37.26364106761171,43.53996688077904
ACBBA,low,eager_b1,partial_bundle_refill,task_completion,0-7,0-7,0,rp2040_a,73,0.0008716693698630136,0.000904806,0.000534443,0.0014123359999999997,0.0016246125999999975,0.002213906,0.023997356164383563,0.021002,0.006912999999999999,0.035258199999999996,0.044405999999999966,0.05552,32.93179759307858,22.53004667788824,31.51290015435471,55.87696463044334,57.69236722943755,62.30816196840876
ACBBA,low,eager_b1,partial_bundle_refill,task_completion,0-7,0-7,0,rp2040_b,82,0.0012474318048780488,0.0011354115,0.00033916524999999986,0.001922612300000001,0.00213160525,0.002379514,0.026515939024390246,0.0221715,0.004897499999999999,0.04477070000000003,0.058323400000000025,0.066582,21.35264543472848,19.4657372522177,4.015012533093117,26.10348416451806,28.487740138214978,53.93978523414574
ACBBA,low,eager_b1,partial_bundle_refill,task_completion,0-7,0-7,0,rp2040_c,149,0.0009966872483221478,0.000946599,0.00045629799999999995,0.0015907506000000004,0.0019284867999999993,0.002531905,0.029166610738255033,0.023035,0.014568999999999999,0.052916600000000036,0.057225399999999996,0.065851,33.30940488704188,22.76300927569118,31.23607711824476,59.05338964559924,62.16219490550635,68.57433338154125
ACBBA,low,eager_b1,partial_bundle_refill,task_completion,8-15,8-15,0,rp2040_a,3,0.0011041903333333335,0.001038603,0.00042471100000000003,0.0014570766,0.0015093858,0.001561695,0.05735666666666667,0.059525,0.015155500000000002,0.06904740000000001,0.0702377,0.071428,53.592169566984985,57.31256312566015,5.994488835915469,57.64368192398233,57.685071773772606,57.72646162356288
ACBBA,low,eager_b1,partial_bundle_refill,task_completion,8-15,8-15,0,rp2040_b,5,0.0024785453999999997,0.002503127,0.0003495899999999999,0.002984118,0.0030415819999999997,0.003099046,0.07412060000000001,0.075809,0.005552000000000001,0.07755540000000001,0.07812720000000001,0.078699,31.466662146004047,28.54757007736372,3.336372153125083,39.798031673244665,42.96467452012564,46.131317367006616
ACBBA,low,eager_b1,partial_bundle_refill,task_completion,8-15,8-15,0,rp2040_c,7,0.0021865942857142856,0.002312056,0.0006854714999999997,0.0027325742,0.0027921656,0.002851757,0.07165957142857142,0.072637,0.0055730000000000085,0.0808046,0.0811703,0.081536,35.84768981979597,28.16404062477974,6.730069782140603,50.78735181419911,59.87086864755332,68.95438548090758
ACBBA,medium,bounded_b4_w5,candidate_filter_only,age_timeout,0-7,0-7,2-3,rp2040_b,2,0.0011578655,0.0011578655,7.747049999999979e-05,0.0012198419,0.00122758895,0.001235336,0.028541999999999998,0.028541999999999998,0.0006479999999999993,0.0290604,0.0291252,0.02919,24.72376690923162,24.72376690923162,1.094568051592887,25.599421350505935,25.70887815566522,25.81833496082451
ACBBA,medium,bounded_b4_w5,candidate_filter_only,batch_threshold,0-7,0-7,4,rp2040_b,2,0.001174514,0.001174514,1.2288000000000056e-05,0.0011843444,0.0011855732,0.001186802,0.0280915,0.0280915,0.0008235000000000013,0.0287503,0.02883265,0.028915,23.927506807057192,23.927506807057192,0.9514754218724697,24.688687144555164,24.78383468674241,24.878982228929658
ACBBA,medium,bounded_b4_w5,candidate_filter_only,task_completion,0-7,0-7,0,rp2040_b,186,0.001111493629032258,0.0011163335,0.0001072400000000002,0.0012578634999999999,0.00128671325,0.001390557,0.021312102150537634,0.0208715,0.0039067500000000005,0.0252195,0.027296749999999998,0.030028,19.63878335117245,18.53060528200561,2.5695218996682136,22.80595316422601,24.05076234730215,51.78151989741625
ACBBA,medium,bounded_b4_w5,candidate_filter_only,task_completion,0-7,0-7,1,rp2040_b,8,0.0009482686249999999,0.0010388304999999999,0.00033345025,0.0012100273,0.00121663565,0.001223244,0.024749875,0.024334,0.002692499999999997,0.0279627,0.029558349999999997,0.031154,29.792722741204766,24.360897773500184,9.414059184697358,50.060062988464615,51.30602664050904,52.55199029255347
ACBBA,medium,bounded_b4_w5,candidate_filter_only,task_completion,0-7,0-7,2-3,rp2040_b,9,0.0011210103333333333,0.001141607,8.818900000000002e-05,0.0012311228000000001,0.0012593844,0.001287646,0.02571888888888889,0.025608,0.0018700000000000001,0.0292062,0.0299806,0.030755,22.96683167584176,23.072912748578116,2.4175628335251,24.89712278506023,25.17695120493564,25.456779624811052
ACBBA,medium,bounded_b4_w5,candidate_filter_only,task_completion,8-15,8-15,0,rp2040_b,9,0.0010097077777777776,0.001064352,0.00010390500000000006,0.0011618818,0.0011639934,0.001166105,0.019228333333333333,0.01916,0.0028949999999999983,0.021051399999999998,0.0212982,0.021545,20.3663132174026,18.400961852139858,2.207102185406846,24.243314361383096,31.72512033080246,39.20692630022184
ACBBA,medium,bounded_b4_w5,candidate_filter_only,task_completion,8-15,8-15,1,rp2040_b,2,0.0010848975000000002,0.0010848975000000002,8.17254999999999e-05,0.0011502779000000002,0.00115845045,0.001166623,0.02011,0.02011,0.000671999999999999,0.0206476,0.0207148,0.020782,18.68902720896551,18.68902720896551,2.027260725705709,20.310835789530078,20.513561862100648,20.716287934671218
ACBBA,medium,bounded_b4_w5,candidate_filter_only,task_completion,8-15,8-15,2-3,rp2040_b,2,0.000977959,0.000977959,0.00010909100000000007,0.0010652318,0.0010761409,0.00108705,0.018987999999999998,0.018987999999999998,0.0022810000000000018,0.0208128,0.0210409,0.021269,19.397132363289025,19.397132363289025,0.16866497813961345,19.532064345800716,19.548930843614677,19.565797341428638
ACBBA,medium,bounded_b4_w5,full_allocation_solve,age_timeout,0-7,0-7,1,rp2040_b,4,0.00189900675,0.0019786365,0.0002749512499999997,0.0021492751,0.00217360105,0.002197927,0.053865500000000004,0.057793500000000005,0.007089999999999999,0.0596814,0.0597837,0.059886,28.408789690570345,28.585654908378757,2.536741199418053,30.392861543819517,30.601951092031495,30.811040640243476
ACBBA,medium,bounded_b4_w5,full_allocation_solve,age_timeout,0-7,0-7,2-3,rp2040_b,4,0.0019480184999999999,0.00198833,0.0001812195000000002,0.0021377086,0.0021640167999999998,0.002190325,0.05781125,0.0597835,0.00571725,0.0642084,0.0650592,0.06591,29.685991960331584,29.029552188564924,2.9270493424404727,32.48732807145617,33.042671846718726,33.59801562198129
ACBBA,medium,bounded_b4_w5,full_allocation_solve,batch_threshold,0-7,0-7,4,rp2040_b,4,0.0018050845,0.001851164,0.00019697349999999998,0.0019587662,0.0019694846,0.001980203,0.058143,0.0573535,0.0008785000000000043,0.059641,0.0601255,0.06061,32.48473093938755,31.837993402194442,2.2169700545788125,35.69566373677281,36.50426924967027,37.31287476256774
ACBBA,medium,bounded_b4_w5,full_allocation_solve,batch_threshold,8-15,8-15,4,rp2040_b,4,0.0042760575,0.004484683,0.0007844230000000002,0.0048326293,0.00485264515,0.004872661,0.15112575,0.1519735,0.001040750000000007,0.1521546,0.15218279999999998,0.15221099999999999,36.26857558779181,33.60808390056285,7.324745548017525,43.43565713806703,45.047308678027335,46.658960217987655
ACBBA,medium,bounded_b4_w5,full_allocation_solve,final_release_flush,0-7,0-7,1,rp2040_b,4,0.0017710837500000002,0.00167791,0.00038479824999999987,0.0021387946,0.0022127608,0.002286727,0.0501975,0.049785499999999996,0.013859999999999997,0.057746799999999994,0.058021899999999994,0.058296999999999995,28.58448810605615,28.682190258509372,3.1282565562849527,30.966944794608096,31.223437239335716,31.479929684063336
ACBBA,medium,bounded_b4_w5,full_allocation_solve,invalid_goal,0-7,0-7,1,rp2040_b,4,0.00169941025,0.0016697915,0.00017940925000000003,0.001839398,0.0018610954999999998,0.001882793,0.04070225,0.0420615,0.003773249999999999,0.0434062,0.0434521,0.043498,24.141990984869835,24.355118903062436,5.765545510891965,27.420410135034913,27.51677094690918,27.613131758783446
ACBBA,medium,bounded_b4_w5,full_allocation_solve,task_completion,0-7,0-7,1,rp2040_b,24,0.0017642070416666667,0.001867333,0.00023562475000000007,0.0020431120999999997,0.0020753771,0.00218765,0.054334749999999994,0.056975,0.010255750000000001,0.0628642,0.0630623,0.06675099999999999,31.60899225341628,29.661862470818008,5.002857344046728,35.47978052438587,35.940120878725565,66.30654721402438
ACBBA,medium,bounded_b4_w5,full_allocation_solve,task_completion,0-7,0-7,2-3,rp2040_b,16,0.0018732313125,0.0018104475,0.00047382749999999997,0.0021879689999999997,0.0022382584999999997,0.002358683,0.0542708125,0.0574815,0.01207175,0.06444949999999999,0.06457625,0.064949,29.09380799532686,28.278836813435102,3.3311882548069995,35.235025029134704,35.88085662821426,36.72883253475486
ACBBA,medium,bounded_b4_w5,full_allocation_solve,task_completion,8-15,8-15,1,rp2040_b,27,0.0033642834074074073,0.003310529,0.0007385215,0.0040079198,0.0042145012,0.004451822,0.10684714814814816,0.103535,0.0321925,0.14100780000000002,0.1411762,0.14178000000000002,32.318047766316425,30.42333464989572,6.508573276325805,41.95181898688586,43.97215016917292,58.26748573127479
ACBBA,medium,bounded_b4_w5,full_allocation_solve,task_completion,8-15,8-15,2-3,rp2040_b,10,0.0029373806,0.0029153795,0.0005501395,0.0033582346999999997,0.0038665668499999984,0.004374899,0.0932593,0.090894,0.007589999999999986,0.10294800000000001,0.103839,0.10473,32.63311229079821,32.35421407145854,7.560649044248901,39.87328702981978,40.434596725836705,40.99590642185364
ACBBA,medium,bounded_b4_w5,partial_bundle_refill,batch_threshold,0-7,0-7,4,rp2040_b,3,0.002072094,0.002057386,0.00011876699999999966,0.0021700492,0.0021841320999999997,0.002198215,0.056045333333333336,0.056441,0.0013564999999999966,0.057051399999999995,0.0571277,0.057204,27.090640162347068,27.7918743538597,1.0641906298181851,27.80174582789909,27.802979762154013,27.804213696408937
ACBBA,medium,bounded_b4_w5,partial_bundle_refill,initial_allocation,8-15,8-15,5-8,rp2040_b,12,0.00258029225,0.0026582130000000004,0.00023085225000000044,0.0028855556000000004,0.003013557,0.003162838,0.069973,0.070843,0.0034992499999999815,0.07330009999999999,0.07379435,0.074203,29.067081566002738,26.8916713420059,2.852255235927135,28.74597049135797,44.53485940373276,63.82152956389524
ACBBA,medium,bounded_b4_w5,partial_bundle_refill,invalid_goal,0-7,0-7,0,rp2040_b,1,0.001135736,0.001135736,0.0,0.001135736,0.001135736,0.001135736,0.032716,0.032716,0.0,0.032716,0.032716,0.032716,28.805990124465545,28.805990124465545,0.0,28.805990124465545,28.805990124465545,28.805990124465545
ACBBA,medium,bounded_b4_w5,partial_bundle_refill,task_completion,0-7,0-7,0,rp2040_b,46,0.001577984652173913,0.0015451969999999999,0.0004160374999999999,0.00202892,0.002232187,0.002678574,0.03685860869565217,0.0354655,0.019531999999999997,0.049298,0.05503825,0.063206,23.504571456466767,23.365020508868014,6.106591574038681,27.73207183352192,29.079545678480027,57.46834602023577
ACBBA,medium,bounded_b4_w5,partial_bundle_refill,task_completion,0-7,0-7,1,rp2040_b,8,0.001934195625,0.0019297375,0.00023076200000000024,0.0021224818,0.0021614459,0.00220041,0.05105225,0.055446999999999996,0.011139999999999997,0.057171599999999996,0.0573123,0.057453,26.37246590344304,26.047673390942357,5.075196366430916,30.231488275103843,30.855421010229104,31.479353745354366
ACBBA,medium,bounded_b4_w5,partial_bundle_refill,task_completion,0-7,0-7,2-3,rp2040_b,15,0.0017308891999999998,0.001718098,0.000245145,0.0019786728,0.0020061127,0.002036415,0.04446593333333334,0.04105,0.009520500000000001,0.0552968,0.0557902,0.056024,25.608746467447336,25.360404607643495,4.249654078951078,28.31759778814124,28.83195254941593,29.707020439928556
ACBBA,medium,bounded_b4_w5,partial_bundle_refill,task_completion,8-15,8-15,0,rp2040_b,28,0.0026289332857142855,0.002721752,0.0006301092500000001,0.0032084761,0.003704362149999999,0.004122463,0.07713903571428571,0.07425799999999999,0.020538,0.0933431,0.12572829999999993,0.14383,29.767276479009933,27.99619012643531,3.6056472039068126,35.19476032718884,41.079827605872275,55.21484786255455
ACBBA,medium,bounded_b4_w5,partial_bundle_refill,task_completion,8-15,8-15,1,rp2040_b,9,0.002755479,0.002708485,0.00021452700000000038,0.0032312704,0.0033388012,0.003446332,0.08637800000000001,0.079185,0.007507,0.1295096,0.1303308,0.131152,30.83340029814499,29.2359012510684,0.721360278837686,38.22289176606902,39.74902159101923,41.27515141596944
ACBBA,medium,bounded_b4_w5,partial_bundle_refill,task_completion,8-15,8-15,2-3,rp2040_b,7,0.002937083,0.003172185,0.0010067335000000003,0.0035611830000000003,0.0036372509999999998,0.003713319,0.07797128571428572,0.078326,0.028387999999999997,0.095367,0.0954045,0.095442,26.460355491381538,26.2112496925098,2.8111940902372723,28.36635809433346,28.52679289216209,28.687227689990713
ACBBA,medium,count_b4,candidate_filter_only,batch_threshold,8-15,8-15,4,rp2040_c,3,0.001275712,0.001316085,6.263950000000014e-05,0.001317749,0.001317957,0.001318165,0.033507666666666665,0.033569,0.00037299999999999833,0.0337938,0.0338219,0.03385,26.32497294496453,25.720223237860775,1.5136480720026597,27.656841343987406,27.898918607253236,28.140995870519063
ACBBA,medium,count_b4,candidate_filter_only,final_release_flush,0-7,0-7,1,rp2040_c,1,0.000912882,0.000912882,0.0,0.000912882,0.000912882,0.000912882,0.017751,0.017751,0.0,0.017751,0.017751,0.017751,19.445010417556706,19.445010417556706,0.0,19.445010417556706,19.445010417556706,19.445010417556706
ACBBA,medium,count_b4,candidate_filter_only,task_completion,0-7,0-7,0,rp2040_a,477,0.0011712191740041928,0.001110265,0.0002067149999999999,0.0014910804000000004,0.0016370657999999997,0.002028567,0.020760557651991616,0.019521,0.0037540000000000004,0.0262192,0.0279828,0.037872,18.335500059599337,17.728292654206708,2.6748168383334843,21.519924921379502,23.23605976223425,48.60175993486362
ACBBA,medium,count_b4,candidate_filter_only,task_completion,0-7,0-7,0,rp2040_b,206,0.0012049117718446602,0.001181817,0.00021951075000000006,0.001466871,0.0015027865,0.001827408,0.021980320388349513,0.0213645,0.007935499999999998,0.0289395,0.02986675,0.035073,18.629365707870633,17.63659343403471,3.5326791922779446,21.058753901025707,24.063853319827867,52.546523861264895
ACBBA,medium,count_b4,candidate_filter_only,task_completion,0-7,0-7,0,rp2040_c,125,0.001074822256,0.001092012,0.0001418229999999999,0.0012592526,0.0013822924,0.00159727,0.021172352,0.01987,0.005589,0.0281402,0.0313342,0.036558,20.93126508180388,17.760627751344746,4.437076078639361,25.31371931238985,44.196367649776896,58.41008889364892
ACBBA,medium,count_b4,candidate_filter_only,task_completion,0-7,0-7,1,rp2040_a,16,0.00119354825,0.0011253005,0.00012440075000000003,0.0015026115,0.0015995445,0.001800567,0.02424425,0.023449499999999998,0.005302499999999998,0.0278145,0.03068525,0.036602,20.50459796744858,20.046634538406607,3.882870180542426,23.81849359710682,24.95026443851569,25.239338555265448
ACBBA,medium,count_b4,candidate_filter_only,task_completion,0-7,0-7,1,rp2040_b,46,0.0012411111304347826,0.001310715,0.00015589024999999998,0.00137972,0.00138247425,0.001385357,0.023602586956521742,0.02373,0.00318825,0.026164,0.0266565,0.028606,19.76396017765773,18.417641717520482,1.7337479210785212,21.494224498707894,22.57199287736256,49.71660751481776
ACBBA,medium,count_b4,candidate_filter_only,task_completion,0-7,0-7,1,rp2040_c,3,0.0011766243333333334,0.001057875,0.0002444820000000003,0.0013959598,0.0014382204,0.001480481,0.02118666666666667,0.01763,0.006638999999999999,0.0272092,0.028406599999999997,0.029604,17.73662133249783,17.780834821793274,2.281689348573252,19.553130113497346,19.774667024960355,19.996203936423363
ACBBA,medium,count_b4,candidate_filter_only,task_completion,0-7,0-7,2-3,rp2040_a,5,0.001105087,0.001109477,9.126100000000003e-05,0.0011526376,0.0011535208,0.001154404,0.0236614,0.023681,0.0006670000000000009,0.0244076,0.0244568,0.024506,21.42286297487559,21.264974397846913,0.2779257312091161,22.019425741771528,22.255971795564655,22.49251784935778
ACBBA,medium,count_b4,candidate_filter_only,task_completion,0-7,0-7,2-3,rp2040_b,2,0.0012558735,0.0012558735,4.8604500000000005e-05,0.0012947571,0.00129961755,0.001304478,0.023535,0.023535,0.0006519999999999998,0.0240566,0.0241218,0.024187,18.78817857873486,18.78817857873486,1.2462959252903403,19.785215318967133,19.90984491149617,20.0344745040252
ACBBA,medium,count_b4,candidate_filter_only,task_completion,8-15,8-15,0,rp2040_a,28,0.0012799786071428572,0.0012278204999999999,0.00042024774999999993,0.0015672325000000002,0.0018727232999999999,0.002216207,0.022340107142857144,0.018783,0.0058207499999999995,0.0315956,0.03634769999999999,0.040597,17.61484137042599,17.562992991915586,4.263890874184883,21.21963770515104,24.10632177066578,25.8006487922232
ACBBA,medium,count_b4,candidate_filter_only,task_completion,8-15,8-15,0,rp2040_b,12,0.0011922503333333333,0.001111884,0.00020533374999999986,0.0015426342000000003,0.0017630728999999997,0.001995603,0.023614833333333335,0.019297500000000002,0.0065015,0.0381568,0.04024195,0.042789,19.448484086785403,17.85470531545846,5.54847341328707,24.119052977912894,26.84969323734708,30.023140116117588
ACBBA,medium,count_b4,candidate_filter_only,task_completion,8-15,8-15,0,rp2040_c,10,0.0009532919000000001,0.0009780315,0.00012027575000000013,0.0010580734,0.0010797517,0.00110143,0.0196607,0.017958000000000002,0.00132525,0.022061399999999995,0.029056199999999983,0.036051,22.154204635345287,17.910719555130417,2.170708626451269,25.812839048785403,42.30283529967819,58.79283155057104
ACBBA,medium,count_b4,candidate_filter_only,task_completion,8-15,8-15,1,rp2040_a,6,0.0010279386666666667,0.001098746,0.00022162600000000016,0.0012792885000000001,0.00130562375,0.001331959,0.0192555,0.0191715,0.0012080000000000007,0.020312,0.020536,0.02076,21.528403440447846,17.41164356708631,5.67015096975604,32.55243919504936,38.118043520351065,43.683647845652764
ACBBA,medium,count_b4,candidate_filter_only,task_completion,8-15,8-15,1,rp2040_b,1,0.001620387,0.001620387,0.0,0.001620387,0.001620387,0.001620387,0.040212,0.040212,0.0,0.040212,0.040212,0.040212,24.81629388534961,24.81629388534961,0.0,24.81629388534961,24.81629388534961,24.81629388534961
ACBBA,medium,count_b4,candidate_filter_only,task_completion,8-15,8-15,1,rp2040_c,2,0.001021477,0.001021477,2.6023999999999926e-05,0.0010422962,0.0010448986,0.001047501,0.0178045,0.0178045,0.001176499999999997,0.0187457,0.01886335,0.018981,17.412110985655964,17.412110985655964,0.7081581119391736,17.9786374752073,18.049453286401217,18.120269097595134
ACBBA,medium,count_b4,candidate_filter_only,task_completion,8-15,8-15,2-3,rp2040_a,4,0.001075756,0.000997398,0.00011701950000000006,0.0012466319,0.0012971469499999998,0.001347662,0.02018725,0.020353000000000003,0.00276825,0.0220453,0.022175649999999998,0.022306,19.268679099224375,20.923904548551274,3.5218557721583075,21.982245087257162,22.023920213020556,22.06559533878395
ACBBA,medium,count_b4,candidate_filter_only,task_completion,8-15,8-15,2-3,rp2040_b,4,0.00114313675,0.00108344,0.00032683875,0.0013866585,0.00142330875,0.001459959,0.025821749999999997,0.026137,0.01065075,0.0314447,0.031491349999999994,0.031538,22.502134996916343,21.86373055814823,1.6663822271413125,24.619274574703404,25.153658135903555,25.68804169710371
ACBBA,medium,count_b4,candidate_filter_only,task_completion,8-15,8-15,2-3,rp2040_c,1,0.000449435,0.000449435,0.0,0.000449435,0.000449435,0.000449435,0.019025,0.019025,0.0,0.019025,0.019025,0.019025,42.330926607852085,42.330926607852085,0.0,42.330926607852085,42.330926607852085,42.330926607852085
ACBBA,medium,count_b4,full_allocation_solve,batch_threshold,0-7,0-7,4,rp2040_a,12,0.0020754440833333334,0.0020711565,0.0005978792500000002,0.0027493518,0.0027869729,0.002818302,0.062239916666666666,0.06472900000000001,0.0092135,0.0668521,0.06710274999999999,0.067408,32.166558510810624,29.14665672487913,6.103540987351128,40.034246868024844,50.511284083699934,62.65080899829007
ACBBA,medium,count_b4,full_allocation_solve,batch_threshold,8-15,8-15,4,rp2040_a,8,0.003940038125,0.004284654,0.0009371270000000003,0.0045210332,0.0045269916,0.00453295,0.12794375,0.127928,0.04438874999999998,0.1506073,0.15096815,0.151329,33.32931217401528,33.20399172556792,8.159351789589309,43.34330793049834,44.565007547224816,45.7867071639513
ACBBA,medium,count_b4,full_allocation_solve,batch_threshold,8-15,8-15,4,rp2040_b,12,0.003058913083333333,0.002913142,0.0006716350000000003,0.0038598902,0.00405298095,0.004222486,0.08834583333333333,0.08788800000000001,0.0256565,0.10455339999999999,0.1046366,0.104707,29.271763096362424,27.955504251810403,4.360030730486688,34.95457278925376,36.554115125503806,37.970639098658886
ACBBA,medium,count_b4,full_allocation_solve,batch_threshold,8-15,8-15,4,rp2040_c,8,0.003140826,0.0029155165,0.000773447,0.003855209,0.003998296,0.004141383,0.0983385,0.0932675,0.02440450000000001,0.1180894,0.1316162,0.145143,31.571762818627406,29.48175268083608,7.497848378999702,37.290068392422754,39.09158069740822,40.89309300239369
ACBBA,medium,count_b4,full_allocation_solve,final_release_flush,0-7,0-7,1,rp2040_a,4,0.0022182885,0.002108338,0.0002985395000000002,0.0025781874,0.0026667222,0.002755257,0.0589745,0.0586135,0.0019290000000000002,0.060798,0.0611445,0.061491,27.166648152810062,27.628164871685463,4.644960697527683,31.293694529521677,31.8182970856917,32.34289964186173
ACBBA,medium,count_b4,full_allocation_solve,final_release_flush,0-7,0-7,1,rp2040_c,3,0.0018525369999999998,0.001918596,0.0002426345,0.0020334328,0.0020477874,0.002062142,0.06555500000000002,0.06532700000000001,0.0025600000000000067,0.06764860000000002,0.06793880000000001,0.06822900000000001,35.719153483226115,34.04937777416403,3.4675710558851947,38.82716546974669,39.42438893169452,40.02161239364236
ACBBA,medium,count_b4,full_allocation_solve,final_release_flush,8-15,8-15,1,rp2040_b,4,0.00261160275,0.0025905104999999996,4.827625000000018e-05,0.0026751263,0.00269177015,0.002708414,0.07655,0.076166,0.0036074999999999996,0.0801089,0.08075795,0.081407,29.324718583418495,29.086642672444665,2.0112685473317633,30.889163577075074,31.115113135567608,31.341062694060145
ACBBA,medium,count_b4,full_allocation_solve,final_release_flush,8-15,8-15,2-3,rp2040_a,4,0.00262276075,0.0026563685,0.00076750825,0.0030380207,0.00304292135,0.003047822,0.07360025,0.07407949999999999,0.0031257499999999966,0.07567770000000001,0.07576935000000001,0.07586100000000001,28.905821773915378,28.336719505152708,9.6888092927883,34.75071124605778,35.17905656610098,35.60740188614418
ACBBA,medium,count_b4,full_allocation_solve,invalid_goal,0-7,0-7,2-3,rp2040_c,4,0.00212790625,0.0021886575,0.00031022324999999996,0.0023286584,0.0023337467,0.002338835,0.059737,0.061721,0.0047235000000000055,0.0642693,0.06466215,0.065055,28.114036117212457,28.161731831248833,0.7796404560510588,29.073485017706812,29.25541195619036,29.437338894673907
ACBBA,medium,count_b4,full_allocation_solve,task_completion,0-7,0-7,1,rp2040_a,30,0.0019020265666666665,0.0019644824999999998,0.0004551932500000003,0.0022745918999999997,0.0023700834499999998,0.002725694,0.0526489,0.056653,0.018435499999999994,0.06682890000000001,0.0669257,0.06863100000000001,27.643421786788128,28.050993840753428,3.050848569527414,30.98206457224022,31.680911560759444,37.18842073423478
ACBBA,medium,count_b4,full_allocation_solve,task_completion,0-7,0-7,1,rp2040_b,20,0.00179975585,0.001835787,0.0004634069999999999,0.0023601994,0.00237017065,0.002391634,0.05053935,0.0507375,0.01475,0.0652774,0.06549630000000001,0.066509,28.641352439834925,27.490846517229908,4.033683590957661,32.94962321040752,35.71749854547258,51.76753024909256
ACBBA,medium,count_b4,full_allocation_solve,task_completion,0-7,0-7,1,rp2040_c,18,0.0021018795,0.002092188,0.00030319375000000025,0.0023873579,0.0024388295999999993,0.002658337,0.05916944444444445,0.0582675,0.002522500000000004,0.06745949999999999,0.06857595,0.06924999999999999,28.497268475217084,27.644553314149825,3.2490598020286434,33.660085927492055,34.96253558895022,37.23589076207683
ACBBA,medium,count_b4,full_allocation_solve,task_completion,0-7,0-7,2-3,rp2040_a,10,0.0019347547,0.0017847565,0.00106541,0.002787053,0.0028623155,0.002937578,0.0501711,0.0492485,0.023573499999999997,0.0660242,0.06668210000000001,0.06734000000000001,26.414358638889553,24.834613053325594,3.8673903638186005,31.940211736369786,33.00772805593748,34.075244375505164
ACBBA,medium,count_b4,full_allocation_solve,task_completion,0-7,0-7,2-3,rp2040_b,17,0.0019786602352941177,0.001942386,0.0004941310000000003,0.002373703,0.0024128204,0.002503578,0.053068647058823526,0.051494,0.009303000000000006,0.0641664,0.065215,0.065435,27.078312685625665,25.915273502050947,4.188939365599616,33.423390520711,34.34012261942533,35.78933723815728
ACBBA,medium,count_b4,full_allocation_solve,task_completion,0-7,0-7,2-3,rp2040_c,17,0.002100706882352941,0.002240238,0.0005569260000000001,0.002577534,0.0025955725999999998,0.002608579,0.06401635294117647,0.065457,0.003027000000000002,0.067888,0.069368,0.071184,31.720669776777154,28.882778447475157,5.859239471278414,38.70809289428856,44.900725973675996,59.37323800340972
ACBBA,medium,count_b4,full_allocation_solve,task_completion,8-15,8-15,1,rp2040_a,60,0.003452126083333333,0.0034430075,0.0009399992499999998,0.0043315651,0.0046015566999999995,0.00551516,0.10682753333333334,0.102256,0.05087599999999999,0.1491647,0.1520294,0.158032,31.292983052985683,29.431184301357337,7.919361815266242,40.42891825718489,44.0289561271271,54.42752605370404
ACBBA,medium,count_b4,full_allocation_solve,task_completion,8-15,8-15,1,rp2040_b,10,0.0025439438,0.002556535,0.00034683200000000004,0.0028505521999999998,0.0028549856,0.002859419,0.0776116,0.0776485,0.006074999999999997,0.0833754,0.0835167,0.083658,30.708093450748304,30.262365973433972,3.497452178948521,33.935920690396514,35.0829961449376,36.2300715994787
ACBBA,medium,count_b4,full_allocation_solve,task_completion,8-15,8-15,1,rp2040_c,14,0.002558445214285714,0.0025366105,0.0008691947500000003,0.0038857138000000005,0.0041317638,0.00421103,0.08740457142857143,0.08070749999999999,0.02293225,0.1059535,0.11457605,0.130464,37.82319660905586,33.30898403010046,14.868775635075721,58.161594188538785,65.10337484679904,66.53755204479843
ACBBA,medium,count_b4,full_allocation_solve,task_completion,8-15,8-15,2-3,rp2040_a,52,0.003121572153846154,0.002913792,0.0010228374999999997,0.004530803599999999,0.0050344696,0.005427771,0.09695740384615384,0.08966650000000001,0.015808250000000024,0.1510858,0.1560631,0.158143,31.83024953151572,31.011179168104483,8.129048689481781,40.32656033539594,43.361742775487905,47.41701836114396
ACBBA,medium,count_b4,full_allocation_solve,task_completion,8-15,8-15,2-3,rp2040_b,19,0.0026158514210526313,0.002504725,0.0005322619999999999,0.003165824399999999,0.0039643935,0.004008885,0.09008936842105263,0.07826799999999999,0.018403000000000017,0.1422874,0.1448684,0.145223,34.821926356490536,33.150767205526876,9.700659709684409,47.31808075911499,50.008830753875344,52.61297536549252
ACBBA,medium,count_b4,full_allocation_solve,task_completion,8-15,8-15,2-3,rp2040_c,18,0.0027642822222222222,0.0026374579999999996,0.00044070424999999996,0.0033276918000000005,0.003832138899999999,0.004327864,0.08788383333333333,0.078041,0.007596499999999992,0.140427,0.14713085,0.150649,31.739081152070355,29.908523112142944,3.2767838944570045,38.27295674164558,40.5921430043245,48.90556634417671
ACBBA,medium,count_b4,partial_bundle_refill,batch_threshold,0-7,0-7,4,rp2040_a,6,0.002162954,0.0021190920000000004,0.00036374325,0.0024736660000000002,0.002482698,0.00249173,0.06096883333333333,0.0615105,0.0034400000000000056,0.06353049999999999,0.06409424999999999,0.064658,28.48682880730907,28.06866908996782,3.057459586253909,31.798699366679536,32.81084284349788,33.82298632031622
ACBBA,medium,count_b4,partial_bundle_refill,batch_threshold,8-15,8-15,4,rp2040_b,1,0.001632552,0.001632552,0.0,0.001632552,0.001632552,0.001632552,0.04135,0.04135,0.0,0.04135,0.04135,0.04135,25.328442830611213,25.328442830611213,0.0,25.328442830611213,25.328442830611213,25.328442830611213
ACBBA,medium,count_b4,partial_bundle_refill,final_release_flush,0-7,0-7,1,rp2040_a,3,0.0017639106666666668,0.001456555,0.0005206804999999999,0.0022419262,0.0023400975999999995,0.002438269,0.04549166666666667,0.041117,0.007300000000000001,0.0522066,0.053592799999999996,0.054979,26.56109823412844,28.228937458592362,3.1788051651532,28.770574521358217,28.83827915420395,28.90598378704968
ACBBA,medium,count_b4,partial_bundle_refill,final_release_flush,0-7,0-7,1,rp2040_c,4,0.00169254125,0.001795555,0.0008050997500000001,0.0021892364,0.0022034492,0.002217662,0.0592375,0.064051,0.006581499999999997,0.065376,0.065523,0.06567,38.8678931121419,30.17137687811817,10.340889905337818,55.451106896453076,60.70478254600444,65.95845819555582
ACBBA,medium,count_b4,partial_bundle_refill,final_release_flush,8-15,8-15,2-3,rp2040_a,1,0.002201555,0.002201555,0.0,0.002201555,0.002201555,0.002201555,0.070072,0.070072,0.0,0.070072,0.070072,0.070072,31.82841219047446,31.82841219047446,0.0,31.82841219047446,31.82841219047446,31.82841219047446
ACBBA,medium,count_b4,partial_bundle_refill,initial_allocation,8-15,8-15,5-8,rp2040_a,20,0.0026392322,0.002820585,0.00040153450000000044,0.0028978324,0.00291019,0.00307549,0.06950685,0.0702,0.0031525000000000025,0.0724032,0.07326815,0.074278,27.960896844401624,25.298928716614732,4.517652962750105,30.78094589023277,33.85705828818771,70.59855229419166
ACBBA,medium,count_b4,partial_bundle_refill,initial_allocation,8-15,8-15,5-8,rp2040_b,10,0.002611337,0.0026233569999999998,0.0004094007499999999,0.0029173702,0.0029825806,0.003047791,0.06902620000000001,0.0689475,0.003223500000000004,0.0718888,0.0720589,0.072229,26.82340287322709,26.709106430438087,5.020558395257737,31.996610796210298,32.38043352727438,32.76425625833846
ACBBA,medium,count_b4,partial_bundle_refill,initial_allocation,8-15,8-15,5-8,rp2040_c,12,0.0025586505,0.0025674595,0.00042320875000000004,0.0029046109999999997,0.0029347286,0.002970626,0.06905416666666667,0.069662,0.003165750000000009,0.07113230000000001,0.0726451,0.074437,27.408464622266155,26.552156588171684,5.479127453045287,32.72888380678428,33.64883752171065,34.55009269118195
ACBBA,medium,count_b4,partial_bundle_refill,invalid_goal,0-7,0-7,0,rp2040_c,1,0.002369361,0.002369361,0.0,0.002369361,0.002369361,0.002369361,0.056264,0.056264,0.0,0.056264,0.056264,0.056264,23.746486922001335,23.746486922001335,0.0,23.746486922001335,23.746486922001335,23.746486922001335
ACBBA,medium,count_b4,partial_bundle_refill,invalid_goal,8-15,8-15,0,rp2040_a,1,0.00354919,0.00354919,0.0,0.00354919,0.00354919,0.00354919,0.079485,0.079485,0.0,0.079485,0.079485,0.079485,22.39525074735362,22.39525074735362,0.0,22.39525074735362,22.39525074735362,22.39525074735362
ACBBA,medium,count_b4,partial_bundle_refill,task_completion,0-7,0-7,0,rp2040_a,79,0.0017355838481012658,0.0017829,0.0007042674999999999,0.0024630186,0.002618967,0.003056206,0.03989535443037975,0.038864,0.019769000000000002,0.056332400000000005,0.0625177,0.068683,23.999581015597997,22.818082342226997,5.629695847740976,29.39032106292547,35.95277652707388,67.24509852066294
ACBBA,medium,count_b4,partial_bundle_refill,task_completion,0-7,0-7,0,rp2040_b,42,0.0018594511428571428,0.0018488465,0.0005446824999999998,0.0023814225,0.0025271646,0.002750881,0.043143666666666664,0.041876,0.021531250000000002,0.0618091,0.06387305,0.065217,22.853221933248108,22.867584087829133,4.510465954816443,26.727741760174705,27.739189081486884,35.155287157998515
ACBBA,medium,count_b4,partial_bundle_refill,task_completion,0-7,0-7,0,rp2040_c,59,0.001840964694915254,0.001888582,0.0004931374999999998,0.0022302734,0.0022574277,0.002362347,0.047184135593220336,0.048026,0.016321999999999996,0.061253,0.06353500000000001,0.065801,25.73470176418093,25.136328621698745,4.490906857942939,30.696369668166472,32.79696663063069,61.13631453877728
ACBBA,medium,count_b4,partial_bundle_refill,task_completion,0-7,0-7,1,rp2040_a,9,0.0018330291111111109,0.001805607,0.0003160020000000001,0.002173903,0.0022919769999999997,0.002410051,0.04182011111111111,0.036485,0.028496999999999998,0.0581442,0.0604706,0.062797,22.437708296557812,22.7768203466795,6.37910754037544,28.22605894356548,28.7440126798614,29.261966416157318
ACBBA,medium,count_b4,partial_bundle_refill,task_completion,0-7,0-7,1,rp2040_b,8,0.00158013775,0.0016319535,0.0004121114999999999,0.0020359047,0.00205105585,0.002066207,0.04214825,0.038885,0.006432999999999994,0.056542699999999994,0.05981834999999999,0.063094,28.659523529258376,24.472278892980462,5.75894647608547,39.86849750595121,50.20456777778522,60.54063804961926
ACBBA,medium,count_b4,partial_bundle_refill,task_completion,0-7,0-7,1,rp2040_c,2,0.00203313,0.00203313,4.117600000000041e-05,0.0020660708,0.0020701884000000003,0.002074306,0.054792499999999994,0.054792499999999994,0.00015649999999999692,0.0549177,0.05493335,0.054949,26.96244410182032,26.96244410182032,0.6230322696219872,27.46086991751791,27.523173144480108,27.585476371442308
ACBBA,medium,count_b4,partial_bundle_refill,task_completion,0-7,0-7,2-3,rp2040_a,5,0.0018905654,0.001886994,5.375900000000001e-05,0.0019808546,0.0020014748,0.002022095,0.039793,0.039676,0.00031599999999999684,0.0409458,0.0413424,0.041739,21.066353832873805,21.068429470363977,0.6298509056808115,21.58740171724214,21.6927641768536,21.79812663646506
ACBBA,medium,count_b4,partial_bundle_refill,task_completion,0-7,0-7,2-3,rp2040_b,1,0.002000713,0.002000713,0.0,0.002000713,0.002000713,0.002000713,0.048611,0.048611,0.0,0.048611,0.048611,0.048611,24.296838177189834,24.296838177189834,0.0,24.296838177189834,24.296838177189834,24.296838177189834
ACBBA,medium,count_b4,partial_bundle_refill,task_completion,0-7,0-7,2-3,rp2040_c,9,0.0019091333333333335,0.001931078,0.00017475,0.0022469418,0.0022748214,0.002302701,0.055253222222222224,0.055622,0.0022119999999999987,0.0634626,0.0637218,0.063981,29.031325157220838,29.341112242224312,1.083977863760424,29.978368101471972,30.390995652656937,30.8036232038419
ACBBA,medium,count_b4,partial_bundle_refill,task_completion,8-15,8-15,0,rp2040_a,63,0.0027574141904761905,0.002803665,0.0007642079999999997,0.0034827684000000004,0.0038774779,0.004461141,0.07834919047619048,0.077257,0.014791499999999999,0.09675840000000001,0.1381403,0.148547,28.681744464715248,27.458735053944118,4.227911885144664,35.20144474778261,36.92783888213424,50.18172081712916
ACBBA,medium,count_b4,partial_bundle_refill,task_completion,8-15,8-15,0,rp2040_b,33,0.0024990201212121213,0.002464331,0.0010172699999999998,0.0033972214,0.003452616,0.003493333,0.07618478787878788,0.071911,0.035277,0.11478200000000002,0.122194,0.134575,30.569344662929538,29.108141548397665,4.836392775432888,34.67423357650014,39.55095110816784,58.161172101772415
ACBBA,medium,count_b4,partial_bundle_refill,task_completion,8-15,8-15,0,rp2040_c,20,0.002695759,0.002762376,0.0007891690000000002,0.0032794000000000005,0.0034577203,0.003739078,0.07838490000000001,0.07791400000000001,0.0202745,0.0949886,0.09732285000000003,0.134047,30.000042663922425,28.244975315934752,3.244508940162355,34.02551000449573,43.13473124774706,64.52475774439692
ACBBA,medium,count_b4,partial_bundle_refill,task_completion,8-15,8-15,1,rp2040_a,19,0.002723989894736842,0.002670042,0.0004548075000000004,0.0031632379999999996,0.0035058674000000003,0.003508904,0.0793711052631579,0.077379,0.010325,0.09545839999999997,0.1280401,0.129949,28.992376774630646,27.557827596836667,6.4081517852998005,35.110348801279436,36.49361946694215,37.06971556369508
ACBBA,medium,count_b4,partial_bundle_refill,task_completion,8-15,8-15,1,rp2040_b,3,0.0026555896666666666,0.002674768,6.914449999999989e-05,0.0027070696,0.0027111073,0.002715145,0.07913533333333334,0.079723,0.001083500000000015,0.0798846,0.0799048,0.079925,29.82022416143066,29.80557566114145,1.1889305845347202,30.774298329116277,30.895388662613133,31.016478996109985
ACBBA,medium,count_b4,partial_bundle_refill,task_completion,8-15,8-15,1,rp2040_c,2,0.002861893,0.002861893,0.0006270800000000003,0.0033635569999999997,0.0034262649999999995,0.003488973,0.0843035,0.0843035,0.01847449999999999,0.0990831,0.10093055,0.102778,29.45705403962548,29.45705403962548,0.0008982001883524049,29.457772599776163,29.457862419795,29.457952239813835
ACBBA,medium,count_b4,partial_bundle_refill,task_completion,8-15,8-15,2-3,rp2040_a,11,0.003004379272727273,0.00301647,0.0007501345000000001,0.00355226,0.0037856405,0.004019021,0.07669518181818182,0.079171,0.008295499999999983,0.093442,0.094086,0.09473,25.65906154781236,26.188558149094803,4.471359563132729,29.043083588772255,29.794422664849765,30.545761740927276
ACBBA,medium,count_b4,partial_bundle_refill,task_completion,8-15,8-15,2-3,rp2040_b,5,0.0020766476,0.001959923,0.000973872,0.0026807024,0.0026919692,0.002703236,0.060042,0.0573,0.023007999999999994,0.0746298,0.07580239999999999,0.076975,29.756059102988917,27.924783177827052,2.774918091149612,36.1870315646759,38.555652972218724,40.92427437976155
ACBBA,medium,count_b4,partial_bundle_refill,task_completion,8-15,8-15,2-3,rp2040_c,2,0.003158822,0.003158822,0.0006615689999999999,0.0036880771999999997,0.0037542341,0.003820391,0.1076185,0.1076185,0.030462500000000003,0.1319885,0.13503475,0.138081,33.519754038483484,33.519754038483484,2.6234051303031762,35.61847814272602,35.880818655756336,36.14315916878665
ACBBA,medium,eager_b1,candidate_filter_only,invalid_goal,0-7,0-7,0,rp2040_a,5,0.0008007073999999999,0.000514547,0.000759745,0.001299305,0.001325925,0.001352545,0.024302,0.022899,0.0017809999999999979,0.028893000000000002,0.030765999999999998,0.032639,36.353910270661906,41.21100696340665,22.622860440120686,49.238390052821124,50.06638505483829,50.894380056855454
ACBBA,medium,eager_b1,candidate_filter_only,invalid_goal,8-15,8-15,0,rp2040_a,1,0.000927915,0.000927915,0.0,0.000927915,0.000927915,0.000927915,0.018248,0.018248,0.0,0.018248,0.018248,0.018248,19.665594370173995,19.665594370173995,0.0,19.665594370173995,19.665594370173995,19.665594370173995
ACBBA,medium,eager_b1,candidate_filter_only,task_arrival_eager,0-7,0-7,1,rp2040_a,35,0.0005717974285714286,0.000409206,0.0001312415,0.0010517740000000001,0.001180893099999999,0.001485847,0.019361657142857144,0.018427,0.0024129999999999985,0.0226436,0.02425629999999999,0.026677,40.7537778174955,45.525797037882505,9.379218722125422,52.76977960735712,55.1458652237477,56.215013722479476
ACBBA,medium,eager_b1,candidate_filter_only,task_arrival_eager,0-7,0-7,1,rp2040_b,13,0.001078306,0.001112756,0.000315018,0.0013078884,0.0013115182,0.001313848,0.021627153846153845,0.021432,0.0024370000000000017,0.0255334,0.0260242,0.026044,21.859706721442645,18.758386001580703,2.444173376827006,22.088484057970398,35.784275073450104,55.93194876455188
ACBBA,medium,eager_b1,candidate_filter_only,task_arrival_eager,0-7,0-7,1,rp2040_c,9,0.0010339936666666667,0.001017926,9.295399999999991e-05,0.0010943782,0.0010947666,0.001095155,0.018936222222222222,0.017973,0.0008900000000000019,0.020367200000000002,0.023493599999999996,0.02662,18.29749894612599,17.845073965528215,1.4296359156597163,20.00180137854224,22.165216745802745,24.328632113063254
ACBBA,medium,eager_b1,candidate_filter_only,task_arrival_eager,8-15,8-15,1,rp2040_a,33,0.0010164292424242425,0.001074202,0.00021629800000000008,0.0012643387999999999,0.0013877858,0.001485177,0.018199424242424243,0.018097,0.0015510000000000003,0.0198118,0.0199566,0.020182,20.017014350453408,16.9962452851411,3.2820430939634004,38.44257170682184,39.90870637997138,40.79992857780556
ACBBA,medium,eager_b1,candidate_filter_only,task_arrival_eager,8-15,8-15,1,rp2040_b,22,0.001131713909090909,0.0011193610000000001,0.0002022027500000001,0.0012770478000000002,0.00140406965,0.001450708,0.021099636363636362,0.0179075,0.0024467500000000045,0.03211,0.03419765,0.035168,18.469184300620142,17.294714892661723,4.469791181609393,24.714454835737946,24.781539389683704,28.147877073244377
ACBBA,medium,eager_b1,candidate_filter_only,task_arrival_eager,8-15,8-15,1,rp2040_c,18,0.0011122535555555557,0.0011212265,0.00012804575000000006,0.0011649956,0.0012453350499999993,0.001683091,0.019570555555555556,0.0183225,0.0014475000000000009,0.0200442,0.023560199999999976,0.039581,17.49267082312177,16.936277280750474,2.621499224522429,19.637971211115108,20.507013182089047,23.516850841695426
ACBBA,medium,eager_b1,candidate_filter_only,task_completion,0-7,0-7,0,rp2040_a,433,0.0009773009722863742,0.001032962,0.000515382,0.0014637732,0.0015499954,0.001788943,0.020118642032332566,0.018959,0.003953999999999999,0.024844,0.027953399999999996,0.037005,24.683403221077704,18.48397779730427,19.59842622271345,48.110830710279075,50.58854280116114,55.14818574105718
ACBBA,medium,eager_b1,candidate_filter_only,task_completion,0-7,0-7,0,rp2040_b,138,0.0011001921304347826,0.0011112885,0.00013961524999999992,0.0012789015,0.0013244996,0.001572783,0.020254253623188407,0.0192605,0.005337250000000002,0.0255597,0.028299950000000004,0.035978,19.130192308488418,17.353735607611288,3.454132325051667,22.06217073535912,38.57254629266966,51.06043990150842
ACBBA,medium,eager_b1,candidate_filter_only,task_completion,0-7,0-7,0,rp2040_c,503,0.0011216200775347911,0.001144419,0.00019692949999999994,0.001312355,0.0013499472999999999,0.001626661,0.021048188866799204,0.020932,0.0036489999999999995,0.0241826,0.026783199999999997,0.035489,19.684397840660658,17.887627568503817,2.035326257158747,21.345352853151734,41.69239446441787,53.78908650093824
ACBBA,medium,eager_b1,candidate_filter_only,task_completion,8-15,8-15,0,rp2040_a,62,0.0010639739032258066,0.001069131,0.0005929675,0.0015213326,0.0018248960499999995,0.002149568,0.02320209677419355,0.019487499999999998,0.0058560000000000036,0.037401,0.041027949999999994,0.046697,24.747120288088187,21.62588888122748,12.012377658546356,41.67432828205052,44.83808253014729,53.56776356297461
ACBBA,medium,eager_b1,candidate_filter_only,task_completion,8-15,8-15,0,rp2040_b,14,0.0009904500714285713,0.0010060099999999999,0.0001001957499999999,0.0010835732,0.0013381480499999997,0.001806397,0.020382571428571427,0.019097000000000003,0.001709249999999999,0.0211496,0.027854549999999995,0.03955,22.259145102377772,18.953596361701763,3.9703964369351894,35.161257631673266,41.20314451116851,42.01273614442174
ACBBA,medium,eager_b1,candidate_filter_only,task_completion,8-15,8-15,0,rp2040_c,17,0.001138197294117647,0.001129012,0.000162466,0.0016197468,0.0016635362,0.001701781,0.022402000000000002,0.01901,0.0019449999999999988,0.0389566,0.0403478,0.041931,20.15111618103499,17.968395086702934,3.9770624192886146,24.588864377491376,29.542073570957776,42.681211875308335
ACBBA,medium,eager_b1,full_allocation_solve,task_arrival_eager,0-7,0-7,1,rp2040_a,89,0.001372425393258427,0.000976047,0.001483452,0.0026541148000000002,0.002812131,0.003232953,0.05151531460674158,0.055229,0.021758,0.0667254,0.0683072,0.069949,47.46536359102766,55.29534096178436,37.00766323469297,67.00471093001951,68.39483492726359,73.93751406504454
ACBBA,medium,eager_b1,full_allocation_solve,task_arrival_eager,0-7,0-7,1,rp2040_b,85,0.0019867770470588233,0.002068234,0.0005407860000000001,0.0024799036,0.002564201,0.002771874,0.05222764705882353,0.051438,0.019083999999999997,0.06678200000000001,0.06807099999999999,0.07117499999999999,26.99749135321213,25.396597476302436,3.817853768280994,29.97664392725597,32.78159927510131,65.81115291727824
ACBBA,medium,eager_b1,full_allocation_solve,task_arrival_eager,0-7,0-7,1,rp2040_c,51,0.0022336259803921567,0.002237375,0.0004254709999999993,0.002637725,0.0026745874999999997,0.002706665,0.06123417647058823,0.064146,0.010434000000000013,0.069246,0.070165,0.071563,27.599212710521034,26.896446263281522,3.2391219333151895,31.392361867117756,33.00840059863439,39.51706746517256
ACBBA,medium,eager_b1,full_allocation_solve,task_arrival_eager,8-15,0-7,1,rp2040_a,1,0.002925986,0.002925986,0.0,0.002925986,0.002925986,0.002925986,0.064786,0.064786,0.0,0.064786,0.064786,0.064786,22.141596029509365,22.141596029509365,0.0,22.141596029509365,22.141596029509365,22.141596029509365
ACBBA,medium,eager_b1,full_allocation_solve,task_arrival_eager,8-15,8-15,1,rp2040_a,194,0.002661422551546392,0.0027735765,0.0018807349999999997,0.004111925700000001,0.004649870599999999,0.005196513,0.10105149484536083,0.089445,0.029002750000000008,0.14729140000000002,0.1501954,0.15578,45.021560044363156,32.97811057137832,40.97588341870372,73.50583063401855,85.38487370011023,88.88522087193347
ACBBA,medium,eager_b1,full_allocation_solve,task_arrival_eager,8-15,8-15,1,rp2040_b,64,0.002972268890625,0.0029799705,0.0006301747500000003,0.0038246161,0.00403415165,0.004727444,0.093353875,0.08412050000000001,0.013649250000000002,0.1401361,0.14935029999999996,0.153533,32.94014623909464,29.655425895660358,5.769926818352587,39.51613566852978,63.11127081287205,68.9349579805674
ACBBA,medium,eager_b1,full_allocation_solve,task_arrival_eager,8-15,8-15,1,rp2040_c,90,0.002757510677777778,0.0027396985000000002,0.0006153629999999998,0.0035243357000000006,0.0038769816999999996,0.004518494,0.08341462222222222,0.0796505,0.011762750000000002,0.1008602,0.1115747,0.140808,31.6285337636822,29.834446563092893,5.508095037267292,37.52690890402533,41.20398234349348,70.39353460479242
ACBBA,medium,eager_b1,full_allocation_solve,task_completion,8-15,8-15,0,rp2040_a,1,0.003408253,0.003408253,0.0,0.003408253,0.003408253,0.003408253,0.08106000000000001,0.08106000000000001,0.0,0.08106000000000001,0.08106000000000001,0.08106000000000001,23.783445653829105,23.783445653829105,0.0,23.783445653829105,23.783445653829105,23.783445653829105
ACBBA,medium,eager_b1,partial_bundle_refill,initial_allocation,8-15,8-15,5-8,rp2040_a,15,0.002198894733333333,0.002681102,0.001657037,0.0030404342,0.0031043182,0.003164171,0.06826233333333334,0.068793,0.001582,0.0701316,0.0709328,0.072624,37.6872683113449,26.115007933305037,28.67951127009471,66.30224143447546,67.45294497240405,68.1780399166162
ACBBA,medium,eager_b1,partial_bundle_refill,initial_allocation,8-15,8-15,5-8,rp2040_b,7,0.0027512781428571426,0.002842153,0.00021585449999999987,0.0029671884,0.0030226857,0.003078183,0.06884900000000001,0.069719,0.002457999999999988,0.071723,0.0726695,0.073616,25.21437637557537,24.939751321500257,2.897028921880196,28.140486034221915,28.66174561394267,29.183005193663433
ACBBA,medium,eager_b1,partial_bundle_refill,initial_allocation,8-15,8-15,5-8,rp2040_c,7,0.0026781975714285713,0.002715079,0.000209131,0.0028372074,0.0028555332,0.002873859,0.068457,0.06951,0.0016145000000000048,0.070673,0.07126099999999999,0.071849,25.672264626816347,25.21878737230114,2.3354280244446954,28.083596891246586,28.5038801614824,28.924163431718213
ACBBA,medium,eager_b1,partial_bundle_refill,invalid_goal,0-7,0-7,0,rp2040_a,2,0.001455818,0.001455818,5.499999999999993e-05,0.001499818,0.0015053179999999998,0.001510818,0.02735,0.02735,5.999999999999062e-06,0.0273548,0.0273554,0.027356,18.813697238727777,18.813697238727777,0.7148924852763336,19.385611226948846,19.45710047547648,19.528589724004114
ACBBA,medium,eager_b1,partial_bundle_refill,invalid_goal,0-7,0-7,0,rp2040_b,2,0.0025034675000000003,0.0025034675000000003,0.00014976049999999982,0.0026232759000000003,0.00263825195,0.002653228,0.064069,0.064069,0.0007520000000000027,0.06467060000000001,0.0647458,0.064821,25.702049878071257,25.702049878071257,1.8379115529819714,27.172379120456835,27.35617027575503,27.53996143105323
ACBBA,medium,eager_b1,partial_bundle_refill,invalid_goal,8-15,0-7,0,rp2040_c,1,0.002652947,0.002652947,0.0,0.002652947,0.002652947,0.002652947,0.064377,0.064377,0.0,0.064377,0.064377,0.064377,24.26622167725175,24.26622167725175,0.0,24.26622167725175,24.26622167725175,24.26622167725175
ACBBA,medium,eager_b1,partial_bundle_refill,invalid_goal,8-15,8-15,0,rp2040_a,1,0.003735694,0.003735694,0.0,0.003735694,0.003735694,0.003735694,0.081356,0.081356,0.0,0.081356,0.081356,0.081356,21.778015008723948,21.778015008723948,0.0,21.778015008723948,21.778015008723948,21.778015008723948
ACBBA,medium,eager_b1,partial_bundle_refill,invalid_goal,8-15,8-15,0,rp2040_c,1,0.00290361,0.00290361,0.0,0.00290361,0.00290361,0.00290361,0.070343,0.070343,0.0,0.070343,0.070343,0.070343,24.226049641652978,24.226049641652978,0.0,24.226049641652978,24.226049641652978,24.226049641652978
ACBBA,medium,eager_b1,partial_bundle_refill,task_arrival_eager,0-7,0-7,1,rp2040_a,27,0.0012393177037037036,0.001037518,0.0010629875,0.001991029,0.0020550504,0.002087828,0.04673633333333333,0.044004,0.018262999999999995,0.0622536,0.0649335,0.066519,44.036121701190325,51.517963460515965,30.437845672875724,61.60216912525042,64.85471993874567,68.1497548212277
ACBBA,medium,eager_b1,partial_bundle_refill,task_arrival_eager,0-7,0-7,1,rp2040_b,22,0.0017734618636363636,0.0018186245,0.0005285254999999999,0.0022574096,0.0022776066,0.002290708,0.04856504545454545,0.048778,0.02106650000000001,0.0626888,0.06406144999999999,0.06514,28.754545360835426,25.927047104026663,3.5763775693386286,28.85567063422261,59.18687187569347,63.37153942899623
ACBBA,medium,eager_b1,partial_bundle_refill,task_arrival_eager,0-7,0-7,1,rp2040_c,8,0.00198148425,0.002040597,0.00029297649999999987,0.0021959464,0.0022168477,0.002237749,0.05252475,0.055527,0.004319250000000004,0.0573421,0.05797455,0.058607,26.49136935873998,26.67610243636637,1.611099093868411,28.529650301924445,28.64975107607491,28.769851850225376
ACBBA,medium,eager_b1,partial_bundle_refill,task_arrival_eager,8-15,8-15,1,rp2040_a,39,0.0021623022051282053,0.002273681,0.0011486534999999999,0.0031647816,0.0032091113000000003,0.003826209,0.09221107692307692,0.080765,0.022022,0.1395846,0.1402166,0.14259,48.35261906475599,34.41970890769427,38.072167529713994,84.85315363454637,86.25732611416137,88.68385364537254
ACBBA,medium,eager_b1,partial_bundle_refill,task_arrival_eager,8-15,8-15,1,rp2040_b,9,0.002500959555555555,0.00265565,0.00012528900000000022,0.0028224926,0.0028859398,0.002949387,0.08000833333333333,0.080199,0.0017189999999999983,0.082905,0.084433,0.085961,34.12326662984467,30.31509979925862,3.9006024510752653,40.961371843981134,52.84540647802855,64.72944111207599
ACBBA,medium,eager_b1,partial_bundle_refill,task_arrival_eager,8-15,8-15,1,rp2040_c,15,0.0026181681999999998,0.002522539,0.0004767055000000002,0.0034923779999999995,0.003888343,0.003912234,0.07877593333333334,0.073269,0.012424000000000004,0.09121599999999999,0.10850429999999994,0.141475,30.12781935976126,30.604960469706164,2.989992056755945,33.68682846893197,34.98457319235128,36.48045539779232
ACBBA,medium,eager_b1,partial_bundle_refill,task_completion,0-7,0-7,0,rp2040_a,94,0.001343093085106383,0.0014174575,0.0009179342499999999,0.0020495242,0.0022868548499999993,0.002895547,0.0394225744680851,0.0363595,0.016607999999999998,0.0635621,0.0643256,0.066092,34.014854312172254,26.092845583301287,25.055909774685087,57.30185362138725,63.21216727727108,66.53170920419446
ACBBA,medium,eager_b1,partial_bundle_refill,task_completion,0-7,0-7,0,rp2040_b,51,0.0017557783529411764,0.001760179,0.0006220240000000001,0.002237589,0.0022618704999999998,0.002368973,0.044129019607843135,0.040865,0.02578,0.063731,0.06443750000000001,0.066593,24.829619193606586,24.150547754748526,6.21872388123246,29.929230842966337,31.124212962606308,59.31645289481006
ACBBA,medium,eager_b1,partial_bundle_refill,task_completion,0-7,0-7,0,rp2040_c,58,0.0018223740172413792,0.0018825514999999998,0.0006437534999999997,0.0023814792,0.0024568038499999997,0.002694865,0.04468165517241379,0.048055,0.029679249999999997,0.0637501,0.06507355000000001,0.066997,24.261087192309674,24.02456250075572,5.837937042753058,29.921045325951525,31.146335143984835,51.3644951309342
ACBBA,medium,eager_b1,partial_bundle_refill,task_completion,8-15,8-15,0,rp2040_a,77,0.0021649237142857144,0.002184978,0.0014853499999999999,0.0032270638000000003,0.0035688564,0.004438265,0.08009215584415584,0.074117,0.026717999999999992,0.132366,0.13517020000000002,0.146573,42.63678346250539,33.095796900627924,32.90945784961963,65.54870484260101,81.39512879251093,83.35047885405152
ACBBA,medium,eager_b1,partial_bundle_refill,task_completion,8-15,8-15,0,rp2040_b,41,0.002586787658536585,0.002491442,0.0007126419999999999,0.003253024,0.003512412,0.003821083,0.08052812195121951,0.073256,0.01484400000000001,0.122846,0.133711,0.145027,31.239626397330216,29.25081536974522,4.3285371461225814,36.694894793208015,40.34622017778892,62.68307126164518
ACBBA,medium,eager_b1,partial_bundle_refill,task_completion,8-15,8-15,0,rp2040_c,27,0.0022504432592592594,0.002290249,0.0006957484999999997,0.0028666726000000004,0.0031577834,0.003501358,0.06818903703703703,0.06732,0.025153499999999995,0.08538280000000001,0.11429219999999998,0.131262,31.501636093504416,29.394183776523867,8.005672820205778,45.462236291809816,54.11473203434399,55.975169113672294
CBAA,high,count_b4,cached_or_maintenance,final_release_flush,16-31,16-31,1,rp2040_a,1,0.000143576,0.000143576,0.0,0.000143576,0.000143576,0.000143576,0.017589,0.017589,0.0,0.017589,0.017589,0.017589,122.50654705521815,122.50654705521815,0.0,122.50654705521815,122.50654705521815,122.50654705521815
CBAA,high,count_b4,cached_or_maintenance,final_release_flush,32-50,32-50,1,rp2040_b,3,0.00013554533333333334,0.000136676,1.7920000000000262e-06,0.0001367528,0.00013676240000000002,0.000136772,0.018190666666666664,0.018303,0.0003564999999999992,0.018453400000000002,0.0184722,0.018491,134.197179620243,133.9152448125494,0.8576532859151769,134.93968921051385,135.0677447602594,135.19580031000496
CBAA,high,count_b4,cached_or_maintenance,final_release_flush,32-50,32-50,1,rp2040_c,2,0.00014137200000000001,0.00014137200000000001,5.375999999999997e-06,0.0001456728,0.0001462104,0.000146748,0.017383000000000003,0.017383000000000003,0.0003180000000000023,0.0176374,0.017669200000000003,0.017701,123.05168896765255,123.05168896765255,2.429942845047819,124.99564324369082,125.2386375281956,125.48163181270039
CBAA,high,count_b4,cached_or_maintenance,invalid_goal,0-7,0-7,0,rp2040_c,1,0.000372181,0.000372181,0.0,0.000372181,0.000372181,0.000372181,0.013329,0.013329,0.0,0.013329,0.013329,0.013329,35.8132199118171,35.8132199118171,0.0,35.8132199118171,35.8132199118171,35.8132199118171
CBAA,high,count_b4,cached_or_maintenance,invalid_goal,16-31,16-31,0,rp2040_a,2,0.0001349085,0.0001349085,1.7275000000000135e-06,0.00013629050000000002,0.00013646325,0.000136636,0.0162645,0.0162645,0.0006854999999999986,0.0168129,0.01688145,0.01695,120.51418579958698,120.51418579958698,3.5380405536434836,123.34461824250177,123.69842229786612,124.05222635323047
CBAA,high,count_b4,cached_or_maintenance,invalid_goal,16-31,16-31,0,rp2040_c,4,0.00022968925,0.00023591299999999998,6.769374999999998e-05,0.0002877296,0.00029475679999999997,0.000301784,0.01605075,0.015802999999999998,0.002660749999999998,0.0181235,0.018412249999999998,0.018701,77.45966621466339,65.92788122075274,37.055296608478116,113.39364573079584,121.11772030041206,128.8417948700283
CBAA,high,count_b4,cached_or_maintenance,invalid_goal,16-31,16-31,1,rp2040_c,2,0.00011202900000000001,0.00011202900000000001,3.4719000000000004e-05,0.0001398042,0.0001432761,0.000146748,0.0176565,0.0176565,0.0007625000000000028,0.0182665,0.01834275,0.018419,172.01865879244292,172.01865879244292,46.50417137183072,209.22199588990753,213.8724130270906,218.52283016427367
CBAA,high,count_b4,cached_or_maintenance,invalid_goal,32-50,32-50,1,rp2040_c,1,0.00013942,0.00013942,0.0,0.00013942,0.00013942,0.00013942,0.016283,0.016283,0.0,0.016283,0.016283,0.016283,116.79099124946205,116.79099124946205,0.0,116.79099124946205,116.79099124946205,116.79099124946205
CBAA,high,count_b4,cached_or_maintenance,task_completion,0-7,0-7,0,rp2040_a,7,0.00039636485714285714,0.000339856,3.503950000000001e-05,0.0005374206000000001,0.0006738242999999996,0.000810228,0.014743285714285714,0.014352,0.0013775000000000003,0.016067,0.016079,0.016091,41.47323900878352,43.373162607340404,3.6845584941123377,48.978074872740635,50.926842626993285,52.87561038124594
CBAA,high,count_b4,cached_or_maintenance,task_completion,0-7,0-7,0,rp2040_b,3,0.000343404,0.000341525,5.1804499999999975e-05,0.0003852234,0.00039068569999999996,0.000396148,0.015699,0.01527,0.0008465,0.016462,0.016611,0.01676,46.435313301034746,49.07400629529317,7.082201645429421,51.5733360185266,51.88575223393078,52.19816844933496
CBAA,high,count_b4,cached_or_maintenance,task_completion,0-7,0-7,0,rp2040_c,6,0.00032729733333333337,0.0003291425,1.1678999999999954e-05,0.0003349825,0.00033566275,0.000336343,0.014501166666666667,0.014294000000000001,0.001007000000000001,0.0157815,0.016066749999999998,0.016352,44.366464084301334,43.54095914875757,1.53521437151921,48.58116175549837,50.25940939009994,51.93765702470151
CBAA,high,count_b4,cached_or_maintenance,task_completion,0-7,8-15,0,rp2040_a,7,0.00028502085714285716,0.000298484,3.467149999999996e-05,0.0003345968,0.0003382349,0.000341873,0.015349285714285715,0.015563,0.0014674999999999966,0.0166456,0.016738299999999998,0.016831,60.16788569553561,48.610142351992145,2.365933562003505,83.20838206980544,106.50955746042209,129.8107328510389
CBAA,high,count_b4,cached_or_maintenance,task_completion,0-7,8-15,0,rp2040_b,3,0.0003255416666666667,0.000324923,6.623999999999996e-06,0.0003309646,0.0003317198,0.000332475,0.014425333333333332,0.014547,0.0014684999999999993,0.015575799999999999,0.0157044,0.015833,44.38547366321759,44.77060719001117,5.405028111941995,48.63246944741246,49.115202229587624,49.597935011762786
CBAA,high,count_b4,cached_or_maintenance,task_completion,16-31,16-31,0,rp2040_a,69,0.00020528285507246375,0.000205766,6.972399999999998e-05,0.00025997,0.0002844186,0.000589372,0.016326507246376812,0.016242,0.0018009999999999988,0.018396199999999998,0.019353799999999997,0.020766,90.25027887120156,80.56399943880652,43.282756627557646,128.51784338847068,139.74887995653148,314.65375393728556
CBAA,high,count_b4,cached_or_maintenance,task_completion,16-31,16-31,0,rp2040_b,27,0.00022195088888888887,0.000234689,6.930399999999999e-05,0.000284606,0.0002903269,0.000298847,0.01568148148148148,0.015316,0.0030190000000000026,0.0183536,0.0188463,0.020255,77.92034916151594,63.7152445432419,41.28685029461299,134.79142993578364,139.3603886599745,143.35590030055556
CBAA,high,count_b4,cached_or_maintenance,task_completion,16-31,16-31,0,rp2040_c,29,0.00020322162068965517,0.00019993,7.059200000000002e-05,0.0002647416,0.0002820208,0.000292087,0.01601796551724138,0.016146,0.0019429999999999985,0.0181708,0.019044799999999997,0.020882,83.27443696903296,84.71473414324394,39.45305505828847,109.94993598095316,113.15673257083425,117.82723210322274
CBAA,high,count_b4,cached_or_maintenance,task_completion,16-31,16-31,1,rp2040_a,16,0.0001436160625,0.000140076,1.1050499999999978e-05,0.00016306749999999998,0.00018038075,0.000215129,0.0177310625,0.017611,0.0012449999999999996,0.018826500000000003,0.01907,0.019472,125.49768034719582,127.81334928290273,14.680160056697588,141.61979644869353,147.22169148363147,149.64684030012464
CBAA,high,count_b4,cached_or_maintenance,task_completion,16-31,16-31,1,rp2040_b,6,0.00012601933333333335,0.0001326965,1.5152249999999997e-05,0.00014969,0.000153058,0.000156426,0.0171215,0.017042,0.0008029999999999982,0.0181815,0.01859825,0.019015,148.13532279478264,130.31131927469158,30.045913089421916,205.9863956252304,234.0134986923715,262.04060175951264
CBAA,high,count_b4,cached_or_maintenance,task_completion,16-31,16-31,1,rp2040_c,7,0.00012864471428571429,0.000131291,1.0719000000000017e-05,0.0001370834,0.0001374197,0.000137756,0.017818,0.017779,0.0007500000000000007,0.0186192,0.018677100000000002,0.018735,139.26876381766667,138.42788565626702,17.820095130319885,156.35147535348034,157.75332851260916,159.15518167173798
CBAA,high,count_b4,cached_or_maintenance,task_completion,16-31,16-31,2-3,rp2040_a,7,0.00014139842857142858,0.000139258,3.871699999999999e-05,0.0001852088,0.0001887119,0.000192215,0.017928,0.01778,0.001185000000000002,0.0192214,0.0193312,0.019441,152.17118898798907,122.97742220553849,27.739141626773858,231.16680218288684,299.8387628873943,368.51072359190215
CBAA,high,count_b4,cached_or_maintenance,task_completion,16-31,16-31,2-3,rp2040_c,5,0.0001403988,0.000135259,2.2464000000000007e-05,0.000160277,0.000163048,0.000165819,0.017568800000000002,0.017848,0.0015349999999999982,0.0188534,0.0190832,0.019313,127.41682755587922,122.94191144397048,32.62711444615809,153.11302251969968,157.39651393875016,161.68000535780064
CBAA,high,count_b4,cached_or_maintenance,task_completion,16-31,32-50,0,rp2040_a,2,0.000193943,0.000193943,2.1777000000000005e-05,0.0002113646,0.0002135423,0.00021572,0.0172205,0.0172205,0.0016185000000000019,0.018515300000000002,0.01867715,0.018839,88.97632044751725,88.97632044751725,1.6455212633896679,90.29273745822898,90.45728958456796,90.62184171090692
CBAA,high,count_b4,cached_or_maintenance,task_completion,16-31,32-50,0,rp2040_b,6,0.00020132033333333332,0.0002084505,2.1311749999999998e-05,0.000232163,0.0002348675,0.000237572,0.0158395,0.015932,0.0004447500000000007,0.016413999999999998,0.016521,0.016628,82.65567922236137,73.57351044995526,8.100336802890027,105.8140927657476,119.30166070475272,132.78922864375784
CBAA,high,count_b4,cached_or_maintenance,task_completion,16-31,32-50,0,rp2040_c,10,0.0001829865,0.00017994700000000002,1.439999999999997e-05,0.00020340189999999998,0.00022190544999999996,0.000240409,0.0170008,0.0169075,0.0017164999999999993,0.0182389,0.01827895,0.018319,95.2367768880704,94.06658768922992,6.798568429044735,103.9808937171353,120.54557154724002,137.1102493773448
CBAA,high,count_b4,cached_or_maintenance,task_completion,32-50,32-50,0,rp2040_a,6,0.00015550016666666667,0.000163255,3.0224749999999985e-05,0.0001856405,0.00019018475000000002,0.000194729,0.018037166666666667,0.017819500000000002,0.0011327500000000018,0.019344,0.0198155,0.020287,122.8210764304023,117.60198570930255,22.208586944073744,157.99445904843185,173.3005736925813,188.60668833673077
CBAA,high,count_b4,cached_or_maintenance,task_completion,32-50,32-50,0,rp2040_b,9,0.00017364322222222222,0.000180995,1.5519999999999987e-05,0.000195472,0.00019562600000000001,0.00019578,0.017448111111111112,0.017214,0.0018349999999999998,0.0186854,0.0188602,0.019035,102.36101236647666,102.40614381612751,20.945519110979077,119.25512263753646,126.65222800148871,134.04933336544096
CBAA,high,count_b4,cached_or_maintenance,task_completion,32-50,32-50,0,rp2040_c,4,0.00015133125,0.000155467,1.3463750000000001e-05,0.00016308299999999998,0.000164067,0.000165051,0.01871225,0.018844,0.001438250000000002,0.0198037,0.019905850000000003,0.020008,124.54777338806934,124.00247531063147,12.6020602777497,137.40596821248508,139.68257278723834,141.95917736199164
CBAA,high,count_b4,cached_or_maintenance,task_completion,32-50,32-50,2-3,rp2040_b,2,0.000140838,0.000140838,7.040000000000014e-06,0.00014647,0.000147174,0.000147878,0.017465,0.017465,0.00012300000000000158,0.0175634,0.0175757,0.017588,124.2745886170353,124.2745886170353,5.338709040627734,128.5455558495375,129.07942675360027,129.61329765766305
CBAA,high,count_b4,cached_or_maintenance,task_completion,32-50,32-50,2-3,rp2040_c,1,0.0001319,0.0001319,0.0,0.0001319,0.0001319,0.0001319,0.016171,0.016171,0.0,0.016171,0.016171,0.016171,122.60045489006824,122.60045489006824,0.0,122.60045489006824,122.60045489006824,122.60045489006824
CBAA,high,count_b4,cached_or_maintenance,task_completion,8-15,16-31,0,rp2040_a,14,0.00029091785714285715,0.000287217,2.3004500000000034e-05,0.0003285859,0.0003326176,0.000337984,0.014392142857142857,0.014411,0.0013130000000000017,0.015545900000000001,0.0165083,0.017729,49.827285321901584,50.79093188719557,7.5238235755364755,54.4497696052885,56.81562171864156,61.18490756174918
CBAA,high,count_b4,cached_or_maintenance,task_completion,8-15,16-31,0,rp2040_b,4,0.00026692575,0.0002802215,5.003074999999999e-05,0.00031811540000000003,0.0003246242,0.000331133,0.01497675,0.015059,0.0006912500000000009,0.0158468,0.0160079,0.016169,58.549702299216364,55.641166991169925,8.76375555389781,70.98926253209244,74.15991256874256,77.3305626053927
CBAA,high,count_b4,cached_or_maintenance,task_completion,8-15,16-31,0,rp2040_c,2,0.000274456,0.000274456,6.5280000000000026e-06,0.00027967840000000003,0.0002803312,0.000280984,0.016031,0.016031,0.001167999999999999,0.0169654,0.0170822,0.017199,58.5444346164233,58.5444346164233,5.64818429612037,63.062982053319594,63.627800482931626,64.19261891254367
CBAA,high,count_b4,cached_or_maintenance,task_completion,8-15,8-15,0,rp2040_a,16,0.0002751001875,0.000282026,2.5880499999999997e-05,0.000313445,0.00032593575,0.000333216,0.015268125,0.015337,0.0011375000000000014,0.016062,0.016151,0.016337,57.174215056946466,54.03906062533903,5.915000538192501,68.39067482901108,82.00197861690036,91.95423950170786
CBAA,high,count_b4,cached_or_maintenance,task_completion,8-15,8-15,0,rp2040_b,6,0.0002729135,0.00030002800000000004,1.376725000000001e-05,0.00030865250000000003,0.00030923675,0.000309821,0.015067166666666666,0.0149485,0.0011062499999999996,0.01612,0.016467,0.016814,62.67140162322979,49.70630156306983,5.883674869522707,92.37140159440605,112.21461937436506,132.05783715432406
CBAA,high,count_b4,cached_or_maintenance,task_completion,8-15,8-15,0,rp2040_c,7,0.00030664285714285716,0.000312471,1.891149999999999e-05,0.0003211302,0.0003214086,0.000321687,0.014274714285714285,0.014305,0.0010404999999999998,0.015152,0.0152585,0.015365,46.654838008317306,45.78024840705218,4.668582819759344,50.574442809108795,50.78210251693762,50.98976222476645
CBAA,high,count_b4,cached_or_maintenance,task_completion,8-15,8-15,1,rp2040_a,3,0.00012748466666666667,0.000119869,1.1999499999999986e-05,0.00013860739999999998,0.0001409497,0.000143292,0.017210666666666666,0.017162,0.00011300000000000199,0.017310799999999998,0.0173294,0.017348,136.01071375234687,142.8392661989338,12.827015649255486,144.90661578243387,145.16503448037136,145.42345317830888
CBAA,high,count_b4,cached_or_maintenance,task_completion,8-15,8-15,2-3,rp2040_a,1,0.000143481,0.000143481,0.0,0.000143481,0.000143481,0.000143481,0.018411,0.018411,0.0,0.018411,0.018411,0.018411,128.3166412277584,128.3166412277584,0.0,128.3166412277584,128.3166412277584,128.3166412277584
CBAA,high,count_b4,candidate_filter_only,batch_threshold,16-31,16-31,4,rp2040_a,2,0.0020326355000000003,0.0020326355000000003,0.00018193849999999972,0.0021781863,0.0021963801499999998,0.002214574,0.0461885,0.0461885,0.0069614999999999955,0.051757700000000004,0.05245385,0.05315,22.597949635873672,22.597949635873672,1.4021515122478192,23.719670845671928,23.859885996896708,24.00010114812149
CBAA,high,count_b4,candidate_filter_only,batch_threshold,16-31,16-31,4,rp2040_b,1,0.002394886,0.002394886,0.0,0.002394886,0.002394886,0.002394886,0.055311,0.055311,0.0,0.055311,0.055311,0.055311,23.09546258151745,23.09546258151745,0.0,23.09546258151745,23.09546258151745,23.09546258151745
CBAA,high,count_b4,candidate_filter_only,batch_threshold,32-50,32-50,4,rp2040_a,1,0.001238597,0.001238597,0.0,0.001238597,0.001238597,0.001238597,0.065863,0.065863,0.0,0.065863,0.065863,0.065863,53.175488072391595,53.175488072391595,0.0,53.175488072391595,53.175488072391595,53.175488072391595
CBAA,high,count_b4,candidate_filter_only,batch_threshold,8-15,8-15,4,rp2040_a,1,0.001435506,0.001435506,0.0,0.001435506,0.001435506,0.001435506,0.032459,0.032459,0.0,0.032459,0.032459,0.032459,22.611539067060676,22.611539067060676,0.0,22.611539067060676,22.611539067060676,22.611539067060676
CBAA,high,count_b4,candidate_filter_only,batch_threshold,8-15,8-15,4,rp2040_b,5,0.0013992848,0.001416519,5.246999999999891e-06,0.001452089,0.001463391,0.001474693,0.032477400000000003,0.032742,0.0008519999999999986,0.0334676,0.0336558,0.033844,23.289621548224996,23.087288452900648,1.5103484089963928,25.252714535509654,25.907962299726588,26.563210063943526
CBAA,high,count_b4,candidate_filter_only,batch_threshold,8-15,8-15,4,rp2040_c,2,0.0013961095000000001,0.0013961095000000001,1.6639500000000104e-05,0.0014094211000000001,0.00141108505,0.001412749,0.0322095,0.0322095,0.00042650000000000327,0.0325507,0.03259335,0.032636,23.07053426694841,23.07053426694841,0.03052614788818886,23.094955185258964,23.09800780004778,23.101060414836603
CBAA,high,count_b4,candidate_filter_only,final_release_flush,16-31,16-31,1,rp2040_a,1,0.002496413,0.002496413,0.0,0.002496413,0.002496413,0.002496413,0.0613,0.0613,0.0,0.0613,0.0613,0.0613,24.55523184665358,24.55523184665358,0.0,24.55523184665358,24.55523184665358,24.55523184665358
CBAA,high,count_b4,candidate_filter_only,initial_allocation,8-15,8-15,5-8,rp2040_a,12,0.0010979260833333334,0.001125376,0.0001364442500000002,0.0012330663,0.0012612626,0.001294784,0.024539666666666668,0.0251745,0.0015827500000000008,0.0263814,0.026825699999999997,0.027346,24.565056779289552,22.338713744243517,2.3327876099636526,24.51096689361345,40.81301857008515,60.69181849643732
CBAA,high,count_b4,candidate_filter_only,initial_allocation,8-15,8-15,5-8,rp2040_b,5,0.0011108348,0.001084564,9.76289999999999e-05,0.0011718884,0.0011741602000000001,0.001176432,0.0242164,0.0249,0.00179,0.0263022,0.0263356,0.026369,21.90445569327421,23.015836351105584,2.9933226604976113,24.485367899675488,24.594151567811146,24.702935235946804
CBAA,high,count_b4,candidate_filter_only,initial_allocation,8-15,8-15,5-8,rp2040_c,8,0.001120334,0.001115862,9.61489999999998e-05,0.0011811887000000001,0.00119121235,0.001201236,0.02576375,0.026070500000000003,0.0009429999999999994,0.028156599999999997,0.029357799999999996,0.030559,23.04800547203143,23.81888139938208,2.3024564769350278,25.428955233003933,25.43429287345397,25.43963051390401
CBAA,high,count_b4,candidate_filter_only,invalid_goal,0-7,0-7,0,rp2040_c,1,0.001133856,0.001133856,0.0,0.001133856,0.001133856,0.001133856,0.019273,0.019273,0.0,0.019273,0.019273,0.019273,16.997749273276323,16.997749273276323,0.0,16.997749273276323,16.997749273276323,16.997749273276323
CBAA,high,count_b4,candidate_filter_only,invalid_goal,16-31,16-31,0,rp2040_a,2,0.002643875,0.002643875,0.0005802769999999997,0.0031080966,0.0031661243,0.003224152,0.0508835,0.0508835,0.008376500000000002,0.0575847,0.05842235,0.05926,19.48925770362348,19.48925770362348,1.109230955504902,20.376642468027402,20.487565563577892,20.598488659128382
CBAA,high,count_b4,candidate_filter_only,invalid_goal,16-31,16-31,0,rp2040_c,3,0.0021651943333333332,0.001814188,0.0007034005,0.002798116,0.002921107,0.003044098,0.05087766666666666,0.050504,0.012237499999999998,0.0607424,0.0620222,0.063302,24.34760560233526,21.40186132859439,5.025483622721925,28.957141355260973,29.901551358594293,30.845961361927618
CBAA,high,count_b4,candidate_filter_only,invalid_goal,16-31,8-15,0,rp2040_c,1,0.001764047,0.001764047,0.0,0.001764047,0.001764047,0.001764047,0.03477,0.03477,0.0,0.03477,0.03477,0.03477,19.71035919110999,19.71035919110999,0.0,19.71035919110999,19.71035919110999,19.71035919110999
CBAA,high,count_b4,candidate_filter_only,task_completion,0-7,0-7,0,rp2040_a,118,0.0009912772372881356,0.00096982,0.00018891924999999993,0.0013163457,0.0013758694,0.001452154,0.016982898305084745,0.0168035,0.0023984999999999996,0.020064699999999998,0.0214047,0.024194,18.57022614645765,16.994075934791276,4.415902198188718,28.835973255054505,37.20309927783793,41.92873501013074
CBAA,high,count_b4,candidate_filter_only,task_completion,0-7,0-7,0,rp2040_b,124,0.0009196162096774194,0.000942772,7.4753e-05,0.0010400817,0.0010602233999999998,0.001153487,0.017917379032258065,0.017841,0.0033959999999999997,0.0205402,0.021843249999999995,0.025328,20.110791790840956,18.91735644377149,3.571543960131482,23.499262143385252,35.622936983937656,41.43199463647073
CBAA,high,count_b4,candidate_filter_only,task_completion,0-7,0-7,0,rp2040_c,68,0.0009656601029411765,0.0009945965,6.800699999999981e-05,0.0010583643000000001,0.0010702740000000002,0.001096225,0.016061823529411764,0.015761,0.0016797499999999972,0.0175751,0.01881375,0.022774,17.165575866400054,16.134841497069985,2.098594666300702,18.649318259839756,27.837351820320436,36.123639048591606
CBAA,high,count_b4,candidate_filter_only,task_completion,16-31,16-31,0,rp2040_a,42,0.0022164447857142854,0.002185404,0.00078258,0.0029832215,0.0030608047999999997,0.003165848,0.0481832380952381,0.048655500000000004,0.014256999999999999,0.0591429,0.060692199999999995,0.062514,22.984952138054968,21.214129982418612,3.8819028616427893,27.31994322875301,32.799123018099735,54.0299024221352
CBAA,high,count_b4,candidate_filter_only,task_completion,16-31,16-31,0,rp2040_b,21,0.001962921714285714,0.001829463,0.0006404710000000001,0.002453338,0.00257674,0.002587046,0.046063238095238095,0.044221,0.012824999999999996,0.054624,0.058125,0.059892,24.15207200055447,23.07007222151236,1.2557054172276878,25.688614875039296,27.550723958577386,45.0224126890301
CBAA,high,count_b4,candidate_filter_only,task_completion,16-31,16-31,0,rp2040_c,43,0.0020388078837209303,0.002111043,0.0005700144999999999,0.0026167794,0.0027289784,0.003036802,0.047435511627906976,0.049205,0.013276999999999997,0.0567966,0.0579655,0.060826,24.38654231846929,22.34535251058363,2.4938017676167625,27.30337287470929,38.25690189788105,56.28783283748915
CBAA,high,count_b4,candidate_filter_only,task_completion,16-31,16-31,1,rp2040_a,4,0.0023182185,0.0023654690000000003,0.0003529585000000002,0.002615001,0.002647227,0.002679453,0.047266,0.0449615,0.005323499999999995,0.0550566,0.057150299999999994,0.059244,20.400534182828327,20.558583271091102,2.228229411866227,21.90375917185858,22.007121084847167,22.110482997835753
CBAA,high,count_b4,candidate_filter_only,task_completion,16-31,16-31,1,rp2040_c,2,0.002385266,0.002385266,0.00038962200000000006,0.0026969636000000003,0.0027359258,0.002774888,0.052402500000000005,0.052402500000000005,0.006211500000000002,0.0573717,0.05799285,0.058614,22.134463245269295,22.134463245269295,1.0114485506221627,22.94362208576702,23.044766940829238,23.145911795891454
CBAA,high,count_b4,candidate_filter_only,task_completion,16-31,16-31,2-3,rp2040_a,3,0.0021553393333333336,0.002229249,0.0001234494999999996,0.002239317,0.0022405755,0.002241834,0.04667833333333333,0.046356,0.0012624999999999997,0.0477528,0.0479274,0.048102,21.712796266228583,21.456539601058775,1.3959227170138355,22.88078577287362,23.058816544350474,23.23684731582733
CBAA,high,count_b4,candidate_filter_only,task_completion,32-50,32-50,0,rp2040_a,4,0.0033743415,0.0034133395,0.0007208094999999999,0.0038197225,0.00384154825,0.003863374,0.06585225,0.065875,0.0015747499999999998,0.0678966,0.06831179999999999,0.068727,19.77980698217511,19.50308635317966,3.75088938739961,22.057055816488134,22.237110634858446,22.417165453228762
CBAA,high,count_b4,candidate_filter_only,task_completion,32-50,32-50,0,rp2040_b,6,0.0030135911666666665,0.0030441649999999997,0.0002462925000000001,0.0032010880000000004,0.0032224560000000003,0.003243824,0.084312,0.0927885,0.025771249999999996,0.097569,0.09798000000000001,0.098391,27.787908449405013,30.093409648133253,6.016889146204861,30.87753121325421,31.01508515555642,31.152639097858632
CBAA,high,count_b4,candidate_filter_only,task_completion,32-50,32-50,0,rp2040_c,3,0.003018139,0.00313133,0.00018469850000000024,0.0031432596,0.0031447508,0.003146242,0.06550199999999999,0.065965,0.0008895000000000014,0.066121,0.06614049999999999,0.06616,21.781303939836917,21.028261653108693,1.5975519724142444,23.209953975113958,23.482665515364616,23.755377055615273
CBAA,high,count_b4,candidate_filter_only,task_completion,8-15,8-15,0,rp2040_a,18,0.0014402440555555556,0.0013730745,0.0003787237500000001,0.0018682449000000001,0.0019509029999999997,0.002036226,0.02905366666666667,0.0288115,0.003350249999999999,0.0322462,0.0339798,0.034704,21.04554952685605,20.651094630135255,4.7680203181537095,23.985533672028726,28.463674867660565,38.69461426362155
CBAA,high,count_b4,candidate_filter_only,task_completion,8-15,8-15,0,rp2040_b,14,0.0012372070714285715,0.0012573435,0.00013804025000000017,0.0014039686000000002,0.00147963155,0.001589217,0.028940571428571427,0.028186000000000003,0.004246,0.0327683,0.0340234,0.036093,24.327610683376435,22.713340065941185,1.9573334453596658,27.197739831431925,34.91009197777778,47.16756708868651
CBAA,high,count_b4,candidate_filter_only,task_completion,8-15,8-15,0,rp2040_c,12,0.0012812679166666666,0.0013038354999999999,0.0001675470000000001,0.0015224883,0.0015449993,0.001568019,0.028205416666666667,0.028139499999999998,0.004011499999999998,0.030864,0.03174055,0.032774,23.22236472194953,21.64639140797163,2.6702918980788475,23.144200237877808,33.80076197281335,46.742854811954416
CBAA,high,count_b4,candidate_filter_only,task_completion,8-15,8-15,1,rp2040_a,2,0.001430637,0.001430637,2.2990999999999984e-05,0.0014490298,0.0014513289,0.001453628,0.0331035,0.0331035,0.00031749999999999834,0.0333575,0.03338925,0.033421,23.148538170230236,23.148538170230236,0.5939368554509414,23.623687654590984,23.68308134013608,23.742475025681173
CBAA,high,count_b4,candidate_filter_only,task_completion,8-15,8-15,2-3,rp2040_a,1,0.001492095,0.001492095,0.0,0.001492095,0.001492095,0.001492095,0.03454,0.03454,0.0,0.03454,0.03454,0.03454,23.148660105422245,23.148660105422245,0.0,23.148660105422245,23.148660105422245,23.148660105422245
CBAA,high,count_b4,candidate_filter_only,task_completion,8-15,8-15,2-3,rp2040_c,2,0.001513082,0.001513082,2.1390999999999945e-05,0.0015301948,0.0015323339,0.001534473,0.036021,0.036021,0.0007330000000000045,0.0366074,0.036680700000000004,0.036754,23.81798577230761,23.81798577230761,0.821165365562095,24.474918064757286,24.557034601313497,24.639151137869707
CBAA,high,count_b4,full_allocation_solve,batch_threshold,16-31,16-31,4,rp2040_a,36,0.0023957551944444443,0.002304467,0.0007639995000000002,0.00308548,0.00320489775,0.003508801,0.052804416666666666,0.0543765,0.011403000000000003,0.06308449999999999,0.0638875,0.065064,23.04149780354228,22.035673233076402,1.91597200473322,23.53616218961153,27.72860429388067,62.99646192500707
CBAA,high,count_b4,full_allocation_solve,batch_threshold,16-31,16-31,4,rp2040_b,16,0.0023884195,0.002407114,0.0005903962499999998,0.0028155174999999998,0.0029479195,0.002952028,0.0544610625,0.0551225,0.010444000000000002,0.0629585,0.06356125,0.065251,22.931164776811258,22.90096453902576,1.5476849007985827,24.16140991829223,24.68627805791545,25.57118869533856
CBAA,high,count_b4,full_allocation_solve,batch_threshold,16-31,16-31,4,rp2040_c,16,0.0023265281875,0.0023460485,0.0006827834999999999,0.0028110775,0.0028489879999999998,0.002943329,0.0562330625,0.05591,0.010776500000000001,0.064378,0.065322,0.067194,25.807870697092618,22.918928161683837,2.201073064397903,25.67654923897009,35.23702241429235,63.83666439129896
CBAA,high,count_b4,full_allocation_solve,batch_threshold,32-50,32-50,4,rp2040_a,4,0.00341394975,0.003419308,9.289124999999976e-05,0.0035342312,0.0035579501,0.003581669,0.0691415,0.0689815,0.00163350000000001,0.07028190000000001,0.07041645,0.070551,20.277239643319312,20.50214927443801,0.7250874196756953,20.920590314394143,20.976707696286688,21.032825078179233
CBAA,high,count_b4,full_allocation_solve,batch_threshold,32-50,32-50,4,rp2040_b,4,0.00358308125,0.0035976265,0.00023707074999999985,0.0037305743,0.0037378026499999997,0.003745031,0.10419775,0.105132,0.002637750000000008,0.1062263,0.10630715,0.106388,29.10205320640479,29.07701494201754,1.0267665752152197,29.749011391820776,29.797709401821443,29.84640741182211
CBAA,high,count_b4,full_allocation_solve,batch_threshold,32-50,32-50,4,rp2040_c,4,0.0032849715,0.0032954355,9.070100000000032e-05,0.0033358564,0.0033359571999999997,0.003336058,0.067581,0.0671785,0.0011989999999999917,0.0690921,0.06946305,0.06983400000000001,20.58062165876654,20.521807452731636,0.9008912174098747,21.271373038484604,21.36127732982813,21.451181621171656
CBAA,high,count_b4,full_allocation_solve,batch_threshold,8-15,8-15,4,rp2040_a,8,0.001355595,0.0013611825,9.493099999999992e-05,0.0015021527000000001,0.0015882558499999999,0.001674359,0.036155625,0.035441,0.004297999999999996,0.039569999999999994,0.039702999999999995,0.039835999999999996,27.034740697785423,26.39039234503697,1.9870689741675953,29.897051434303005,33.41783039669728,36.93860935909157
CBAA,high,count_b4,full_allocation_solve,batch_threshold,8-15,8-15,4,rp2040_b,8,0.00142889075,0.0014744045,0.00020245624999999982,0.0015803554999999998,0.00158637025,0.001592385,0.037130375,0.036827,0.005366249999999996,0.0403058,0.0403394,0.040373,26.278614474660586,25.4619512108155,2.419472653989466,30.466492052679598,31.842773761745825,33.21905547081206
CBAA,high,count_b4,full_allocation_solve,batch_threshold,8-15,8-15,4,rp2040_c,4,0.00136608575,0.0013668460000000001,3.1574249999999793e-05,0.0013946946000000001,0.0013988418000000001,0.001402989,0.035652,0.035502,0.0008609999999999937,0.0365502,0.0367311,0.036912,26.1016757922131,26.29791364722396,0.35801869823065147,26.503473253775763,26.5450296487564,26.586586043737036
CBAA,high,count_b4,full_allocation_solve,final_release_flush,16-31,16-31,1,rp2040_a,3,0.0029362986666666667,0.002847755,0.00025142950000000023,0.003155151,0.0031935755,0.003232,0.062455333333333335,0.06321600000000001,0.001797,0.0637408,0.0638064,0.063872,21.417537051388177,22.19853884902318,2.376664865441956,23.162668584214735,23.28318480111368,23.403701018012626
CBAA,high,count_b4,full_allocation_solve,final_release_flush,32-50,32-50,1,rp2040_b,1,0.003571037,0.003571037,0.0,0.003571037,0.003571037,0.003571037,0.102536,0.102536,0.0,0.102536,0.102536,0.102536,28.713228118330896,28.713228118330896,0.0,28.713228118330896,28.713228118330896,28.713228118330896
CBAA,high,count_b4,full_allocation_solve,final_release_flush,32-50,32-50,1,rp2040_c,2,0.0028381860000000004,0.0028381860000000004,0.0001634509999999998,0.0029689468000000004,0.0029852919,0.003001637,0.072146,0.072146,5.999999999978245e-06,0.0721508,0.07215139999999999,0.072152,25.50422317951274,25.50422317951274,1.4666730027258765,26.67756158169344,26.82422888196603,26.970896182238615
CBAA,high,count_b4,full_allocation_solve,final_release_flush,32-50,32-50,2-3,rp2040_a,4,0.00365424025,0.003573769,0.00014255475000000007,0.00384082,0.003892666,0.003944512,0.08555925,0.0849535,0.026295749999999993,0.0999383,0.10044965,0.100961,23.540819429012828,24.008262988052977,7.712323609920681,27.884388599047305,27.96895046089866,28.053512322750016
CBAA,high,count_b4,full_allocation_solve,invalid_goal,16-31,16-31,1,rp2040_c,4,0.0029713395,0.0029813475000000002,0.00012000650000000036,0.0030427255,0.00304485175,0.003046978,0.06724225,0.067244,0.007989750000000004,0.072975,0.07355400000000001,0.074133,22.602425565147996,22.490184721154442,1.7240207806330652,24.02956071658431,24.236642444289828,24.443724171995346
CBAA,high,count_b4,full_allocation_solve,invalid_goal,32-50,32-50,1,rp2040_c,1,0.003293721,0.003293721,0.0,0.003293721,0.003293721,0.003293721,0.070883,0.070883,0.0,0.070883,0.070883,0.070883,21.520644887651383,21.520644887651383,0.0,21.520644887651383,21.520644887651383,21.520644887651383
CBAA,high,count_b4,full_allocation_solve,task_completion,16-31,16-31,1,rp2040_a,33,0.0025434523333333335,0.002619605,0.0008773330000000001,0.0032997628,0.0033196122,0.003343371,0.057375,0.059806,0.015714,0.065955,0.0663258,0.066381,24.435127607392616,22.098839394239583,2.35288710844209,26.85902666008859,42.61821294920584,63.467211856966
CBAA,high,count_b4,full_allocation_solve,task_completion,16-31,16-31,1,rp2040_b,4,0.0019879335,0.00194307,0.00047302200000000024,0.0023291391,0.00237151455,0.00241389,0.0543935,0.0546575,0.0038025000000000003,0.056464099999999996,0.05647655,0.056489,27.928367813218326,28.083564969587414,7.075497326972947,31.90430302697012,32.02449901766371,32.1446950083573
CBAA,high,count_b4,full_allocation_solve,task_completion,16-31,16-31,1,rp2040_c,6,0.0025188031666666666,0.0027924225,0.0006383255000000001,0.0028731555000000002,0.00289497975,0.002916804,0.05707716666666667,0.061206,0.011980500000000005,0.0635375,0.06371075,0.063884,22.919647278148222,22.576682620731756,1.15783629760422,24.849918779238486,25.707883972271702,26.565849165304915
CBAA,high,count_b4,full_allocation_solve,task_completion,16-31,16-31,2-3,rp2040_a,24,0.002513871,0.002515644,0.0005406559999999996,0.0029614310999999996,0.0030750913499999998,0.003335137,0.05634879166666667,0.056095000000000006,0.01348075,0.0643884,0.06476345,0.06675400000000001,22.704054344273302,21.961786620722883,2.0981623040694686,26.704971028865252,27.153757777059173,30.4789227845088
CBAA,high,count_b4,full_allocation_solve,task_completion,16-31,16-31,2-3,rp2040_b,5,0.0023510298,0.002299439,8.096100000000005e-05,0.0026891304,0.0027981382,0.002907146,0.0565632,0.055202,0.0013079999999999967,0.0618546,0.0638228,0.065791,24.233252929384356,23.953749562719793,0.32024520893115493,25.735804273938363,26.312163992382814,26.88852371082726
CBAA,high,count_b4,full_allocation_solve,task_completion,16-31,16-31,2-3,rp2040_c,2,0.002906484,0.002906484,0.00019454,0.003062116,0.00308157,0.003101024,0.061741500000000005,0.061741500000000005,0.0038284999999999986,0.06480430000000001,0.06518715,0.06557,21.24971017093799,21.24971017093799,0.10508181591719534,21.333775623671748,21.344283805263466,21.354791986855187
CBAA,high,count_b4,full_allocation_solve,task_completion,32-50,32-50,2-3,rp2040_b,9,0.002977906444444444,0.003040583,3.90849999999999e-05,0.0032374796,0.0032616908,0.003285902,0.06859711111111111,0.068676,0.0024129999999999985,0.07032759999999999,0.0712048,0.072082,23.305200506863358,22.677186570678156,1.6843243556190366,25.503984108205014,27.99389911176223,30.48381411531945
CBAA,high,count_b4,full_allocation_solve,task_completion,32-50,32-50,2-3,rp2040_c,4,0.002866665,0.0031381445,0.0004634104999999998,0.0033672776,0.0034116667999999997,0.003456056,0.073222,0.07302,0.0007034999999999958,0.0741923,0.07443215,0.074672,27.440415819103663,23.269550599872467,5.221755062925219,36.15620271310388,38.8863167038216,41.61643069453934
CBAA,high,count_b4,full_allocation_solve,task_completion,8-15,8-15,1,rp2040_a,2,0.0015527145,0.0015527145,0.00028554549999999985,0.0017811508999999999,0.00180970545,0.00183826,0.036073999999999995,0.036073999999999995,0.0009479999999999975,0.0368324,0.0369272,0.037022,23.929878381026693,23.929878381026693,3.7901810585587086,26.96202322787366,27.34104133372953,27.720059439585402
CBAA,high,count_b4,full_allocation_solve,task_completion,8-15,8-15,2-3,rp2040_a,8,0.001479925,0.001475484,7.478624999999973e-05,0.0016025184,0.0016593647,0.001716211,0.03785425,0.037849,0.002700999999999995,0.0397523,0.03983315,0.039914,25.78476226012783,24.868599667455868,1.4454110928032122,28.558256783521813,30.435991200725333,32.31372561792885
CBAA,high,count_b4,full_allocation_solve,task_completion,8-15,8-15,2-3,rp2040_c,8,0.001406253875,0.0015240095,5.5678000000000194e-05,0.0015731159,0.00158344195,0.001593768,0.038218,0.037971500000000005,0.0010107499999999908,0.039565899999999994,0.04008145,0.040596999999999994,30.387459548561758,25.33058791370358,0.9274806506931448,38.228307885299394,53.04831321207939,67.86831853885943
CBAA,high,eager_b1,cached_or_maintenance,invalid_goal,0-7,0-7,0,rp2040_b,1,0.000345359,0.000345359,0.0,0.000345359,0.000345359,0.000345359,0.013251,0.013251,0.0,0.013251,0.013251,0.013251,38.368769888724486,38.368769888724486,0.0,38.368769888724486,38.368769888724486,38.368769888724486
CBAA,high,eager_b1,cached_or_maintenance,invalid_goal,16-31,16-31,0,rp2040_a,3,0.000195448,0.000137336,9.093700000000003e-05,0.00027982,0.00029763049999999996,0.000315441,0.015748333333333333,0.016943,0.002343999999999999,0.0173846,0.0174398,0.017495,98.31740617304644,123.36896370944253,45.19132497111275,129.46015464265741,130.22155350930927,130.98295237596113
CBAA,high,eager_b1,cached_or_maintenance,invalid_goal,16-31,16-31,0,rp2040_c,3,0.000152743,0.000138684,5.5102500000000023e-05,0.0001996368,0.0002072559,0.000214875,0.016536666666666668,0.015337,0.002087500000000001,0.0184466,0.0188353,0.019224,118.39351212257243,138.61728822358745,38.245556590971276,144.94520217514645,145.73619141909134,146.5271806630362
CBAA,high,eager_b1,cached_or_maintenance,invalid_goal,32-50,32-50,0,rp2040_a,1,0.000158367,0.000158367,0.0,0.000158367,0.000158367,0.000158367,0.018524,0.018524,0.0,0.018524,0.018524,0.018524,116.96881294714176,116.96881294714176,0.0,116.96881294714176,116.96881294714176,116.96881294714176
CBAA,high,eager_b1,cached_or_maintenance,invalid_goal,8-15,8-15,0,rp2040_a,4,0.00033132475,0.000320517,2.2018250000000036e-05,0.000361617,0.000369846,0.000378075,0.01343675,0.0135145,0.0010267499999999982,0.0139944,0.0139962,0.013998,40.731839097334515,40.94838842536437,2.6371116085966477,43.267175597034296,43.63667760749647,44.00617961795865
CBAA,high,eager_b1,cached_or_maintenance,task_arrival_eager,16-31,16-31,1,rp2040_a,100,0.00013562975,0.00013604349999999998,1.821599999999999e-05,0.0001614716,0.00017294885,0.00025448,0.01769433,0.0176525,0.0018304999999999988,0.0195859,0.0202763,0.02059,138.300004458114,128.02296311617857,26.70808959466919,159.70115604825983,232.5390746307326,410.5424367226143
CBAA,high,eager_b1,cached_or_maintenance,task_arrival_eager,16-31,16-31,1,rp2040_b,40,0.00013055305,0.00013108549999999998,1.9694999999999994e-05,0.00014889609999999999,0.0001501698,0.000154717,0.018080025,0.018071,0.0015979999999999987,0.019664800000000003,0.020024550000000002,0.020462,141.2491981123157,134.0431450449359,22.23998552165088,157.18778234671757,163.04366795535034,287.9231214817235
CBAA,high,eager_b1,cached_or_maintenance,task_arrival_eager,16-31,16-31,1,rp2040_c,54,0.00013413781481481482,0.000133869,1.7879750000000008e-05,0.0001573016,0.00016099025,0.000163452,0.017099907407407407,0.0170515,0.00148475,0.018643299999999998,0.01915005,0.019754,129.8445883517969,128.16311559352485,21.551980047991748,155.57812944692932,162.55973715974437,203.6226063071701
CBAA,high,eager_b1,cached_or_maintenance,task_arrival_eager,32-50,32-50,1,rp2040_a,31,0.00015437506451612904,0.000141534,1.8710999999999977e-05,0.000176277,0.000183262,0.000544446,0.017610129032258066,0.017535,0.0013319999999999999,0.019167,0.019632,0.02058,127.23098683074026,122.22214673451502,13.607043759442405,135.89808917197453,176.6195295460158,315.41680077244933
CBAA,high,eager_b1,cached_or_maintenance,task_arrival_eager,32-50,32-50,1,rp2040_b,24,0.00013456125,0.0001352455,1.513799999999999e-05,0.0001577281,0.00016239734999999998,0.000173675,0.017775833333333334,0.0180085,0.0017552499999999999,0.0188742,0.019382299999999998,0.019517,136.27449284878278,128.87785534903333,24.888552961089204,153.49353673091278,171.48395521281344,247.7058708679393
CBAA,high,eager_b1,cached_or_maintenance,task_arrival_eager,32-50,32-50,1,rp2040_c,19,0.00014324084210526314,0.000139964,1.742349999999998e-05,0.0001568218,0.00016374719999999996,0.000177915,0.017742947368421053,0.017745,0.0006559999999999969,0.0183428,0.0188123,0.018977,124.79687419250978,124.11898302510681,14.004449649507777,139.377437405897,142.20876264145343,146.42773665757696
CBAA,high,eager_b1,cached_or_maintenance,task_arrival_eager,8-15,8-15,1,rp2040_a,27,0.0001344161111111111,0.00013148,8.680999999999994e-06,0.00014759160000000005,0.0001727509,0.000183998,0.017345259259259258,0.017395,0.001174500000000002,0.0187978,0.0193098,0.019932,130.54595872555205,132.08353071827406,20.321467053052743,149.12426230647534,151.30989701408558,152.17492984097285
CBAA,high,eager_b1,cached_or_maintenance,task_arrival_eager,8-15,8-15,1,rp2040_b,7,0.00011856742857142857,0.000121598,1.2383499999999987e-05,0.000131838,0.00013467,0.000137502,0.017797285714285713,0.017466,0.001456500000000003,0.019088,0.019544,0.02,152.68643262111965,149.6652905475419,19.691693806702716,180.39993892670333,189.00856387630435,197.61718882590543
CBAA,high,eager_b1,cached_or_maintenance,task_arrival_eager,8-15,8-15,1,rp2040_c,11,0.00012697627272727273,0.000127485,4.638999999999994e-06,0.000134269,0.000136813,0.000139357,0.016378545454545455,0.015758,0.0029504999999999983,0.018062,0.019736,0.02141,129.47966148038236,122.12021349267715,25.307104610902257,159.45601739791013,160.9909998896905,162.52598238147087
CBAA,high,eager_b1,cached_or_maintenance,task_completion,0-7,0-7,0,rp2040_a,12,0.00029772825,0.00031547599999999997,4.6297250000000025e-05,0.00035124529999999997,0.00037464274999999994,0.000401535,0.014620166666666668,0.0146285,0.001478750000000001,0.0161039,0.0162145,0.016264,52.4069076275689,47.047193742392736,7.019759543090679,81.06586647693226,88.6305003828748,93.73026037471243
CBAA,high,eager_b1,cached_or_maintenance,task_completion,0-7,0-7,0,rp2040_b,6,0.0002963801666666667,0.00030174499999999996,1.1976249999999945e-05,0.00030790500000000003,0.00031076,0.000313615,0.013633333333333332,0.0133715,0.0007962500000000001,0.014646,0.0150195,0.015393,46.214194031356584,43.61848821998887,4.846529287125037,52.502208915222226,54.495244803080276,56.48828069093832
CBAA,high,eager_b1,cached_or_maintenance,task_completion,0-7,0-7,0,rp2040_c,5,0.0003334184,0.000334647,1.359899999999999e-05,0.000346455,0.000348791,0.000351127,0.015747,0.015614,0.0005749999999999991,0.0161794,0.016201200000000002,0.016223,47.32741272841248,46.434003591844544,3.4541610966862137,50.581924902718185,50.958398049401005,51.33487119608383
CBAA,high,eager_b1,cached_or_maintenance,task_completion,0-7,16-31,0,rp2040_a,1,0.000320597,0.000320597,0.0,0.000320597,0.000320597,0.000320597,0.017215,0.017215,0.0,0.017215,0.017215,0.017215,53.6966970994738,53.6966970994738,0.0,53.6966970994738,53.6966970994738,53.6966970994738
CBAA,high,eager_b1,cached_or_maintenance,task_completion,0-7,8-15,0,rp2040_a,9,0.00035574766666666665,0.0003168,3.575099999999999e-05,0.00041548340000000005,0.0005178081999999999,0.000620133,0.015695666666666667,0.01622,0.001946999999999999,0.0169268,0.0170244,0.017122,46.30140169962456,49.18344868848669,7.247412909949659,52.85191506566829,54.85393584977644,56.8559566338846
CBAA,high,eager_b1,cached_or_maintenance,task_completion,0-7,8-15,0,rp2040_b,3,0.00030632066666666665,0.00030261,1.0048000000000023e-05,0.0003151012,0.0003166626,0.000318224,0.015981333333333334,0.015788,0.001067000000000002,0.0168736,0.0170093,0.017145,52.24226961950446,49.61285132485294,3.9518764899722214,55.929654470412544,56.719254863607496,57.50885525680245
CBAA,high,eager_b1,cached_or_maintenance,task_completion,0-7,8-15,0,rp2040_c,8,0.000322395625,0.0003220075,2.1127249999999993e-05,0.0003417677,0.00034350335,0.000345239,0.015207749999999999,0.015554,0.0010137500000000008,0.0159419,0.01598845,0.016035,47.19970138524474,47.41753243145598,3.5701850380730065,50.03363528402745,50.55982712997734,51.08601897592723
CBAA,high,eager_b1,cached_or_maintenance,task_completion,16-31,16-31,0,rp2040_a,70,0.0001987874714285714,0.0001927335,8.237925e-05,0.00025737370000000005,0.00028066295,0.000610098,0.016609614285714287,0.0164985,0.0026342499999999994,0.018772,0.01912045,0.019941,96.52256495150239,84.33599494527411,54.041366080784655,156.38851443751386,161.09389221308803,207.8984132753314
CBAA,high,eager_b1,cached_or_maintenance,task_completion,16-31,16-31,0,rp2040_b,29,0.00019127637931034481,0.000194507,0.00010531200000000004,0.0002553476,0.0002590726,0.000265706,0.01660393103448276,0.01682,0.0023430000000000013,0.01844,0.018666,0.020147,95.53783078761516,95.04826077065572,59.80909371366806,132.1775961587738,140.9062277306681,180.81375500450017
CBAA,high,eager_b1,cached_or_maintenance,task_completion,16-31,16-31,0,rp2040_c,30,0.00022152633333333334,0.000236746,6.776525000000002e-05,0.0002785178,0.00028038659999999997,0.000287992,0.0159211,0.015556500000000001,0.0022257500000000003,0.0184278,0.0191188,0.01937,78.51081707524519,66.0277104869636,35.7913633264551,126.83266547137717,129.16834147103103,158.1236720438442
CBAA,high,eager_b1,cached_or_maintenance,task_completion,16-31,32-50,0,rp2040_a,7,0.00019255514285714285,0.000204986,2.6089500000000008e-05,0.0002190122,0.0002196011,0.00022019,0.017257428571428573,0.017638,0.0014599999999999995,0.0191332,0.0191776,0.019222,93.65095684392136,83.50991194613175,13.487850402085783,121.26204977795217,136.98002880295644,152.6980078279608
CBAA,high,eager_b1,cached_or_maintenance,task_completion,16-31,32-50,0,rp2040_b,5,0.00014641,0.000163324,2.158499999999999e-05,0.0001802944,0.0001854332,0.000190572,0.0187474,0.019299,0.0008690000000000017,0.019984000000000002,0.020094,0.020204,148.16144592063037,117.0501825592256,22.14274981644411,228.08302089378506,258.39085242994554,288.69868396610605
CBAA,high,eager_b1,cached_or_maintenance,task_completion,16-31,32-50,0,rp2040_c,8,0.000177468375,0.00018239599999999998,1.67275e-05,0.0001936664,0.0001983032,0.00020294,0.017905125,0.017710999999999998,0.0013477500000000017,0.0195384,0.0197197,0.019901,101.94825558823118,95.8478029250426,6.4301241584704485,120.15928843037472,126.50975590563189,132.8602233808891
CBAA,high,eager_b1,cached_or_maintenance,task_completion,32-50,32-50,0,rp2040_a,13,0.00017488023076923077,0.000172126,3.0463999999999985e-05,0.0001953132,0.00023915239999999986,0.000302876,0.017339153846153844,0.017126,0.0010149999999999985,0.0188052,0.019261399999999998,0.019724,107.0096321429334,100.48519962328483,31.304442568183433,124.43254913694676,154.81153787163018,200.15082570683572
CBAA,high,eager_b1,cached_or_maintenance,task_completion,32-50,32-50,0,rp2040_b,11,0.00014617354545454545,0.000149021,2.9358500000000007e-05,0.000166926,0.0001696925,0.000172459,0.018126636363636366,0.017788,0.0015594999999999984,0.019963,0.0200855,0.020208,126.04398116169882,124.57003365758035,31.169050652445634,149.4800171895144,152.07477667540508,154.66953616129578
CBAA,high,eager_b1,cached_or_maintenance,task_completion,32-50,32-50,0,rp2040_c,8,0.000172908,0.000168828,2.147999999999999e-05,0.00019763409999999998,0.00021347054999999997,0.000229307,0.01758925,0.0177745,0.0016992499999999994,0.0186403,0.01866865,0.018697,103.91221796429741,103.148697731479,10.755555004068242,121.56018783634252,122.36279266128737,123.16539748623222
CBAA,high,eager_b1,cached_or_maintenance,task_completion,8-15,16-31,0,rp2040_a,18,0.0003015425555555555,0.0002774745,3.308925000000001e-05,0.0003434371,0.00038946804999999966,0.000609386,0.014941666666666667,0.015022,0.0022977499999999994,0.016389,0.01687075,0.017776,51.400810751135175,52.57232320528685,6.690967807877271,57.988004726435186,60.78688111617386,66.68009838735404
CBAA,high,eager_b1,cached_or_maintenance,task_completion,8-15,16-31,0,rp2040_b,7,0.00024922757142857143,0.000255726,2.0095500000000038e-05,0.0002824464,0.00028849469999999995,0.000294543,0.014536571428571428,0.014966,0.002080499999999999,0.0157698,0.0160149,0.01626,60.66792156845536,58.523576014953505,10.208759183541076,74.29857608862277,82.05281225818041,89.80704842773808
CBAA,high,eager_b1,cached_or_maintenance,task_completion,8-15,16-31,0,rp2040_c,2,0.000289225,0.000289225,7.4079999999999806e-06,0.0002951514,0.0002958922,0.000296633,0.014112,0.014112,0.00028400000000000127,0.0143392,0.014367600000000001,0.014396,48.79932636361615,48.79932636361615,0.2679761766848259,49.01370730496401,49.04050492263249,49.06730254030097
CBAA,high,eager_b1,cached_or_maintenance,task_completion,8-15,8-15,0,rp2040_a,21,0.0003131419523809524,0.000286937,3.1291999999999984e-05,0.000598409,0.000604822,0.000664241,0.014676428571428571,0.014408,0.0017020000000000004,0.016264,0.016472,0.017444,56.048815683487646,48.854355953798276,10.543718779620036,112.67873296288133,119.67004981921046,120.61038090036024
CBAA,high,eager_b1,cached_or_maintenance,task_completion,8-15,8-15,0,rp2040_b,13,0.0002623172307692308,0.000289806,2.127800000000001e-05,0.0003006038,0.00030762979999999997,0.000318092,0.015732615384615383,0.015252,0.0019459999999999998,0.017427599999999998,0.017747199999999998,0.018175,65.84539311247536,53.39978144510722,8.838665169680624,113.73668553710468,116.91809636376793,117.76483318538486
CBAA,high,eager_b1,cached_or_maintenance,task_completion,8-15,8-15,0,rp2040_c,15,0.0002789496,0.00029724,2.2559499999999966e-05,0.0003180528,0.00032755009999999995,0.000349143,0.014876266666666667,0.014787,0.0016059999999999998,0.0163822,0.0170833,0.018092,66.15045317588437,48.581793273128866,7.074951385367058,80.27373057420621,148.99123258542744,268.08523249266517
CBAA,high,eager_b1,candidate_filter_only,initial_allocation,8-15,8-15,5-8,rp2040_a,12,0.0010937462500000001,0.001151064,0.00011868750000000009,0.0012011275000000001,0.001251383,0.001312048,0.024682416666666665,0.025171,0.0029267500000000023,0.0275012,0.027694299999999998,0.027911,24.563223073977863,21.53156874710035,4.014265564129186,25.95569242634074,40.45615185727708,58.06291184881263
CBAA,high,eager_b1,candidate_filter_only,initial_allocation,8-15,8-15,5-8,rp2040_b,4,0.0003865945,0.00037306700000000004,1.9879499999999998e-05,0.0004194048,0.00042928289999999994,0.000439161,0.0236855,0.0247065,0.003059500000000003,0.025995300000000002,0.02608515,0.026175,62.138259498979764,66.22389774856546,10.650935086066205,71.29677355017955,71.89351601130416,72.49025847242878
CBAA,high,eager_b1,candidate_filter_only,initial_allocation,8-15,8-15,5-8,rp2040_c,7,0.0011372959999999999,0.001185931,0.0001263175000000001,0.0011978656,0.0012024253000000001,0.001206985,0.02433842857142857,0.025109,0.0010865000000000007,0.025897200000000002,0.026187600000000002,0.026478,21.481455705801416,21.937306594531,1.6930333959701365,23.49750210351391,23.731341301658077,23.965180499802248
CBAA,high,eager_b1,candidate_filter_only,invalid_goal,0-7,0-7,0,rp2040_b,1,0.00118679,0.00118679,0.0,0.00118679,0.00118679,0.00118679,0.01961,0.01961,0.0,0.01961,0.01961,0.01961,16.523563562214036,16.523563562214036,0.0,16.523563562214036,16.523563562214036,16.523563562214036
CBAA,high,eager_b1,candidate_filter_only,invalid_goal,16-31,16-31,0,rp2040_a,3,0.002133652,0.002306184,0.0002821350000000002,0.0023248536,0.0023271873,0.002329521,0.04340166666666667,0.046233,0.005309999999999995,0.0470834,0.0471897,0.047296,20.3756460146576,20.302886301518637,0.3646228886376619,20.681896268195523,20.729272514030136,20.776648759864745
CBAA,high,eager_b1,candidate_filter_only,invalid_goal,16-31,16-31,0,rp2040_c,3,0.0026621950000000004,0.002683648,0.0003254454999999999,0.0029182608,0.0029475874,0.002976914,0.05250566666666667,0.049812,0.006317499999999997,0.0580984,0.0591342,0.06017,19.73655911293386,20.212206331791915,0.9374338722923952,20.391376766996167,20.4137730713967,20.43616937579723
CBAA,high,eager_b1,candidate_filter_only,invalid_goal,16-31,8-15,0,rp2040_a,1,0.002025842,0.002025842,0.0,0.002025842,0.002025842,0.002025842,0.035926,0.035926,0.0,0.035926,0.035926,0.035926,17.733860784799603,17.733860784799603,0.0,17.733860784799603,17.733860784799603,17.733860784799603
CBAA,high,eager_b1,candidate_filter_only,invalid_goal,32-50,16-31,0,rp2040_a,1,0.003914294,0.003914294,0.0,0.003914294,0.003914294,0.003914294,0.062503,0.062503,0.0,0.062503,0.062503,0.062503,15.967885907394797,15.967885907394797,0.0,15.967885907394797,15.967885907394797,15.967885907394797
CBAA,high,eager_b1,candidate_filter_only,invalid_goal,32-50,16-31,0,rp2040_c,1,0.003223436,0.003223436,0.0,0.003223436,0.003223436,0.003223436,0.062051,0.062051,0.0,0.062051,0.062051,0.062051,19.24995563740059,19.24995563740059,0.0,19.24995563740059,19.24995563740059,19.24995563740059
CBAA,high,eager_b1,candidate_filter_only,invalid_goal,8-15,0-7,0,rp2040_a,1,0.001374012,0.001374012,0.0,0.001374012,0.001374012,0.001374012,0.022459,0.022459,0.0,0.022459,0.022459,0.022459,16.345563211966127,16.345563211966127,0.0,16.345563211966127,16.345563211966127,16.345563211966127
CBAA,high,eager_b1,candidate_filter_only,invalid_goal,8-15,8-15,0,rp2040_a,3,0.0015533863333333335,0.001537153,0.00020224899999999983,0.0017184322,0.0017410920999999999,0.001763752,0.028771666666666668,0.027214,0.0039054999999999992,0.0322076,0.0328318,0.033456,18.77540485267761,20.021276376600692,3.612443055309729,21.416184992140778,21.59054856908329,21.7649121460258
CBAA,high,eager_b1,candidate_filter_only,task_arrival_eager,16-31,16-31,1,rp2040_a,14,0.002453461142857143,0.0026526085,0.00045224174999999997,0.0033579322,0.0034588989999999997,0.003469819,0.05189771428571428,0.051907999999999996,0.01107675000000001,0.0607825,0.06186265,0.062824,25.137260475163,19.966806509866828,3.973449127502203,46.77366058975621,57.368836349128145,58.3466875685995
CBAA,high,eager_b1,candidate_filter_only,task_arrival_eager,16-31,16-31,1,rp2040_b,1,0.001898716,0.001898716,0.0,0.001898716,0.001898716,0.001898716,0.040108,0.040108,0.0,0.040108,0.040108,0.040108,21.12374889135605,21.12374889135605,0.0,21.12374889135605,21.12374889135605,21.12374889135605
CBAA,high,eager_b1,candidate_filter_only,task_arrival_eager,32-50,32-50,1,rp2040_a,2,0.0033118045,0.0033118045,5.023500000000437e-06,0.0033158233,0.00331632565,0.003316828,0.06405649999999999,0.06405649999999999,0.0005345000000000072,0.06448409999999999,0.06453755,0.064591,19.34216169449393,19.34216169449393,0.19073147260724355,19.494746872579725,19.513820019840452,19.532893167101175
CBAA,high,eager_b1,candidate_filter_only,task_arrival_eager,8-15,8-15,1,rp2040_a,3,0.0014599193333333334,0.00142533,0.00010737799999999999,0.0015527396,0.0015686658,0.001584592,0.03451066666666667,0.03521,0.0035549999999999957,0.0372148,0.037465399999999996,0.037716,23.61586076516387,23.801710471843858,1.1801153114016252,24.52278307294917,24.612917148087334,24.703051223225497
CBAA,high,eager_b1,candidate_filter_only,task_arrival_eager,8-15,8-15,1,rp2040_b,4,0.00139480125,0.0014308724999999999,0.0001530927500000001,0.0015467515,0.00156587425,0.001584997,0.0334005,0.034209,0.0024775000000000075,0.0354494,0.035584700000000004,0.03572,24.105007756131894,24.217584975591528,1.447496180122151,25.56459402194604,25.79111054395379,26.017627065961538
CBAA,high,eager_b1,candidate_filter_only,task_arrival_eager,8-15,8-15,1,rp2040_c,5,0.0011791191999999998,0.001306439,0.00010549999999999991,0.0013971877999999999,0.0014085474,0.001419907,0.0320582,0.032293,0.007267000000000003,0.036313200000000004,0.0366586,0.037004,31.910870880698848,22.74303880465411,3.8483186700480765,50.827957648815186,59.144007336873585,67.460057024932
CBAA,high,eager_b1,candidate_filter_only,task_completion,0-7,0-7,0,rp2040_a,306,0.000997352290849673,0.0009506009999999999,0.00010507674999999988,0.0013156525,0.001342893,0.001474714,0.01529592156862745,0.014954,0.0020079999999999976,0.0175415,0.01839275,0.023322,15.939079730759406,15.57162474036959,2.829359001244921,18.87461791326917,20.57675258495218,36.45507744669028
CBAA,high,eager_b1,candidate_filter_only,task_completion,0-7,0-7,0,rp2040_b,58,0.0009293855689655172,0.0009464395,9.749900000000002e-05,0.0010456955,0.0011231468,0.001183233,0.017121068965517242,0.016989,0.0029425000000000007,0.0198515,0.020958799999999996,0.023651,19.075117385861265,17.8337668015196,2.978272297372939,22.47136310663775,31.899363287059412,42.40585820979209
CBAA,high,eager_b1,candidate_filter_only,task_completion,0-7,0-7,0,rp2040_c,58,0.0009629412586206896,0.0009837819999999999,7.082999999999992e-05,0.0010438799,0.00107501185,0.001143362,0.015872310344827587,0.015355500000000001,0.0016507499999999994,0.017795000000000005,0.02031975,0.023919,16.894361747559593,15.680847855408427,2.152119122955831,20.93639686432971,21.516140672099034,35.96262650984006
CBAA,high,eager_b1,candidate_filter_only,task_completion,16-31,16-31,0,rp2040_a,47,0.002278341170212766,0.002267779,0.000761498,0.0028854138,0.0031063402999999988,0.003487593,0.04726912765957447,0.047383,0.015544500000000003,0.058924399999999995,0.060364,0.063928,21.417416797928244,20.423954055516376,3.794671050259673,24.01777148300235,26.18822100348779,50.5972815207069
CBAA,high,eager_b1,candidate_filter_only,task_completion,16-31,16-31,0,rp2040_b,21,0.002131584904761905,0.002064835,0.0006310189999999998,0.002620202,0.00278336,0.002855042,0.04847319047619048,0.045742,0.016346,0.059042,0.060923,0.063153,22.896443908728404,22.39670683122616,1.6398188994160776,25.661141399586043,26.633187934459535,28.194919548017854
CBAA,high,eager_b1,candidate_filter_only,task_completion,16-31,16-31,0,rp2040_c,40,0.002133420975,0.0022110834999999997,0.0004640207499999999,0.0025468148,0.0026049884499999994,0.002815715,0.049762625,0.0510725,0.005954000000000001,0.0563134,0.05958744999999999,0.061975,24.13922139214553,22.35983795531542,1.5326936826820443,27.540115395063758,32.6046656679224,53.13707697303486
CBAA,high,eager_b1,candidate_filter_only,task_completion,32-50,32-50,0,rp2040_a,6,0.0025799616666666667,0.0029336325,0.0013614807499999998,0.003543018,0.003748256,0.003953494,0.07488766666666667,0.06601,0.02309349999999999,0.094945,0.09519,0.095435,33.46051783685449,27.14611738610295,19.804349639012578,50.82147618166818,52.52476971287312,54.228063244078065
CBAA,high,eager_b1,candidate_filter_only,task_completion,32-50,32-50,0,rp2040_b,1,0.002722914,0.002722914,0.0,0.002722914,0.002722914,0.002722914,0.06438,0.06438,0.0,0.06438,0.06438,0.06438,23.643787501184395,23.643787501184395,0.0,23.643787501184395,23.643787501184395,23.643787501184395
CBAA,high,eager_b1,candidate_filter_only,task_completion,32-50,32-50,0,rp2040_c,3,0.0030450443333333334,0.00311555,0.00014742049999999984,0.0031488796,0.0031530458,0.003157212,0.06475666666666667,0.06512,0.0006530000000000008,0.0652064,0.06521719999999999,0.065228,21.31201719239474,20.901606457928775,1.2708786334042053,22.4108022460113,22.599451719521614,22.78810119303193
CBAA,high,eager_b1,candidate_filter_only,task_completion,8-15,8-15,0,rp2040_a,22,0.0013555845,0.0013460895000000001,0.0002900085,0.0017064331000000003,0.0017388519,0.001852265,0.028208818181818182,0.027527,0.005022499999999999,0.0320244,0.033663,0.035342,21.569309428148504,21.08465220898449,3.968014162681598,24.142854869292847,24.811215969499447,41.83923345363947
CBAA,high,eager_b1,candidate_filter_only,task_completion,8-15,8-15,0,rp2040_b,11,0.001266642,0.001344271,0.00022426400000000006,0.001521413,0.0015276965,0.00153398,0.02914018181818182,0.028444,0.005638500000000005,0.034625,0.034655500000000006,0.034686,24.144479741951173,22.798543196357596,2.1974376072920165,23.609736007353284,34.192355886438804,44.77497576552432
CBAA,high,eager_b1,candidate_filter_only,task_completion,8-15,8-15,0,rp2040_c,14,0.0013965935714285714,0.0013990845,0.00028516575,0.0015890645,0.0015974630000000001,0.001602455,0.030036357142857146,0.030338999999999998,0.004616749999999999,0.0350204,0.0359046,0.03637,21.531763860837486,21.662150092933906,2.429088951415981,23.056500279455893,23.105412254646538,23.15034261659689
CBAA,high,eager_b1,full_allocation_solve,task_arrival_eager,16-31,16-31,1,rp2040_a,110,0.0024574262,0.002402087,0.00063958225,0.0031028065,0.00342439795,0.003663519,0.05721570909090909,0.0564575,0.013801250000000001,0.06787010000000002,0.07096055,0.07428,24.411291037083164,22.642077111341457,3.5331277143373825,27.315449268461705,28.625710358210934,71.4406811151263
CBAA,high,eager_b1,full_allocation_solve,task_arrival_eager,16-31,16-31,1,rp2040_b,53,0.0023571937358490566,0.002343921,0.0005042420000000002,0.0029814902000000003,0.0030551922,0.003108478,0.05648250943396226,0.054752,0.011734000000000001,0.067332,0.0682514,0.07651999999999999,24.56602876144689,23.39543516974246,2.6052304224015366,26.37332783758652,27.8519722348876,63.830069333363646
CBAA,high,eager_b1,full_allocation_solve,task_arrival_eager,16-31,16-31,1,rp2040_c,50,0.00231679704,0.0024778919999999998,0.0008913002500000001,0.0029231878,0.0030175449499999997,0.003087113,0.057458159999999994,0.0598605,0.013399499999999995,0.0689995,0.07159995,0.072278,26.11561986877882,24.239080919966216,3.4304095877242915,28.01418551055678,33.51612416340247,66.22691040739795
CBAA,high,eager_b1,full_allocation_solve,task_arrival_eager,32-50,16-31,1,rp2040_c,1,0.003162286,0.003162286,0.0,0.003162286,0.003162286,0.003162286,0.062566,0.062566,0.0,0.062566,0.062566,0.062566,19.785054229756575,19.785054229756575,0.0,19.785054229756575,19.785054229756575,19.785054229756575
CBAA,high,eager_b1,full_allocation_solve,task_arrival_eager,32-50,32-50,1,rp2040_a,32,0.0034878086875,0.003624317,0.0004309902499999999,0.0039182556,0.00398122955,0.004177075,0.074545625,0.06954949999999999,0.008621249999999997,0.10151530000000004,0.10408765,0.104316,22.176681725936625,20.340375353492703,3.8944689711225777,26.49782256449165,28.665996796968855,56.47105751457542
CBAA,high,eager_b1,full_allocation_solve,task_arrival_eager,32-50,32-50,1,rp2040_b,22,0.0029214106363636364,0.0032070765,0.00029297025000000034,0.0033755644,0.0033859651000000004,0.003445837,0.07021050000000001,0.0688475,0.0036469999999999836,0.0765885,0.0782343,0.079576,26.826690079802052,21.94484087207507,2.260900018247689,50.69572681888474,58.12677270684142,59.154512602445706
CBAA,high,eager_b1,full_allocation_solve,task_arrival_eager,32-50,32-50,1,rp2040_c,17,0.002977238705882353,0.003390655,0.0006141610000000002,0.0036240092,0.003631644,0.003638068,0.076453,0.073616,0.006946000000000008,0.08631660000000001,0.0992788,0.10355,29.46775143563788,22.833641287597825,6.589152926108252,58.46805714752837,60.6901719753064,61.433134695567524
CBAA,high,eager_b1,full_allocation_solve,task_arrival_eager,8-15,8-15,1,rp2040_a,33,0.0014350744242424241,0.001472357,0.00016198899999999997,0.0015988516,0.0016666565999999999,0.001894862,0.03952381818181818,0.039494,0.0047699999999999965,0.0461272,0.046315800000000004,0.046582,28.594214078709886,27.33993781852894,3.1984056772961154,31.657679828432396,35.021892146588215,68.07401468567777
CBAA,high,eager_b1,full_allocation_solve,task_arrival_eager,8-15,8-15,1,rp2040_b,21,0.0013182641428571428,0.001360041,0.00022284399999999982,0.001550851,0.001585636,0.001593445,0.03588509523809524,0.036237,0.007739999999999997,0.043361,0.043775,0.046912,27.57305401686484,26.591419307414643,2.099133975969899,31.952028366688214,35.42305673731138,36.97391409424358
CBAA,high,eager_b1,full_allocation_solve,task_arrival_eager,8-15,8-15,1,rp2040_c,15,0.0012874432,0.001381925,0.00020351349999999995,0.0015560952,0.0015719339999999999,0.00158067,0.0382578,0.037439,0.005936500000000004,0.046076,0.0470113,0.049049,33.195934577184815,27.30327649798218,3.5686020412322144,51.94745484949074,69.46778732064516,79.15179870108634
CBAA,high,eager_b1,full_allocation_solve,task_completion,16-31,16-31,0,rp2040_a,1,0.003276759,0.003276759,0.0,0.003276759,0.003276759,0.003276759,0.063627,0.063627,0.0,0.063627,0.063627,0.063627,19.417662391405653,19.417662391405653,0.0,19.417662391405653,19.417662391405653,19.417662391405653
CBAA,high,eager_b1,full_allocation_solve,task_completion,32-50,32-50,0,rp2040_a,2,0.003607282,0.003607282,0.000335227,0.0038754636,0.0039089863,0.003942509,0.0667845,0.0667845,0.0006344999999999962,0.06729210000000001,0.06735555,0.067419,18.658592251973428,18.658592251973428,1.5580605854636005,19.905040720344306,20.060846778890664,20.216652837437024
CBAA,low,bounded_b4_w5,cached_or_maintenance,task_completion,0-7,0-7,0,rp2040_c,28,0.00016174396428571427,0.0001649065,2.3045750000000005e-05,0.0001782805,0.00019119754999999996,0.000205176,0.018183464285714285,0.0181155,0.0027389999999999984,0.020359500000000003,0.0205551,0.020649,113.65013746699628,115.40951602135445,19.417087813908722,126.26218068695235,130.02745151128357,151.05764500693172
CBAA,low,bounded_b4_w5,cached_or_maintenance,task_completion,0-7,0-7,1,rp2040_c,5,0.0001108538,0.00010886,2.1233000000000005e-05,0.0001268124,0.0001278842,0.000128956,0.0174688,0.017248,0.0006989999999999982,0.0181308,0.0182654,0.0184,159.8083532338168,156.42109130993938,30.491790166569217,181.59639810672027,184.4031586077959,187.2099191088715
CBAA,low,bounded_b4_w5,cached_or_maintenance,task_completion,0-7,8-15,0,rp2040_c,2,0.000176315,0.000176315,6.399999999999939e-07,0.00017682699999999998,0.00017689099999999998,0.000176955,0.0164505,0.0164505,0.0004165000000000002,0.0167837,0.01682535,0.016867,93.31156517080646,93.31156517080646,2.700957954282501,95.47233153423245,95.7424273296607,96.01252312508895
CBAA,low,bounded_b4_w5,cached_or_maintenance,task_completion,8-15,8-15,0,rp2040_c,3,0.00018286433333333332,0.000179643,1.4590999999999996e-05,0.0001951814,0.0001971237,0.000199066,0.017765666666666666,0.017609,0.0005740000000000016,0.0182562,0.0183371,0.018418,97.6694552036491,96.13511241740564,9.978527272928488,105.95914557924058,107.18714972446995,108.41515386969932
CBAA,low,bounded_b4_w5,candidate_filter_only,age_timeout,0-7,0-7,1,rp2040_c,26,0.0008054772307692307,0.000777005,7.600100000000002e-05,0.0008987495000000001,0.000908676,0.001142881,0.020481346153846152,0.0199145,0.0015379999999999977,0.022361,0.023451,0.024773,25.555513172682602,25.439091546121208,1.7223829161490443,27.66431582746859,27.8895660339467,30.53042050331743
CBAA,low,bounded_b4_w5,candidate_filter_only,age_timeout,0-7,0-7,2-3,rp2040_c,23,0.0008171903913043478,0.000849982,0.00011575300000000001,0.000935805,0.0009399378,0.000956938,0.021939347826086954,0.021846,0.0015969999999999977,0.0236838,0.024006100000000002,0.024402,28.83218207359183,25.110518003572437,5.334471837739265,31.542639948639692,56.54829532799174,66.2780561011675
CBAA,low,bounded_b4_w5,candidate_filter_only,age_timeout,8-15,8-15,1,rp2040_c,4,0.0011778032500000001,0.00123221,7.564974999999994e-05,0.0012543074,0.0012581327000000002,0.001261958,0.028143,0.028131,0.0007494999999999967,0.0288677,0.028986349999999998,0.029105,24.129788994276762,23.06919888611022,2.5429433784193947,26.97540092934686,27.676879362661413,28.378357795975973
CBAA,low,bounded_b4_w5,candidate_filter_only,final_release_flush,0-7,0-7,1,rp2040_c,38,0.000718460394736842,0.0007518010000000001,7.971750000000004e-05,0.0007991308,0.0008323669,0.000873126,0.019857526315789475,0.0196645,0.0017600000000000011,0.0218813,0.02240695,0.022706,29.105617273291795,26.51472245401328,3.0931122827534665,33.162192361036965,47.4426688541789,68.39902230369692
CBAA,low,bounded_b4_w5,candidate_filter_only,initial_allocation,8-15,8-15,5-8,rp2040_c,9,0.0011568917777777777,0.001174217,0.00011394999999999982,0.0012187354,0.0012197082,0.001220681,0.025124555555555553,0.025785,0.0019979999999999998,0.0269214,0.0271302,0.027339,21.784318574970342,22.60749911724989,1.1679019399119177,23.403753908867937,23.48955182038871,23.57534973190948
CBAA,low,bounded_b4_w5,candidate_filter_only,invalid_goal,8-15,8-15,0,rp2040_c,1,0.001268058,0.001268058,0.0,0.001268058,0.001268058,0.001268058,0.028356,0.028356,0.0,0.028356,0.028356,0.028356,22.36175316901908,22.36175316901908,0.0,22.36175316901908,22.36175316901908,22.36175316901908
CBAA,low,bounded_b4_w5,candidate_filter_only,robot_idle,0-7,0-7,1,rp2040_c,670,0.0007626034537313432,0.000785267,4.244075000000007e-05,0.0008191190000000001,0.0008303866999999999,0.00086976,0.01852461343283582,0.0185315,0.0016404999999999996,0.0200765,0.020515349999999998,0.022016,25.05046956714359,23.7123084530857,3.0759089887030413,27.645164828751444,29.78349254166273,69.53932631168868
CBAA,low,bounded_b4_w5,candidate_filter_only,task_completion,0-7,0-7,0,rp2040_c,700,0.0007956464114285713,0.0008141385,6.046550000000006e-05,0.0008703758,0.0008912861000000001,0.001189182,0.018586494285714284,0.018537,0.0018780000000000012,0.0203395,0.020937050000000002,0.026363,24.11032529876028,22.82974086999998,2.4749564849206536,25.923359274728586,29.141705730154463,69.02724811792369
CBAA,low,bounded_b4_w5,candidate_filter_only,task_completion,0-7,0-7,1,rp2040_c,442,0.0007688220180995474,0.000790769,3.930475000000003e-05,0.0008313824,0.0008486864999999999,0.000967658,0.018572024886877828,0.018479,0.001846999999999998,0.0203763,0.02082375,0.024127,24.912147182401306,23.594983176909032,2.5743511628449625,26.952742505396827,32.60380187819372,69.47355072947396
CBAA,low,bounded_b4_w5,candidate_filter_only,task_completion,0-7,0-7,2-3,rp2040_c,1,0.001047653,0.001047653,0.0,0.001047653,0.001047653,0.001047653,0.023094,0.023094,0.0,0.023094,0.023094,0.023094,22.04355831558732,22.04355831558732,0.0,22.04355831558732,22.04355831558732,22.04355831558732
CBAA,low,bounded_b4_w5,candidate_filter_only,task_completion,8-15,8-15,1,rp2040_c,7,0.001210819857142857,0.001211913,2.2176000000000053e-05,0.0012368208,0.0012377424,0.001238664,0.026994999999999998,0.026769,0.0005604999999999985,0.027901,0.0282835,0.028666,22.301406395412886,22.18155173219567,0.434652647877968,23.150601266717754,23.374028316781224,23.597455366844695
CBAA,low,bounded_b4_w5,full_allocation_solve,age_timeout,0-7,0-7,1,rp2040_c,20,0.0007543684,0.000759779,0.0003038282499999999,0.0011299530000000002,0.0011357898,0.001137249,0.024387899999999997,0.0240515,0.00266425,0.026178,0.026938850000000004,0.029254,34.47875851891837,33.41053237000236,13.448716413638515,48.093279909496864,49.935663323651184,50.248782609618175
CBAA,low,bounded_b4_w5,full_allocation_solve,age_timeout,0-7,0-7,2-3,rp2040_c,16,0.0007534264375,0.000733296,0.00021627250000000005,0.0009281845,0.00095638425,0.000986691,0.024348625,0.0243105,0.0018462500000000007,0.025639000000000002,0.025838250000000004,0.02637,33.34421349388804,33.479341863814035,7.072261664624168,40.184373593022634,43.72980044334669,46.670449626614584
CBAA,low,bounded_b4_w5,full_allocation_solve,age_timeout,8-15,8-15,1,rp2040_c,4,0.001026996,0.0011962004999999999,0.00022483550000000022,0.001241944,0.00124792,0.001253896,0.03080975,0.0310125,0.000986250000000001,0.0316099,0.031678450000000004,0.031747000000000004,36.013714263491295,25.390109193189282,11.637361198468433,55.866058788695284,62.31454760906885,68.76303642944247
CBAA,low,bounded_b4_w5,full_allocation_solve,final_release_flush,0-7,0-7,1,rp2040_c,4,0.0006316245000000001,0.0005718,0.00022128300000000007,0.0008331855000000001,0.0008734627499999999,0.00091374,0.02303525,0.0230355,0.0006842500000000008,0.023931,0.0241155,0.024300000000000002,38.912684513106385,40.01530605060425,15.020739179753605,48.20542254378448,48.61577510113526,49.026127658486054
CBAA,low,bounded_b4_w5,full_allocation_solve,invalid_goal,8-15,8-15,1,rp2040_c,4,0.0012796510000000001,0.0012832425000000001,2.6486499999999998e-05,0.0013102564,0.0013154452,0.001320634,0.031268,0.031067,0.0013850000000000008,0.0325296,0.0327528,0.032976,24.443377321575365,24.40720072856523,0.7528541599826575,25.37283854875646,25.563212696654737,25.753586844553016
CBAA,low,bounded_b4_w5,full_allocation_solve,robot_idle,0-7,0-7,1,rp2040_c,48,0.0005371544166666666,0.000524328,0.00013841274999999996,0.0006655213,0.0007175415,0.000801772,0.021547791666666666,0.021352500000000003,0.0018352499999999966,0.023129100000000003,0.023405049999999997,0.024484000000000002,41.30059947560219,40.710916036824855,12.382440345732448,50.02486671431022,51.30533770033783,58.005639662920444
CBAA,low,bounded_b4_w5,full_allocation_solve,task_completion,0-7,0-7,1,rp2040_c,44,0.0006242072954545454,0.0005749850000000001,0.00028346575000000004,0.0009543969,0.0009877529,0.001086179,0.023509068181818183,0.02315,0.002155000000000004,0.025646699999999998,0.02615985,0.029266999999999998,41.921072686772504,39.914361152951415,16.81991179985011,56.71319762071409,70.67383191831297,85.687698912287
CBAA,low,bounded_b4_w5,full_allocation_solve,task_completion,0-7,0-7,2-3,rp2040_c,4,0.001021165,0.001028277,6.12535e-05,0.0010653409,0.0010686719499999999,0.001072003,0.0267165,0.0264325,0.0007390000000000035,0.027458800000000002,0.0276304,0.027802,26.202728617405665,26.48114755137911,0.7419143728671784,27.12627376218777,27.264066592641697,27.40185942309563
CBAA,low,bounded_b4_w5,full_allocation_solve,task_completion,8-15,8-15,1,rp2040_c,4,0.000989645,0.0011858175,0.00020242899999999985,0.0011906877,0.00119126835,0.001191849,0.029575499999999998,0.0298795,0.0013225000000000008,0.0308167,0.030959349999999997,0.031101999999999998,36.48736242766727,25.826685240366402,11.683884649083843,56.47199013240523,62.96299812368737,69.45400611496953
CBAA,low,count_b4,cached_or_maintenance,invalid_goal,0-7,0-7,0,rp2040_a,1,8.532e-05,8.532e-05,0.0,8.532e-05,8.532e-05,8.532e-05,0.015788,0.015788,0.0,0.015788,0.015788,0.015788,185.04453820909515,185.04453820909515,0.0,185.04453820909515,185.04453820909515,185.04453820909515
CBAA,low,count_b4,cached_or_maintenance,invalid_goal,0-7,0-7,0,rp2040_b,9,0.0001305461111111111,0.0001279,4.64000000000001e-06,0.0001403992,0.00015067759999999998,0.000160956,0.01625788888888889,0.016147,0.0005680000000000025,0.017019799999999998,0.0173834,0.017747,125.78101490730702,123.68847633410485,10.289334491099567,140.8129395878657,143.81193575172017,146.8109319155746
CBAA,low,count_b4,cached_or_maintenance,invalid_goal,0-7,0-7,0,rp2040_c,7,0.0001344397142857143,0.000131893,2.511499999999998e-06,0.0001413718,0.0001472569,0.000153142,0.01653242857142857,0.016737,0.0017555000000000001,0.0179104,0.0180832,0.018256,123.36028412862234,125.34731323722147,18.763105279400733,136.2189227709002,138.235839444068,140.2527561172358
CBAA,low,count_b4,cached_or_maintenance,task_completion,0-7,0-7,0,rp2040_a,20,8.455445e-05,7.436549999999999e-05,1.630325e-05,0.0001544316,0.00015529174999999999,0.000158365,0.0176652,0.0177585,0.0024655000000000024,0.019356699999999998,0.0193976,0.019542,228.57440179132718,236.58988964376812,68.73928684150124,282.44795344259256,302.0255317382557,348.2866441197116
CBAA,low,count_b4,cached_or_maintenance,task_completion,0-7,0-7,0,rp2040_b,38,0.00015243007894736842,0.0001540845,2.302775000000002e-05,0.0001708193,0.00017315699999999998,0.000181503,0.017241605263157895,0.017141,0.002207999999999998,0.0189855,0.0190581,0.019391,114.7655978774517,113.4296311533238,25.30157356953181,132.0323974428977,134.86015570116086,190.78074332751308
CBAA,low,count_b4,cached_or_maintenance,task_completion,0-7,0-7,0,rp2040_c,27,0.00015413322222222224,0.000156316,2.2585499999999996e-05,0.00017741360000000003,0.0001848808,0.000189941,0.01706251851851852,0.017053,0.0018530000000000005,0.018118,0.0187235,0.020546,115.97223577115403,105.49751870492217,19.830101724451524,131.0037819244518,134.97862331135866,291.717653120371
CBAA,low,count_b4,cached_or_maintenance,task_completion,0-7,0-7,1,rp2040_a,11,9.532490909090909e-05,7.1068e-05,8.2038e-05,0.000153727,0.000166855,0.000179983,0.016596,0.016451,0.0012295000000000014,0.017188,0.0179155,0.018643,214.92378927204857,222.61638301167,183.36465642665985,322.7554022522066,337.18474817479273,351.6140940973789
CBAA,low,count_b4,cached_or_maintenance,task_completion,0-7,0-7,1,rp2040_b,17,0.000130034,0.000128125,8.036999999999991e-06,0.0001488098,0.0001596438,0.000163735,0.016662764705882353,0.016525,0.0008479999999999981,0.0180388,0.0186432,0.019076,129.88917976222206,131.41372912801486,26.490190239385754,150.29898964957968,154.44521474719062,157.89731578483162
CBAA,low,count_b4,cached_or_maintenance,task_completion,0-7,0-7,1,rp2040_c,7,0.00012879714285714286,0.000132152,1.110200000000003e-05,0.00014150300000000002,0.0001437125,0.000145922,0.017635571428571428,0.017141,0.001348000000000002,0.0190424,0.0191852,0.019328,138.342882539585,132.45432491330988,12.721868163100481,154.88836211751473,163.88188229790262,172.87540247829057
CBAA,low,count_b4,cached_or_maintenance,task_completion,0-7,0-7,2-3,rp2040_a,11,0.00012793145454545454,6.9821e-05,4.384650000000001e-05,0.000141566,0.000362179,0.000582792,0.016619545454545456,0.016773,0.0015060000000000004,0.017834,0.0179315,0.018029,203.1044536590106,227.8154286016837,82.91164837291996,297.6051298402239,307.60123249416546,317.597335148107
CBAA,low,count_b4,cached_or_maintenance,task_completion,0-7,0-7,2-3,rp2040_b,16,0.000123511875,0.0001188895,2.5146749999999977e-05,0.0001442115,0.00014527749999999998,0.000146401,0.017175125,0.0170605,0.0009947500000000026,0.017865,0.018224499999999998,0.019249,142.87224551014347,143.2897324382494,31.879322404728597,182.90159197307187,187.83508495706354,200.58066776793314
CBAA,low,count_b4,cached_or_maintenance,task_completion,0-7,0-7,2-3,rp2040_c,4,0.000144119,0.0001463075,1.1128500000000014e-05,0.0001568642,0.0001588931,0.000160922,0.01607875,0.016225,0.0006847500000000048,0.0167143,0.01678765,0.016861,112.89873801335345,107.26693780364475,17.519085832733452,129.82654310260594,133.4879305285193,137.1493179544327
CBAA,low,count_b4,cached_or_maintenance,task_completion,0-7,8-15,0,rp2040_b,6,0.0001547005,0.000158892,8.65599999999998e-06,0.0001694845,0.00017261275,0.000175741,0.016979833333333333,0.017487000000000003,0.0005789999999999997,0.0176585,0.01768975,0.017721,111.89141784281958,109.95231178810832,3.461024102098307,130.19540775532604,139.46669172233175,148.73797568933745
CBAA,low,count_b4,cached_or_maintenance,task_completion,0-7,8-15,0,rp2040_c,2,0.00015909300000000002,0.00015909300000000002,2.880000000000081e-07,0.0001593234,0.0001593522,0.000159381,0.015345000000000001,0.015345000000000001,0.0005090000000000008,0.0157522,0.0158031,0.015854,96.44754238170029,96.44754238170029,3.02479120887827,98.86737534880291,99.16985446969073,99.47233359057856
CBAA,low,count_b4,cached_or_maintenance,task_completion,8-15,8-15,0,rp2040_b,3,0.00017509066666666667,0.000177629,1.4975499999999979e-05,0.0001865634,0.00018768019999999998,0.000188797,0.016629333333333333,0.016456,0.0009260000000000032,0.0174048,0.0175234,0.017642,95.70636340593008,88.89314244858664,11.95057193965566,106.62946514912329,108.84650548669038,111.06354582425746
CBAA,low,count_b4,cached_or_maintenance,task_completion,8-15,8-15,1,rp2040_c,2,0.000142934,0.000142934,1.3822999999999993e-05,0.00015399239999999999,0.00015537469999999997,0.000156757,0.014971,0.014971,0.0007820000000000014,0.0155966,0.0156748,0.015753,106.26359331787327,106.26359331787327,15.747699290812264,118.86175275052308,120.43652267960431,122.01129260868554
CBAA,low,count_b4,candidate_filter_only,final_release_flush,0-7,0-7,1,rp2040_a,11,0.0008684132727272728,0.000887153,6.951899999999998e-05,0.000919376,0.0009254725,0.000931569,0.019106727272727272,0.018714,0.0014464999999999964,0.02024,0.0204885,0.020737,22.128907812966375,21.71664943123061,3.313445937395503,24.272223055014244,25.51637263687656,26.760522218738874
CBAA,low,count_b4,candidate_filter_only,final_release_flush,0-7,0-7,1,rp2040_b,16,0.000446653375,0.000354851,0.00011179450000000003,0.000729939,0.000793431,0.000847308,0.0192113125,0.019191,0.001028249999999998,0.0203155,0.02057225,0.021338,48.10801600620302,52.80172804155171,12.077358790036683,61.60694115667779,63.15616336471477,63.18670058987285
CBAA,low,count_b4,candidate_filter_only,final_release_flush,0-7,0-7,1,rp2040_c,3,0.0008488419999999999,0.000850154,2.6446999999999972e-05,0.0008697371999999999,0.0008721851,0.000874633,0.022021,0.022058,0.00011650000000000202,0.0221068,0.0221129,0.022119,25.95870282511815,25.74357116475368,0.7768043885736482,26.623172668049957,26.733122855961994,26.84307304387403
CBAA,low,count_b4,candidate_filter_only,initial_allocation,8-15,8-15,5-8,rp2040_a,8,0.000404865,0.0004182945,6.646225000000002e-05,0.0004369651,0.00043968705,0.000442409,0.025772625,0.025948,0.0013315000000000028,0.0284229,0.029207949999999996,0.029993,64.1235194788544,66.45368900356809,9.585848418201195,72.29192874475919,72.60922679540008,72.92652484604096
CBAA,low,count_b4,candidate_filter_only,initial_allocation,8-15,8-15,5-8,rp2040_b,15,0.0011484694666666667,0.001166476,0.00013322849999999995,0.0012164402000000001,0.001219771,0.001221451,0.0246986,0.025238,0.0016530000000000017,0.026809200000000002,0.0273102,0.028314,21.577517396122044,22.16863336313343,2.3813878939997473,23.5399535779451,23.85854074883553,24.493946012022292
CBAA,low,count_b4,candidate_filter_only,initial_allocation,8-15,8-15,5-8,rp2040_c,5,0.0011311328,0.001105041,0.00010978400000000014,0.0011973554000000001,0.0011982192,0.001199083,0.024265199999999997,0.025632,0.0014260000000000002,0.0260204,0.0260952,0.02617,21.559867801027952,22.73753587436415,1.8903209768597158,23.80972825886265,23.964994270079078,24.120260281295508
CBAA,low,count_b4,candidate_filter_only,invalid_goal,0-7,0-7,0,rp2040_a,1,0.000395398,0.000395398,0.0,0.000395398,0.000395398,0.000395398,0.02088,0.02088,0.0,0.02088,0.02088,0.02088,52.80755087279147,52.80755087279147,0.0,52.80755087279147,52.80755087279147,52.80755087279147
CBAA,low,count_b4,candidate_filter_only,invalid_goal,0-7,0-7,0,rp2040_b,10,0.0008369406,0.0008363295,7.584850000000006e-05,0.0009417018,0.0009549309,0.00096816,0.018895199999999997,0.018923,0.0016037499999999975,0.0208111,0.021612549999999998,0.022414,22.71716973485838,23.306862884976034,4.734304570130515,25.653353746017586,25.96728392539027,26.281214104762952
CBAA,low,count_b4,candidate_filter_only,invalid_goal,0-7,0-7,0,rp2040_c,3,0.0008712646666666667,0.00079885,0.00016397899999999997,0.0010169308,0.0010441908999999998,0.001071451,0.020271333333333332,0.019207,0.003071499999999998,0.0229414,0.0234082,0.023875,23.39192160399521,23.849585671956564,0.8802226913611939,24.00456694349189,24.02393960243381,24.043312261375725
CBAA,low,count_b4,candidate_filter_only,invalid_goal,0-7,0-7,2-3,rp2040_b,1,0.000978173,0.000978173,0.0,0.000978173,0.000978173,0.000978173,0.021267,0.021267,0.0,0.021267,0.021267,0.021267,21.74155287459376,21.74155287459376,0.0,21.74155287459376,21.74155287459376,21.74155287459376
CBAA,low,count_b4,candidate_filter_only,invalid_goal,8-15,8-15,0,rp2040_b,1,0.001288298,0.001288298,0.0,0.001288298,0.001288298,0.001288298,0.028687,0.028687,0.0,0.028687,0.028687,0.028687,22.267363606867356,22.267363606867356,0.0,22.267363606867356,22.267363606867356,22.267363606867356
CBAA,low,count_b4,candidate_filter_only,robot_idle,0-7,0-7,1,rp2040_a,451,0.0005375116740576497,0.000340095,0.0004949189999999999,0.000842353,0.0008671335,0.001252012,0.017726137472283812,0.017716,0.001629499999999999,0.019247,0.019597499999999997,0.020987,41.445884705931,50.17769690930362,36.24453807093839,61.744310099573255,63.83636571280482,71.71428571428571
CBAA,low,count_b4,candidate_filter_only,robot_idle,0-7,0-7,1,rp2040_b,1445,0.0007762094519031141,0.000790736,3.097199999999999e-05,0.0008203954,0.0008293662000000001,0.000885709,0.017962323183391003,0.017938,0.0015410000000000007,0.0194522,0.0198398,0.021897,23.55465221544507,22.802981297979567,2.4146812105294515,25.490500410985682,27.264318570108802,67.93016778751443
CBAA,low,count_b4,candidate_filter_only,robot_idle,0-7,0-7,1,rp2040_c,736,0.0008002917010869566,0.0008068075,2.7197750000000002e-05,0.0008356925,0.00084290725,0.000877313,0.017894427989130435,0.0179435,0.0015364999999999962,0.019256500000000003,0.0196655,0.021034,22.49113686461305,22.22806231795737,2.1884850433817284,24.52270066778751,25.116980365517986,58.339862711372355
CBAA,low,count_b4,candidate_filter_only,task_completion,0-7,0-7,0,rp2040_a,491,0.0005261018268839105,0.000341409,0.000491698,0.000851877,0.000900141,0.00124833,0.01774347250509165,0.01762,0.0016310000000000005,0.019432,0.019971000000000003,0.025764,42.10088716447289,51.54859050445104,35.50062219591223,60.575177954132975,63.01981093619,69.66002700483675
CBAA,low,count_b4,candidate_filter_only,task_completion,0-7,0-7,0,rp2040_b,933,0.0007729872679528403,0.000806894,9.305200000000004e-05,0.0008845802,0.0009209532,0.001214412,0.01783111789924973,0.017776,0.001618999999999999,0.019417800000000002,0.0200008,0.026021,24.561105966617493,22.013416223596828,2.878710494044171,27.2591943375926,50.59015561044363,64.51110837634555
CBAA,low,count_b4,candidate_filter_only,task_completion,0-7,0-7,0,rp2040_c,411,0.0008214483065693431,0.000821818,6.828800000000012e-05,0.000900714,0.000924617,0.001207057,0.01783901703163017,0.017655,0.0016809999999999985,0.019378,0.020557,0.024951,21.993752904344014,21.42793533489615,2.4600477475561604,24.079964983113722,25.879212411155372,56.10116856988637
CBAA,low,count_b4,candidate_filter_only,task_completion,0-7,0-7,1,rp2040_a,241,0.0006236127219917012,0.000770196,0.000503671,0.00088726,0.000924406,0.001330539,0.018436834024896265,0.018406,0.001806000000000002,0.020134,0.020688,0.022316,36.787578100990466,24.64819520541956,33.142540520089526,60.11649476677047,62.85145788105694,67.11699540664686
CBAA,low,count_b4,candidate_filter_only,task_completion,0-7,0-7,1,rp2040_b,904,0.0007953273628318584,0.0008072555,5.145049999999993e-05,0.0008779516000000001,0.0008971628499999999,0.001132516,0.018235836283185838,0.01816,0.0015674999999999994,0.0197354,0.0202485,0.026226,23.6674351428884,22.357321319764623,2.332815513988148,25.258872407733133,28.396365416493186,69.15596283789898
CBAA,low,count_b4,candidate_filter_only,task_completion,0-7,0-7,1,rp2040_c,501,0.0008003555868263473,0.000812276,4.741799999999992e-05,0.000852586,0.000869196,0.001081628,0.018064636726546908,0.018049,0.001627,0.019548,0.019962,0.022778,22.87998779519759,22.35408929001917,2.531384950671299,25.08243558889252,26.513470398375336,64.32439393015201
CBAA,low,count_b4,candidate_filter_only,task_completion,0-7,0-7,2-3,rp2040_a,155,0.0006364446838709677,0.000753574,0.0005200005,0.0009090751999999999,0.0010848221999999986,0.00142787,0.019522077419354838,0.0195,0.001414499999999999,0.0210774,0.0213087,0.022857,38.67367758242137,25.608533781994026,35.97419067440937,62.99167426569573,64.82464942934597,75.31062295924588
CBAA,low,count_b4,candidate_filter_only,task_completion,0-7,0-7,2-3,rp2040_b,171,0.0008438475847953215,0.000853731,4.868899999999998e-05,0.000903968,0.000925542,0.000973118,0.019127497076023393,0.019043,0.0015800000000000015,0.020635,0.020929,0.024275,22.846032546868006,22.503238987733248,2.29798190814439,25.448141579184046,26.677846974438324,40.93818462992397
CBAA,low,count_b4,candidate_filter_only,task_completion,0-7,0-7,2-3,rp2040_c,73,0.0008330316575342466,0.000843276,4.2067000000000016e-05,0.0008984588,0.0009064354,0.000955802,0.019402534246575343,0.019318,0.0016830000000000005,0.020659,0.02142579999999999,0.023201,23.710162084043432,22.586500846938605,2.5014434664090004,25.643075853008245,29.15045352181715,58.23226515757076
CBAA,low,count_b4,candidate_filter_only,task_completion,8-15,8-15,1,rp2040_b,13,0.0011412509999999998,0.001200556,2.720000000000001e-05,0.0012174511999999999,0.0012307309999999999,0.001249067,0.027189230769230768,0.02717,0.0009849999999999998,0.0278254,0.028092,0.028461,26.025538528385482,22.51177373223169,0.8089910094440036,23.490241797629334,40.999321065564494,67.2429934950453
CBAA,low,count_b4,full_allocation_solve,batch_threshold,0-7,0-7,4,rp2040_c,4,0.00070406225,0.000702158,0.00019849124999999994,0.0008298449,0.00083900795,0.000848171,0.0268855,0.027389499999999997,0.0013125000000000012,0.0279481,0.027999549999999998,0.028051,39.22847324229002,37.620083858162005,8.085063282301604,46.840811439657855,48.29881185575153,49.75681227184521
CBAA,low,count_b4,full_allocation_solve,final_release_flush,0-7,0-7,1,rp2040_a,4,0.00070412475,0.000703125,8.202275e-05,0.0008097949000000001,0.0008315144499999999,0.000853234,0.0228815,0.0229385,0.000956499999999999,0.0234733,0.02350165,0.02353,33.3145145137538,32.47094477521852,5.745853410818466,39.448493898180104,40.676106414275004,41.90371893036991
CBAA,low,count_b4,full_allocation_solve,final_release_flush,0-7,0-7,1,rp2040_b,8,0.000511226,0.0004374755,0.00019896075000000007,0.0007444658,0.0008235329,0.0009026,0.02256,0.0223305,0.0005994999999999993,0.023344,0.023862,0.024380000000000002,48.884569134283915,51.498251600349576,23.15927510748955,63.515798185926215,64.36368735594925,65.21157652597229
CBAA,low,count_b4,full_allocation_solve,final_release_flush,0-7,0-7,1,rp2040_c,4,0.00093561575,0.0009523114999999999,7.717525000000005e-05,0.0010057339,0.00101346145,0.001021189,0.02594325,0.026153000000000003,0.0009732500000000019,0.026563100000000003,0.02657255,0.026582,27.875349136943786,27.888723349104062,2.018014037233719,29.83962518660344,30.155819161590987,30.47201313657854
CBAA,low,count_b4,full_allocation_solve,invalid_goal,0-7,0-7,2-3,rp2040_b,4,0.00092338325,0.000942527,4.6198249999999984e-05,0.0009748755,0.00098114925,0.000987423,0.0242505,0.0243845,0.0005315000000000007,0.0246593,0.02468465,0.02471,26.415613139475983,25.872223075479106,1.9437052831599182,28.903541910972287,29.499465631610548,30.09538935224881
CBAA,low,count_b4,full_allocation_solve,invalid_goal,8-15,8-15,2-3,rp2040_b,4,0.001080814,0.0012736104999999998,0.00025820349999999977,0.0013101732,0.0013114596,0.001312746,0.02945725,0.029711,0.0011417500000000039,0.0302882,0.0303326,0.030377,33.28041447136681,22.92078260990185,11.201733293479467,52.43812661659858,58.68368042634006,64.92923423608158
CBAA,low,count_b4,full_allocation_solve,robot_idle,0-7,0-7,1,rp2040_a,36,0.0004650377777777778,0.00046821350000000005,0.00025347725,0.0006531,0.000842717,0.000944348,0.021392944444444444,0.021405,0.0016697499999999976,0.0229695,0.023194,0.02338,52.56393625362002,48.81601664652582,33.6414483074947,78.56815021887364,81.32529505173794,87.96865781568728
CBAA,low,count_b4,full_allocation_solve,robot_idle,0-7,0-7,1,rp2040_b,100,0.00052266013,0.0005071695,0.000171679,0.0006873446000000001,0.0007124405,0.00078224,0.02129096,0.021246499999999998,0.0014920000000000003,0.0225688,0.022834300000000002,0.024422,42.98183261173365,42.68090063976844,13.306007363145333,57.07896044211704,65.11368767873778,74.69463641548705
CBAA,low,count_b4,full_allocation_solve,robot_idle,0-7,0-7,1,rp2040_c,48,0.0005692023958333333,0.000536626,0.00015628149999999993,0.0007467641000000001,0.00077989565,0.000805568,0.021127541666666666,0.0213,0.0013462500000000002,0.0225539,0.022945849999999997,0.023939,38.504068413768344,39.04760852247404,10.696750064392411,47.19982355317538,49.984371384190105,52.44675726104043
CBAA,low,count_b4,full_allocation_solve,task_completion,0-7,0-7,1,rp2040_a,43,0.0004936653488372093,0.000409959,0.00023897650000000002,0.0007373446,0.0008980123999999999,0.001191159,0.023827837209302326,0.023749,0.002557500000000004,0.0258734,0.0263993,0.029318,54.57046649226013,60.84711949363993,28.638290822423613,73.605288204713,77.99974475256178,82.82660532080567
CBAA,low,count_b4,full_allocation_solve,task_completion,0-7,0-7,1,rp2040_b,95,0.0006651313157894736,0.000622568,0.0003325455,0.0009714198000000001,0.0010351824,0.001116516,0.022971810526315792,0.02244,0.0019549999999999984,0.025550000000000003,0.026222799999999998,0.029955,37.4551115996338,36.105245894918106,17.148617855392125,49.87652964507036,52.36769938789572,76.15026171488711
CBAA,low,count_b4,full_allocation_solve,task_completion,0-7,0-7,1,rp2040_c,60,0.0006854592666666667,0.0006339305,0.00030992400000000005,0.0010702709,0.00112088345,0.001179283,0.023290766666666667,0.022711500000000003,0.002200749999999998,0.0265599,0.027401299999999996,0.032015,36.62953513668023,35.69689185773943,16.57772472108397,48.158654709697245,51.491970039638545,56.54169561159389
CBAA,low,count_b4,full_allocation_solve,task_completion,0-7,0-7,2-3,rp2040_a,36,0.0004737263611111111,0.000403388,0.00020778000000000007,0.0007068409999999999,0.000751069,0.000878409,0.023778805555555557,0.0238545,0.0013535000000000005,0.024864999999999998,0.02500875,0.025931000000000003,55.356788466225886,58.097790760649644,26.241962487889616,75.09970975307918,78.28424133371678,84.22758545075789
CBAA,low,count_b4,full_allocation_solve,task_completion,0-7,0-7,2-3,rp2040_b,52,0.0007076233846153846,0.0006614685000000001,0.0004064305,0.0009982487,0.0010392215499999999,0.001089965,0.023916634615384617,0.0237545,0.0019019999999999974,0.026236,0.02633845,0.027802,36.39856436079196,35.8084921183454,16.335727023916576,49.893334097234025,52.442986065644995,59.840992255352916
CBAA,low,count_b4,full_allocation_solve,task_completion,0-7,0-7,2-3,rp2040_c,16,0.0007062928125,0.0005980325,0.00028251224999999993,0.0011265995,0.00115158175,0.001155157,0.02477725,0.0240315,0.001910499999999999,0.028373,0.028754,0.028868,38.33925680656447,39.02975115510163,14.417647931428892,49.832967223486136,52.199442021938204,57.14796307313663
CBAA,low,count_b4,full_allocation_solve,task_completion,8-15,8-15,1,rp2040_a,5,0.00044836879999999993,0.000447883,2.5857000000000007e-05,0.0004765884,0.00048410919999999994,0.00049163,0.0296128,0.029664,0.0008909999999999994,0.0305358,0.0307404,0.030945,66.23160093712323,66.56717324234123,5.150432667510721,70.3685591981754,70.79417734648378,71.21979549479215
CBAA,low,count_b4,full_allocation_solve,task_completion,8-15,8-15,1,rp2040_b,4,0.0011529165,0.00119126,9.430950000000006e-05,0.0012346222000000002,0.0012397486000000001,0.001244875,0.02876975,0.0282845,0.0013932499999999987,0.0303285,0.03069675,0.031065,25.10297420194944,24.292644748934332,2.238747444886897,27.370350126485814,27.888072436019304,28.405794745552797
CBAA,low,count_b4,full_allocation_solve,task_completion,8-15,8-15,1,rp2040_c,4,0.00084987775,0.0008573175,0.00072937625,0.0012217413,0.00122289315,0.001224045,0.02902125,0.02913,0.002199750000000004,0.0302988,0.0303399,0.030381,42.066965951465264,42.07480160329217,35.67470475314922,60.54714776170637,60.76011829762405,60.97308883354172
CBAA,low,eager_b1,cached_or_maintenance,invalid_goal,0-7,0-7,0,rp2040_a,11,0.00010893490909090909,0.000127352,5.135700000000002e-05,0.000131416,0.000135203,0.00013899,0.015941545454545455,0.015662,0.0008495000000000013,0.016517,0.016796,0.017075,157.88961781995042,128.64957799312288,81.5781947469249,227.44319435252592,228.57270626164734,229.70221817076876
CBAA,low,eager_b1,cached_or_maintenance,invalid_goal,0-7,0-7,0,rp2040_b,6,0.0001221205,0.000125837,1.2333999999999994e-05,0.0001386875,0.00013961625,0.000140545,0.016634666666666666,0.0164015,0.0005477499999999996,0.017845,0.018466999999999997,0.019089,142.60161552481532,130.36155125540466,18.323768010166987,184.5486644905504,208.5600604550269,232.5714564195034
CBAA,low,eager_b1,cached_or_maintenance,invalid_goal,0-7,0-7,0,rp2040_c,1,0.000137596,0.000137596,0.0,0.000137596,0.000137596,0.000137596,0.017102,0.017102,0.0,0.017102,0.017102,0.017102,124.29140381987848,124.29140381987848,0.0,124.29140381987848,124.29140381987848,124.29140381987848
CBAA,low,eager_b1,cached_or_maintenance,invalid_goal,8-15,8-15,0,rp2040_b,1,7.101e-05,7.101e-05,0.0,7.101e-05,7.101e-05,7.101e-05,0.016372,0.016372,0.0,0.016372,0.016372,0.016372,230.55907618645264,230.55907618645264,0.0,230.55907618645264,230.55907618645264,230.55907618645264
CBAA,low,eager_b1,cached_or_maintenance,task_arrival_eager,0-7,0-7,1,rp2040_b,2,0.00011747,0.00011747,4.0319999999999993e-05,0.00014972599999999998,0.000153758,0.00015779,0.0191785,0.0191785,0.0016625000000000008,0.0205085,0.02067475,0.020841,179.5594253369317,179.5594253369317,47.47881186332751,217.5424748275937,222.29035601392647,227.03823720025923
CBAA,low,eager_b1,cached_or_maintenance,task_arrival_eager,0-7,0-7,1,rp2040_c,1,0.000164604,0.000164604,0.0,0.000164604,0.000164604,0.000164604,0.016798,0.016798,0.0,0.016798,0.016798,0.016798,102.05098296517704,102.05098296517704,0.0,102.05098296517704,102.05098296517704,102.05098296517704
CBAA,low,eager_b1,cached_or_maintenance,task_completion,0-7,0-7,0,rp2040_a,31,0.00015750312903225805,0.000164488,3.447199999999999e-05,0.000201364,0.00020668,0.000225855,0.01802325806451613,0.018328,0.0019424999999999998,0.01999,0.0204745,0.020789,123.46654453851427,110.98236657295111,30.762309053959427,179.07609623902624,217.32243679330332,259.280449187046
CBAA,low,eager_b1,cached_or_maintenance,task_completion,0-7,0-7,0,rp2040_b,72,0.0001271051111111111,0.0001439155,7.44675e-05,0.0001607707,0.0001642405,0.000176978,0.017915652777777777,0.0180265,0.0019397500000000005,0.0194875,0.020339500000000003,0.021225,159.0825696031084,126.07174385815654,97.09258346184458,270.68773487777923,284.7043242788145,313.31650502634955
CBAA,low,eager_b1,cached_or_maintenance,task_completion,0-7,0-7,0,rp2040_c,38,0.00013842257894736842,0.00014130799999999998,6.10835e-05,0.0001676465,0.00017521594999999997,0.000353057,0.017769605263157896,0.017631,0.002217750000000001,0.019672400000000003,0.01982075,0.022121,143.2974385505653,122.31585317495376,82.32103203294108,218.39878063195815,224.64582439074718,269.83175025124
CBAA,low,eager_b1,cached_or_maintenance,task_completion,0-7,8-15,0,rp2040_a,8,0.000156783375,0.000165374,9.82225000000002e-06,0.0001715927,0.00017556485,0.000179537,0.016599,0.016696000000000003,0.0016517500000000004,0.0179293,0.01805915,0.018189,109.15351406175488,102.0900509991923,10.748913095070336,128.39449577950327,147.13316678562376,165.8718377917443
CBAA,low,eager_b1,cached_or_maintenance,task_completion,0-7,8-15,0,rp2040_b,4,0.000149543,0.000156399,1.8343999999999972e-05,0.00016231579999999998,0.0001623734,0.000162431,0.01686675,0.016849999999999997,0.00022124999999999923,0.0169996,0.0170098,0.01702,114.20975638671932,108.75651598910557,14.494636444180784,129.22273982749397,132.720168299991,136.21759677248806
CBAA,low,eager_b1,cached_or_maintenance,task_completion,0-7,8-15,0,rp2040_c,2,0.0001516275,0.0001516275,1.2719499999999965e-05,0.0001618031,0.00016307504999999998,0.000164347,0.0159715,0.0159715,0.0007245000000000012,0.0165511,0.01662355,0.016696,105.67661259850864,105.67661259850864,4.086683971883275,108.94595977601526,109.3546281732036,109.76329657039192
CBAA,low,eager_b1,cached_or_maintenance,task_completion,8-15,8-15,0,rp2040_a,3,0.00016307866666666665,0.00015654,1.6432000000000008e-05,0.000177532,0.000180156,0.00018278,0.017901666666666666,0.017832,0.0003084999999999963,0.018162400000000002,0.0182037,0.018245,110.45875355382141,112.61019547719434,9.563577509521977,117.67932717676442,118.31296863921068,118.94661010165694
CBAA,low,eager_b1,cached_or_maintenance,task_completion,8-15,8-15,0,rp2040_b,3,6.110866666666667e-05,5.9295e-05,5.3135000000000026e-06,6.57222e-05,6.65256e-05,6.7329e-05,0.019144666666666667,0.018995,0.0007974999999999996,0.0198126,0.0199148,0.020017,315.2756810066057,310.68386879163506,35.449470344199824,344.5536197249596,348.78733859162514,353.0210574582907
CBAA,low,eager_b1,cached_or_maintenance,task_completion,8-15,8-15,0,rp2040_c,3,0.00017747733333333334,0.000170363,2.0175499999999997e-05,0.00019504060000000002,0.0001981253,0.00020121,0.017383,0.017539,0.0009330000000000033,0.018098200000000002,0.0181681,0.018238,99.232426976599,102.95075808714333,16.005536159162915,111.29318968182046,112.3359936311551,113.37879758048975
CBAA,low,eager_b1,candidate_filter_only,initial_allocation,8-15,8-15,5-8,rp2040_a,8,0.001175403375,0.0011761635,0.00012116450000000016,0.0012750951,0.00128617155,0.001297248,0.025327625,0.0257425,0.0015189999999999995,0.028073999999999998,0.0284415,0.028809,21.616716951217043,22.070617177993103,1.4371443143181608,23.976212638494694,24.04660958132074,24.117006524146788
CBAA,low,eager_b1,candidate_filter_only,initial_allocation,8-15,8-15,5-8,rp2040_b,15,0.0007318020666666667,0.000477651,0.0006654755,0.0011584436,0.0011741427,0.001196857,0.025084733333333335,0.025969,0.0024484999999999993,0.0271926,0.0278956,0.028947,42.924806623124645,39.84708500557939,39.651476675599135,64.64972970162069,66.17123755304873,69.44707680275226
CBAA,low,eager_b1,candidate_filter_only,initial_allocation,8-15,8-15,5-8,rp2040_c,5,0.0011313534,0.001094048,9.238200000000001e-05,0.0012069802,0.0012162406,0.001225501,0.0246892,0.025601,0.001170000000000001,0.026640999999999998,0.026704,0.026767,21.928286783519248,23.108675304922635,1.971301931127062,24.415067910645032,24.701442667218124,24.987817423791217
CBAA,low,eager_b1,candidate_filter_only,invalid_goal,0-7,0-7,0,rp2040_a,21,0.0005770948095238095,0.000471556,0.00051994,0.000889133,0.000898444,0.000907499,0.017611190476190478,0.017752,0.0014020000000000005,0.018713,0.018898,0.019317,38.160079437772346,37.1854032182816,34.01542716849298,56.97657038227271,58.19302479010203,61.28236785140016
CBAA,low,eager_b1,candidate_filter_only,invalid_goal,0-7,0-7,0,rp2040_b,12,0.0006978495833333333,0.0007625485,0.0001074130000000001,0.0008044567,0.0008802969499999998,0.000972351,0.017732916666666668,0.017679,0.0010532499999999986,0.0192142,0.01933555,0.019478,29.031686662804688,23.106907705830743,3.5461129630370607,56.552073695329995,60.066246603956735,60.29215199541722
CBAA,low,eager_b1,candidate_filter_only,invalid_goal,0-7,0-7,0,rp2040_c,1,0.001185631,0.001185631,0.0,0.001185631,0.001185631,0.001185631,0.026057,0.026057,0.0,0.026057,0.026057,0.026057,21.97732684115041,21.97732684115041,0.0,21.97732684115041,21.97732684115041,21.97732684115041
CBAA,low,eager_b1,candidate_filter_only,invalid_goal,8-15,8-15,0,rp2040_b,1,0.000480363,0.000480363,0.0,0.000480363,0.000480363,0.000480363,0.030132,0.030132,0.0,0.030132,0.030132,0.030132,62.72756228102497,62.72756228102497,0.0,62.72756228102497,62.72756228102497,62.72756228102497
CBAA,low,eager_b1,candidate_filter_only,task_arrival_eager,0-7,0-7,1,rp2040_a,575,0.0006534367704347827,0.000784693,0.0005077835,0.0008987534000000001,0.0009549814,0.001646329,0.01852517391304348,0.018525,0.0018760000000000027,0.0202546,0.020865199999999997,0.024355,34.867812486003125,23.80757213392995,32.85038064537609,59.559247362709684,61.10592735757977,68.716325585824
CBAA,low,eager_b1,candidate_filter_only,task_arrival_eager,0-7,0-7,1,rp2040_b,1252,0.0007199577811501598,0.0007796789999999999,9.093825000000002e-05,0.0008541634,0.00086965555,0.001124984,0.01907832907348243,0.018945999999999998,0.0020700000000000024,0.020988700000000002,0.02172145,0.028315,29.484261786479347,24.5242563269725,4.5667740276679964,58.38754074326999,62.732843143676476,73.82762002793403
CBAA,low,eager_b1,candidate_filter_only,task_arrival_eager,0-7,0-7,1,rp2040_c,869,0.0005794940494821634,0.000727491,0.000477673,0.0008270318,0.0008492907999999999,0.002325556,0.018710698504027616,0.018647,0.0019470000000000008,0.0205942,0.021131399999999998,0.024293,39.756449593009,26.86844611974959,35.630343138235745,62.60420739308483,64.55852834547825,73.00456785671355
CBAA,low,eager_b1,candidate_filter_only,task_arrival_eager,8-15,8-15,1,rp2040_a,5,0.0012707848000000001,0.001262209,2.172799999999994e-05,0.0013374584,0.0013617842,0.00138611,0.0279972,0.027711,0.000730999999999999,0.029023,0.029241,0.029459,22.10105761819039,21.954367303671578,1.6259610838053469,23.880540466660438,24.231538963965388,24.58253746127034
CBAA,low,eager_b1,candidate_filter_only,task_arrival_eager,8-15,8-15,1,rp2040_b,8,0.00045085025,0.0004464785,1.3317750000000034e-05,0.0004677354,0.0004684172,0.000469099,0.03006025,0.030074,0.001886249999999999,0.0316226,0.0316758,0.031729,66.70326836692294,66.85253059702549,5.005591277291245,70.22293658000902,70.91611074009874,71.60928490018846
CBAA,low,eager_b1,candidate_filter_only,task_arrival_eager,8-15,8-15,1,rp2040_c,4,0.001235109,0.0012787955,6.482199999999997e-05,0.0012950517,0.00129694785,0.001298844,0.0284965,0.02862,0.0016194999999999994,0.0295156,0.029564800000000002,0.029614,23.152684815919862,23.029513459709023,0.8845517616540732,24.43104833061312,24.730272767937,25.02949720526088
CBAA,low,eager_b1,candidate_filter_only,task_completion,0-7,0-7,0,rp2040_a,622,0.0007565341318327975,0.000825142,0.00011906674999999996,0.0009195909,0.00095915605,0.012961224,0.017682012861736335,0.0176665,0.0016805000000000014,0.0192265,0.0197187,0.026424,28.254174779765293,21.578156031227195,4.374497802663736,54.79736025532515,58.614027098660166,68.3478421234175
CBAA,low,eager_b1,candidate_filter_only,task_completion,0-7,0-7,0,rp2040_b,1917,0.0007188699551382369,0.000796079,9.272899999999995e-05,0.0008448002,0.000861742,0.001136089,0.018284504955659885,0.018166,0.0017829999999999999,0.0201222,0.0208002,0.02817,28.80490751072028,23.129458310263455,4.263540059858951,57.17349749564521,61.4557346856779,75.36606866864345
CBAA,low,eager_b1,candidate_filter_only,task_completion,0-7,0-7,0,rp2040_c,550,0.0005642493836363637,0.0004170155,0.00050226825,0.0008719884,0.0008868230499999999,0.001137792,0.01800607818181818,0.017931,0.001850000000000001,0.019787199999999998,0.0203785,0.025368,39.49539822533853,43.050260959688266,34.2643256951372,60.25683813848188,62.684897467812746,70.59168745153109
CBAA,low,eager_b1,candidate_filter_only,task_completion,8-15,8-15,0,rp2040_a,1,0.001242146,0.001242146,0.0,0.001242146,0.001242146,0.001242146,0.026068,0.026068,0.0,0.026068,0.026068,0.026068,20.986260874325563,20.986260874325563,0.0,20.986260874325563,20.986260874325563,20.986260874325563
CBAA,low,eager_b1,candidate_filter_only,task_completion,8-15,8-15,0,rp2040_b,6,0.0004435263333333333,0.00044519899999999996,2.144474999999995e-05,0.000458319,0.0004598095,0.0004613,0.02828283333333333,0.027858,0.0002559999999999958,0.029442999999999997,0.0301115,0.03078,63.79215441163439,63.942541589796356,3.341368547226601,66.47196382658039,67.03504985842106,67.59813589026173
CBAA,low,eager_b1,candidate_filter_only,task_completion,8-15,8-15,0,rp2040_c,1,0.000550737,0.000550737,0.0,0.000550737,0.000550737,0.000550737,0.02411,0.02411,0.0,0.02411,0.02411,0.02411,43.777701516331746,43.777701516331746,0.0,43.777701516331746,43.777701516331746,43.777701516331746
CBAA,low,eager_b1,full_allocation_solve,task_arrival_eager,0-7,0-7,1,rp2040_a,160,0.0006824569124999999,0.0006924305,0.00043903424999999996,0.0009836798,0.0010422322999999996,0.001336896,0.02235225,0.022197500000000002,0.0021019999999999962,0.0245493,0.025302449999999997,0.027218000000000003,38.42765073199303,32.5129505325791,21.160018841218903,65.3530969110934,71.25628295871046,89.6507690378191
CBAA,low,eager_b1,full_allocation_solve,task_arrival_eager,0-7,0-7,1,rp2040_b,323,0.000645301492260062,0.00063666,0.0004102944999999999,0.0009266540000000001,0.0009695546,0.001131705,0.02313349535603715,0.022918,0.002262,0.0255642,0.0271159,0.031949,41.02359924124223,35.52366152012913,22.428000533234965,69.89156701340036,74.86719531130431,91.04302152960416
CBAA,low,eager_b1,full_allocation_solve,task_arrival_eager,0-7,0-7,1,rp2040_c,162,0.000541602487654321,0.000384724,0.0003471555,0.0009814319000000001,0.0010975162,0.001151072,0.022977123456790125,0.022643999999999997,0.0027290000000000023,0.025719199999999998,0.02801434999999999,0.030905,50.8568733075727,59.523802596082376,36.04078490547333,72.86494486644418,76.23019572087941,87.39999544138765
CBAA,low,eager_b1,full_allocation_solve,task_arrival_eager,8-15,8-15,1,rp2040_a,8,0.0012102748749999999,0.0012196824999999999,3.00547500000001e-05,0.0012445908,0.0012494964,0.001254402,0.030239500000000002,0.030315500000000002,0.0011199999999999995,0.0319884,0.0326842,0.03338,24.996925710167453,24.617912429499867,1.9671126375080732,26.761817777026803,26.93860111043531,27.115384443843823
CBAA,low,eager_b1,full_allocation_solve,task_arrival_eager,8-15,8-15,1,rp2040_b,12,0.00045973425,0.00045590150000000005,1.3579749999999985e-05,0.0004851713,0.0004895524,0.000492364,0.03251183333333333,0.0321385,0.0013609999999999942,0.034169700000000004,0.034692100000000003,0.035241,70.78889015193249,70.6049331076535,2.803021816808524,76.22303793735318,77.17693047715443,77.79299878913447
CBAA,low,eager_b1,full_allocation_solve,task_arrival_eager,8-15,8-15,1,rp2040_c,5,0.0012502621999999999,0.001275867,5.2990999999999846e-05,0.0012822296,0.0012828568,0.001283484,0.0310074,0.032161999999999996,0.0038860000000000006,0.033599000000000004,0.033716,0.033833,24.756869154441333,25.11973307257089,1.9815413296124014,26.27238904695575,26.395021658281113,26.517654269606474
CBAA,medium,bounded_b4_w5,cached_or_maintenance,final_release_flush,0-7,0-7,1,rp2040_a,2,0.000154446,0.000154446,3.984000000000008e-06,0.0001576332,0.0001580316,0.00015843,0.018453499999999998,0.018453499999999998,0.0014794999999999982,0.019637099999999998,0.01978505,0.019933,119.31417754807335,119.31417754807335,6.5016401632186955,124.51548967864831,125.16565369497017,125.81581771129204
CBAA,medium,bounded_b4_w5,cached_or_maintenance,invalid_goal,0-7,0-7,0,rp2040_a,1,0.000189022,0.000189022,0.0,0.000189022,0.000189022,0.000189022,0.016804,0.016804,0.0,0.016804,0.016804,0.016804,88.8997047962671,88.8997047962671,0.0,88.8997047962671,88.8997047962671,88.8997047962671
CBAA,medium,bounded_b4_w5,cached_or_maintenance,task_completion,0-7,0-7,0,rp2040_a,22,0.00016520718181818183,0.00016185,2.1223500000000018e-05,0.0001813723,0.00020667745,0.000226999,0.01828140909090909,0.018168,0.0024209999999999995,0.0200106,0.02031375,0.021098,112.16207338017017,115.17369917339664,20.699535053947855,126.05490986757161,128.35935470422808,142.4657745080687
CBAA,medium,bounded_b4_w5,cached_or_maintenance,task_completion,0-7,0-7,1,rp2040_a,2,0.000159647,0.000159647,1.4399999999999998e-05,0.000171167,0.000172607,0.000174047,0.015348,0.015348,8.299999999999974e-05,0.0154144,0.015422700000000001,0.015431,96.97295504915586,96.97295504915586,9.266760745318408,104.38636364541057,105.31303971994241,106.23971579447425
CBAA,medium,bounded_b4_w5,cached_or_maintenance,task_completion,0-7,8-15,0,rp2040_a,10,0.0001559221,0.000157565,2.156949999999999e-05,0.0001688155,0.00016949275,0.00017017,0.0177785,0.0177585,0.00086725,0.0186147,0.01876185,0.018909,114.58278344428743,112.6481246857286,13.534147464067487,126.46995403186204,128.8642152618623,131.25847649186258
CBAA,medium,bounded_b4_w5,cached_or_maintenance,task_completion,0-7,8-15,1,rp2040_a,1,0.000112226,0.000112226,0.0,0.000112226,0.000112226,0.000112226,0.016073,0.016073,0.0,0.016073,0.016073,0.016073,143.2199312102365,143.2199312102365,0.0,143.2199312102365,143.2199312102365,143.2199312102365
CBAA,medium,bounded_b4_w5,cached_or_maintenance,task_completion,8-15,8-15,0,rp2040_a,26,0.00015426169230769229,0.00015696999999999998,2.2375249999999992e-05,0.00017629800000000003,0.00019367325,0.000226615,0.01796026923076923,0.0183325,0.0015375000000000007,0.019096500000000002,0.019146749999999997,0.019228,122.06735396810251,115.11948610158697,19.509868587774648,134.38647138589474,176.40167295650633,260.8682044380458
CBAA,medium,bounded_b4_w5,candidate_filter_only,age_timeout,0-7,0-7,2-3,rp2040_a,7,0.0009603654285714286,0.000955128,2.465900000000001e-05,0.000981144,0.0009861165,0.000991089,0.021299714285714286,0.0207,0.0016490000000000012,0.022786999999999998,0.0230405,0.023294,22.18374885666802,21.476692955461623,1.9834134244441728,23.72188066454743,23.88554912210065,24.04921757965387
CBAA,medium,bounded_b4_w5,candidate_filter_only,batch_threshold,0-7,0-7,4,rp2040_a,2,0.0012869605,0.0012869605,0.00018741349999999994,0.0014368913000000001,0.0014556326500000001,0.001474374,0.024059999999999998,0.024059999999999998,0.000610999999999997,0.0245488,0.024609899999999997,0.024671,19.170899500292247,19.170899500292247,3.266522456204381,21.784117465255754,22.11076971087619,22.437421956496628
CBAA,medium,bounded_b4_w5,candidate_filter_only,final_release_flush,0-7,0-7,1,rp2040_a,6,0.001020459,0.0011206925000000001,5.358275000000019e-05,0.001152484,0.00115718,0.001161876,0.026783,0.026866,0.0005280000000000042,0.0272805,0.027300750000000002,0.027321,28.770749588053274,24.175109541985393,1.3034294233207646,39.082564786318116,46.25161703666491,53.420669287011705
CBAA,medium,bounded_b4_w5,candidate_filter_only,initial_allocation,8-15,8-15,5-8,rp2040_a,9,0.0011138166666666666,0.00119615,8.505300000000008e-05,0.0012583936,0.0012605828,0.001262772,0.026370333333333332,0.026886,0.001694000000000001,0.028380799999999998,0.0289864,0.029592,26.466748623961664,22.51625225755876,1.6723013223579812,32.33561135467821,47.477738733246454,62.61986611181473
CBAA,medium,bounded_b4_w5,candidate_filter_only,invalid_goal,0-7,0-7,0,rp2040_a,1,0.001129491,0.001129491,0.0,0.001129491,0.001129491,0.001129491,0.022889,0.022889,0.0,0.022889,0.022889,0.022889,20.2648803753195,20.2648803753195,0.0,20.2648803753195,20.2648803753195,20.2648803753195
CBAA,medium,bounded_b4_w5,candidate_filter_only,robot_idle,0-7,0-7,1,rp2040_a,51,0.0008397196862745098,0.00084487,3.645349999999994e-05,0.000899822,0.0009466585,0.001065529,0.018016039215686275,0.017798,0.0017230000000000023,0.019659,0.01997,0.02144,22.156390513933758,21.11795505729733,2.2231516493707595,23.52303628170421,24.594386726500804,52.63451850362477
CBAA,medium,bounded_b4_w5,candidate_filter_only,task_completion,0-7,0-7,0,rp2040_a,317,0.0009083163785488958,0.000897852,0.00012206499999999998,0.0011775004000000003,0.0013375476000000001,0.001544494,0.018714962145110408,0.01815,0.0023829999999999997,0.022007200000000008,0.023936799999999998,0.028196,22.349897687871316,20.328906823262518,3.1536124303668984,25.53428463582954,47.967048401223884,60.21829868119378
CBAA,medium,bounded_b4_w5,candidate_filter_only,task_completion,0-7,0-7,1,rp2040_a,4,0.001237754,0.001223228,0.00015194649999999998,0.0014006533,0.00143204965,0.001463446,0.025492,0.025146500000000002,0.0010485000000000008,0.026557200000000003,0.026795100000000002,0.027033,20.88602949787939,21.448752060605315,1.8322493747476756,23.034732842517016,23.351805301150623,23.66887775978423
CBAA,medium,bounded_b4_w5,candidate_filter_only,task_completion,0-7,0-7,2-3,rp2040_a,1,0.000468479,0.000468479,0.0,0.000468479,0.000468479,0.000468479,0.029463,0.029463,0.0,0.029463,0.029463,0.029463,62.89075924427776,62.89075924427776,0.0,62.89075924427776,62.89075924427776,62.89075924427776
CBAA,medium,bounded_b4_w5,candidate_filter_only,task_completion,8-15,8-15,0,rp2040_a,5,0.0013444246,0.00149777,0.000315477,0.0016348268,0.0016667104,0.001698594,0.0302674,0.028809,0.004611999999999998,0.0338458,0.0343074,0.034769,24.040052542350537,22.431169756614985,2.1239887113454508,31.18847458345296,33.84668458384428,36.50489458423561
CBAA,medium,bounded_b4_w5,full_allocation_solve,age_timeout,0-7,0-7,1,rp2040_a,4,0.00102368025,0.0010925995,0.00015384624999999989,0.001144567,0.001147735,0.001150903,0.027660999999999998,0.0275465,0.00022149999999999948,0.027953,0.0280325,0.028111999999999998,27.844531484805096,25.240018359048563,4.543603405996922,33.75971653497959,35.408263171664345,37.056809808349115
CBAA,medium,bounded_b4_w5,full_allocation_solve,age_timeout,0-7,0-7,2-3,rp2040_a,5,0.0009215452,0.000977566,0.000281015,0.0010844242,0.0010974936,0.001110563,0.0250092,0.023911,0.0010489999999999979,0.0274962,0.0283666,0.029237,27.710141996734194,26.326286757257357,4.872326626064524,32.26935653033365,32.91633925252214,33.56332197471064
CBAA,medium,bounded_b4_w5,full_allocation_solve,age_timeout,8-15,8-15,2-3,rp2040_a,3,0.0012511093333333334,0.001249764,0.00040304199999999994,0.001573812,0.001614318,0.001654824,0.030792333333333328,0.030399,0.0008459999999999995,0.031547799999999994,0.031691399999999995,0.031834999999999995,26.452579113494355,25.47280926638949,8.572534666914379,33.506560816446836,34.510779760204,35.51499870396117
CBAA,medium,bounded_b4_w5,full_allocation_solve,batch_threshold,0-7,0-7,4,rp2040_a,8,0.00085295725,0.0008873514999999999,0.0004086567500000001,0.001119266,0.001124425,0.001129584,0.02787125,0.027242500000000003,0.0015779999999999995,0.030655099999999998,0.03101805,0.031381,36.57008308537281,30.5394859920486,13.581858926945486,58.70153029499448,59.36401475864995,60.02649922230543
CBAA,medium,bounded_b4_w5,full_allocation_solve,batch_threshold,8-15,8-15,4,rp2040_a,8,0.0013238521249999999,0.0013835175,0.0004403834999999999,0.0015870943,0.00159588665,0.001604679,0.036678749999999996,0.036629499999999995,0.004001750000000005,0.039874,0.040056,0.040237999999999996,28.674721099620022,26.0216807882018,7.284386833415407,36.455621071635484,38.47358238168941,40.491543691743345
CBAA,medium,bounded_b4_w5,full_allocation_solve,final_release_flush,0-7,0-7,1,rp2040_a,2,0.0009637835,0.0009637835,8.567949999999992e-05,0.0010323271,0.00104089505,0.001049463,0.0298425,0.0298425,0.0002454999999999957,0.0300389,0.03006345,0.030088,31.23338819785108,31.23338819785108,3.031345819987358,33.65846485384097,33.9615994358397,34.264734017838435
CBAA,medium,bounded_b4_w5,full_allocation_solve,robot_idle,0-7,0-7,1,rp2040_a,4,0.0006488955,0.00064148,0.000145699,0.0007455975,0.00075478425,0.000763971,0.02060275,0.0204615,0.0015202500000000008,0.0219839,0.02221445,0.022445,32.22026166367214,33.3243350560706,4.535423592979896,35.63624693007728,35.83499252131593,36.03373811255459
CBAA,medium,bounded_b4_w5,full_allocation_solve,task_completion,0-7,0-7,1,rp2040_a,26,0.0010624615,0.001139969,0.00020485425000000006,0.001251487,0.0012743585,0.001364066,0.029921,0.0298495,0.002033750000000001,0.031210500000000002,0.032045,0.033284,29.778736552978952,26.66161020787831,5.495032647669159,45.26629502315038,47.039018215283555,49.548875473571265
CBAA,medium,bounded_b4_w5,full_allocation_solve,task_completion,0-7,0-7,2-3,rp2040_a,8,0.001205509375,0.0011869415000000001,6.737975000000005e-05,0.0013763175,0.00145786925,0.001539421,0.0294295,0.029502,0.0015332499999999999,0.0308666,0.0310143,0.031162000000000002,24.738527023929564,25.366574520631193,1.5736481536842533,26.79580926364715,27.564108333593424,28.3324074035397
CBAA,medium,bounded_b4_w5,full_allocation_solve,task_completion,8-15,8-15,1,rp2040_a,12,0.0012992148333333335,0.001311857,0.00013558574999999995,0.0014436462,0.0014763813,0.001515945,0.03331933333333333,0.0337135,0.0034005000000000007,0.03697569999999999,0.037036299999999994,0.03711,26.079409238315964,25.919009704242036,3.8458129415995046,29.095299138999412,32.1609635976122,35.705518386839124
CBAA,medium,bounded_b4_w5,full_allocation_solve,task_completion,8-15,8-15,2-3,rp2040_a,8,0.001361842875,0.0013662385,7.88290000000001e-05,0.0014085592,0.0014119976,0.001415436,0.034041875,0.0336955,0.0014557499999999987,0.0359659,0.036901449999999995,0.037836999999999996,25.009876934880154,24.772122101619512,1.0527129848408663,26.408690287313547,27.113227389604717,27.817764491895886
CBAA,medium,count_b4,cached_or_maintenance,invalid_goal,0-7,0-7,0,rp2040_a,1,0.000128285,0.000128285,0.0,0.000128285,0.000128285,0.000128285,0.016376,0.016376,0.0,0.016376,0.016376,0.016376,127.65327201153681,127.65327201153681,0.0,127.65327201153681,127.65327201153681,127.65327201153681
CBAA,medium,count_b4,cached_or_maintenance,invalid_goal,0-7,0-7,0,rp2040_b,2,0.000146665,0.000146665,4.240000000000027e-06,0.00015005700000000002,0.000150481,0.000150905,0.017599,0.017599,0.0009390000000000023,0.0183502,0.018444099999999998,0.018538,120.28015817062345,120.28015817062345,9.879575022285096,128.1838181884515,129.17177569068002,130.15973319290853
CBAA,medium,count_b4,cached_or_maintenance,invalid_goal,0-7,0-7,0,rp2040_c,2,0.000181731,0.000181731,2.521000000000001e-05,0.000201899,0.00020442,0.000206941,0.0186565,0.0186565,0.0006835000000000035,0.0192033,0.01927165,0.01934,105.2062680705497,105.2062680705497,18.355426526341446,119.89060929162287,121.72615194425701,123.56169459689116
CBAA,medium,count_b4,cached_or_maintenance,task_completion,0-7,0-7,0,rp2040_a,29,0.00015375368965517242,0.000164944,3.523899999999998e-05,0.0002008374,0.00020880699999999998,0.000216412,0.017344206896551726,0.017358,0.0020380000000000016,0.0191978,0.019569,0.019938,127.6673549801859,104.66050495657069,20.538847001927095,246.2818058449297,262.1297602381403,279.25930864362147
CBAA,medium,count_b4,cached_or_maintenance,task_completion,0-7,0-7,0,rp2040_b,27,0.00014034785185185184,0.000145241,2.2558500000000004e-05,0.0001712568,0.0001787099,0.000192266,0.017618666666666668,0.017516,0.0016135000000000038,0.019083600000000003,0.0197237,0.020358,135.73814211772083,120.3853553840704,31.93709152841076,179.7520029766432,209.94188196688432,358.4152689415847
CBAA,medium,count_b4,cached_or_maintenance,task_completion,0-7,0-7,0,rp2040_c,51,0.0001689060980392157,0.000166007,2.489699999999999e-05,0.000197249,0.000212779,0.000225345,0.017348823529411764,0.017375,0.0010714999999999995,0.018467,0.019189,0.021884,105.88439358426508,103.37002082958314,19.25897641431621,122.42819899908287,128.5277690040554,241.78987819970038
CBAA,medium,count_b4,cached_or_maintenance,task_completion,0-7,0-7,1,rp2040_a,5,0.0001282598,0.000128371,1.2285000000000009e-05,0.00013817200000000002,0.000139881,0.00014159,0.0182128,0.018782,0.00020100000000000326,0.0191584,0.0192452,0.019332,143.20506000272186,145.64816041006145,17.759761784792403,159.97244392698408,160.02928257959007,160.08612123219606
CBAA,medium,count_b4,cached_or_maintenance,task_completion,0-7,0-7,1,rp2040_b,1,0.000125657,0.000125657,0.0,0.000125657,0.000125657,0.000125657,0.017966,0.017966,0.0,0.017966,0.017966,0.017966,142.9765154348743,142.9765154348743,0.0,142.9765154348743,142.9765154348743,142.9765154348743
CBAA,medium,count_b4,cached_or_maintenance,task_completion,0-7,0-7,2-3,rp2040_a,2,0.0001406645,0.0001406645,4.129499999999995e-06,0.0001439681,0.00014438105,0.000144794,0.0169295,0.0169295,0.0008174999999999988,0.0175835,0.01766525,0.017747,120.2868027207146,120.2868027207146,2.2804307281851948,122.11114730326275,122.33919037608128,122.5672334488998
CBAA,medium,count_b4,cached_or_maintenance,task_completion,0-7,8-15,0,rp2040_a,11,0.0001574829090909091,0.000165175,3.430950000000001e-05,0.000185436,0.0002045045,0.000223573,0.017105454545454545,0.017251,0.0017269999999999994,0.019071,0.019408500000000002,0.019746,114.17604139957538,109.99770957398076,23.445130568851624,156.93106510897042,163.1680144078342,169.40496370669797
CBAA,medium,count_b4,cached_or_maintenance,task_completion,0-7,8-15,0,rp2040_b,11,0.00016753554545454548,0.000173021,2.5029000000000007e-05,0.00018912,0.000194152,0.000199184,0.016873090909090907,0.016623,0.0008590000000000021,0.017677,0.017894,0.018111,102.8299133592614,97.91874974714051,11.470025824299583,131.22125133298317,133.2530886773808,135.2849260217784
CBAA,medium,count_b4,cached_or_maintenance,task_completion,0-7,8-15,0,rp2040_c,30,0.00015987793333333334,0.000166773,2.076599999999997e-05,0.0001775889,0.0001859345,0.000199393,0.017702833333333334,0.017653000000000002,0.0016534999999999987,0.018740600000000003,0.01890155,0.019897,112.9846631560923,107.64628742944619,18.36277297916773,136.9233352487393,142.19284575334652,175.92451989755116
CBAA,medium,count_b4,cached_or_maintenance,task_completion,0-7,8-15,1,rp2040_a,2,0.00012103999999999999,0.00012103999999999999,7.006999999999996e-06,0.0001266456,0.0001273463,0.000128047,0.016651,0.016651,0.00014300000000000423,0.0167654,0.0167797,0.016794,138.09728471963595,138.09728471963595,9.175873050483233,145.43798316002253,146.35557046507085,147.27315777011918
CBAA,medium,count_b4,cached_or_maintenance,task_completion,0-7,8-15,1,rp2040_b,1,0.000127514,0.000127514,0.0,0.000127514,0.000127514,0.000127514,0.015956,0.015956,0.0,0.015956,0.015956,0.015956,125.1313581253823,125.1313581253823,0.0,125.1313581253823,125.1313581253823,125.1313581253823
CBAA,medium,count_b4,cached_or_maintenance,task_completion,0-7,8-15,1,rp2040_c,1,5.3598e-05,5.3598e-05,0.0,5.3598e-05,5.3598e-05,5.3598e-05,0.016877,0.016877,0.0,0.016877,0.016877,0.016877,314.8811522818016,314.8811522818016,0.0,314.8811522818016,314.8811522818016,314.8811522818016
CBAA,medium,count_b4,cached_or_maintenance,task_completion,0-7,8-15,2-3,rp2040_b,1,0.000147801,0.000147801,0.0,0.000147801,0.000147801,0.000147801,0.01677,0.01677,0.0,0.01677,0.01677,0.01677,113.46337304889683,113.46337304889683,0.0,113.46337304889683,113.46337304889683,113.46337304889683
CBAA,medium,count_b4,cached_or_maintenance,task_completion,8-15,8-15,0,rp2040_a,19,0.00019501557894736841,0.000183574,3.1281e-05,0.000223444,0.0002543914999999995,0.000462935,0.016979578947368422,0.017083,0.0018395000000000009,0.018214599999999997,0.018833299999999997,0.019592,93.22304575209628,92.84576029522772,18.004010427635308,116.69143654864754,120.47265726246798,128.9224638884277
CBAA,medium,count_b4,cached_or_maintenance,task_completion,8-15,8-15,0,rp2040_b,17,0.00014440676470588236,0.000153503,1.345099999999999e-05,0.000167944,0.00017047419999999998,0.000175831,0.017425470588235296,0.017601,0.001792000000000002,0.0188686,0.0189202,0.019081,131.152004971966,115.40776692877465,25.92490316926819,193.10052644905156,251.82307156834324,275.54827841365307
CBAA,medium,count_b4,cached_or_maintenance,task_completion,8-15,8-15,0,rp2040_c,49,0.00015513944897959183,0.000157727,2.0191999999999986e-05,0.00016791600000000002,0.00018336279999999999,0.000195013,0.017859714285714284,0.017862,0.001580999999999999,0.0192454,0.019989399999999997,0.02047,116.23625565400089,114.34050894878347,15.129911312893952,129.70183204466022,143.99596567008533,155.86184096597975
CBAA,medium,count_b4,cached_or_maintenance,task_completion,8-15,8-15,1,rp2040_a,3,0.00012942266666666666,0.000120058,5.6157e-05,0.0001762212,0.0001832416,0.000190262,0.016677666666666667,0.016119,0.001013,0.0175998,0.0177849,0.01797,146.3147647612315,149.67765579969682,59.91330158214032,193.57282781925068,199.05972432169492,204.54662082413915
CBAA,medium,count_b4,cached_or_maintenance,task_completion,8-15,8-15,1,rp2040_b,5,0.0001476598,0.000147182,2.0670000000000004e-05,0.0001621612,0.0001642496,0.000166338,0.0161302,0.016129,0.00030900000000000025,0.0166972,0.0168616,0.017026,110.06996668501529,104.61197700805805,14.98272351420681,123.11416875963693,124.51095419775288,125.90773963586884
CBAA,medium,count_b4,cached_or_maintenance,task_completion,8-15,8-15,1,rp2040_c,8,0.000129792125,0.000128525,1.3737999999999983e-05,0.0001402058,0.00014362039999999998,0.000147035,0.018106125,0.018475,0.002269750000000001,0.0200376,0.0203358,0.020634,140.3603237178417,139.44048924292477,34.35329599941049,161.88445251157898,164.0580655810107,166.23167865044246
CBAA,medium,count_b4,cached_or_maintenance,task_completion,8-15,8-15,2-3,rp2040_a,2,0.000145995,0.000145995,4.065699999999999e-05,0.00017852059999999998,0.00018258629999999998,0.000186652,0.0165675,0.0165675,0.001024500000000001,0.0173871,0.01748955,0.017592,125.13893676875085,125.13893676875085,41.86632249191483,158.63199476228272,162.81862701147418,167.00525926066567
CBAA,medium,count_b4,cached_or_maintenance,task_completion,8-15,8-15,2-3,rp2040_b,2,0.000127706,0.000127706,1.6960000000000326e-06,0.0001290628,0.0001292324,0.000129402,0.01706,0.01706,6.700000000000109e-05,0.0171136,0.0171203,0.017127,133.6046817110707,133.6046817110707,1.2496949257042047,134.60443765163404,134.72940714420446,134.85437663677487
CBAA,medium,count_b4,candidate_filter_only,batch_threshold,0-7,0-7,4,rp2040_a,1,0.001062383,0.001062383,0.0,0.001062383,0.001062383,0.001062383,0.026979,0.026979,0.0,0.026979,0.026979,0.026979,25.39479641522878,25.39479641522878,0.0,25.39479641522878,25.39479641522878,25.39479641522878
CBAA,medium,count_b4,candidate_filter_only,batch_threshold,0-7,0-7,4,rp2040_c,1,0.001109413,0.001109413,0.0,0.001109413,0.001109413,0.001109413,0.022734,0.022734,0.0,0.022734,0.022734,0.022734,20.49191779797064,20.49191779797064,0.0,20.49191779797064,20.49191779797064,20.49191779797064
CBAA,medium,count_b4,candidate_filter_only,batch_threshold,8-15,8-15,4,rp2040_c,2,0.0008677085,0.0008677085,0.0004198254999999999,0.0012035688999999998,0.0012455514499999998,0.001287534,0.0266995,0.0266995,0.0013105000000000026,0.0277479,0.02787895,0.02801,39.220722322358625,39.220722322358625,17.465957011306635,53.193487931403936,54.940083632534595,56.68667933366526
CBAA,medium,count_b4,candidate_filter_only,initial_allocation,8-15,8-15,5-8,rp2040_a,5,0.001146595,0.00111617,6.3743e-05,0.0012341262,0.0012579466,0.001281767,0.0248688,0.026418,0.0021480000000000006,0.0270396,0.0271488,0.027258,21.889611572825327,22.974803576266595,1.1567170996747862,24.268575786045503,24.344793461170973,24.421011136296443
CBAA,medium,count_b4,candidate_filter_only,initial_allocation,8-15,8-15,5-8,rp2040_b,8,0.001141243125,0.00116113,0.00010469925000000007,0.0012098381,0.00121234655,0.001214855,0.02513525,0.0255135,0.0022612499999999994,0.0277927,0.02819835,0.028604,22.08873682927726,22.47310342030339,2.3537792144324996,24.370670463499476,25.092332427905056,25.813994392310637
CBAA,medium,count_b4,candidate_filter_only,initial_allocation,8-15,8-15,5-8,rp2040_c,15,0.0011586788,0.001150976,0.00013581100000000022,0.0012316336,0.0012380567,0.001248829,0.024974533333333333,0.025227,0.0020269999999999976,0.0275422,0.0280046,0.028461,21.65158689871176,22.72875875754792,2.9470659247494666,24.194368297387445,24.674291484812844,25.121952147575414
CBAA,medium,count_b4,candidate_filter_only,invalid_goal,0-7,0-7,0,rp2040_a,1,0.001058697,0.001058697,0.0,0.001058697,0.001058697,0.001058697,0.021328,0.021328,0.0,0.021328,0.021328,0.021328,20.14551850057193,20.14551850057193,0.0,20.14551850057193,20.14551850057193,20.14551850057193
CBAA,medium,count_b4,candidate_filter_only,invalid_goal,0-7,0-7,0,rp2040_b,2,0.0011669039999999999,0.0011669039999999999,2.881499999999996e-05,0.001189956,0.0011928375,0.001195719,0.025335,0.025335,0.00036299999999999527,0.0256254,0.0256617,0.025698,21.73223093693688,21.73223093693688,0.8477254636609679,22.41041130786565,22.495183854231747,22.579956400597844
CBAA,medium,count_b4,candidate_filter_only,invalid_goal,0-7,0-7,0,rp2040_c,2,0.000877718,0.000877718,0.0003617860000000001,0.0011671468,0.0012033254,0.001239504,0.024949,0.024949,3.599999999999784e-05,0.0249778,0.0249814,0.024985,34.2223138274623,34.2223138274623,14.06505737649482,45.47435972865815,46.88086546630763,48.287371203957115
CBAA,medium,count_b4,candidate_filter_only,invalid_goal,8-15,0-7,0,rp2040_a,1,0.001236745,0.001236745,0.0,0.001236745,0.001236745,0.001236745,0.02666,0.02666,0.0,0.02666,0.02666,0.02666,21.55658603835067,21.55658603835067,0.0,21.55658603835067,21.55658603835067,21.55658603835067
CBAA,medium,count_b4,candidate_filter_only,invalid_goal,8-15,8-15,0,rp2040_a,2,0.0011635355,0.0011635355,5.103750000000004e-05,0.0012043655,0.00120946925,0.001214573,0.026612,0.026612,0.0003909999999999955,0.0269248,0.0269639,0.027003,22.900992665581434,22.900992665581434,0.6684879087656661,23.43578299259397,23.502631783470537,23.569480574347104
CBAA,medium,count_b4,candidate_filter_only,robot_idle,0-7,0-7,1,rp2040_c,96,0.0008245290000000001,0.000830674,2.1977749999999886e-05,0.0008611385,0.0008656207499999999,0.000884555,0.017865322916666666,0.018056,0.0015367499999999965,0.018961,0.0192955,0.020879,21.885640818720017,21.67329525303701,2.10310701618614,23.32476091295655,23.74104205352772,52.553456475137516
CBAA,medium,count_b4,candidate_filter_only,task_completion,0-7,0-7,0,rp2040_a,108,0.0008995650185185186,0.000880003,0.00019575799999999987,0.0011955447,0.00121524105,0.001581502,0.019495250000000002,0.0182535,0.004515000000000002,0.0247373,0.02608165,0.028073,23.53697189677467,20.901320837251035,4.046378320554425,36.542722548184635,48.86845052019978,59.600845081651364
CBAA,medium,count_b4,candidate_filter_only,task_completion,0-7,0-7,0,rp2040_b,96,0.0008719841354166667,0.0008769425000000001,7.959375000000002e-05,0.0010850205,0.00113988075,0.001240645,0.019358822916666667,0.018384499999999998,0.004370499999999999,0.023890500000000002,0.0250785,0.026423,23.906591910718802,20.9799709501452,1.9275839212663826,27.8579236211791,51.332770378419255,61.89944194820692
CBAA,medium,count_b4,candidate_filter_only,task_completion,0-7,0-7,0,rp2040_c,373,0.0008991884316353888,0.000894768,6.334799999999996e-05,0.0010314768,0.0011336272,0.001257614,0.018704707774798927,0.018077,0.0025270000000000015,0.022143,0.0244034,0.029502,21.259409920298754,20.250249515972357,2.6619433400408283,23.334245360370012,25.28487871716353,65.38295153874788
CBAA,medium,count_b4,candidate_filter_only,task_completion,0-7,0-7,1,rp2040_a,13,0.0010147573846153847,0.00103475,0.00010659600000000003,0.0012308336000000002,0.001291068,0.001335744,0.022529999999999998,0.021408,0.003861,0.0254414,0.026684799999999995,0.028168,23.491844367701738,21.876488820374217,2.9059714034082766,26.704140927296883,35.32877521465602,47.10272477645568
CBAA,medium,count_b4,candidate_filter_only,task_completion,0-7,0-7,1,rp2040_b,3,0.000638295,0.00040782,0.00036327850000000014,0.0009750128000000002,0.0010459119000000002,0.001116811,0.024525666666666668,0.024617,0.0009730000000000016,0.0252858,0.0253694,0.025453,48.30149208122895,57.64062576626944,21.589699651747253,63.705425065618655,64.4635249780373,65.22162489045596
CBAA,medium,count_b4,candidate_filter_only,task_completion,0-7,0-7,1,rp2040_c,4,0.00099836475,0.0011332535,0.0001564082500000001,0.0011507961,0.00115305705,0.001155318,0.025267,0.025328000000000003,0.0008790000000000013,0.0257892,0.0258066,0.025824,27.518468158946288,22.590413825464772,5.791304560109364,36.98815928905222,40.00084796131621,43.01353663358022
CBAA,medium,count_b4,candidate_filter_only,task_completion,0-7,0-7,2-3,rp2040_a,6,0.0010725423333333333,0.0010458575,8.990075e-05,0.0011748265,0.00119707275,0.001219319,0.022904333333333332,0.0227775,0.0007530000000000002,0.023841,0.024039,0.024237,21.475295254577954,22.145496250696105,0.8554729129654142,22.68500628799429,22.811802371238613,22.938598454482936
CBAA,medium,count_b4,candidate_filter_only,task_completion,0-7,0-7,2-3,rp2040_b,2,0.0011739795,0.0011739795,4.672950000000008e-05,0.0012113631,0.00121603605,0.001220709,0.024224,0.024224,0.0007659999999999959,0.0248368,0.0249134,0.02499,20.640822578971914,20.640822578971914,0.16911310521527056,20.776113063144127,20.793024373665656,20.80993568418718
CBAA,medium,count_b4,candidate_filter_only,task_completion,0-7,0-7,2-3,rp2040_c,14,0.0009010803571428571,0.000899048,3.623950000000004e-05,0.0009335628,0.000949529,0.000977167,0.019511642857142856,0.019556,0.0010767499999999978,0.0205632,0.02095305,0.02154,21.69861534839585,21.748623757694666,1.5257287634745396,23.064732760746754,24.388132131616604,26.13890510266862
CBAA,medium,count_b4,candidate_filter_only,task_completion,8-15,8-15,0,rp2040_a,16,0.0012487073125,0.0013261505,0.00023910575000000013,0.0015490825,0.00162298875,0.00172134,0.029057375,0.028751,0.0015177499999999983,0.03053,0.03193375,0.035704,25.04504037666706,22.636210415535345,5.273489173730184,31.504288851953703,41.08987697029343,54.630022866829
CBAA,medium,count_b4,candidate_filter_only,task_completion,8-15,8-15,0,rp2040_b,11,0.0011656738181818182,0.001283523,0.00025453200000000024,0.001399838,0.0014020305,0.001404223,0.02925518181818182,0.029729,0.002519500000000001,0.030937,0.0312655,0.031594,26.55314287592316,23.14513473569749,4.414133073428648,29.925660482583904,39.72823277818038,49.530805073776854
CBAA,medium,count_b4,candidate_filter_only,task_completion,8-15,8-15,0,rp2040_c,21,0.0012276183333333334,0.001275325,0.00011152199999999997,0.001353854,0.001358513,0.001506658,0.028412619047619048,0.0278,0.002674999999999997,0.031298,0.031652,0.033517,23.894587728836644,22.41858287215555,2.3234278292109423,24.952950013081164,28.719538602345605,48.75480370421269
CBAA,medium,count_b4,candidate_filter_only,task_completion,8-15,8-15,1,rp2040_a,1,0.001208865,0.001208865,0.0,0.001208865,0.001208865,0.001208865,0.02895,0.02895,0.0,0.02895,0.02895,0.02895,23.948083532900696,23.948083532900696,0.0,23.948083532900696,23.948083532900696,23.948083532900696
CBAA,medium,count_b4,candidate_filter_only,task_completion,8-15,8-15,1,rp2040_c,4,0.0011896705,0.0011596605,5.3070000000000114e-05,0.0012572822,0.0012759760999999999,0.00129467,0.029166749999999998,0.028949500000000003,0.0010007500000000016,0.030202,0.0304165,0.030631,24.543793532497823,24.553857678984112,0.4770716760514411,25.159833320603422,25.283990612882334,25.408147905161247
CBAA,medium,count_b4,candidate_filter_only,task_completion,8-15,8-15,2-3,rp2040_b,1,0.001454876,0.001454876,0.0,0.001454876,0.001454876,0.001454876,0.034928,0.034928,0.0,0.034928,0.034928,0.034928,24.007544285561107,24.007544285561107,0.0,24.007544285561107,24.007544285561107,24.007544285561107
CBAA,medium,count_b4,candidate_filter_only,task_completion,8-15,8-15,2-3,rp2040_c,2,0.0012687595000000001,0.0012687595000000001,2.645849999999999e-05,0.0012899263000000002,0.0012925721500000001,0.001295218,0.028143,0.028143,0.001075999999999997,0.0290038,0.0291114,0.029219,22.17346607621994,22.17346607621994,0.3856706868577753,22.482002625706162,22.520569694391938,22.559136763077717
CBAA,medium,count_b4,full_allocation_solve,batch_threshold,0-7,0-7,4,rp2040_a,3,0.000991513,0.001244037,0.00043939200000000015,0.0012925218,0.0012985824,0.001304643,0.027481999999999996,0.027486999999999998,0.0017575000000000021,0.028887,0.029061999999999998,0.029237,35.87701115857964,22.409961958942024,21.934301852172187,56.11786248024491,60.33135004540776,64.54483761057062
CBAA,medium,count_b4,full_allocation_solve,batch_threshold,0-7,0-7,4,rp2040_b,2,0.0009209165000000001,0.0009209165000000001,0.0002306125000000001,0.0011054065000000001,0.00112846775,0.001151529,0.028069,0.028069,0.0006250000000000006,0.028569,0.0286315,0.028694,32.69992716679634,32.69992716679634,8.867266417479566,39.79374030078,40.68046694252796,41.56719358427591
CBAA,medium,count_b4,full_allocation_solve,batch_threshold,0-7,0-7,4,rp2040_c,9,0.001021133,0.001071865,0.00014214700000000002,0.0011581172,0.0011592616,0.001160406,0.026517222222222223,0.02661,0.001400000000000002,0.0278034,0.0282042,0.028605000000000002,26.517593919667664,25.20666376612258,2.1040265288096442,31.482162852318993,33.998151170007915,36.514139487696845
CBAA,medium,count_b4,full_allocation_solve,batch_threshold,8-15,8-15,4,rp2040_a,13,0.0010908674615384617,0.001143808,0.000547302,0.0015030274000000002,0.0016195373999999998,0.001745181,0.03225369230769231,0.031802000000000004,0.0029759999999999995,0.0351878,0.0355036,0.035845,33.59213648412342,26.32350673249874,21.226806641197243,46.56128569566375,53.569210851044204,63.99765172505137
CBAA,medium,count_b4,full_allocation_solve,batch_threshold,8-15,8-15,4,rp2040_b,10,0.0011391336,0.001222612,0.00024974125,0.0013867519,0.00139956745,0.001412383,0.0336577,0.033946000000000004,0.004934000000000008,0.037266099999999996,0.03846354999999999,0.039660999999999995,32.66688105820879,25.97192806910582,10.27390769126201,41.29605777013283,56.12561004554559,70.95516232095841
CBAA,medium,count_b4,full_allocation_solve,batch_threshold,8-15,8-15,4,rp2040_c,23,0.0011659575217391304,0.001264564,0.00028903999999999996,0.001387704,0.0015451320999999999,0.001568548,0.033109130434782606,0.032913,0.0022980000000000014,0.036758799999999994,0.038667799999999995,0.039456,30.711204517399644,26.19886075989671,9.290527676510997,45.525456984632235,52.67736898851333,55.334616118303735
CBAA,medium,count_b4,full_allocation_solve,final_release_flush,0-7,0-7,1,rp2040_b,4,0.001038798,0.0010353345,3.4790999999999945e-05,0.0010729671,0.00107913555,0.001085304,0.02701525,0.0268475,0.0025877499999999998,0.0286577,0.02880185,0.028946,26.035061100402274,25.27472595504971,1.8526282861089989,28.0136577657509,28.49114113074103,28.968624495731166
CBAA,medium,count_b4,full_allocation_solve,final_release_flush,0-7,0-7,2-3,rp2040_c,4,0.000979105,0.001033288,0.00010293300000000015,0.0010725670000000002,0.0010775350000000001,0.001082503,0.027519000000000002,0.027364,0.0009654999999999976,0.028313500000000002,0.02844325,0.028573,28.563978573509488,26.48369210186206,2.243886260160483,32.394244694462586,33.643733436694774,34.89322217892697
CBAA,medium,count_b4,full_allocation_solve,final_release_flush,8-15,8-15,1,rp2040_a,4,0.001349527,0.0012758980000000001,0.000244614,0.0015839812,0.0016336350999999999,0.001683289,0.03153025,0.031614500000000004,0.0007242500000000027,0.0322666,0.032377300000000005,0.032488,23.834163055737882,25.083564810740604,3.529915116968496,26.370709022738534,26.41967153307688,26.46863404341523
CBAA,medium,count_b4,full_allocation_solve,invalid_goal,0-7,0-7,1,rp2040_a,2,0.001236557,0.001236557,8.31700000000009e-06,0.0012432106,0.0012440423,0.001244874,0.0284065,0.0284065,0.00014550000000000327,0.0285229,0.028537450000000002,0.028552,22.974083510966793,22.974083510966793,0.27218757611716526,23.191833571860524,23.21905232947224,23.246271087083958
CBAA,medium,count_b4,full_allocation_solve,invalid_goal,8-15,8-15,1,rp2040_a,2,0.0012764675,0.0012764675,1.831649999999973e-05,0.0012911207,0.00129295235,0.001294784,0.02952,0.02952,0.0006390000000000007,0.0300312,0.030095100000000003,0.030159000000000002,23.138270798817825,23.138270798817825,0.8326198176503041,23.80436665293807,23.887628634703102,23.970890616468132
CBAA,medium,count_b4,full_allocation_solve,robot_idle,0-7,0-7,1,rp2040_c,4,0.00064440725,0.0006016725,0.00010969124999999995,0.0007589116,0.0007859203,0.000812929,0.0196665,0.019805,0.0023169999999999996,0.0209253,0.02093565,0.020946,30.963170845876256,32.549415145499026,2.237704477493601,32.94271726128184,32.96524127023098,32.98776527918012
CBAA,medium,count_b4,full_allocation_solve,task_completion,0-7,0-7,1,rp2040_a,37,0.000983158,0.001048267,0.000285158,0.0012344656,0.0012927905999999998,0.001439348,0.026470945945945946,0.026393,0.0030579999999999982,0.0296948,0.0300158,0.032218,29.927127694955466,25.49524686904859,5.543401763639281,50.02715033732843,61.073877636045054,68.21800283853125
CBAA,medium,count_b4,full_allocation_solve,task_completion,0-7,0-7,1,rp2040_b,27,0.0009088396296296296,0.001078044,0.0005546305000000001,0.0011539146,0.0011805612,0.00123946,0.028006074074074076,0.027954,0.0016844999999999985,0.029605000000000003,0.0306538,0.031027,36.6869598856866,26.182003265246767,24.509723601144096,66.38485812211051,67.57028599075632,69.9936052562286
CBAA,medium,count_b4,full_allocation_solve,task_completion,0-7,0-7,1,rp2040_c,22,0.0010930107727272727,0.0011165304999999999,9.565474999999996e-05,0.0011875986,0.0012298441,0.001237195,0.028079227272727273,0.0282145,0.0014639999999999966,0.029547900000000002,0.0298868,0.030219,26.05534370453672,24.987156741357087,2.3897984642965824,28.07749479577034,30.42095830538941,40.650973536949294
CBAA,medium,count_b4,full_allocation_solve,task_completion,0-7,0-7,2-3,rp2040_a,12,0.0008999942500000001,0.0009720944999999999,0.00031465349999999987,0.0011082265,0.0011188419,0.001129711,0.02657683333333333,0.026403500000000003,0.002742500000000002,0.028683300000000002,0.0287222,0.028753,32.151630639508674,25.303612639729888,12.844101097437793,51.069357322647946,53.32554501744246,54.888002783204435
CBAA,medium,count_b4,full_allocation_solve,task_completion,0-7,0-7,2-3,rp2040_b,26,0.0010849061538461538,0.0011251305,8.722825000000004e-05,0.0012008445000000001,0.001210598,0.001214822,0.028206461538461538,0.0280655,0.0012805000000000004,0.029582,0.02962475,0.030346,26.51007161394762,25.37526593967582,2.0038473453484364,29.580380176524127,36.98376842709959,40.16187610874047
CBAA,medium,count_b4,full_allocation_solve,task_completion,0-7,0-7,2-3,rp2040_c,11,0.0009586135454545453,0.001056961,0.000421722,0.00117395,0.0011920175,0.001210085,0.02693981818181818,0.028268,0.004135999999999997,0.029138999999999998,0.029498,0.029857,29.461725157983008,26.74460079416365,6.550443717797641,38.47567180492218,40.86827695780417,43.26088211068617
CBAA,medium,count_b4,full_allocation_solve,task_completion,8-15,8-15,1,rp2040_a,6,0.0008793483333333333,0.000829651,0.00023109150000000006,0.0011561565,0.00124957225,0.001342988,0.031321833333333333,0.03106,0.0021347499999999943,0.033313499999999996,0.03392525,0.034537,38.082213435319,37.10357539647095,11.975026231976457,49.73286752990468,50.49294281069377,51.25301809148286
CBAA,medium,count_b4,full_allocation_solve,task_completion,8-15,8-15,1,rp2040_b,10,0.001059316,0.0010697089999999999,0.00045996450000000016,0.0014076684,0.0014118012,0.001415934,0.032799,0.0323455,0.0034275,0.0354712,0.0357916,0.036112000000000005,33.875632898432606,31.489045552087504,8.283910835493867,43.73615314493882,54.91681667666711,66.09748020839545
CBAA,medium,count_b4,full_allocation_solve,task_completion,8-15,8-15,1,rp2040_c,47,0.0011546480638297872,0.001246743,0.00023655749999999982,0.001354801,0.0013941515999999997,0.00144784,0.03192902127659574,0.031665,0.0033000000000000043,0.0362348,0.036580999999999995,0.037147,29.332310534704785,25.633547471721908,4.426128089963804,38.13075272098054,44.47664142227799,66.06567499298343
CBAA,medium,count_b4,full_allocation_solve,task_completion,8-15,8-15,2-3,rp2040_a,12,0.0011202200833333334,0.0011189939999999999,0.00048726399999999995,0.0014939539,0.0015631574499999999,0.001646879,0.03304633333333334,0.0330535,0.002177749999999999,0.036156499999999994,0.036765099999999995,0.037391,33.065700753875184,29.308020802531914,10.633816902126902,54.343033470695985,58.73959487625685,61.58545419423384
CBAA,medium,count_b4,full_allocation_solve,task_completion,8-15,8-15,2-3,rp2040_b,9,0.001172529,0.001238285,0.00022809299999999996,0.0013663362000000002,0.0014282846000000001,0.001490233,0.03320066666666667,0.031755,0.005913000000000005,0.037362599999999996,0.038203799999999996,0.039044999999999996,28.981078911898926,27.375348407398146,9.941641242211883,35.60862090103039,36.16443120551609,36.720241510001784
CBAA,medium,count_b4,full_allocation_solve,task_completion,8-15,8-15,2-3,rp2040_c,41,0.0012117584878048782,0.00128863,0.00016803900000000004,0.001380239,0.00141861,0.001453265,0.0322220243902439,0.032269,0.0028439999999999993,0.034478,0.035114,0.035789999999999995,27.708567300709884,25.12507889338874,3.1695242560796792,34.92290508449907,36.22677855182605,68.70723408085436
CBAA,medium,eager_b1,cached_or_maintenance,invalid_goal,0-7,0-7,0,rp2040_a,3,0.00016910466666666667,0.000172573,1.4704499999999994e-05,0.0001801746,0.00018112479999999998,0.000182075,0.018117666666666667,0.018648,0.001785499999999999,0.01944,0.019539,0.019638,108.05190373909305,102.41933269257176,17.765560230002166,123.39086613239904,126.01230781237744,128.63374949235586
CBAA,medium,eager_b1,cached_or_maintenance,invalid_goal,0-7,0-7,0,rp2040_b,1,6.4288e-05,6.4288e-05,0.0,6.4288e-05,6.4288e-05,6.4288e-05,0.016443,0.016443,0.0,0.016443,0.016443,0.016443,255.7709059233449,255.7709059233449,0.0,255.7709059233449,255.7709059233449,255.7709059233449
CBAA,medium,eager_b1,cached_or_maintenance,invalid_goal,0-7,0-7,0,rp2040_c,1,0.000103002,0.000103002,0.0,0.000103002,0.000103002,0.000103002,0.015535,0.015535,0.0,0.015535,0.015535,0.015535,150.82231412982273,150.82231412982273,0.0,150.82231412982273,150.82231412982273,150.82231412982273
CBAA,medium,eager_b1,cached_or_maintenance,invalid_goal,8-15,8-15,0,rp2040_c,3,0.00014348866666666666,0.000174719,6.482949999999998e-05,0.0001891062,0.00019090459999999997,0.000192703,0.016487333333333336,0.016889,0.0009285000000000022,0.0171498,0.0171824,0.017215,143.25997330503637,98.52963902036986,77.98249866182398,214.59203909142883,229.09983910031121,243.60763910919357
CBAA,medium,eager_b1,cached_or_maintenance,task_arrival_eager,0-7,0-7,1,rp2040_a,5,0.0001393054,0.000142013,3.324800000000002e-05,0.0001783256,0.0001834008,0.000188476,0.0174896,0.018197,0.0019950000000000002,0.018824,0.018859,0.018894,137.60849741006365,114.8538335951699,18.274078223501647,190.51345169479123,209.66988294998708,228.82631420518294
CBAA,medium,eager_b1,cached_or_maintenance,task_arrival_eager,0-7,0-7,1,rp2040_b,9,0.000126421,0.00012976,9.21099999999999e-06,0.00014457940000000001,0.0001499662,0.000155353,0.01693211111111111,0.017386,0.0011450000000000002,0.0176902,0.0177026,0.017715,141.83842955336257,131.62685291823013,13.092770263725427,163.09549872910063,214.26530661645864,265.43511450381675
CBAA,medium,eager_b1,cached_or_maintenance,task_arrival_eager,0-7,0-7,1,rp2040_c,14,0.00014791842857142857,0.00014565299999999998,2.493225000000003e-05,0.0001649539,0.0001707831,0.000178691,0.017448642857142857,0.017320000000000002,0.002530499999999998,0.0198584,0.0202034,0.020765,118.62819657764155,120.04242209818759,16.73605627812441,133.1838756805758,137.26889941443395,141.5100375909782
CBAA,medium,eager_b1,cached_or_maintenance,task_arrival_eager,8-15,8-15,1,rp2040_a,13,0.0001316046153846154,0.000129601,1.2768000000000024e-05,0.0001472418,0.0001494932,0.000152027,0.01722707692307692,0.016911,0.001233999999999999,0.018654,0.0188962,0.019126,131.78071038833627,131.01343485511123,15.376893756373775,149.7985183542094,153.46628929460016,157.04002808988764
CBAA,medium,eager_b1,cached_or_maintenance,task_arrival_eager,8-15,8-15,1,rp2040_b,22,0.00012246859090909093,0.000130221,1.610649999999998e-05,0.0001406848,0.00014358729999999997,0.00014976,0.017819818181818183,0.01811,0.001124,0.0189864,0.01913705,0.01975,157.76251620766195,135.93366099566512,17.17909424874759,264.4863765552348,285.563806353616,343.80206438269596
CBAA,medium,eager_b1,cached_or_maintenance,task_arrival_eager,8-15,8-15,1,rp2040_c,43,0.0001400976511627907,0.000138624,2.225750000000001e-05,0.0001634266,0.0001649976,0.000178751,0.017497511627906977,0.017238,0.0015550000000000008,0.0195916,0.0197281,0.020841,126.35649761793432,124.97486115623211,18.867072587060818,149.65722820567703,151.10465873508494,164.91235032093573
CBAA,medium,eager_b1,cached_or_maintenance,task_completion,0-7,0-7,0,rp2040_a,68,0.0001737510882352941,0.00015685999999999999,2.300125000000001e-05,0.0001951703,0.00023802859999999998,0.00070473,0.017536264705882352,0.0175965,0.0017232500000000026,0.0192247,0.01976165,0.022137,114.67942565782535,113.24225152378405,23.271506873033886,145.54811338606675,158.39702059975014,322.38381947022646
CBAA,medium,eager_b1,cached_or_maintenance,task_completion,0-7,0-7,0,rp2040_b,22,0.00016196209090909092,0.0001637725,1.6759500000000015e-05,0.00019623830000000005,0.00020234305,0.000207016,0.017063181818181818,0.016975999999999998,0.0016802500000000012,0.01862,0.019115249999999997,0.01994,109.7247280148178,103.76210056006548,19.72337434072523,123.83181481680822,125.68019318672181,233.5055129270985
CBAA,medium,eager_b1,cached_or_maintenance,task_completion,0-7,0-7,0,rp2040_c,52,0.00016413290384615384,0.000161939,2.6648249999999997e-05,0.0001940335,0.00019639885,0.000224178,0.017321173076923078,0.017086999999999998,0.0016739999999999984,0.0190256,0.0197174,0.020944,107.955278115694,106.9845227562939,16.284534694116033,124.2166688299748,128.4809398935444,215.04146770545364
CBAA,medium,eager_b1,cached_or_maintenance,task_completion,0-7,8-15,0,rp2040_a,8,0.000162485375,0.00015428350000000002,3.1519249999999985e-05,0.00022870549999999998,0.00022900825,0.000229311,0.01752125,0.017483,0.0005844999999999982,0.0182769,0.01861395,0.018951,117.96097095077772,109.90271839983272,23.698679569632645,155.8061790673617,185.19112669976676,214.57607433217186
CBAA,medium,eager_b1,cached_or_maintenance,task_completion,0-7,8-15,0,rp2040_b,19,0.00014940147368421052,0.000156986,1.4177999999999999e-05,0.0001696122,0.0001754401,0.000177664,0.01745636842105263,0.017545,0.001119000000000002,0.0188886,0.0191746,0.019243,125.28088989790206,109.74667021505785,20.154160513645266,143.32731334113265,220.89735380337433,298.7440423516992
CBAA,medium,eager_b1,cached_or_maintenance,task_completion,0-7,8-15,0,rp2040_c,19,0.00016143205263157895,0.000163587,2.4465499999999998e-05,0.00019015660000000002,0.00019388409999999997,0.000207358,0.017863,0.017623,0.0010939999999999978,0.019121399999999997,0.0197332,0.020077,116.20064521365161,110.01843884449907,14.850477104900875,128.0660367829477,142.53143914144005,250.53719067067013
CBAA,medium,eager_b1,cached_or_maintenance,task_completion,8-15,8-15,0,rp2040_a,15,0.00017580446666666665,0.000176287,4.833500000000002e-05,0.0002364918,0.00024630969999999997,0.00026208,0.01713093333333333,0.017057,0.001006,0.0180448,0.018724299999999996,0.019929,106.07280852353348,96.67776764839036,22.588009302030457,134.91613007765957,164.3719000710516,229.078271549799
CBAA,medium,eager_b1,cached_or_maintenance,task_completion,8-15,8-15,0,rp2040_b,45,0.00015077113333333332,0.00015552,3.528900000000001e-05,0.0001877658,0.0001959104,0.00021904,0.017416555555555557,0.017416,0.001021000000000001,0.018704,0.0190306,0.020514,123.64008859845552,115.53747457361916,22.677392356483153,162.03329057966087,209.29254633702828,286.13446721442494
CBAA,medium,eager_b1,cached_or_maintenance,task_completion,8-15,8-15,0,rp2040_c,75,0.00015392146666666666,0.000157855,2.2067500000000025e-05,0.0001754386,0.0001827666,0.000214974,0.017856613333333334,0.017962,0.002024999999999999,0.0195168,0.0199003,0.020522,121.09047738302901,114.34938474953978,16.72689046666295,138.12717231049632,156.95560516984736,302.36772701153654
CBAA,medium,eager_b1,candidate_filter_only,initial_allocation,8-15,8-15,5-8,rp2040_a,5,0.001117453,0.001106291,8.403399999999998e-05,0.001188398,0.001201697,0.001214996,0.0246324,0.026249,0.002192999999999997,0.0266412,0.0266526,0.026664,22.172945874686175,24.10215756975335,4.565396265499121,25.024255617438204,25.145910963674893,25.267566309911583
CBAA,medium,eager_b1,candidate_filter_only,initial_allocation,8-15,8-15,5-8,rp2040_b,7,0.0006709634285714286,0.000472897,0.000409441,0.0011661204,0.0011700852,0.00117405,0.02505,0.025985,0.001127000000000003,0.0268374,0.0271287,0.02742,44.54951747200469,53.84682076646712,29.859501182130373,60.46859193209587,61.70458512084916,62.94057830960246
CBAA,medium,eager_b1,candidate_filter_only,initial_allocation,8-15,8-15,5-8,rp2040_c,12,0.0011293084166666665,0.001130117,0.00010450725000000008,0.0012204216,0.00122617235,0.001227131,0.025071833333333335,0.0254225,0.002458749999999999,0.0276934,0.027897250000000002,0.028131,22.26518711312434,23.150707671281374,1.6282025185378544,24.342962765589007,24.83173899373535,25.392674977443058
CBAA,medium,eager_b1,candidate_filter_only,invalid_goal,0-7,0-7,0,rp2040_a,3,0.0010555686666666668,0.00104188,4.4390000000000054e-05,0.0010938184,0.0011003107,0.001106803,0.022977666666666664,0.023082,0.0022404999999999994,0.0247492,0.0249576,0.025166,21.754817468834318,22.67335806754857,1.4420131732396264,22.724719887683168,22.731140115199995,22.73756034271682
CBAA,medium,eager_b1,candidate_filter_only,invalid_goal,0-7,0-7,0,rp2040_b,1,0.001157953,0.001157953,0.0,0.001157953,0.001157953,0.001157953,0.025684,0.025684,0.0,0.025684,0.025684,0.025684,22.180520280184084,22.180520280184084,0.0,22.180520280184084,22.180520280184084,22.180520280184084
CBAA,medium,eager_b1,candidate_filter_only,invalid_goal,0-7,0-7,0,rp2040_c,4,0.00083721375,0.0008570525,7.381974999999996e-05,0.00091071,0.000919599,0.000928488,0.01816175,0.017794,0.0009492499999999987,0.019400200000000003,0.0197161,0.020032,21.86246042790961,21.239839796515234,1.95074983919951,24.239519397627358,24.81051751956575,25.381515641504144
CBAA,medium,eager_b1,candidate_filter_only,invalid_goal,8-15,0-7,0,rp2040_c,1,0.001241832,0.001241832,0.0,0.001241832,0.001241832,0.001241832,0.023514,0.023514,0.0,0.023514,0.023514,0.023514,18.93492839611155,18.93492839611155,0.0,18.93492839611155,18.93492839611155,18.93492839611155
CBAA,medium,eager_b1,candidate_filter_only,invalid_goal,8-15,8-15,0,rp2040_c,3,0.0014076393333333334,0.001374326,7.83820000000001e-05,0.0014770076,0.0014898428,0.001502678,0.029262,0.027898,0.002227,0.0313164,0.0317437,0.032171,20.768245550813077,20.72792169484826,0.6207034551504407,21.272873086126395,21.34099201003616,21.40911093394593
CBAA,medium,eager_b1,candidate_filter_only,task_arrival_eager,0-7,0-7,1,rp2040_a,12,0.0008624108333333333,0.0009551865,0.00020061225000000005,0.0010610169999999998,0.0010902614499999999,0.001124593,0.024027666666666666,0.024106500000000003,0.001580000000000005,0.0255511,0.02557055,0.025592,32.217080883504295,25.20919736282156,7.022219692466859,61.69484008877603,66.18847283088486,68.34122935390432
CBAA,medium,eager_b1,candidate_filter_only,task_arrival_eager,0-7,0-7,1,rp2040_b,3,0.00109435,0.00107198,3.916399999999995e-05,0.0011301552000000002,0.0011374271000000001,0.001144699,0.025430333333333333,0.025185,0.0020589999999999983,0.0271266,0.0273693,0.027612,23.263697377427707,22.03173192069177,1.8782631394141234,25.012700980306196,25.385322112757997,25.757943245209802
CBAA,medium,eager_b1,candidate_filter_only,task_arrival_eager,0-7,0-7,1,rp2040_c,14,0.0010205097142857143,0.0010360355,9.021724999999994e-05,0.0011200008000000002,0.0011524587500000001,0.001197013,0.02387357142857143,0.023941,0.002543,0.0266643,0.0268905,0.027144,23.7556261942623,22.730680746462088,1.0717745160790066,25.074732503083755,29.976515419439487,38.56974781318738
CBAA,medium,eager_b1,candidate_filter_only,task_arrival_eager,8-15,8-15,1,rp2040_a,5,0.0013681192,0.001321363,1.3024999999999842e-05,0.0015086978,0.0015683274,0.001627957,0.029547200000000003,0.028747,0.002317000000000003,0.0318654,0.0323742,0.032883,21.837623529645082,21.206890158117034,2.176326776417934,25.067355051002046,25.743064975960298,26.41877490091855
CBAA,medium,eager_b1,candidate_filter_only,task_arrival_eager,8-15,8-15,1,rp2040_b,8,0.0012412785,0.0012639145,9.858174999999997e-05,0.0013265708999999999,0.00134710995,0.001367649,0.02963425,0.0302355,0.004098000000000001,0.032654699999999995,0.03304285,0.033431,23.914398972477972,23.959400033062558,1.916760392093721,26.056869196513865,26.659875807939446,27.262882419365027
CBAA,medium,eager_b1,candidate_filter_only,task_arrival_eager,8-15,8-15,1,rp2040_c,23,0.001323586304347826,0.001333913,0.00013770299999999987,0.001515531,0.0015257409,0.001562618,0.0317064347826087,0.031945,0.0034670000000000013,0.0347402,0.035320399999999995,0.035441,25.295917820036458,22.962499132508533,2.387680800502803,25.01079433173745,31.94023668730898,67.90916166878084
CBAA,medium,eager_b1,candidate_filter_only,task_completion,0-7,0-7,0,rp2040_a,95,0.0009609292631578947,0.000937577,0.00019162499999999996,0.0012655042000000003,0.0013390227999999999,0.001491603,0.020915736842105265,0.020505,0.0037799999999999986,0.0237612,0.0248245,0.028077,23.466459045499136,21.67856616921503,3.6536924214349895,25.988922709150767,43.61123980816403,60.43165100383361
CBAA,medium,eager_b1,candidate_filter_only,task_completion,0-7,0-7,0,rp2040_b,130,0.0008932247076923077,0.0009099755,9.134699999999998e-05,0.0011134221,0.001147153,0.001233653,0.018510976923076922,0.017167500000000002,0.0023377499999999996,0.0253328,0.025922,0.027206,22.00769635677472,19.580089715174587,3.7596220977043977,23.90801311819795,48.580686165680014,58.616296485716376
CBAA,medium,eager_b1,candidate_filter_only,task_completion,0-7,0-7,0,rp2040_c,329,0.000898824085106383,0.000907447,8.096099999999995e-05,0.0010396195999999999,0.0010892098,0.001271988,0.018591446808510638,0.017952,0.002617999999999999,0.0228278,0.0248822,0.028624,21.284711986888116,20.109594819952935,2.9149524817309427,24.299948220172883,29.616477388500574,58.6287396990326
CBAA,medium,eager_b1,candidate_filter_only,task_completion,8-15,8-15,0,rp2040_a,7,0.0013892755714285715,0.0013662,0.00038454449999999986,0.0017550104000000001,0.0017833097,0.001811609,0.029055714285714285,0.029287,0.004472500000000001,0.0324792,0.0330426,0.033606,21.709928438381706,19.3440930843577,5.59442451779903,28.582121637586383,29.396863467949842,30.2116052983133
CBAA,medium,eager_b1,candidate_filter_only,task_completion,8-15,8-15,0,rp2040_b,21,0.0011659886190476191,0.001276996,0.00018685900000000016,0.001392638,0.001402529,0.001435041,0.02883404761904762,0.028039,0.003131000000000002,0.032052,0.033085,0.034619,27.31546330800857,23.23480398780239,2.966452785149926,31.65815977760561,61.85522705733602,63.088956866287546
CBAA,medium,eager_b1,candidate_filter_only,task_completion,8-15,8-15,0,rp2040_c,74,0.0013126250540540542,0.0013373069999999998,0.0001735332499999999,0.0014880062000000001,0.0015069515999999999,0.001640438,0.029917783783783788,0.0297505,0.002829999999999999,0.033099800000000006,0.03376585,0.036431,23.37011342093561,22.512474269456046,1.9035472142204384,24.84254282576711,26.8971923824065,62.52799713309357
CBAA,medium,eager_b1,full_allocation_solve,task_arrival_eager,0-7,0-7,1,rp2040_a,122,0.0010248135573770493,0.001053698,0.00017424374999999996,0.0012140687,0.0012802760500000001,0.001693461,0.027307639344262297,0.027318,0.003357249999999999,0.0303279,0.030891799999999997,0.033857,28.33890765388546,25.946083725754352,3.169585896258379,34.594377572177514,40.38250674619079,74.2155749418265
CBAA,medium,eager_b1,full_allocation_solve,task_arrival_eager,0-7,0-7,1,rp2040_b,43,0.0010210508604651162,0.001091436,8.436350000000001e-05,0.0011899754,0.0011963507,0.001208329,0.02888332558139535,0.028721,0.003634499999999999,0.03222,0.0337474,0.037164,31.131321346241325,26.62064693891459,3.83362284635513,54.34489421070858,65.63150782285727,80.51771968264913
CBAA,medium,eager_b1,full_allocation_solve,task_arrival_eager,0-7,0-7,1,rp2040_c,97,0.0010552230103092785,0.001108089,0.0001380960000000001,0.0012121452,0.0012232302,0.001279192,0.028187865979381443,0.028146,0.0028950000000000017,0.030667800000000002,0.0322686,0.038606,27.92802554592307,25.381120593537357,4.051137156920216,33.81668839151305,40.7353483011932,80.23259680449566
CBAA,medium,eager_b1,full_allocation_solve,task_arrival_eager,8-15,8-15,1,rp2040_a,28,0.0013291511071428573,0.001296578,0.0002491097500000002,0.0015597776,0.00159511615,0.001747212,0.03479614285714286,0.0332775,0.007189000000000008,0.0404727,0.041846549999999996,0.045687000000000005,27.197487604282163,25.70636433305431,3.3598475483017154,30.29666045050104,30.936336826675948,66.62340281858125
CBAA,medium,eager_b1,full_allocation_solve,task_arrival_eager,8-15,8-15,1,rp2040_b,94,0.0011711729042553191,0.0012331655,9.935874999999995e-05,0.0013503026999999999,0.00139195975,0.001465921,0.03276825531914894,0.032106,0.0026690000000000012,0.036685100000000005,0.03962245,0.043713,30.411540728924006,26.140189772233782,3.0722760020132185,33.45494611800559,68.85351819780446,83.13929650924415
CBAA,medium,eager_b1,full_allocation_solve,task_arrival_eager,8-15,8-15,1,rp2040_c,182,0.0013067695274725274,0.0013297165,0.00017750274999999978,0.0014865085,0.0015238982,0.002504402,0.034210565934065934,0.034030000000000005,0.003860500000000003,0.037514,0.03973664999999999,0.046023999999999995,27.29963523475285,25.46519430772436,2.0275402403768013,28.237594838240256,31.45455445007748,72.2291661932141
CBAA,medium,eager_b1,full_allocation_solve,task_completion,8-15,8-15,0,rp2040_c,1,0.001280153,0.001280153,0.0,0.001280153,0.001280153,0.001280153,0.032476,0.032476,0.0,0.032476,0.032476,0.032476,25.36884263052932,25.36884263052932,0.0,25.36884263052932,25.36884263052932,25.36884263052932
HIPC,high,count_b4,full_allocation_solve,batch_threshold,16-31,16-31,4,rp2040_a,36,0.023672903444444445,0.023567308000000002,0.011238908750000002,0.033684203999999995,0.03442798025,0.035593421,1.4291343611111111,1.3659919999999999,0.58691425,2.057297,2.13952525,2.1454,60.99213893824107,58.628171556398705,5.730148856716184,67.48309101182855,76.78741413288807,93.25681222513772
HIPC,high,count_b4,full_allocation_solve,batch_threshold,16-31,16-31,4,rp2040_b,16,0.022205672625,0.020816277,0.012099618,0.0313799535,0.033268623750000004,0.03454449,1.3962625,1.3776875,0.5970582500000001,1.955202,2.00797375,2.1502660000000002,63.33045878839896,59.829253899639255,5.482104435553943,73.53199879975008,74.59189850679498,75.1169007409998
HIPC,high,count_b4,full_allocation_solve,batch_threshold,16-31,16-31,4,rp2040_c,12,0.020755995500000003,0.020461128000000002,0.00926782075,0.02781963,0.0281687368,0.028333486,1.3279605833333334,1.2922325,0.56656825,1.7529498999999997,1.76245885,1.7739390000000002,64.43008202191074,61.68914094343454,6.5864905813065775,70.51043467585146,77.18428721910686,85.06098237912171
HIPC,high,count_b4,full_allocation_solve,batch_threshold,32-50,32-50,4,rp2040_a,25,0.04186704604,0.040883319,0.008003881999999997,0.04920571160000001,0.049923237999999995,0.05035364,2.73548808,2.759136,0.3802909999999997,3.1823776,3.2723039999999997,3.325513,66.05761723449605,63.38619469153862,5.510109737838398,73.26221575802967,77.14001783412228,110.19548505653216
HIPC,high,count_b4,full_allocation_solve,batch_threshold,32-50,32-50,4,rp2040_b,16,0.0489355101875,0.046038783,0.008217227000000007,0.0579619345,0.058557703249999996,0.059034479,3.4606695625,3.2661895,0.6775197500000001,4.236189,4.243305250000001,4.244905,70.63807161298624,69.59245749239616,4.633772070808419,75.69073369745557,78.62897780739544,81.63697388348722
HIPC,high,count_b4,full_allocation_solve,batch_threshold,32-50,32-50,4,rp2040_c,16,0.047013502625,0.045029497,0.012426755750000004,0.0556053445,0.05633316,0.056599845,3.2889090625,3.2150385,0.9754295000000002,3.854794,3.85869325,3.8602,70.25752600002522,69.9078751442361,4.1021667058660825,72.06933353808952,78.10606124383419,94.99794061649943
HIPC,high,count_b4,full_allocation_solve,batch_threshold,8-15,8-15,4,rp2040_a,9,0.00895473288888889,0.009329673,0.0008796330000000012,0.0097553142,0.009851262599999999,0.009947211,0.5168491111111112,0.5259370000000001,0.004005999999999954,0.5329134000000001,0.5340122,0.535111,58.18703339967582,56.43444188074533,6.417998842613365,65.53055305369881,66.66653600976998,67.80251896584116
HIPC,high,count_b4,full_allocation_solve,batch_threshold,8-15,8-15,4,rp2040_b,4,0.008648618,0.008748687,0.0008502579999999978,0.00919026,0.0092124195,0.009234579,0.526018,0.5346009999999999,0.011811499999999975,0.5379689,0.53855345,0.539138,60.955649390741385,60.976419552572224,4.386583692542828,63.356073157387584,63.42165543720738,63.48723771702716
HIPC,high,count_b4,full_allocation_solve,batch_threshold,8-15,8-15,4,rp2040_c,4,0.0080951055,0.0081088885,0.0012743305000000003,0.008754887499999999,0.00876012925,0.008765371,0.50405775,0.5100285,0.03403524999999996,0.5281427,0.52950335,0.530864,62.630686382229044,60.95666574829677,5.514272679060596,68.87921395264549,70.32201446859625,71.76481498454702
HIPC,high,count_b4,full_allocation_solve,final_release_flush,32-50,32-50,1,rp2040_a,4,0.046130658,0.045963197,0.003201825999999998,0.048877867799999995,0.04928787689999999,0.049697886,2.88542175,2.887883,0.031918249999999926,2.9030372,2.9031791,2.903321,62.73222203103248,62.42471832761562,4.183452822275022,66.47552667987637,67.07730337634797,67.67908007281957
HIPC,high,count_b4,full_allocation_solve,final_release_flush,32-50,32-50,1,rp2040_b,4,0.059496927500000005,0.059256255,0.0010808049999999972,0.0603508041,0.06049540755,0.060640011,4.2439195000000005,4.2412469999999995,0.009225500000001219,4.2548532,4.2574056,4.259958,71.34189559932915,71.49747046824595,1.4494326512418496,72.2997361406687,72.35151506775544,72.40329399484219
HIPC,high,count_b4,full_allocation_solve,final_release_flush,32-50,32-50,2-3,rp2040_a,4,0.0518339965,0.0514236615,0.0014457630000000027,0.0531157412,0.0533704181,0.053625095,3.37019425,3.368471,0.017700250000000306,3.3850997,3.3874053500000003,3.389711,65.04582894772179,65.57422277111112,1.2406131385808123,66.03826885876458,66.07424766878381,66.11022647880306
HIPC,high,count_b4,full_allocation_solve,initial_allocation,8-15,8-15,5-8,rp2040_a,12,0.00310188125,0.00229472,0.0022861165,0.0053510446,0.0055212453,0.005641263,0.12261100000000001,0.057308,0.18702425,0.26905,0.2740931,0.276699,34.50237536510995,27.918002000171654,21.074764428905155,55.62064704664308,57.01513060440083,57.82707013919824
HIPC,high,count_b4,full_allocation_solve,initial_allocation,8-15,8-15,5-8,rp2040_b,7,0.0028581174285714286,0.002210017,0.0016726225,0.004151007,0.004313544,0.004476081,0.133789,0.057943,0.18322149999999998,0.2418306,0.2428068,0.243783,41.54694478761994,29.883587806381833,30.082390142154196,64.08684625916908,65.67924927203072,67.27165228489237
HIPC,high,count_b4,full_allocation_solve,initial_allocation,8-15,8-15,5-8,rp2040_c,7,0.002895688285714286,0.002071218,0.0020633929999999997,0.004593273,0.004604313,0.004615353,0.13812685714285713,0.057961,0.19010299999999997,0.25086579999999997,0.2515669,0.252268,42.40768290633925,33.073229462968726,25.21488644072525,61.446698324220456,66.53789125964475,71.62908419506907
HIPC,high,count_b4,full_allocation_solve,task_completion,0-7,0-7,0,rp2040_a,224,0.0014104959375,0.0013682375,0.0004245067499999999,0.0018108279,0.0020118326999999992,0.00317697,0.02593175892857143,0.020589999999999997,0.01097,0.0318097,0.043033049999999996,0.205335,18.227365512618494,16.483008751620964,5.244822772189787,22.379796475542904,26.67650445815513,64.6323383601356
HIPC,high,count_b4,full_allocation_solve,task_completion,0-7,0-7,0,rp2040_b,87,0.0015755976666666667,0.001339557,0.00030558600000000005,0.002422524,0.0027245450000000005,0.003591026,0.04470126436781609,0.02313,0.012421500000000005,0.1132062,0.14258189999999998,0.202452,24.639824663282983,17.73150502569519,8.65599913212597,47.371437860654694,50.337219997375016,114.2245347208325
HIPC,high,count_b4,full_allocation_solve,task_completion,0-7,0-7,0,rp2040_c,68,0.0013622786911764704,0.0012824965,6.521749999999996e-05,0.0016046244000000002,0.0022549238999999997,0.00293274,0.029809808823529415,0.022412,0.004052750000000001,0.0406289,0.06641999999999999,0.138061,20.68663036958183,17.766187219704914,2.654028611155134,28.869397499170336,42.7119929797082,62.658469195929804
HIPC,high,count_b4,full_allocation_solve,task_completion,16-31,16-31,0,rp2040_a,97,0.019305803824742267,0.019622595,0.00844533,0.026934322200000003,0.028439931999999987,0.031756615,1.3010835051546392,1.358266,0.593701,1.807672,1.8596915999999983,2.060178,68.31117573097002,66.17031445370081,5.074407021653968,72.0357674070401,74.69429944209443,138.08250879329836
HIPC,high,count_b4,full_allocation_solve,task_completion,16-31,16-31,0,rp2040_b,49,0.01854599251020408,0.018336023,0.011471525000000002,0.026068813800000003,0.028036720199999993,0.031240632,1.3963298163265305,1.371219,0.749133,1.9194168,2.0636631999999997,2.085058,77.53033991043178,72.31971289926769,6.194942655846091,85.36339407699752,123.19365252289046,140.99069566782956
HIPC,high,count_b4,full_allocation_solve,task_completion,16-31,16-31,0,rp2040_c,49,0.016799302734693877,0.017211761,0.009968241000000001,0.024069873600000003,0.029047131799999983,0.031942374,1.2294537142857143,1.279295,0.748361,1.7302424,2.0950659999999988,2.214726,74.21366598939137,71.97803155766913,4.358066475462252,77.98774348879742,85.20254547080539,137.40605073386413
HIPC,high,count_b4,full_allocation_solve,task_completion,16-31,16-31,1,rp2040_a,12,0.022049856500000003,0.021648801,0.006467296999999997,0.0287557672,0.029065192349999998,0.029297998,1.3792196666666667,1.2926894999999998,0.341688,1.7032512,1.71900755,1.733406,64.22454048675608,59.152141967353515,14.991806841694569,75.36991693265881,82.44934080392053,90.81344127310282
HIPC,high,count_b4,full_allocation_solve,task_completion,16-31,16-31,1,rp2040_b,6,0.028321944833333335,0.026924477000000002,0.0053918390000000024,0.032927801,0.0331999745,0.033472148,1.7283548333333334,1.5942505,0.36929749999999983,2.0446514999999996,2.04892875,2.053206,60.96537717091177,61.1877071873521,1.5193786705540617,62.4954949749634,62.94921453914333,63.402934103323254
HIPC,high,count_b4,full_allocation_solve,task_completion,16-31,16-31,1,rp2040_c,4,0.015526395,0.015461948500000001,0.0010240889999999989,0.0162104465,0.01627852325,0.0163466,0.92838875,0.9188769999999999,0.02607225000000002,0.9538302,0.9595506,0.965271,59.836565151334725,59.81324843717121,1.9059421642396899,61.14083386954705,61.26181920060513,61.38280453166321
HIPC,high,count_b4,full_allocation_solve,task_completion,16-31,16-31,2-3,rp2040_c,8,0.02721258925,0.026144032,0.005397032499999996,0.0309815537,0.03107429285,0.031167032,1.70253175,1.7079374999999999,0.39485999999999977,1.9093195,1.91433675,1.919354,62.74882158885223,61.27241342464771,2.6031055643426058,67.61966518988305,73.31601692030507,79.01236865072711
HIPC,high,count_b4,full_allocation_solve,task_completion,32-50,32-50,0,rp2040_a,63,0.03998294823809524,0.041029356,0.007883638499999998,0.046003487200000005,0.0473085641,0.047962363,2.6847263650793654,2.615325,0.39955549999999995,3.1162318,3.1673407,3.198868,67.78934097250256,66.31066382581265,4.377101957606186,72.46715330499137,75.36486724638974,114.8666294044341
HIPC,high,count_b4,full_allocation_solve,task_completion,32-50,32-50,0,rp2040_b,36,0.04142560163888889,0.042922172999999994,0.011498509749999997,0.0507314315,0.0520989245,0.058933229,3.0535858611111113,2.989251,0.9807589999999999,3.6626279999999998,3.7423942500000003,4.245474,74.84859253055359,72.06911424148772,5.3409607630885745,77.76804637195869,85.82824353899234,122.96692549938521
HIPC,high,count_b4,full_allocation_solve,task_completion,32-50,32-50,0,rp2040_c,38,0.038457346526315786,0.0394705655,0.010420905250000001,0.0479638851,0.050138618,0.050800244,2.7168019736842104,2.779907,0.9143972499999999,3.4530746,3.5347274,3.554528,70.93189717327141,70.02657377999553,3.672026000108602,72.86578328667932,77.08270577869386,120.43888231186546
HIPC,high,count_b4,full_allocation_solve,task_completion,32-50,32-50,1,rp2040_a,8,0.04673279775,0.046731275,0.014076582999999997,0.0545416008,0.054685788900000004,0.054829977,2.9163316249999998,2.9821885,0.8482137499999998,3.3911546,3.3918203,3.392486,62.32604809858464,62.519819020725095,1.746506553566931,64.0443795356704,64.33603369474537,64.62768785382035
HIPC,high,count_b4,full_allocation_solve,task_completion,32-50,32-50,1,rp2040_b,6,0.05030452,0.0495652205,0.022252730000000005,0.062402202000000004,0.0625949765,0.062787751,3.6886941666666666,4.224168,1.2471117500000006,4.270163500000001,4.27952925,4.288895,74.57080484614487,68.22518275184373,3.7707838214289353,89.77835750650873,99.2836799064388,108.78900230636887
HIPC,high,count_b4,full_allocation_solve,task_completion,32-50,32-50,1,rp2040_c,4,0.0442162215,0.043441037,0.0017437945000000066,0.046568475600000006,0.0471911253,0.047813775,3.0272295,2.9231654999999996,0.11787849999999978,3.2231669,3.2861769499999998,3.3491869999999997,68.43269720243481,68.47963678504314,2.302997505625939,69.87095888815172,69.95872326868498,70.04648764921824
HIPC,high,count_b4,full_allocation_solve,task_completion,32-50,32-50,2-3,rp2040_a,4,0.050324454000000005,0.0501723615,0.00032368300000000516,0.0507773813,0.05089975865,0.051022136,3.362026,3.3641449999999997,0.03180449999999979,3.3844845,3.3863167499999998,3.388149,66.81310169786929,66.84588685965535,1.2677354853754679,67.69935315414408,67.77801686504208,67.85668057594009
HIPC,high,count_b4,full_allocation_solve,task_completion,8-15,8-15,0,rp2040_a,52,0.004997920365384615,0.0043315085,0.00336460525,0.0101154722,0.01108927715,0.011524604,0.2951095576923077,0.2416465,0.24363224999999997,0.6729195,0.7289312999999997,0.775703,54.75405724701854,54.913534606851414,16.82597760369586,67.83807988418073,83.8062379569501,148.267276425229
HIPC,high,count_b4,full_allocation_solve,task_completion,8-15,8-15,0,rp2040_b,34,0.005616368235294118,0.0054820755,0.0026845489999999996,0.0086877051,0.009280092949999999,0.010262812,0.3938507352941176,0.3596125,0.24544125,0.6711872,0.7092881999999998,0.747548,70.23532365740698,70.16236951664119,14.455607088278931,79.49218035560347,90.30560426818063,131.27251571419112
HIPC,high,count_b4,full_allocation_solve,task_completion,8-15,8-15,0,rp2040_c,19,0.005169772105263158,0.004853749,0.0030684894999999995,0.0085448542,0.008839854999999999,0.009439003,0.36550136842105263,0.337902,0.2716185,0.6449752,0.6540200999999999,0.714141,68.52063503650615,68.2682270574551,13.423416356353954,79.39027127898692,89.9920991190328,142.411923737247
HIPC,high,count_b4,full_allocation_solve,task_completion,8-15,8-15,1,rp2040_a,4,0.009609137,0.0097011275,0.0002966599999999972,0.0098226435,0.00982903725,0.009835431,0.5113272499999999,0.513913,0.036901749999999844,0.5333263999999999,0.5340782,0.5348299999999999,53.19412077734954,53.16853904073962,1.7470888309705757,54.39069854399247,54.50263995048001,54.61458135696755
HIPC,high,count_b4,full_allocation_solve,task_completion,8-15,8-15,2-3,rp2040_a,10,0.009933415800000001,0.010879744,0.0022743037499999997,0.0117209846,0.0119425538,0.012164123,0.6483947000000001,0.655176,0.04042250000000003,0.6796725,0.70901025,0.738348,71.6299652969345,60.13883959364637,13.93750483756952,91.3432985773395,121.4208335088858,151.49836844043222
HIPC,high,count_b4,full_allocation_solve,task_completion,8-15,8-15,2-3,rp2040_b,5,0.0087413696,0.008821677,0.000942268999999999,0.0101711722,0.0103579706,0.010544769,0.5897836,0.56002,0.020730999999999944,0.6474524,0.6699292,0.692406,70.01358260409542,63.48226079916551,21.901632548720514,89.3677491977295,92.53165579167128,95.69556238561309
HIPC,high,count_b4,full_allocation_solve,task_completion,8-15,8-15,2-3,rp2040_c,5,0.0101431488,0.010482291,0.0016403149999999998,0.0111853392,0.011263084599999999,0.01134083,0.6637606,0.66782,0.02039000000000002,0.6785846,0.6817978,0.685011,66.08306013857825,61.87149355040802,8.663484555061913,74.37113807106996,75.948216896194,77.52529572131803
HIPC,high,eager_b1,full_allocation_solve,initial_allocation,8-15,8-15,5-8,rp2040_a,12,0.0026565875,0.0020418145,0.0006729372499999998,0.0045669547000000005,0.005070019749999999,0.005614066,0.12269708333333333,0.0569155,0.18754925,0.269424,0.2739411,0.276239,44.99541006794603,29.92572975372873,22.473071023788453,59.23679515099474,103.36136143451004,156.46120402107152
HIPC,high,eager_b1,full_allocation_solve,initial_allocation,8-15,8-15,5-8,rp2040_b,4,0.002001963,0.0020246070000000003,0.00012051100000000023,0.0021085424,0.0021202097,0.002131877,0.05530275,0.0563515,0.004394249999999995,0.0586187,0.05881685,0.059015,27.78955510302039,28.17992637928651,4.191390148151104,30.981779665815843,31.282227616011458,31.582675566207072
HIPC,high,eager_b1,full_allocation_solve,initial_allocation,8-15,8-15,5-8,rp2040_c,4,0.00194553575,0.0019525999999999999,8.552725000000004e-05,0.0020560834,0.0020775006999999997,0.002098918,0.05456825,0.055218500000000004,0.00207824999999999,0.0571916,0.0576113,0.058031,28.196963902832124,28.997360143213765,2.9984651581517134,30.677103418095182,30.870673023427308,31.064242628759438
HIPC,high,eager_b1,full_allocation_solve,task_arrival_eager,16-31,16-31,1,rp2040_a,91,0.02388935708791209,0.024082792,0.009318571000000001,0.031751739,0.0327234315,0.036946621,1.416176087912088,1.4075689999999998,0.6626189999999998,1.962497,1.9905515,2.136972,59.48983728629073,59.08205299195104,4.334862040043923,62.51574304287621,63.50744599500571,105.5679448036346
HIPC,high,eager_b1,full_allocation_solve,task_arrival_eager,16-31,16-31,1,rp2040_b,40,0.019886285675,0.018504405,0.009403581500000001,0.0288765152,0.029979276649999997,0.032993244,1.3133327,1.2694455,0.47747724999999996,1.7662749000000002,1.8550711999999996,2.0489450000000002,68.20948159592847,63.192534354306446,3.0987726757483642,75.46740754879193,99.68253258866325,137.07440561111076
HIPC,high,eager_b1,full_allocation_solve,task_arrival_eager,16-31,16-31,1,rp2040_c,32,0.0202179990625,0.018945173500000002,0.00801693,0.028397147700000003,0.0328823811,0.033684812,1.2966525,1.2590395,0.47925025,1.8493725000000003,2.1221897,2.126892,64.61719146575844,61.70703395127987,4.566965358030814,67.46279984349195,90.02804340855124,100.61950906346532
HIPC,high,eager_b1,full_allocation_solve,task_arrival_eager,32-50,32-50,1,rp2040_a,190,0.05757248760526316,0.060390501,0.00479924575,0.0628955577,0.0631448095,0.063867274,3.747375389473684,3.851935,0.2725577499999998,4.1259981,4.12764475,4.139909,65.12585013074725,65.01074133027196,2.2635196021405193,67.27722818985205,67.91252551034624,105.43639316061463
HIPC,high,eager_b1,full_allocation_solve,task_arrival_eager,32-50,32-50,1,rp2040_b,100,0.058511511079999995,0.062990602,0.0025699555000000124,0.0638290826,0.0639676311,0.064954644,4.11398014,4.375897500000001,0.018738499999999547,4.4092239,4.41028925,4.414859,70.71245570761197,69.06192556637563,1.6468096784398512,71.69194194135082,86.05679391430785,106.15577915377054
HIPC,high,eager_b1,full_allocation_solve,task_arrival_eager,32-50,32-50,1,rp2040_c,108,0.0588370589537037,0.06261924099999999,0.002528838500000005,0.0641466758,0.0642690054,0.064746294,4.190060277777778,4.448656,0.020108500000000973,4.4740955,4.4751913,4.504932,71.52369075045102,69.805202201609,1.8178812525211754,72.13566680973594,73.01345234013525,107.5044039856187
HIPC,high,eager_b1,full_allocation_solve,task_arrival_eager,8-15,8-15,1,rp2040_a,55,0.010019886727272729,0.010011434,0.0034681919999999984,0.012618326800000001,0.0128270346,0.01369954,0.5738893272727272,0.553831,0.22071450000000004,0.7249602,0.7418001,0.789277,57.38247533000326,56.47826229242508,4.613229400656522,63.14862225943489,69.06002354107078,86.23245338455271
HIPC,high,eager_b1,full_allocation_solve,task_arrival_eager,8-15,8-15,1,rp2040_b,30,0.0087985109,0.010103840499999999,0.0047229540000000006,0.0113126582,0.012081097199999996,0.013002321,0.5679906,0.62575,0.12354600000000004,0.7678143000000001,0.77104325,0.776564,69.50739772157846,60.15632467428918,4.451909980540215,90.18163027344247,131.332757398383,167.2691139715388
HIPC,high,eager_b1,full_allocation_solve,task_arrival_eager,8-15,8-15,1,rp2040_c,28,0.00928368692857143,0.010443577499999999,0.0022529940000000012,0.0119333915,0.01200961735,0.0121824,0.6110335714285714,0.653154,0.0994307499999999,0.723136,0.7242484,0.734293,72.66587340907358,61.62313958353588,5.088838260476095,103.97525800433841,119.27662366023279,171.01124607805014
HIPC,high,eager_b1,full_allocation_solve,task_completion,0-7,0-7,0,rp2040_a,131,0.0014746679847328244,0.001411673,0.00038095550000000005,0.001842974,0.0022672645000000003,0.003114813,0.028686320610687023,0.021616,0.013660999999999996,0.044454,0.057983,0.127623,18.75815898118106,16.496318167699847,7.272209381984563,26.13225373984685,29.14503245758604,48.46487906380062
HIPC,high,eager_b1,full_allocation_solve,task_completion,0-7,0-7,0,rp2040_b,90,0.0015082181444444444,0.0013995610000000001,0.0003443554999999999,0.0018132438000000002,0.002375138599999999,0.003256824,0.03467926666666667,0.026281,0.016894500000000003,0.04658840000000002,0.07008179999999999,0.206676,21.27207158500928,18.966079392775953,7.15842531523494,29.008114317281418,41.151516135197575,65.42276774930943
HIPC,high,eager_b1,full_allocation_solve,task_completion,0-7,0-7,0,rp2040_c,103,0.0014049945631067961,0.001189912,0.00025617549999999993,0.002005838799999999,0.0028577033999999998,0.004076428,0.034688203883495146,0.017886,0.011068499999999998,0.10595699999999986,0.1444868,0.222784,20.55415418664939,15.218482196728331,6.302962739441114,45.65006443200816,50.9527799825938,81.91455932578828
HIPC,high,eager_b1,full_allocation_solve,task_completion,16-31,16-31,0,rp2040_a,97,0.016546651515463917,0.01484331,0.011904734000000002,0.0271680182,0.02953721579999999,0.033831657,1.1447097422680412,1.066233,0.825699,1.9076161999999999,2.0339105999999996,2.16002,70.90770478104942,66.04679911434557,6.040012081502709,78.11946557392503,128.58203030920916,148.13554762744414
HIPC,high,eager_b1,full_allocation_solve,task_completion,16-31,16-31,0,rp2040_b,46,0.019079650782608697,0.019499241,0.011151621749999998,0.027744411,0.02858407175,0.029272012,1.4217181739130433,1.4407765000000001,0.5730252500000002,1.947869,2.04859875,2.081464,77.63115081824166,72.07301253930018,7.253795874575275,81.73279494296672,122.76275203224682,151.32558879442573
HIPC,high,eager_b1,full_allocation_solve,task_completion,16-31,16-31,0,rp2040_c,51,0.019810578156862744,0.020473998,0.007314920499999999,0.026276823,0.026788962,0.028369783,1.441181039215686,1.441625,0.4791960000000002,1.809132,1.8528950000000002,1.882173,73.39971885488448,72.38039641986005,6.3254113961450855,79.2413870510293,81.68612884298413,104.16679630268938
HIPC,high,eager_b1,full_allocation_solve,task_completion,32-50,32-50,0,rp2040_a,88,0.04258755860227273,0.043564218,0.012100391750000002,0.054388422699999994,0.05802246914999999,0.063651782,2.9155379204545455,2.9547675,0.6488494999999994,3.6328663999999997,3.7967826,4.248598,70.27703636421917,66.25098030457448,4.422893759836015,74.02846814864044,113.31255695525735,123.07993447769161
HIPC,high,eager_b1,full_allocation_solve,task_completion,32-50,32-50,0,rp2040_b,47,0.04307762665957447,0.043214911,0.011999182999999997,0.0565290698,0.0592015406,0.061286805,3.1137669574468085,3.1704,0.6900819999999999,3.9184767999999996,4.057946,4.315538,73.37575009945009,70.50484082971799,4.147265907186977,77.60408829022329,80.94652220093576,119.59641625274433
HIPC,high,eager_b1,full_allocation_solve,task_completion,32-50,32-50,0,rp2040_c,54,0.04257099290740741,0.043661164,0.01552202725,0.055332651200000006,0.0575504558,0.060923361,3.0547992037037037,3.096724,1.0519922499999996,3.9561381,3.9758491,4.320163,72.67243547980219,70.94718342113487,3.9213336389600073,75.4577965660159,80.1624006518416,121.85496922488547
HIPC,high,eager_b1,full_allocation_solve,task_completion,8-15,8-15,0,rp2040_a,52,0.004478306961538461,0.003694495,0.0025753797499999996,0.0082432401,0.010327781949999998,0.01380034,0.2474587884615385,0.18993749999999998,0.19083175000000002,0.5474268,0.6807348,0.71679,51.73580655658191,51.511011136976855,16.216332399159924,66.49358098815954,68.28092650995119,117.46181432875721
HIPC,high,eager_b1,full_allocation_solve,task_completion,8-15,8-15,0,rp2040_b,26,0.005103087269230769,0.005026786,0.00325317875,0.008019569,0.00870371975,0.009867656,0.34382761538461537,0.339694,0.3133795,0.6084229999999999,0.6677135000000001,0.68845,64.26973255889122,63.80887970305089,13.93831541144997,78.18244723934231,82.18397374893857,146.75280083333212
HIPC,high,eager_b1,full_allocation_solve,task_completion,8-15,8-15,0,rp2040_c,25,0.0051608992,0.005009229,0.0017744590000000008,0.007802167400000001,0.008972046599999997,0.010371488,0.38588972,0.343246,0.289905,0.6911106,0.7733105999999997,0.799086,72.82074960108,65.6228901971342,13.940281734428261,89.02096133092041,139.39285852006927,154.0994840602364
HIPC,low,bounded_b4_w5,full_allocation_solve,age_timeout,0-7,0-7,1,rp2040_c,96,0.0011849614270833333,0.0012704,0.00016832075000000005,0.0013475275,0.00139318775,0.001875228,0.033408625000000004,0.032008499999999995,0.0040494999999999975,0.0396185,0.04134550000000001,0.077126,30.187790208276084,24.84374321224338,6.5338273246064205,48.68837949185017,53.2423045469165,94.38117815950953
HIPC,low,bounded_b4_w5,full_allocation_solve,age_timeout,0-7,0-7,2-3,rp2040_c,50,0.00160808914,0.001635249,0.0006641692500000003,0.0020634844999999997,0.00206669525,0.002099666,0.05637006000000001,0.058800000000000005,0.019419000000000006,0.06938090000000001,0.0704432,0.07893299999999999,38.008920058073,32.20562197672137,7.245480943641816,58.42692685614217,75.53491695193499,94.44502054873024
HIPC,low,bounded_b4_w5,full_allocation_solve,age_timeout,8-15,8-15,1,rp2040_c,7,0.004715053714285713,0.005011179,0.0012218425000000005,0.0053820218,0.0053867744,0.005391527,0.281144,0.313788,0.08538199999999996,0.3333638,0.33357739999999997,0.333791,59.05492640816194,60.78098269760184,8.68997978280295,68.35197518346094,72.91197732784858,77.47197947223626
HIPC,low,bounded_b4_w5,full_allocation_solve,final_release_flush,0-7,0-7,1,rp2040_c,24,0.0010841396666666666,0.0011423605,0.00028007749999999984,0.0013431527,0.00134947055,0.001358323,0.028993791666666668,0.030806,0.008846,0.03655639999999999,0.0378486,0.040794,29.53072182350509,23.98289212446103,7.347553581704922,51.30898073093672,56.425358682782736,64.61341267672316
HIPC,low,bounded_b4_w5,full_allocation_solve,initial_allocation,8-15,8-15,5-8,rp2040_c,11,0.004250513727272727,0.004577945,0.00016694199999999979,0.004736572,0.0047803155,0.004824059,0.23459509090909092,0.22739,0.013560500000000003,0.256349,0.25699649999999996,0.257644,60.11096735598608,49.69655594456668,6.817572351595317,75.56525271727554,103.6691667169326,131.77308071658965
HIPC,low,bounded_b4_w5,full_allocation_solve,robot_idle,0-7,0-7,1,rp2040_c,672,0.00102974171875,0.001102851,0.00010815249999999998,0.0011471369,0.0011559746,0.001209844,0.022070872023809522,0.022251,0.002145249999999998,0.0239685,0.026320949999999968,0.030773,22.898183519078785,20.25472884436609,1.9233281654664935,34.70532844658943,47.924025205615195,80.31275037360713
HIPC,low,bounded_b4_w5,full_allocation_solve,task_completion,0-7,0-7,0,rp2040_c,903,0.0011716434795127353,0.001135439,0.00014704049999999993,0.0013847826,0.0016530118,0.00381397,0.027781270210409742,0.022692,0.003582499999999999,0.0336296,0.0473564,0.20397,23.343632856763502,20.06442088310294,3.357128906399197,33.15834201041875,47.80344706238847,121.51624578213894
HIPC,low,bounded_b4_w5,full_allocation_solve,task_completion,0-7,0-7,1,rp2040_c,524,0.0011063686431297712,0.001120182,5.121374999999986e-05,0.0011806878,0.0013391315499999997,0.003752432,0.02666956679389313,0.022704,0.0018735000000000002,0.032351,0.038676999999999996,0.233344,24.639461728490662,20.366403372295206,2.2871437534320656,44.400840340710886,52.74847456021397,87.86565152453463
HIPC,low,bounded_b4_w5,full_allocation_solve,task_completion,0-7,0-7,2-3,rp2040_c,36,0.001621228638888889,0.001312967,0.00022966399999999987,0.0033672025000000003,0.00358075275,0.003889675,0.06232666666666667,0.032749,0.0248955,0.197658,0.2086535,0.227402,33.060833878301,24.07110888514937,25.63490165133131,55.62565889350801,69.79190111855502,101.11224222626147
HIPC,low,bounded_b4_w5,full_allocation_solve,task_completion,8-15,8-15,0,rp2040_c,3,0.004102341333333333,0.00413368,0.0004601229999999998,0.004464172,0.0045054835,0.004546795,0.24035966666666667,0.252159,0.019768000000000008,0.2538142,0.2540211,0.254228,59.165929641880446,55.45862525141336,9.082324961884169,67.1732504894812,68.63757864423968,70.10190679899817
HIPC,low,bounded_b4_w5,full_allocation_solve,task_completion,8-15,8-15,1,rp2040_c,17,0.004469186588235294,0.004499667,0.00040624400000000005,0.0049454868,0.005169131199999999,0.0059351,0.2608114705882353,0.248551,0.014899000000000023,0.29275500000000004,0.338271,0.348327,61.88016596993666,54.74222746950019,3.99710680782475,67.60746580291016,92.37225554031042,150.88259284305047
HIPC,low,count_b4,full_allocation_solve,batch_threshold,0-7,0-7,4,rp2040_c,13,0.000752226076923077,0.000695209,8.412999999999997e-05,0.0009111054,0.0009680083999999998,0.001052336,0.07640069230769231,0.056444,0.025379000000000006,0.1344946,0.1359346,0.13725400000000001,98.43196032505078,82.51390671488345,42.279517653477185,142.123707645588,146.50014931102447,148.67889300249786
HIPC,low,count_b4,full_allocation_solve,final_release_flush,0-7,0-7,1,rp2040_a,12,0.0015206009166666666,0.0015036849999999998,0.00024855500000000013,0.0017462207,0.0018683637499999997,0.002010844,0.0463995,0.046375,0.0073825,0.052039,0.05408285,0.05618,31.430998058127145,29.67540523051226,5.431549020496924,38.12527857213377,43.766225743348244,50.61566779256045
HIPC,low,count_b4,full_allocation_solve,final_release_flush,0-7,0-7,1,rp2040_b,25,0.0011633562,0.001120536,0.00029502900000000004,0.0013523604,0.0013743243999999998,0.001514569,0.028040080000000002,0.032168,0.014650999999999997,0.035747600000000004,0.036932799999999995,0.03938,24.33364868059135,24.190456975688488,6.084996020782896,31.450561522302273,37.98052075185703,48.657858942300386
HIPC,low,count_b4,full_allocation_solve,final_release_flush,0-7,0-7,1,rp2040_c,6,0.0008198725,0.0008276315,0.00010370499999999994,0.0009207689999999999,0.0009496804999999999,0.000978592,0.105887,0.1041385,0.04781225,0.13361099999999998,0.135106,0.136601,127.83982346965553,130.13218119310397,36.00099565394092,149.86295314144408,150.6146595277089,151.36636591397374
HIPC,low,count_b4,full_allocation_solve,final_release_flush,0-7,0-7,2-3,rp2040_b,17,0.001284242,0.001296206,7.733799999999993e-05,0.0016288018000000003,0.0019254587999999995,0.002403302,0.035825176470588235,0.023488,0.031938,0.067044,0.0719982,0.078831,28.912870098796066,18.950395536362596,21.10152602769092,50.15133132658533,52.23660835774801,56.56036607319545
HIPC,low,count_b4,full_allocation_solve,initial_allocation,8-15,8-15,5-8,rp2040_a,17,0.003955323647058823,0.004536033,0.0009065459999999998,0.004761124,0.0048389984,0.004892604,0.1950248823529412,0.235106,0.003152999999999989,0.2457566,0.2476138,0.250077,46.58999220057334,51.78291251408444,4.727362659706074,53.46919922828225,56.52636440159004,64.80405510523525
HIPC,low,count_b4,full_allocation_solve,initial_allocation,8-15,8-15,5-8,rp2040_b,17,0.00395652394117647,0.004693016,0.0013999770000000002,0.004799762,0.0048535428,0.005049466,0.19675341176470587,0.2267,0.026704000000000006,0.26385840000000005,0.274047,0.277047,47.23695325562447,47.98732863618985,8.124781657788276,59.44830119260685,64.05118324093743,74.36195407889117
HIPC,low,count_b4,full_allocation_solve,initial_allocation,8-15,8-15,5-8,rp2040_c,26,0.0039826226153846156,0.004402652999999999,0.00035769250000000034,0.004473904000000001,0.004502008,0.004506019,0.20900484615384615,0.23524050000000002,0.002492250000000029,0.241249,0.24591325,0.247497,50.612172493198315,53.17628829464981,1.2457778134382664,56.8171417896023,59.910599189494434,64.72950525799943
HIPC,low,count_b4,full_allocation_solve,robot_idle,0-7,0-7,1,rp2040_a,480,0.0010794062791666668,0.0011089049999999999,9.127899999999988e-05,0.0011922692,0.0012364292,0.001753398,0.021660637500000003,0.021853,0.0020362500000000033,0.0238003,0.02574739999999999,0.030365,20.871675404207977,19.456776957049463,2.1674533001019896,22.563295885696338,34.367168642886945,51.83872396987151
HIPC,low,count_b4,full_allocation_solve,robot_idle,0-7,0-7,1,rp2040_b,1644,0.0010638272676399027,0.0011057665,0.00012345624999999995,0.0011724828000000001,0.0011894721,0.001234737,0.020733365571776158,0.021183,0.004818500000000003,0.023843200000000002,0.025061849999999997,0.030286,20.134097806047066,18.79563203649824,2.619421914724704,21.58724857416321,33.79708238918348,78.22483067465893
HIPC,low,count_b4,full_allocation_solve,robot_idle,0-7,0-7,1,rp2040_c,654,0.0006937038134556575,0.0004418925,0.00066738075,0.0011149471,0.00112429085,0.001185519,0.022857756880733944,0.022759,0.001576000000000001,0.0246023,0.02676355,0.031949,40.49286275173148,49.22305916266417,32.7963446648706,56.65695132469901,58.93057254327612,84.59058819487784
HIPC,low,count_b4,full_allocation_solve,task_completion,0-7,0-7,0,rp2040_a,577,0.0012280236897746967,0.001139982,0.00027315499999999997,0.0015785456,0.0017770013999999993,0.004787676,0.028094960138648182,0.022558,0.008149999999999998,0.0332994,0.0450502,0.216388,22.45172055844144,20.14601983127804,4.123245863521348,28.727613617787387,43.74726576892882,66.38805046998841
HIPC,low,count_b4,full_allocation_solve,task_completion,0-7,0-7,0,rp2040_b,1190,0.001334273850420168,0.0011502495,0.000124105,0.001999704700000003,0.0032418700999999996,0.004208273,0.03416511932773109,0.022243,0.005525250000000002,0.06433790000000003,0.14425585,0.212933,22.714721487310406,19.28292432973007,3.5686799431007934,38.84578291063062,44.601569096828584,127.27105452961081
HIPC,low,count_b4,full_allocation_solve,task_completion,0-7,0-7,0,rp2040_c,446,0.0009001881502242153,0.0006457405,0.0008232195,0.001576156,0.0019822932500000003,0.004237878,0.0346615134529148,0.023601499999999997,0.011743250000000004,0.06464349999999999,0.06846375,0.21358,43.93049725172639,48.58665261774313,27.99259322754566,63.3295613931167,84.69604327449287,138.19212862275063
HIPC,low,count_b4,full_allocation_solve,task_completion,0-7,0-7,1,rp2040_a,545,0.001187781842201835,0.00115283,0.0002724820000000001,0.0014599932,0.0016367437999999996,0.002584025,0.027450425688073397,0.023255,0.011077999999999998,0.03719,0.047798199999999985,0.129301,23.63055480927506,20.140019739558323,6.0270816671846035,35.99007746224824,44.08778707183704,93.65275501197833
HIPC,low,count_b4,full_allocation_solve,task_completion,0-7,0-7,1,rp2040_b,951,0.0011697611261829654,0.00114376,8.256449999999999e-05,0.001339542,0.0013881955,0.004401385,0.027248915878023135,0.022727,0.003088500000000001,0.033419,0.039466,0.238209,22.849624371298333,19.91177715498997,3.274626666156358,34.37431239994233,45.10045804525694,85.72361305628517
HIPC,low,count_b4,full_allocation_solve,task_completion,0-7,0-7,1,rp2040_c,801,0.0007206796142322098,0.00044186,0.000659359,0.001115292,0.001134622,0.004136746,0.027680177278401996,0.023219,0.0018160000000000016,0.029605,0.040805,0.23362,44.019091893141436,51.26463503445185,32.591767596837215,57.54967845804579,61.67990199384455,128.97005389224483
HIPC,low,count_b4,full_allocation_solve,task_completion,0-7,0-7,2-3,rp2040_a,262,0.001399554209923664,0.0014430254999999999,0.00040060875000000025,0.0016655752,0.0019037692999999995,0.00269388,0.038263229007633584,0.0399945,0.01963275,0.0503002,0.06574749999999997,0.139601,27.53736074622958,26.293881405630273,8.710017544058719,40.49214841753688,51.97710258672045,75.99799932944558
HIPC,low,count_b4,full_allocation_solve,task_completion,0-7,0-7,2-3,rp2040_b,436,0.0013658844816513763,0.0013417695000000002,0.00021836499999999988,0.0016401005,0.00178093125,0.004278801,0.03930296559633027,0.0326095,0.0170465,0.055274500000000004,0.07778550000000001,0.234917,28.091204938737576,23.71995230456944,8.683620505030753,48.27469533719,59.01626023039693,172.02384546516475
HIPC,low,count_b4,full_allocation_solve,task_completion,0-7,0-7,2-3,rp2040_c,154,0.0007153833766233766,0.0005163785,0.00010646574999999996,0.0012382980000000012,0.0015595990499999999,0.004231324,0.04559186363636364,0.0342525,0.014817749999999998,0.057211200000000004,0.0792038,0.237968,69.06764620427907,67.12349784028243,14.13962666014352,81.35099273840346,93.05086186261347,127.50838945068804
HIPC,low,count_b4,full_allocation_solve,task_completion,8-15,8-15,0,rp2040_b,2,0.004740516,0.004740516,6.628399999999979e-05,0.0047935432,0.0048001716,0.0048068,0.2543315,0.2543315,0.007509500000000002,0.2603391,0.26109004999999996,0.261841,53.68323943046754,53.68323943046754,2.3347331477014492,55.5510259486287,55.78449926339884,56.01797257816899
HIPC,low,count_b4,full_allocation_solve,task_completion,8-15,8-15,1,rp2040_a,19,0.004633527894736842,0.004789788,0.0006856384999999994,0.005349434199999999,0.005466319599999999,0.005613745,0.263026,0.251826,0.027322000000000013,0.3360742,0.3389726,0.339599,58.69242748300181,50.82526542143886,14.752807301173831,81.20775748014405,86.23700241417036,107.17973804639419
HIPC,low,count_b4,full_allocation_solve,task_completion,8-15,8-15,1,rp2040_b,18,0.004574635666666667,0.0045762070000000005,0.00021246649999999943,0.004823020900000001,0.0049722227,0.004989765,0.2520283888888889,0.246407,0.0043229999999999935,0.2600786,0.2736457999999999,0.335842,55.15185315705994,55.061769610826445,2.7395100958212666,56.18400526925497,59.29783166728611,73.44136479764491
HIPC,low,count_b4,full_allocation_solve,task_completion,8-15,8-15,1,rp2040_c,16,0.004321485,0.0044208765,0.00013922100000000014,0.004611507,0.004659933,0.004671813,0.2428509375,0.23095300000000002,0.012081249999999988,0.261,0.27999874999999996,0.333218,57.49434178224855,52.07692130774706,4.494191220108853,61.24541662916422,74.81986847645985,113.65211507030224
HIPC,low,count_b4,full_allocation_solve,task_completion,8-15,8-15,2-3,rp2040_b,7,0.005136410285714286,0.004847462,0.0006791239999999997,0.005713898,0.005751134,0.00578837,0.32602214285714287,0.323853,0.052354999999999985,0.3649992,0.3719736,0.378948,63.65686706107402,61.951361610098424,9.465519944358512,71.80112349661438,75.12367604793258,78.44622859925079
HIPC,low,count_b4,full_allocation_solve,task_completion,8-15,8-15,2-3,rp2040_c,2,0.0043252975,0.0043252975,0.0009399375000000002,0.0050772475,0.00517124125,0.005265235,0.2801865,0.2801865,0.00020449999999999635,0.2803501,0.28037055,0.280391,68.0000841499917,68.0000841499917,14.824489898263153,79.8596760686022,81.34212505842851,82.82457404825483
HIPC,low,eager_b1,full_allocation_solve,initial_allocation,8-15,8-15,5-8,rp2040_a,8,0.0032138508750000003,0.0027633485000000003,0.0025140560000000006,0.0049307355,0.004955307250000001,0.004979879,0.149870625,0.1460015,0.1898145,0.2496331,0.24964955,0.249666,42.11161400994819,40.67119929458586,22.80005671791006,58.52475167406032,65.218052459224,71.9113532443877
HIPC,low,eager_b1,full_allocation_solve,initial_allocation,8-15,8-15,5-8,rp2040_b,14,0.0037243522857142858,0.004247907,0.0022077044999999997,0.0046678442,0.0047865213,0.00498256,0.19092185714285717,0.22789900000000002,0.154935,0.2688916,0.27429865000000003,0.277015,48.031451007799,49.30803320738826,20.502317226744864,62.829085674858355,67.47465194696784,74.86679896208143
HIPC,low,eager_b1,full_allocation_solve,initial_allocation,8-15,8-15,5-8,rp2040_c,7,0.0028778955714285717,0.0020692,0.0021223800000000005,0.0042648928,0.0043083109,0.004351729,0.13420128571428572,0.057927,0.1836945,0.24176519999999999,0.2431431,0.244521,41.15639995515103,31.497211121395466,26.544075006427725,58.871381714478915,60.70440091952853,62.537420124578155
HIPC,low,eager_b1,full_allocation_solve,task_arrival_eager,0-7,0-7,1,rp2040_a,895,0.001280383936312849,0.001265025,0.0002744885,0.0016290416000000001,0.0017695121999999996,0.003020488,0.03389450726256983,0.031731,0.011645999999999997,0.0470432,0.05587469999999997,0.138427,26.870547209637845,24.22297750547829,7.75020016751294,39.01207931584737,46.815736129868895,159.48070172122976
HIPC,low,eager_b1,full_allocation_solve,task_arrival_eager,0-7,0-7,1,rp2040_b,2096,0.0011620502375954199,0.001118652,0.00015754400000000035,0.001344175,0.00165101425,0.004275434,0.027364499522900765,0.021938,0.006083999999999999,0.035969,0.049174999999999996,0.23646899999999998,22.7624318614833,19.351379589123358,5.041725770304243,34.848806657488765,43.114742285050106,124.60398175876553
HIPC,low,eager_b1,full_allocation_solve,task_arrival_eager,0-7,0-7,1,rp2040_c,1055,0.0011675734246445497,0.001097863,0.00019764049999999997,0.0014279090000000002,0.0015870785,0.003962424,0.03140425781990522,0.024281,0.0110325,0.047164,0.056391899999999995,0.235564,26.590923723169944,22.684437202366414,7.197238401305462,38.87213388003411,48.365229043215066,156.61940628107297
HIPC,low,eager_b1,full_allocation_solve,task_arrival_eager,8-15,8-15,1,rp2040_a,18,0.004940112444444445,0.0050203495,0.0005222827499999994,0.0058297739,0.00584645035,0.005933838,0.2703290555555556,0.25527299999999997,0.029592250000000014,0.3362931,0.33671524999999997,0.337374,58.793156920771985,52.98863862644875,6.6695577349203035,57.87877702096872,74.30803817625016,165.38037554269263
HIPC,low,eager_b1,full_allocation_solve,task_arrival_eager,8-15,8-15,1,rp2040_b,30,0.004953537566666667,0.0052869430000000005,0.0008908695000000005,0.0057842276,0.006016186249999999,0.006364583,0.29131203333333333,0.30427950000000004,0.04882775,0.33685650000000006,0.3577403,0.37736899999999995,60.11214951543282,58.136698140866265,5.563071265670686,64.01545264792006,70.92513642395406,139.4396725152555
HIPC,low,eager_b1,full_allocation_solve,task_arrival_eager,8-15,8-15,1,rp2040_c,33,0.004895120818181818,0.005147613,0.0005159860000000004,0.0053299312000000005,0.0055157846,0.006336397,0.2746224242424242,0.2714,0.011988999999999972,0.3062664,0.3088508,0.31678599999999996,58.32937515768374,54.10236223841451,5.027641579931839,60.584495391564936,67.24756950185555,154.5453253401781
HIPC,low,eager_b1,full_allocation_solve,task_completion,0-7,0-7,0,rp2040_a,704,0.0013167830255681817,0.0011656675000000002,0.0002168850000000002,0.0019422659000000021,0.00210946225,0.004510264,0.03361515909090909,0.023767499999999997,0.010183749999999998,0.0647985,0.07115740000000002,0.217383,24.060833971049192,21.056146268962472,5.208544182056016,32.95552819105173,44.15176521533051,145.23095465086058
HIPC,low,eager_b1,full_allocation_solve,task_completion,0-7,0-7,0,rp2040_b,1728,0.0012105235833333335,0.0011173275000000002,0.0001491210000000001,0.0014218044,0.0020286889999999998,0.004199548,0.027689385416666663,0.0212655,0.0057205,0.034326199999999994,0.06466569999999999,0.207478,21.416388746152773,19.01016453165156,3.5014152037477615,28.400454774589413,43.66910099401999,112.48667059438532
HIPC,low,eager_b1,full_allocation_solve,task_completion,0-7,0-7,0,rp2040_c,913,0.0011987896987951808,0.001100645,0.00020281300000000004,0.0015443332,0.0016122500000000002,0.004151216,0.030024534501642938,0.023627,0.010103999999999998,0.0463748,0.0488604,0.223392,24.03747810497781,21.717632462414244,4.481522929681557,30.036032368605085,34.113383626946245,86.69549241206772
HIPC,low,eager_b1,full_allocation_solve,task_completion,8-15,8-15,0,rp2040_a,7,0.004597848428571429,0.004622391,0.00014480850000000121,0.00478731,0.0048113565,0.004835403,0.2299435714285714,0.229966,0.0011505000000000265,0.2309318,0.2310104,0.231089,50.10033149752307,49.664378758451775,1.7728317079984706,52.44612294510304,53.59840192928733,54.75068091347161
HIPC,low,eager_b1,full_allocation_solve,task_completion,8-15,8-15,0,rp2040_b,13,0.004562671461538461,0.004575831,0.0006584019999999998,0.0050764384,0.005400496199999999,0.00580341,0.23849323076923076,0.236696,0.011810999999999988,0.24641280000000002,0.2789609999999999,0.327219,52.37653359040699,52.22063874849113,3.5923402464564305,56.14727557738258,57.5977416908459,59.418475562674374
HIPC,low,eager_b1,full_allocation_solve,task_completion,8-15,8-15,0,rp2040_c,16,0.0044607881875,0.004407363,0.00012601425000000055,0.004704899,0.0048603002499999996,0.00489073,0.234747875,0.23223850000000001,0.00916924999999999,0.2409305,0.24257225,0.247214,52.670008173243104,52.843463977532835,1.061826931805527,53.64052436776351,54.13339489458905,55.55594335319526
HIPC,medium,bounded_b4_w5,full_allocation_solve,age_timeout,0-7,0-7,2-3,rp2040_a,27,0.0012098155555555555,0.001266075,6.792050000000013e-05,0.0014501764,0.0016276355999999999,0.001777945,0.03087962962962963,0.023525,0.0015019999999999999,0.05959320000000003,0.0700332,0.07825099999999999,27.725499497374564,19.035550752917214,14.230108512737957,46.37458914093752,50.80274974785782,94.6649355997652
HIPC,medium,bounded_b4_w5,full_allocation_solve,age_timeout,8-15,8-15,2-3,rp2040_a,9,0.005304415333333333,0.006164759,0.004231513,0.0076918118,0.007901101399999999,0.008110391,0.27750166666666665,0.367419,0.236676,0.39594060000000003,0.42336779999999996,0.450795,49.218596288340095,52.150455614907585,7.731045476816966,58.83488841636407,59.217392592214566,59.599896768065065
HIPC,medium,bounded_b4_w5,full_allocation_solve,batch_threshold,0-7,0-7,4,rp2040_a,1,0.00221487,0.00221487,0.0,0.00221487,0.00221487,0.00221487,0.072551,0.072551,0.0,0.072551,0.072551,0.072551,32.756324298943056,32.756324298943056,0.0,32.756324298943056,32.756324298943056,32.756324298943056
HIPC,medium,bounded_b4_w5,full_allocation_solve,batch_threshold,8-15,8-15,4,rp2040_a,7,0.008010962428571428,0.011343871,0.008188171000000001,0.0116458946,0.0116850233,0.011724152,0.4395637142857143,0.63682,0.48475499999999994,0.6575542,0.6590820999999999,0.6606099999999999,52.6523620511607,54.92799853851951,6.742564400262914,57.067353073020094,57.651162093248125,58.234971113476156
HIPC,medium,bounded_b4_w5,full_allocation_solve,final_release_flush,0-7,0-7,1,rp2040_a,6,0.002615304,0.0027513875,0.0005269707499999999,0.0029362125000000003,0.00296636475,0.002996517,0.1214495,0.1100925,0.05950375000000001,0.1689575,0.17156625,0.174175,46.420320186079294,45.22312481636216,15.398926434261071,59.607001680025334,60.085241424203815,60.563481168382296
HIPC,medium,bounded_b4_w5,full_allocation_solve,initial_allocation,8-15,8-15,5-8,rp2040_a,11,0.004592039090909091,0.004672113,0.0001452139999999994,0.004911917,0.004912701,0.004913485,0.234576,0.227038,0.014468499999999995,0.257718,0.257738,0.257758,51.575290310364274,49.2504204671159,2.9090625014759937,54.20310801670441,63.28316434127518,72.36322066584596
HIPC,medium,bounded_b4_w5,full_allocation_solve,task_completion,0-7,0-7,0,rp2040_a,249,0.001380566453815261,0.00127608,0.0004320159999999999,0.0020735994,0.0024148548,0.003921972,0.034482024096385545,0.023822,0.012004999999999998,0.0641184,0.1073978,0.208429,24.29358461643278,19.10093568914049,7.589963158860069,43.821623841537416,47.69398969304982,136.74819460418414
HIPC,medium,bounded_b4_w5,full_allocation_solve,task_completion,0-7,0-7,1,rp2040_a,94,0.001724030329787234,0.001853861,0.0011337982499999997,0.0027305809000000006,0.0033969922000000002,0.003680118,0.05862121276595744,0.059047,0.040824,0.130966,0.15255754999999996,0.233944,33.2702679703017,29.191073356983054,23.47047309395495,54.798478522967,73.25200216731497,87.46778315242264
HIPC,medium,bounded_b4_w5,full_allocation_solve,task_completion,0-7,0-7,2-3,rp2040_a,5,0.0025939362,0.002215824,0.001137257,0.0034756626000000002,0.0035714458,0.003667229,0.0980442,0.070737,0.07191700000000001,0.1580288,0.1632744,0.16852,35.50983051628955,34.31159363761886,12.705680042008183,45.42346924022958,45.688210864167175,45.95295248810478
HIPC,medium,bounded_b4_w5,full_allocation_solve,task_completion,8-15,8-15,0,rp2040_a,41,0.005247030243902439,0.004715084,0.004369952,0.009141556,0.009661319,0.010135496,0.2677966341463415,0.232836,0.239815,0.5202,0.521267,0.534354,48.65731565393102,50.234761737527656,8.971628584387396,57.41296110356275,58.67452352595537,61.27464677611293
HIPC,medium,bounded_b4_w5,full_allocation_solve,task_completion,8-15,8-15,1,rp2040_a,39,0.006031300230769231,0.004898843,0.004885447999999999,0.010325995999999999,0.0109312351,0.01157642,0.3678327179487179,0.32650799999999996,0.34298000000000006,0.5802902000000002,0.6542041,0.7487940000000001,65.22428638527802,57.19215242422103,13.666946200435369,85.69754488656616,132.56216380091558,173.21551118654
HIPC,medium,bounded_b4_w5,full_allocation_solve,task_completion,8-15,8-15,2-3,rp2040_a,21,0.005832206761904762,0.00389956,0.006638877,0.011507924,0.0119688,0.013253156,0.375043,0.258311,0.46472499999999994,0.673239,0.67622,0.73655,71.22466410706024,56.24949869661119,11.703378160057703,151.6952068785161,164.10693409124318,172.15267214439828
HIPC,medium,count_b4,full_allocation_solve,batch_threshold,0-7,0-7,4,rp2040_c,4,0.00280632925,0.0028390815,0.00024431674999999967,0.0030791991,0.00312397755,0.003168756,0.13964225,0.1532445,0.04309075000000001,0.16887570000000002,0.16917135,0.169467,49.093002123521146,50.64214171953627,9.729253489718722,58.10467961826841,59.22883993556185,60.3530002528553
HIPC,medium,count_b4,full_allocation_solve,batch_threshold,8-15,8-15,4,rp2040_a,8,0.006678903375,0.007022006000000001,0.005415802999999999,0.0098314179,0.00986452545,0.009897633,0.394220125,0.44409750000000003,0.30059225,0.5479315,0.54840925,0.548887,63.410823439668135,55.936447109296054,9.655213802461915,85.2458512410657,96.17060972727948,107.0953682134933
HIPC,medium,count_b4,full_allocation_solve,batch_threshold,8-15,8-15,4,rp2040_b,8,0.006920074625,0.006773454999999999,0.00462501625,0.009818223,0.010300806499999999,0.01078339,0.389522,0.3764425,0.30467375,0.5906532,0.6236806,0.6567080000000001,54.49874361440489,56.49268900058614,8.4195253814582,60.12627449604683,60.51311633623223,60.89995817641763
HIPC,medium,count_b4,full_allocation_solve,batch_threshold,8-15,8-15,4,rp2040_c,14,0.007616408142857143,0.008431925,0.00360125025,0.010191934100000001,0.0105135119,0.010713617,0.590793,0.6086005,0.09280725000000001,0.6928583000000001,0.7111788,0.72109,88.86368914692672,65.4246546898412,18.372170967796222,170.915629535455,171.77301260308127,172.2706729851708
HIPC,medium,count_b4,full_allocation_solve,final_release_flush,0-7,0-7,1,rp2040_b,7,0.0014898524285714286,0.001249429,0.0001697589999999998,0.0020043034000000004,0.002348028699999999,0.002691754,0.04107071428571429,0.023214,0.011601500000000004,0.08046620000000004,0.11036209999999992,0.140258,23.500217710949023,18.706945332627942,6.215667603754856,36.60131949434297,44.35393207443465,52.106544654526374
HIPC,medium,count_b4,full_allocation_solve,final_release_flush,0-7,0-7,1,rp2040_c,23,0.0014996607826086958,0.001452235,8.319049999999987e-05,0.0019590078,0.0021115579999999995,0.002305433,0.0409365652173913,0.033297,0.002569000000000002,0.076827,0.08393029999999999,0.087395,27.204936986793097,23.37302874313577,4.616468347469098,38.639208089410594,43.96564339701393,54.436192253171306
HIPC,medium,count_b4,full_allocation_solve,final_release_flush,0-7,0-7,2-3,rp2040_c,6,0.0021126453333333334,0.001843525,0.0009038695,0.0031683375,0.0035721027499999998,0.003975868,0.08478483333333332,0.053613499999999994,0.08446275,0.174693,0.199095,0.223497,34.53531628817858,26.399360831925385,29.135200064671096,57.54395916334643,58.20924606809979,58.874532972853146
HIPC,medium,count_b4,full_allocation_solve,final_release_flush,8-15,8-15,1,rp2040_a,4,0.0038793772499999997,0.0040285354999999995,0.0018284532500000002,0.0049177909999999995,0.004934327,0.004950863,0.200366,0.1900815,0.13749799999999998,0.3070319,0.32138494999999995,0.335738,48.875209845705214,46.02389707220112,12.510154160541674,63.09690879001898,66.22766820695063,69.35842762388229
HIPC,medium,count_b4,full_allocation_solve,final_release_flush,8-15,8-15,2-3,rp2040_c,2,0.0033191025,0.0033191025,0.0005503315,0.0037593677000000002,0.00381440085,0.003869434,0.18009999999999998,0.18009999999999998,0.04090799999999997,0.21282639999999997,0.21691719999999998,0.22100799999999998,53.69424406773651,53.69424406773651,3.4221197208692473,56.431939844431916,56.77415181651884,57.11636378860577
HIPC,medium,count_b4,full_allocation_solve,initial_allocation,8-15,8-15,5-8,rp2040_a,15,0.0037502554666666668,0.004549622,0.0017067985,0.0048064655999999996,0.0049196328,0.005087252,0.188106,0.234832,0.0898175,0.2384724,0.2405175,0.242215,48.8637364484152,50.54094556399345,4.57056172690055,52.884167459278515,53.63734945067746,55.26677803000969
HIPC,medium,count_b4,full_allocation_solve,initial_allocation,8-15,8-15,5-8,rp2040_b,16,0.0037580713750000002,0.004470742,0.0013548199999999996,0.0046354575000000005,0.00471206275,0.004751998,0.19258175,0.235659,0.04719325000000002,0.24675049999999998,0.24878424999999998,0.250795,48.454607061866135,52.214257057971466,6.396696594847661,64.29977849048183,67.60761406727809,69.08730941914878
HIPC,medium,count_b4,full_allocation_solve,initial_allocation,8-15,8-15,5-8,rp2040_c,15,0.0024817825333333333,0.001551197,0.0025397035,0.0044679122,0.004684694799999999,0.004971839,0.2446262,0.228328,0.036628999999999995,0.27368560000000003,0.2758374,0.278426,123.28209705540617,145.64312274851406,81.3366137691202,171.09842273156949,175.32905568721486,182.41356809140416
HIPC,medium,count_b4,full_allocation_solve,task_completion,0-7,0-7,0,rp2040_a,233,0.001924872703862661,0.001630533,0.0013404639999999998,0.0029792682000000007,0.0034883781999999986,0.004611019,0.06206552789699571,0.038411,0.087868,0.12011620000000002,0.1503219999999998,0.220257,28.70781992167062,25.896597882586093,19.85412829662236,45.05542647228198,49.530372444454684,124.1425959622591
HIPC,medium,count_b4,full_allocation_solve,task_completion,0-7,0-7,0,rp2040_b,252,0.0014616279007936509,0.001146931,0.00073117,0.0025871498000000002,0.0029661606999999987,0.003735717,0.0446180119047619,0.019365,0.04036775,0.1210842,0.14368884999999998,0.222462,27.26014291938885,17.84161953918057,16.8354549283305,45.826362334445754,55.797729161917566,133.93051056422357
HIPC,medium,count_b4,full_allocation_solve,task_completion,0-7,0-7,0,rp2040_c,526,0.0014905149087452473,0.0012108815,0.0005664579999999999,0.002273138,0.002979651,0.004062767,0.042205925855513304,0.0240545,0.024801500000000004,0.0777165,0.14356875,0.207332,25.43473706745037,20.504751544224526,11.174735439028026,43.88022238222571,47.154649944853304,101.94914038018618
HIPC,medium,count_b4,full_allocation_solve,task_completion,0-7,0-7,1,rp2040_a,104,0.002024693125,0.0019859875,0.0009648087500000002,0.0031869083,0.0034741222,0.003718416,0.07809615384615384,0.06540750000000001,0.0902075,0.1596845,0.16976524999999998,0.232444,36.23852773974497,32.51724028121292,23.19926456224759,53.77408126454457,60.2281872105491,123.1865189783267
HIPC,medium,count_b4,full_allocation_solve,task_completion,0-7,0-7,1,rp2040_b,36,0.0022791616944444443,0.0021867415,0.0012160172500000003,0.003464745,0.00352330475,0.00365114,0.10835863888888889,0.10337350000000001,0.09034250000000002,0.172574,0.19047124999999998,0.235918,47.49216187520634,44.387564492255905,18.70565409557016,68.49903563157883,89.50698938816015,135.55993900067216
HIPC,medium,count_b4,full_allocation_solve,task_completion,0-7,0-7,1,rp2040_c,89,0.0019636972471910115,0.001909667,0.0007879860000000001,0.002519248,0.0031599649999999994,0.00384676,0.07795094382022472,0.07243,0.031358,0.1364824,0.15285019999999994,0.22453900000000002,39.131962593992526,32.65039268185055,15.774043930989286,63.803761471790764,79.44244905160713,86.53410767600425
HIPC,medium,count_b4,full_allocation_solve,task_completion,0-7,0-7,2-3,rp2040_a,32,0.00266650221875,0.0026625025000000004,0.00133426725,0.003694603,0.00385304,0.004477895,0.12658853125,0.1312745,0.09578225000000001,0.1702459,0.22721054999999998,0.236814,47.06520986931843,45.15643805719612,24.43381172637003,70.48947636987873,79.4793249465519,114.93828731390762
HIPC,medium,count_b4,full_allocation_solve,task_completion,0-7,0-7,2-3,rp2040_b,51,0.0022094991960784315,0.002363497,0.001244611,0.003284529,0.0034375305,0.003714148,0.09329949019607843,0.077882,0.08767549999999999,0.167819,0.216087,0.234605,40.93864088879227,34.619867284725494,23.10791670755362,57.79468131049167,76.02616385905837,171.37212131252656
HIPC,medium,count_b4,full_allocation_solve,task_completion,0-7,0-7,2-3,rp2040_c,88,0.0018379709204545452,0.001813411,0.00017202225000000006,0.0022880429,0.0026492741499999995,0.003617407,0.06970834090909091,0.056772,0.009870999999999991,0.1287008,0.13929604999999995,0.23585,39.11693942283634,31.205798290965923,4.989430903781955,58.370043488036366,70.77280469623072,159.10227542210714
HIPC,medium,count_b4,full_allocation_solve,task_completion,8-15,8-15,0,rp2040_a,41,0.005181967585365853,0.005607027,0.002156277,0.007620688,0.008011822,0.009296481,0.27635214634146343,0.292565,0.15232400000000001,0.430047,0.505827,0.523219,52.264123529764184,51.31902480103068,7.516408199215597,61.75811195006579,63.970108264743004,94.26566551988333
HIPC,medium,count_b4,full_allocation_solve,task_completion,8-15,8-15,0,rp2040_b,20,0.0059878979499999995,0.0057187950000000005,0.002449510500000001,0.0085907128,0.0089556668,0.009105231,0.35263720000000004,0.3098415,0.12927450000000001,0.5114791,0.5149,0.519688,59.88800588956489,56.82124953795674,6.549599214543278,68.3541095830636,73.86730389728108,89.43831657409504
HIPC,medium,count_b4,full_allocation_solve,task_completion,8-15,8-15,0,rp2040_c,86,0.0048023752790697675,0.0045600815,0.0022648840000000004,0.0069837655,0.00785026725,0.009474673,0.2752111627906977,0.249722,0.1941365,0.429334,0.52247875,0.61207,55.081765115628926,54.772662181365604,9.593046369037552,64.85341939877972,68.1228379959499,75.29654302018045
HIPC,medium,count_b4,full_allocation_solve,task_completion,8-15,8-15,1,rp2040_a,24,0.003921488791666666,0.0039722755000000005,0.0017929052499999999,0.0051796563,0.006503748499999997,0.007468842,0.23245166666666664,0.2346715,0.08649249999999997,0.3953973999999999,0.43237185,0.447492,60.98905778484838,56.491974571330836,20.254023592329887,82.77518738947023,101.44463690665025,143.97935683111618
HIPC,medium,count_b4,full_allocation_solve,task_completion,8-15,8-15,1,rp2040_b,31,0.004419493258064516,0.004553611,0.0008532115000000002,0.005280568,0.0061683505,0.007540026,0.28251806451612904,0.245791,0.030949000000000004,0.451577,0.5100644999999999,0.5750219999999999,66.35231659588246,55.46732753805882,11.270884949509906,88.32664221402837,126.42853692033188,167.34244590693683
HIPC,medium,count_b4,full_allocation_solve,task_completion,8-15,8-15,1,rp2040_c,86,0.005094696918604651,0.00459693,0.0016098312499999998,0.0082287125,0.010230264,0.01120727,0.3228913255813954,0.274186,0.14240925000000001,0.521174,0.6645409999999999,0.7606609999999999,63.40139899693505,59.559837608105255,12.665152465827397,83.77128609999434,97.43456659096853,130.16195929399754
HIPC,medium,count_b4,full_allocation_solve,task_completion,8-15,8-15,2-3,rp2040_a,19,0.005853394526315789,0.00408554,0.0039699895,0.010955486799999999,0.011092625299999999,0.011786123,0.3329758947368421,0.266959,0.241846,0.6370442,0.6472616999999999,0.648384,56.28646466360863,55.32045097095539,9.284897947786838,72.63689786607091,78.4183574172157,82.90934700408432
HIPC,medium,count_b4,full_allocation_solve,task_completion,8-15,8-15,2-3,rp2040_b,25,0.0044379725600000005,0.00421129,0.0020166230000000004,0.008175667000000005,0.010380368599999995,0.011037849,0.29898932,0.242418,0.16271400000000003,0.6143900000000001,0.6458299999999999,0.6564749999999999,77.14836155669654,60.95088552522599,41.12435167802688,132.82549395577252,151.54170633233366,170.93871688184393
HIPC,medium,count_b4,full_allocation_solve,task_completion,8-15,8-15,2-3,rp2040_c,63,0.004685269015873016,0.004302672,0.004045755,0.007955688800000001,0.0089404777,0.011086372,0.3324136984126984,0.326013,0.20329449999999993,0.49458020000000014,0.585926,0.736644,78.68855706169299,61.93316608975037,24.834169861671867,155.23391572461395,160.60293804849147,172.4550161300247
HIPC,medium,eager_b1,full_allocation_solve,initial_allocation,8-15,8-15,5-8,rp2040_a,7,0.003289844142857143,0.002199852,0.0025085595,0.0051375772,0.0052112430999999996,0.005284909,0.134248,0.058717,0.18195550000000002,0.2412108,0.2421549,0.243099,36.295144532650255,28.946461592462093,20.07298057562506,51.57353108508582,54.541973379321476,57.51041567355715
HIPC,medium,eager_b1,full_allocation_solve,initial_allocation,8-15,8-15,5-8,rp2040_b,7,0.003001685428571429,0.002173982,0.0020650390000000003,0.0046559074,0.0046778047000000005,0.004699702,0.13799771428571428,0.0573,0.19105250000000001,0.25067059999999997,0.2514488,0.252227,40.70029615598052,31.521134012678864,26.40669439050611,59.574176206137466,63.78875158736525,68.00332696859306
HIPC,medium,eager_b1,full_allocation_solve,initial_allocation,8-15,8-15,5-8,rp2040_c,8,0.003050853625,0.0028224749999999996,0.0025831167500000004,0.0047275736999999995,0.00483919185,0.00495081,0.26011575,0.26229800000000003,0.019285000000000052,0.2758602,0.2782416,0.280623,104.73491298915653,99.70772164636486,84.61319859629256,153.3607805517295,158.30942769863339,163.25807484553724
HIPC,medium,eager_b1,full_allocation_solve,task_arrival_eager,0-7,0-7,1,rp2040_a,78,0.0026329068205128204,0.002386109,0.0013573785000000002,0.003987798900000001,0.004335908899999999,0.004612301,0.10899310256410256,0.0845925,0.08502599999999999,0.2141822,0.22542279999999998,0.23047800000000002,39.985406908559426,36.43138519062634,18.018611737932634,54.90875192569812,58.24449085307138,95.85587718867141
HIPC,medium,eager_b1,full_allocation_solve,task_arrival_eager,0-7,0-7,1,rp2040_b,21,0.0025420669523809523,0.002696774,0.0010326119999999998,0.003472063,0.003710074,0.004242422,0.11259380952380951,0.132253,0.07725700000000002,0.167937,0.170378,0.22217099999999998,41.846931151547416,45.06196137966708,22.945882671638486,55.30470406902574,59.0990018372256,61.24698345188041
HIPC,medium,eager_b1,full_allocation_solve,task_arrival_eager,0-7,0-7,1,rp2040_c,170,0.0011813123,0.000904034,0.0009124652500000001,0.0023597866,0.0025345135999999997,0.003593801,0.0766692588235294,0.0702865,0.07425899999999999,0.1420126,0.15754425,0.22625599999999998,71.80522373515035,66.19530252558832,41.79355994343137,124.32415900007868,132.73537519891167,163.27708812326895
HIPC,medium,eager_b1,full_allocation_solve,task_arrival_eager,16-31,16-31,1,rp2040_c,17,0.00768451494117647,0.005634234,0.005449756,0.0134809704,0.0141802406,0.014587879,0.8683991764705883,0.881783,0.10365100000000005,0.9271042,0.9278864,0.928716,131.05320179740866,156.21079795706387,79.68439461917391,164.08658439192615,164.53537870319383,166.06479799407015
HIPC,medium,eager_b1,full_allocation_solve,task_arrival_eager,8-15,8-15,1,rp2040_a,144,0.0051405633125,0.004860567499999999,0.0023687827499999994,0.0084491006,0.0109778306,0.012939062,0.27048971527777776,0.25890599999999997,0.16569725000000002,0.5002596000000001,0.60297155,0.736425,50.063585273585744,52.191559126837674,9.717755368857823,61.23783353876771,65.23434477913993,74.17652547065433
HIPC,medium,eager_b1,full_allocation_solve,task_arrival_eager,8-15,8-15,1,rp2040_b,157,0.004779784350318471,0.004572306,0.002288357,0.007569911400000001,0.009282332399999997,0.010634675,0.296131974522293,0.265545,0.125234,0.4622826,0.6098801999999998,0.663571,65.89795576733931,57.35993954752615,9.639995010429367,113.02018757022205,148.3333554917852,170.25105333501065
HIPC,medium,eager_b1,full_allocation_solve,task_arrival_eager,8-15,8-15,1,rp2040_c,207,0.006616844985507246,0.007012257,0.004886844000000001,0.010674085400000002,0.011522305399999998,0.012773956,0.5412863285024155,0.5429930000000001,0.20547549999999998,0.7448728,0.7936056999999999,0.8429899999999999,99.22502819287898,68.74527309225228,95.32964653830022,167.61425574526191,170.00520402356545,174.0774135575278
HIPC,medium,eager_b1,full_allocation_solve,task_completion,0-7,0-7,0,rp2040_a,299,0.0017029526622073577,0.001416672,0.0007041675000000001,0.003088346199999998,0.004156817799999999,0.004913948,0.04981635451505017,0.028772,0.0218315,0.13959219999999994,0.20529119999999998,0.22757,25.48731592420757,21.055491985978513,9.056525975693933,45.17173904462666,48.75086694034637,121.55171076799004
HIPC,medium,eager_b1,full_allocation_solve,task_completion,0-7,0-7,0,rp2040_b,125,0.001636152096,0.001377155,0.0009264550000000001,0.0026781062,0.0030512221999999998,0.004198623,0.051833343999999996,0.031793,0.050953000000000005,0.1276654,0.12931,0.211837,28.72323324604693,22.98266232299606,14.73158440436535,47.67395655344263,51.90159496249461,118.4892815630855
HIPC,medium,eager_b1,full_allocation_solve,task_completion,0-7,0-7,0,rp2040_c,466,0.0009580475021459228,0.0010092995000000001,0.0007732272499999999,0.001559766,0.0021608419999999996,0.003475019,0.03343835836909871,0.0236515,0.013970499999999997,0.061077,0.07739199999999999,0.212908,39.71569961230652,44.1827127808119,29.512005597395746,62.88718471609789,75.88210838618406,141.47575798653472
HIPC,medium,eager_b1,full_allocation_solve,task_completion,8-15,8-15,0,rp2040_a,79,0.004869643341772151,0.005180271,0.0030609205,0.007684449200000001,0.009274789899999995,0.010352248,0.24773898734177216,0.25066,0.17790100000000003,0.44481720000000025,0.5231991999999995,0.605095,48.15856562364191,49.27021876187369,9.547705154661259,58.294431337532394,60.96616210319987,115.16936780852284
HIPC,medium,eager_b1,full_allocation_solve,task_completion,8-15,8-15,0,rp2040_b,103,0.003991157029126214,0.003629576,0.0022999465000000004,0.0061906422,0.007542929199999999,0.008871759,0.2244861067961165,0.174368,0.18020549999999996,0.3550602,0.5032346999999995,0.531012,55.89621609849803,51.65906750463747,12.960335986294474,65.46039348379148,97.9815648724431,156.3238640978799
HIPC,medium,eager_b1,full_allocation_solve,task_completion,8-15,8-15,0,rp2040_c,142,0.005124978485915493,0.004941053,0.003678836,0.008592045100000001,0.009812488749999999,0.012143653,0.43222121830985916,0.4294755,0.27501450000000005,0.6511093,0.7044492,0.8346520000000001,98.65424238441175,70.48945249732887,86.9685738569361,156.59852458851518,157.93148867692219,169.10528778256236
PI,high,count_b4,cached_or_maintenance,batch_threshold,16-31,16-31,4,rp2040_c,2,0.0032720040000000002,0.0032720040000000002,4.9919000000000265e-05,0.0033119392,0.0033169311,0.003321923,0.017931500000000003,0.017931500000000003,0.0015904999999999982,0.019203900000000003,0.01936295,0.019522,5.474138697339132,5.474138697339132,0.40257789121514787,5.7962010103112505,5.836458799432766,5.87671658855428
PI,high,count_b4,cached_or_maintenance,batch_threshold,32-50,32-50,4,rp2040_b,1,0.003611405,0.003611405,0.0,0.003611405,0.003611405,0.003611405,0.017099,0.017099,0.0,0.017099,0.017099,0.017099,4.734722358749573,4.734722358749573,0.0,4.734722358749573,4.734722358749573,4.734722358749573
PI,high,count_b4,cached_or_maintenance,final_release_flush,32-50,32-50,1,rp2040_a,1,0.003215051,0.003215051,0.0,0.003215051,0.003215051,0.003215051,0.016859,0.016859,0.0,0.016859,0.016859,0.016859,5.2437737379593665,5.2437737379593665,0.0,5.2437737379593665,5.2437737379593665,5.2437737379593665
PI,high,count_b4,cached_or_maintenance,final_release_flush,32-50,32-50,2-3,rp2040_c,3,0.003485999,0.003441702,0.00019658649999999963,0.0036521276,0.0036784307999999997,0.003704734,0.017735666666666667,0.016818,0.0017164999999999993,0.0192924,0.0196017,0.019911,5.115643604284478,4.886535789559932,0.7823748069667378,5.787365012802777,5.8999686657081325,6.012572318613488
PI,high,count_b4,cached_or_maintenance,task_completion,0-7,8-15,0,rp2040_a,1,0.002299077,0.002299077,0.0,0.002299077,0.002299077,0.002299077,0.01924,0.01924,0.0,0.01924,0.01924,0.01924,8.36857573713277,8.36857573713277,0.0,8.36857573713277,8.36857573713277,8.36857573713277
PI,high,count_b4,cached_or_maintenance,task_completion,0-7,8-15,0,rp2040_b,4,0.001759603,0.0017413160000000001,0.00013532350000000008,0.0018629759,0.00187792745,0.001892879,0.01710325,0.017085000000000003,0.0017282500000000006,0.018815500000000002,0.01910125,0.019387,9.700696078806896,9.813464454546775,0.4237063852769083,10.132815631117523,10.187443021718268,10.242070412319013
PI,high,count_b4,cached_or_maintenance,task_completion,0-7,8-15,0,rp2040_c,6,0.0018875661666666666,0.0019292055,0.00017016500000000012,0.0020043375,0.00201200125,0.002019665,0.017369,0.017717,0.0005062500000000032,0.017951,0.018005,0.018059,9.256599620690215,9.139341096544502,1.1082394461832354,10.348860926164809,10.44731904499066,10.545777163816512
PI,high,count_b4,cached_or_maintenance,task_completion,16-31,16-31,0,rp2040_a,28,0.002756572857142857,0.002778351,0.00033058325000000005,0.0033276438,0.0033559015499999996,0.003522255,0.017844535714285716,0.017709500000000003,0.0020020000000000003,0.0197142,0.020179,0.020495,6.71934109765247,6.385240735293424,1.2764770394628666,8.051592688726357,8.44095793911258,13.410626457762906
PI,high,count_b4,cached_or_maintenance,task_completion,16-31,16-31,0,rp2040_b,28,0.0024538734285714284,0.0025775564999999997,0.00040624675000000034,0.002993511,0.0030158541,0.003245815,0.017978285714285714,0.018169499999999998,0.0014445000000000013,0.0193412,0.01982425,0.020439,8.000789092408734,6.92838957337391,0.9268264069932712,14.128860661738704,15.274363557474802,16.652819541737486
PI,high,count_b4,cached_or_maintenance,task_completion,16-31,16-31,0,rp2040_c,45,0.0026641117555555554,0.002790588,0.0005568159999999999,0.0031480446000000002,0.0032140569999999998,0.003309376,0.017710288888888887,0.017628,0.0014480000000000014,0.0197956,0.0201,0.020401,7.099602268768357,6.251429604923692,2.0089616415965192,8.501075670019535,13.453454398876023,17.085127415913597
PI,high,count_b4,cached_or_maintenance,task_completion,16-31,16-31,1,rp2040_a,2,0.002985405,0.002985405,0.00010344100000000012,0.0030681578,0.0030785019000000003,0.003088846,0.0155845,0.0155845,0.0003725000000000013,0.0158825,0.01591975,0.015957,5.222175943853817,5.222175943853817,0.056168962605804396,5.267111113938461,5.272728010199042,5.278344906459623
PI,high,count_b4,cached_or_maintenance,task_completion,16-31,16-31,1,rp2040_b,2,0.0033198805,0.0033198805,6.881550000000045e-05,0.0033749329,0.0033818144500000003,0.003388696,0.015905,0.015905,5.8999999999996555e-05,0.0159522,0.0159581,0.015964,4.792525883597829,4.792525883597829,0.08156922062186567,4.8577812600953205,4.865938182157508,4.874095104219694
PI,high,count_b4,cached_or_maintenance,task_completion,16-31,16-31,1,rp2040_c,3,0.0023968613333333333,0.002399869,0.0006199825,0.0028922458,0.0029537929,0.00301534,0.016769000000000003,0.016799,0.00046599999999999767,0.0171358,0.0171779,0.01722,7.352525261852635,6.7870371257764495,2.0640899604000555,9.116894857387916,9.40812707383935,9.699359290290783
PI,high,count_b4,cached_or_maintenance,task_completion,16-31,16-31,2-3,rp2040_b,2,0.0026486319999999997,0.0026486319999999997,9.40950000000002e-05,0.0027239079999999997,0.0027333175,0.002742727,0.016769,0.016769,0.000393000000000001,0.0170834,0.0171227,0.017162,6.344471419632196,6.344471419632196,0.3737714556911991,6.643488584185155,6.6808657297542755,6.718242875323395
PI,high,count_b4,cached_or_maintenance,task_completion,16-31,16-31,2-3,rp2040_c,2,0.0027969880000000003,0.0027969880000000003,0.0001229950000000003,0.002895384,0.0029076835,0.002919983,0.015933,0.015933,0.0004709999999999992,0.0163098,0.016356899999999997,0.016404,5.714941067651253,5.714941067651253,0.4197047597686385,6.050704875466164,6.092675351443027,6.134645827419892
PI,high,count_b4,cached_or_maintenance,task_completion,16-31,32-50,0,rp2040_a,5,0.003320499,0.003187002,0.00037698099999999976,0.0037049044,0.0037771812,0.003849458,0.0173344,0.016977,0.0007600000000000003,0.0189164,0.0193902,0.019864,5.2820847928125385,5.01566193836484,0.5617284492765977,6.199935426324193,6.447605693685665,6.6952759610471375
PI,high,count_b4,cached_or_maintenance,task_completion,16-31,32-50,0,rp2040_b,8,0.00306100875,0.00306278,0.0002367475,0.0032211926,0.0032315182999999997,0.003241844,0.017685125,0.017477,0.0016797500000000007,0.0192794,0.0193417,0.019404,5.790128818492597,5.845572947584925,0.6192257486018882,6.225082385963078,6.389815414223559,6.55454844248404
PI,high,count_b4,cached_or_maintenance,task_completion,16-31,32-50,0,rp2040_c,11,0.00325579,0.003293885,0.0002563590000000003,0.003397954,0.0034274099999999997,0.003456866,0.017334272727272726,0.017198,0.0010065000000000004,0.017981,0.0187225,0.019464,5.331759965959214,5.265888820328715,0.4838936603387056,5.709837234774192,5.7307113917529104,5.7515855487316285
PI,high,count_b4,cached_or_maintenance,task_completion,32-50,32-50,0,rp2040_a,21,0.0037609858095238096,0.003783588,0.0004251869999999996,0.004292868,0.004340159,0.004413707,0.017746,0.017694,0.0012390000000000005,0.018997,0.019931,0.019947,4.759149699821764,4.664619932191349,0.8969763202905758,5.298480277911371,5.704441188819539,5.792492292117995
PI,high,count_b4,cached_or_maintenance,task_completion,32-50,32-50,0,rp2040_b,22,0.003391815636363636,0.0034546194999999997,0.00029592349999999976,0.0037008106,0.0037255663999999997,0.003728541,0.017856545454545455,0.018287499999999998,0.002120999999999998,0.0191344,0.0191817,0.019663,5.3915690893058335,5.1090351458885594,0.45459691287019677,5.71281791470956,5.997892984436191,10.572218123533673
PI,high,count_b4,cached_or_maintenance,task_completion,32-50,32-50,0,rp2040_c,22,0.0032443748636363638,0.0034007535,0.00035524124999999993,0.0036623173,0.00367342265,0.00373878,0.017390045454545453,0.017433,0.0013135000000000022,0.0188649,0.01912695,0.019495,5.757941871636251,5.228683942989429,0.7060984076913819,5.697705322418708,11.859656131455303,12.925700932564746
PI,high,count_b4,cached_or_maintenance,task_completion,32-50,32-50,1,rp2040_c,1,0.003691465,0.003691465,0.0,0.003691465,0.003691465,0.003691465,0.017579,0.017579,0.0,0.017579,0.017579,0.017579,4.762066009023518,4.762066009023518,0.0,4.762066009023518,4.762066009023518,4.762066009023518
PI,high,count_b4,cached_or_maintenance,task_completion,8-15,16-31,0,rp2040_a,7,0.0023411534285714282,0.002255423,0.0003472680000000004,0.002698184,0.0027786875,0.002859191,0.017630714285714284,0.017692,0.001342000000000003,0.018766599999999998,0.019052799999999998,0.019339,7.630632451031359,7.6778774396105804,1.1334258826671455,8.628896107064854,9.00960174400723,9.390307380949606
PI,high,count_b4,cached_or_maintenance,task_completion,8-15,16-31,0,rp2040_b,2,0.002067063,0.002067063,7.30380000000001e-05,0.0021254934,0.0021327972,0.002140101,0.016551,0.016551,0.0005119999999999986,0.0169606,0.017011799999999997,0.017063,8.008259118378366,8.008259118378366,0.035270927634098115,8.036475860485645,8.040002953249054,8.043530046012464
PI,high,count_b4,cached_or_maintenance,task_completion,8-15,16-31,0,rp2040_c,17,0.0021879899411764705,0.002234775,0.00013913200000000014,0.0023175488,0.0023459711999999997,0.002422576,0.016857529411764705,0.017003,0.001055999999999998,0.0181372,0.018748,0.019348,7.7356527527577175,7.571032686721646,1.0152487353928263,8.593838045834634,8.840008675798702,9.043999515733745
PI,high,count_b4,cached_or_maintenance,task_completion,8-15,8-15,0,rp2040_a,7,0.002223533,0.002217307,0.0002842525000000002,0.0024300248,0.0024575024,0.00248498,0.01785,0.018394,0.002201999999999999,0.0199098,0.0202209,0.020532,8.122456062912326,7.94245932909716,1.2682255502304631,9.733926716206735,10.099077920312578,10.46422912441842
PI,high,count_b4,cached_or_maintenance,task_completion,8-15,8-15,0,rp2040_b,7,0.0018410518571428571,0.001851438,0.000256872,0.0022043174,0.0022336637,0.00226301,0.016903857142857144,0.016448,0.001172999999999997,0.0184004,0.018849199999999997,0.019298,9.88117700115576,8.871473542787744,1.1977846077933965,12.868989791693298,15.343499338432636,17.81800888517199
PI,high,count_b4,cached_or_maintenance,task_completion,8-15,8-15,0,rp2040_c,10,0.0019323444999999999,0.0019735355,0.00020357624999999989,0.0022899328,0.0023682859,0.002446639,0.017653099999999998,0.017487000000000003,0.0018235000000000022,0.019957899999999997,0.02092945,0.021901,9.90095142077889,8.337263793100522,1.1362532952888165,13.93481238281218,17.487697532388857,21.04058268196555
PI,high,count_b4,cached_or_maintenance,task_completion,8-15,8-15,1,rp2040_c,2,0.0022445455000000003,0.0022445455000000003,1.0911499999999904e-05,0.0022532747000000002,0.00225436585,0.002255457,0.016339,0.016339,0.0028719999999999996,0.0186366,0.018923799999999998,0.019211,7.273376299453573,7.273376299453573,1.2441879901781956,8.268726691596129,8.393145490613948,8.517564289631768
PI,high,count_b4,candidate_filter_only,task_completion,0-7,0-7,0,rp2040_a,16,0.0026974426875,0.002503402,0.0009129387499999999,0.00345508,0.003512734,0.003608839,0.034706875,0.022735,0.02186275,0.053997,0.07102475,0.099773,13.705711023582293,9.56761172279024,3.198712201825426,15.8687306299299,27.825849634923266,60.22713827981446
PI,high,count_b4,candidate_filter_only,task_completion,0-7,0-7,0,rp2040_b,78,0.0021907622435897436,0.0022882809999999996,0.00023092050000000008,0.0025975967,0.00272329875,0.003475909,0.0218355641025641,0.020569999999999998,0.004125500000000001,0.0250891,0.026249049999999996,0.061987,10.799598189618845,9.004264036931097,1.2708391246780142,20.292622575767787,22.55449565898065,24.476366937246215
PI,high,count_b4,candidate_filter_only,task_completion,0-7,0-7,0,rp2040_c,256,0.00244826056640625,0.0024429480000000003,0.0002652532499999999,0.0027952775000000003,0.00297896675,0.004245574,0.02336109765625,0.021498,0.0034824999999999995,0.0263785,0.031522,0.104783,9.701035262853486,8.801867619865913,1.1329999687951684,10.92496264811233,16.76061147189192,39.13587156797895
PI,high,count_b4,candidate_filter_only,task_completion,8-15,8-15,0,rp2040_a,3,0.0046877713333333335,0.004635884,0.00032764799999999983,0.0049602672,0.0050008151,0.005041363,0.116683,0.111545,0.007759000000000002,0.12391780000000001,0.1254644,0.127011,24.891815923985988,25.193781919691165,0.6908351263610157,25.384090825933765,25.40787943921409,25.431668052494413
PI,high,count_b4,candidate_filter_only,task_completion,8-15,8-15,0,rp2040_b,1,0.003343111,0.003343111,0.0,0.003343111,0.003343111,0.003343111,0.055649,0.055649,0.0,0.055649,0.055649,0.055649,16.64587266172137,16.64587266172137,0.0,16.64587266172137,16.64587266172137,16.64587266172137
PI,high,count_b4,candidate_filter_only,task_completion,8-15,8-15,0,rp2040_c,8,0.004316090375,0.004355452,0.0006904585000000003,0.0050548562,0.0051454620999999996,0.005236068,0.10005649999999999,0.112819,0.06063750000000001,0.1303842,0.1345611,0.138738,22.698562961959993,25.224639375026445,9.070877756219225,27.364754453133877,28.377601174483516,29.390447895833155
PI,high,count_b4,full_allocation_solve,batch_threshold,16-31,16-31,4,rp2040_a,15,0.0236495048,0.023503692,0.006920856500000003,0.028623493200000003,0.0290401448,0.029076248,0.7646626666666667,0.6879649999999999,0.2708345,1.004906,1.0061252,1.00645,32.110845559139065,31.96234350312124,3.0251191751540567,34.60754150497185,35.20171777263364,36.42915840556408
PI,high,count_b4,full_allocation_solve,batch_threshold,16-31,16-31,4,rp2040_b,14,0.02288012157142857,0.023761252,0.008468964249999999,0.028537258700000002,0.0288566074,0.029306358,0.8003095714285714,0.869132,0.3646102499999999,1.0047107,1.0053318500000001,1.005716,35.536310094000456,33.81228851335193,4.9802348345766205,41.93789222178521,44.43241624782741,47.55880530239815
PI,high,count_b4,full_allocation_solve,batch_threshold,16-31,16-31,4,rp2040_c,30,0.0203799276,0.0203830945,0.0090494385,0.0265086977,0.027631106049999996,0.028635317,0.7087591333333333,0.708051,0.26237750000000004,0.9051508000000003,1.00086115,1.004033,36.18246273867026,33.60272737141819,4.484001907453951,38.807780553395716,51.032571334699256,81.28243909927085
PI,high,count_b4,full_allocation_solve,batch_threshold,32-50,32-50,4,rp2040_a,12,0.03541554375,0.035609217,0.004284580500000003,0.0380052305,0.03891149315,0.039937533,1.2777388333333333,1.314609,0.26595275000000007,1.4020430000000002,1.4143227,1.429264,36.070301324159416,35.97539084039023,3.395941693264575,38.16968785982769,39.155430912786294,40.309403208683875
PI,high,count_b4,full_allocation_solve,batch_threshold,32-50,32-50,4,rp2040_b,12,0.032775596250000004,0.0329332765,0.003572948749999999,0.036265882299999996,0.037083195449999995,0.037955551,1.2886949166666668,1.2898495,0.22781525000000014,1.4332521,1.43722115,1.4377419999999999,39.56459405058981,37.96353238232565,2.899677574335243,44.2445557745386,47.22018806868306,50.43712373164364
PI,high,count_b4,full_allocation_solve,batch_threshold,32-50,32-50,4,rp2040_c,11,0.029685561818181817,0.031280698,0.0033050335000000056,0.032282835,0.0328049495,0.033327064,1.1277955454545454,1.138531,0.11553449999999987,1.228324,1.2301609999999998,1.231998,38.94650380642037,36.43478027874565,4.332542908147261,45.327498144310546,53.70821116223194,62.088924180153334
PI,high,count_b4,full_allocation_solve,batch_threshold,8-15,8-15,4,rp2040_a,8,0.0130964745,0.01248954,0.0032531114999999992,0.0153715502,0.015509129600000001,0.015646709,0.3676345,0.36728700000000003,0.09227800000000003,0.4143959,0.41510745,0.415819,28.32799543654026,26.924140235596177,1.6817932254992947,32.08790381278195,34.84949353552615,37.61108325827036
PI,high,count_b4,full_allocation_solve,batch_threshold,8-15,8-15,4,rp2040_b,4,0.010715982249999999,0.0107354325,0.0017863652499999997,0.0117266722,0.0117625996,0.011798527,0.32001275,0.3203775,0.0014367499999999311,0.3212906,0.3214163,0.321542,30.110286824450498,29.873209883128467,4.859985345909024,33.076514015653416,33.29477167862323,33.51302934159303
PI,high,count_b4,full_allocation_solve,batch_threshold,8-15,8-15,4,rp2040_c,9,0.011589702666666667,0.011750296,0.00045661200000000034,0.012444078800000001,0.0133785364,0.014312994,0.3323558888888889,0.32183,0.004106999999999972,0.34271640000000003,0.3787812,0.414846,28.81623661035212,28.069783212848332,1.4571687646429616,31.512258421574447,32.708295163374466,33.90433190517449
PI,high,count_b4,full_allocation_solve,final_release_flush,32-50,32-50,1,rp2040_a,3,0.037921123333333334,0.038167086,0.0004897459999999992,0.0382637276,0.0382758078,0.038287888,1.4315056666666666,1.4311610000000001,0.003371000000000013,1.4342714,1.4346602,1.435049,37.755311250808035,37.42247967266874,0.5427783760077887,38.25610026724213,38.3603028415638,38.464505415885476
PI,high,count_b4,full_allocation_solve,final_release_flush,32-50,32-50,2-3,rp2040_c,5,0.026829189200000002,0.02881715,0.012577500999999998,0.0338940984,0.0341408832,0.034387668,1.3038596,1.315394,0.008863999999999983,1.3173032,1.3175196,1.317736,52.45917192138808,45.689945050083026,24.595399517499523,71.47278395691893,73.9498375600162,76.42689116311348
PI,high,count_b4,full_allocation_solve,task_completion,16-31,16-31,0,rp2040_b,1,0.029677578,0.029677578,0.0,0.029677578,0.029677578,0.029677578,1.004036,1.004036,0.0,1.004036,1.004036,1.004036,33.831466974831976,33.831466974831976,0.0,33.831466974831976,33.831466974831976,33.831466974831976
PI,high,count_b4,full_allocation_solve,task_completion,16-31,16-31,0,rp2040_c,2,0.0291959835,0.0291959835,6.657249999999712e-05,0.0292492415,0.02925589875,0.029262556,1.0007085,1.0007085,0.00019049999999998235,1.0008609,1.00087995,1.000899,34.275717021666644,34.275717021666644,0.07163040667647635,34.33302134700783,34.34018438767548,34.34734742834313
PI,high,count_b4,full_allocation_solve,task_completion,16-31,16-31,1,rp2040_a,3,0.016727918999999997,0.01418957,0.006226993499999998,0.0222171836,0.023220635299999997,0.024224087,0.751705,0.7586660000000001,0.011326500000000017,0.759374,0.7594624999999999,0.759551,49.468644450102424,53.52882434069531,17.01850193481645,62.271410019837006,63.36423322972972,64.45705643962243
PI,high,count_b4,full_allocation_solve,task_completion,16-31,16-31,1,rp2040_b,4,0.027534671,0.027335346,0.0023407709999999984,0.029162323,0.029347966,0.029533609,0.9427135000000001,0.9490465,0.1205354999999999,1.0067089,1.00689595,1.0070830000000002,34.214020682445536,33.964793897996174,0.7439948807167127,35.112729640671226,35.329837944035226,35.546946247399234
PI,high,count_b4,full_allocation_solve,task_completion,16-31,16-31,1,rp2040_c,5,0.018614240799999997,0.019281512,0.001955147000000001,0.0214184896,0.021502928799999998,0.021587368,0.7060036000000001,0.7361270000000001,0.10702800000000001,0.7648024,0.7652952000000001,0.765788,40.22270610913714,34.780109511985074,8.04089580544673,54.610534038889895,59.57531874037429,64.5401034418587
PI,high,count_b4,full_allocation_solve,task_completion,16-31,16-31,2-3,rp2040_a,4,0.019662996,0.022398752,0.0061136935,0.0241064547,0.02411269935,0.024118944,0.73687725,0.7369049999999999,0.001787250000000129,0.7384989000000001,0.7387369500000001,0.738975,43.13526429302327,33.08680890191405,15.112226458534579,63.80980692405973,69.85735928983429,75.9049116556089
PI,high,count_b4,full_allocation_solve,task_completion,16-31,16-31,2-3,rp2040_b,6,0.019710319833333333,0.0186308195,0.004372044999999998,0.0234815865,0.02407284575,0.024664105,0.6432796666666666,0.6072534999999999,0.11733875000000005,0.751914,0.7589619999999999,0.76601,32.796641256064696,32.593209514832445,2.2222186938298023,34.975652841833444,35.6178851455408,36.26011744924814
PI,high,count_b4,full_allocation_solve,task_completion,16-31,16-31,2-3,rp2040_c,17,0.01869625682352941,0.020433223,0.005316307999999999,0.0226306298,0.024114101199999995,0.027602214,0.6858522941176471,0.686366,0.07538999999999996,0.782514,0.8547283999999998,1.002478,39.14187953012661,32.34007336500915,8.831225872426042,54.81496081122823,60.21944640699425,80.6646418807263
PI,high,count_b4,full_allocation_solve,task_completion,32-50,32-50,0,rp2040_a,1,0.036823518,0.036823518,0.0,0.036823518,0.036823518,0.036823518,1.401708,1.401708,0.0,1.401708,1.401708,1.401708,38.06556451233149,38.06556451233149,0.0,38.06556451233149,38.06556451233149,38.06556451233149
PI,high,count_b4,full_allocation_solve,task_completion,32-50,32-50,1,rp2040_c,3,0.030258862666666667,0.030418247,0.0009146954999999998,0.0309587422,0.031026304100000002,0.031093866,1.0295686666666668,1.030348,0.0021329999999999405,1.0311192,1.0312156,1.031312,34.04666338104284,33.764141635117895,1.0202248756134438,34.91934763071859,35.063748380168676,35.20814912961876
PI,high,count_b4,full_allocation_solve,task_completion,32-50,32-50,2-3,rp2040_a,4,0.031397447,0.033687852000000004,0.007616113999999997,0.0365674166,0.0366396533,0.03671189,1.2733185,1.2873139999999998,0.06370949999999964,1.3125904,1.3127301999999998,1.31287,42.65925324826446,38.38928806750634,10.271219387011762,54.87243962792641,57.94329272010477,61.014145812283154
PI,high,count_b4,full_allocation_solve,task_completion,32-50,32-50,2-3,rp2040_c,11,0.02879852927272727,0.028452748,0.006453904500000003,0.03518457,0.035191018500000004,0.035197467,1.1159211818181818,1.090329,0.16121700000000017,1.263815,1.264574,1.265333,39.95911858173801,36.08850013362505,6.903878245915507,45.936516941815704,53.73017225147309,61.52382756113048
PI,high,count_b4,full_allocation_solve,task_completion,8-15,8-15,1,rp2040_c,2,0.011592957000000001,0.011592957000000001,0.00012150100000000129,0.0116901578,0.0117023079,0.011714458,0.3202175,0.3202175,0.0002754999999999841,0.3204379,0.32046545,0.320493,27.625011042677173,27.625011042677173,0.3132907735874717,27.87564366154715,27.9069727389059,27.938301816264648
PI,high,count_b4,full_allocation_solve,task_completion,8-15,8-15,2-3,rp2040_b,4,0.01123904825,0.011593621,0.003668082250000001,0.0133022747,0.01331957435,0.013336874,0.403337,0.40278,0.021861499999999978,0.4153559,0.41581144999999997,0.416267,37.294760279886425,35.24929728721412,10.889681917605976,46.09089114658194,47.548898281324824,49.00690541606772
PI,high,count_b4,partial_bundle_refill,batch_threshold,16-31,16-31,4,rp2040_a,2,0.018440585000000002,0.018440585000000002,0.0015760590000000012,0.0197014322,0.0198590381,0.020016644,0.621166,0.621166,0.06259199999999998,0.6712395999999999,0.6774988,0.683758,33.64035585415309,33.64035585415309,0.5191166328432217,34.05564916042768,34.107560823712,34.15947248699632
PI,high,count_b4,partial_bundle_refill,batch_threshold,16-31,16-31,4,rp2040_b,3,0.011448584333333333,0.01402673,0.004476883499999999,0.014514462,0.0145754285,0.014636395,0.472342,0.457047,0.027756500000000017,0.4976062,0.5026761000000001,0.507746,48.95210455338387,34.6906461597955,23.49883163421803,70.60346153947597,75.09256346193602,79.58166538439609
PI,high,count_b4,partial_bundle_refill,batch_threshold,16-31,16-31,4,rp2040_c,1,0.015803862,0.015803862,0.0,0.015803862,0.015803862,0.015803862,0.605721,0.605721,0.0,0.605721,0.605721,0.605721,38.32740377004051,38.32740377004051,0.0,38.32740377004051,38.32740377004051,38.32740377004051
PI,high,count_b4,partial_bundle_refill,batch_threshold,32-50,32-50,4,rp2040_a,1,0.021666858,0.021666858,0.0,0.021666858,0.021666858,0.021666858,0.701406,0.701406,0.0,0.701406,0.701406,0.701406,32.37229874308494,32.37229874308494,0.0,32.37229874308494,32.37229874308494,32.37229874308494
PI,high,count_b4,partial_bundle_refill,batch_threshold,8-15,8-15,4,rp2040_a,5,0.0119653992,0.012540983,0.001667824,0.0129655468,0.012974967399999999,0.012984388,0.35676220000000003,0.321439,0.08960400000000002,0.4110474,0.41118119999999997,0.411315,29.8429079770787,31.67765781490818,3.2534945169148415,31.80158542254918,31.821686859683897,31.841788296818613
PI,high,count_b4,partial_bundle_refill,batch_threshold,8-15,8-15,4,rp2040_c,3,0.011052188999999999,0.011593845,0.0010046719999999999,0.0117475954,0.0117668142,0.011786033,0.31910700000000003,0.319027,0.00021800000000005149,0.3192974,0.3193312,0.319365,29.080889320895313,27.508475402250074,2.7988706949001276,31.634468660544464,32.15021781783126,32.66596697511806
PI,high,count_b4,partial_bundle_refill,initial_allocation,8-15,8-15,5-8,rp2040_a,6,0.0076622841666666676,0.007735581,0.0012159205000000003,0.00857864,0.0086824515,0.008786263,0.19253383333333332,0.19096950000000001,0.023026999999999992,0.208165,0.20826099999999997,0.208357,25.563517415670642,24.761154111209322,4.918364427399997,30.513212438157574,31.966746316440844,33.420280194724114
PI,high,count_b4,partial_bundle_refill,initial_allocation,8-15,8-15,5-8,rp2040_b,7,0.007480599285714286,0.008189217,0.001564312,0.008335048999999999,0.0083380805,0.008341112,0.19676214285714286,0.207581,0.027200000000000002,0.2109306,0.2118873,0.212844,26.889087817102446,25.65277826154712,5.4042585955675655,32.96856013113579,34.67319572821849,36.3778313253012
PI,high,count_b4,partial_bundle_refill,initial_allocation,8-15,8-15,5-8,rp2040_c,12,0.0073909615,0.007506675500000001,0.0016390042499999993,0.00846359,0.00847622735,0.008490606,0.19423091666666667,0.19522850000000003,0.027532250000000008,0.209002,0.21032915,0.21195,26.97698074556118,25.975480687701413,7.976322648629392,35.635379639744535,36.613675663336686,37.188717940089134
PI,high,count_b4,partial_bundle_refill,task_completion,0-7,0-7,0,rp2040_a,7,0.003386732285714286,0.002983145,0.0018378459999999998,0.0050148728,0.0050515769,0.005088281,0.05557585714285714,0.04059,0.0397735,0.09956780000000004,0.12376639999999994,0.147965,14.834583496381047,12.581923158865987,5.512645215823415,22.83383898375105,25.956702180763966,29.0795653777769
PI,high,count_b4,partial_bundle_refill,task_completion,0-7,0-7,0,rp2040_b,6,0.0025811346666666664,0.0025333114999999996,0.0003338127499999998,0.0028593505,0.00289450225,0.002929654,0.025497500000000003,0.0239245,0.00456175,0.031375,0.032857,0.034339,9.80111929610656,9.497712830296306,0.6298115962585822,10.953906501678187,11.337542931395229,11.721179361112268
PI,high,count_b4,partial_bundle_refill,task_completion,0-7,0-7,0,rp2040_c,14,0.0027700995,0.00276383,0.0008472945000000003,0.0037957127000000004,0.0039621597,0.004024717,0.03778635714285714,0.025436,0.019227750000000002,0.06408350000000002,0.08260029999999999,0.108066,13.238762673087242,11.343321869707014,5.699433219759566,20.372748545572787,23.777392826101913,27.508384296705465
PI,high,count_b4,partial_bundle_refill,task_completion,16-31,16-31,0,rp2040_a,18,0.013654952722222223,0.013791807,0.004086095749999999,0.0168991123,0.019615598499999987,0.026976199,0.47776261111111107,0.460283,0.17905775000000002,0.621449,0.6636443999999997,0.84107,36.75961365464456,34.16152330193296,3.27012624710445,37.22907281614609,44.655926205430504,81.30802116012964
PI,high,count_b4,partial_bundle_refill,task_completion,16-31,16-31,0,rp2040_b,17,0.012210364117647058,0.011910936,0.004188028,0.017437129,0.0176326372,0.017812846,0.469234,0.45933,0.18094099999999996,0.6235436,0.65528,0.7349,39.20192239799633,36.648867367583165,3.426827346690864,41.27847961353146,48.59528862051116,75.83581521077885
PI,high,count_b4,partial_bundle_refill,task_completion,16-31,16-31,0,rp2040_c,43,0.013964037953488372,0.012862525,0.006013723000000002,0.018504223400000002,0.024414094199999993,0.028302189,0.5025037674418605,0.477529,0.23739800000000005,0.6588604,0.8865666999999997,0.998276,36.59853038295589,35.322485145458494,1.8628769253605242,38.19801948994568,40.03290145742544,77.79255256415055
PI,high,count_b4,partial_bundle_refill,task_completion,16-31,16-31,1,rp2040_a,1,0.014146689,0.014146689,0.0,0.014146689,0.014146689,0.014146689,0.7328,0.7328,0.0,0.7328,0.7328,0.7328,51.80010672461945,51.80010672461945,0.0,51.80010672461945,51.80010672461945,51.80010672461945
PI,high,count_b4,partial_bundle_refill,task_completion,16-31,16-31,1,rp2040_b,2,0.0176802825,0.0176802825,0.006355884500000002,0.0227649901,0.023400578550000002,0.024036167,0.911739,0.911739,0.002131000000000105,0.9134437999999999,0.9136569,0.91387,59.27125874660776,59.27125874660776,21.427953697179547,76.41362170435139,78.55641707406934,80.6992124437873
PI,high,count_b4,partial_bundle_refill,task_completion,16-31,16-31,1,rp2040_c,3,0.016163721000000002,0.015534512,0.004505058500000001,0.0198936096,0.0204384968,0.020983384,0.5006656666666667,0.456355,0.13859899999999997,0.620407,0.6409135,0.66142,30.99598927028029,31.521131195997746,1.3565701643965369,31.976217016654026,32.03310274423606,32.089988471818096
PI,high,count_b4,partial_bundle_refill,task_completion,16-31,16-31,2-3,rp2040_b,2,0.012071154,0.012071154,0.005378512,0.0163739636,0.0169118148,0.017449666,0.5567065,0.5567065,0.0005625000000000213,0.5571565,0.55721275,0.557269,57.56862367719429,57.56862367719428,25.697297314844427,78.12646152906983,80.69619126055427,83.26592099203872
PI,high,count_b4,partial_bundle_refill,task_completion,16-31,16-31,2-3,rp2040_c,5,0.0123718728,0.010974254,0.003633249,0.015327468200000001,0.015713073600000002,0.016098679,0.37427920000000003,0.302579,0.183035,0.4852972,0.4853986,0.4855,30.004175830977676,29.406126542609645,1.4704334232096414,32.60707428335129,33.43401215439913,34.26095002544696
PI,high,count_b4,partial_bundle_refill,task_completion,32-50,32-50,0,rp2040_a,10,0.0221461084,0.022501615,0.0028676449999999985,0.0242321635,0.024302437750000003,0.024372712,0.77054,0.7738864999999999,0.09423650000000006,0.8756654,0.8773547,0.879044,34.78758481991155,34.67541897774416,1.5459712550473554,36.011173638844795,36.45428548733352,36.897397335822255
PI,high,count_b4,partial_bundle_refill,task_completion,32-50,32-50,0,rp2040_b,11,0.020836578363636362,0.021231056,0.002204940500000002,0.022220386,0.022911475,0.023602564,0.7665464545454544,0.77415,0.09574399999999994,0.855675,0.8623845,0.869094,36.78396126088657,36.822016455500346,1.4813597894379882,37.85096547206698,39.07697684918547,40.30298822630395
PI,high,count_b4,partial_bundle_refill,task_completion,32-50,32-50,0,rp2040_c,11,0.02160307190909091,0.020387113,0.004360309,0.028753071,0.029923539,0.031094007,0.8231177272727273,0.719398,0.18593400000000004,1.16808,1.211169,1.254258,39.16169269617483,36.366550025926244,2.2470548129841816,43.6217056605884,54.24435246595313,64.86699927131785
PI,high,count_b4,partial_bundle_refill,task_completion,32-50,32-50,2-3,rp2040_c,1,0.027473955,0.027473955,0.0,0.027473955,0.027473955,0.027473955,1.054873,1.054873,0.0,1.054873,1.054873,1.054873,38.39538209915536,38.39538209915536,0.0,38.39538209915536,38.39538209915536,38.39538209915536
PI,high,count_b4,partial_bundle_refill,task_completion,8-15,8-15,0,rp2040_a,10,0.006392904099999999,0.006368643,0.0023612682499999996,0.0081953532,0.008513018099999999,0.008830683,0.1831775,0.194334,0.0693755,0.23992429999999998,0.25700314999999996,0.274082,28.229922817325058,29.902618622398855,3.898797676986188,32.60853220437288,32.69473820266694,32.780944200961
PI,high,count_b4,partial_bundle_refill,task_completion,8-15,8-15,0,rp2040_b,10,0.0058439722,0.006076458,0.0020630245,0.0075710183,0.00765826565,0.007745513,0.2025693,0.2112635,0.06541074999999999,0.2557659,0.26584995,0.275934,35.902251537685466,31.38467880844732,3.3983558849364925,38.96420652870457,53.990578172835555,69.01694981696659
PI,high,count_b4,partial_bundle_refill,task_completion,8-15,8-15,0,rp2040_c,19,0.005849058,0.006089169,0.0019756385,0.007156565,0.007445330699999999,0.007762182,0.19119536842105264,0.193195,0.07303699999999999,0.2416388,0.2691418,0.272992,33.550855340262466,31.22708533791721,4.433548315671111,35.38821102780062,39.975228518799554,73.38451136501763
PI,high,count_b4,partial_bundle_refill,task_completion,8-15,8-15,1,rp2040_c,1,0.010212451,0.010212451,0.0,0.010212451,0.010212451,0.010212451,0.319041,0.319041,0.0,0.319041,0.319041,0.319041,31.24039469075543,31.24039469075543,0.0,31.24039469075543,31.24039469075543,31.24039469075543
PI,high,count_b4,partial_bundle_refill,task_completion,8-15,8-15,2-3,rp2040_b,3,0.010578398333333334,0.011580173,0.0030084720000000016,0.012784821,0.012935402,0.013085983,0.31681966666666667,0.338098,0.07894249999999997,0.375718,0.3804205,0.385123,30.257334718294242,29.430192596154217,1.474623478573065,31.602461925580698,31.87399559175901,32.14552925793732
PI,high,eager_b1,cached_or_maintenance,task_arrival_eager,16-31,16-31,1,rp2040_a,7,0.0030581524285714285,0.003084149,0.0005176680000000002,0.0034295842,0.0034433806,0.003457177,0.016561285714285716,0.016293,0.0016844999999999985,0.0178372,0.0180391,0.018241,5.486166831087041,5.499558755232589,1.2189742945903008,6.432569374998837,6.550677022327175,6.668784669655513
PI,high,eager_b1,cached_or_maintenance,task_arrival_eager,16-31,16-31,1,rp2040_b,30,0.0032311465,0.0033160159999999998,0.0005506335000000002,0.0036930846000000003,0.0037944527,0.003827402,0.016506066666666666,0.0165625,0.001117,0.018084799999999998,0.01833205,0.018834,5.2723784961496385,5.0420762336467035,0.7825938326009583,6.619033935251742,7.0354993727643595,9.864205393198356
PI,high,eager_b1,cached_or_maintenance,task_arrival_eager,16-31,16-31,1,rp2040_c,39,0.00304520858974359,0.003328714,0.0007520415000000003,0.003585047,0.0036035649,0.003621659,0.016640846153846155,0.016633,0.001344999999999999,0.017823000000000002,0.0184115,0.019643,5.910138839185431,5.176059111748303,1.198074575147456,7.552818637096676,10.696648794212335,14.560823506065251
PI,high,eager_b1,cached_or_maintenance,task_arrival_eager,32-50,32-50,1,rp2040_a,47,0.0042063025319148935,0.00435102,0.0003885364999999998,0.0046876938,0.0047279469,0.004945396,0.017677574468085107,0.017827,0.0016369999999999996,0.0190308,0.0197583,0.022416,4.399961195922227,4.077501585964097,0.5816358282134493,5.0121152106218165,5.33638813479911,11.222310648156867
PI,high,eager_b1,cached_or_maintenance,task_arrival_eager,32-50,32-50,1,rp2040_b,31,0.0037517672903225802,0.003919636,0.0005901775000000001,0.004384529,0.0043991425,0.004463427,0.01712193548387097,0.016884,0.0015169999999999975,0.019186,0.019376499999999998,0.020318,5.017907160015537,4.12452168948541,0.8154396577789078,8.036027674159309,10.748578919696897,11.966995814902521
PI,high,eager_b1,cached_or_maintenance,task_arrival_eager,32-50,32-50,1,rp2040_c,62,0.00402036620967742,0.004156965,0.00045458274999999985,0.004546883999999999,0.0045908317999999995,0.004706866,0.017126322580645163,0.016959500000000002,0.002072749999999998,0.0192105,0.01934145,0.020131,4.449931022211377,4.194929008942999,0.948659514004067,5.017823228821558,5.3607203982715435,10.461828630160936
PI,high,eager_b1,cached_or_maintenance,task_arrival_eager,8-15,8-15,1,rp2040_a,10,0.0025155985999999997,0.0024830165,0.00012248324999999992,0.0026357546,0.0027457957999999995,0.002855837,0.0174646,0.0162395,0.0028602500000000017,0.019235699999999998,0.020606849999999996,0.021978,6.943280652245109,6.60961606967311,1.2292967456958532,7.744934721377658,7.965962787589954,8.186990853802252
PI,high,eager_b1,cached_or_maintenance,task_arrival_eager,8-15,8-15,1,rp2040_b,10,0.0023970547000000003,0.00239588,3.5958999999999904e-05,0.0024427439,0.00245419145,0.002465639,0.0163161,0.016491,0.0022407499999999997,0.017870499999999997,0.017895249999999998,0.01792,6.809219925723779,6.8195700769103045,0.9105314011856418,7.421120787247463,7.448865672978607,7.47661055870975
PI,high,eager_b1,cached_or_maintenance,task_arrival_eager,8-15,8-15,1,rp2040_c,7,0.0023954677142857144,0.002383505,0.0001580564999999999,0.0025595958,0.0025742934,0.002588991,0.016082714285714287,0.016143,0.0021615000000000002,0.017669,0.017924,0.018179,6.768049449897958,7.063966721278118,1.691599103587036,7.78270480912496,7.866256559215135,7.949808309305309
PI,high,eager_b1,cached_or_maintenance,task_completion,0-7,0-7,0,rp2040_a,1,0.00207937,0.00207937,0.0,0.00207937,0.00207937,0.00207937,0.019497,0.019497,0.0,0.019497,0.019497,0.019497,9.376397658906303,9.376397658906303,0.0,9.376397658906303,9.376397658906303,9.376397658906303
PI,high,eager_b1,cached_or_maintenance,task_completion,0-7,8-15,0,rp2040_a,2,0.0015064265000000001,0.0015064265000000001,0.0007248255000000001,0.0020862869,0.00215876945,0.002231252,0.018444000000000002,0.018444000000000002,0.0015409999999999972,0.0196768,0.0198309,0.019985,16.572439829336673,16.572439829336673,8.996872390069388,23.769937741392184,24.66962498039912,25.56931221940606
PI,high,eager_b1,cached_or_maintenance,task_completion,0-7,8-15,0,rp2040_b,2,0.001798983,0.001798983,7.297599999999977e-05,0.0018573638000000002,0.0018646614,0.001871959,0.017591000000000002,0.017591000000000002,0.0004599999999999986,0.017959000000000003,0.018005,0.018051,9.804809140965805,9.804809140965805,0.6534334965206003,10.327555938182286,10.392899287834346,10.458242637486407
PI,high,eager_b1,cached_or_maintenance,task_completion,0-7,8-15,0,rp2040_c,4,0.001534111,0.0017631805,0.0003360284999999999,0.0018891946,0.0019133728,0.001937551,0.016969249999999998,0.01675,0.00043725000000000014,0.0175233,0.017671649999999997,0.01782,13.283261416587669,9.751799416953578,4.752401562228192,20.57328354931858,22.799800999796524,25.026318450274484
PI,high,eager_b1,cached_or_maintenance,task_completion,16-31,16-31,0,rp2040_a,22,0.0028662794545454544,0.0028106525,0.0004489842499999998,0.0033385252000000002,0.0035061975,0.003637152,0.01745268181818182,0.017411500000000003,0.0025410000000000016,0.0190145,0.0199877,0.021198,6.166477834496816,6.223322634938141,1.053303507207639,6.864239634147223,7.2373649584083894,8.107780145105567
PI,high,eager_b1,cached_or_maintenance,task_completion,16-31,16-31,0,rp2040_b,29,0.0026555075517241383,0.002635201,0.000447626,0.0030196902,0.0032559027999999996,0.003464116,0.017163310344827588,0.016901,0.0021609999999999997,0.018897,0.019525599999999997,0.020516,6.693676797320216,6.39310738006101,1.3477429847797477,7.861873680272307,7.934830664205327,15.17690527872165
PI,high,eager_b1,cached_or_maintenance,task_completion,16-31,16-31,0,rp2040_c,52,0.002674433442307692,0.0027657100000000002,0.0004352325,0.0031992418,0.00323309125,0.003510531,0.017943307692307692,0.017634,0.002543750000000001,0.019854700000000003,0.020653949999999997,0.02306,7.20913948650146,6.438233733522459,1.1722365958313876,8.597302848511468,14.399569719504209,18.658323740205727
PI,high,eager_b1,cached_or_maintenance,task_completion,16-31,32-50,0,rp2040_a,5,0.0030586222,0.003403476,0.0003795109999999999,0.0036307002,0.0036410056,0.003651311,0.017940400000000002,0.017623,0.00023300000000000057,0.018870400000000002,0.019250200000000002,0.01963,6.819997619348601,5.209673874591741,0.6116701857710494,10.493508154451922,12.167171741882896,13.840835329313876
PI,high,eager_b1,cached_or_maintenance,task_completion,16-31,32-50,0,rp2040_b,8,0.00293480525,0.003144493,0.00022569124999999995,0.003324033,0.003341561,0.003359089,0.0166345,0.0166115,0.0006430000000000012,0.0172409,0.01726995,0.017299,6.154636219701362,5.346509186737165,0.6984838735919396,7.75284107859389,9.924192388491035,12.095543698388186
PI,high,eager_b1,cached_or_maintenance,task_completion,16-31,32-50,0,rp2040_c,12,0.003260031,0.0032682600000000003,0.00010016175000000013,0.0033399551,0.003355361,0.003373511,0.01737758333333333,0.0171245,0.0011452500000000004,0.018574300000000002,0.01888495,0.019188,5.333995656641316,5.264253027460807,0.36558913646388547,5.723938929388267,5.845225571097399,5.968907363595398
PI,high,eager_b1,cached_or_maintenance,task_completion,32-50,32-50,0,rp2040_a,21,0.003714108285714286,0.003864558,0.00040656100000000016,0.004157094,0.004388869,0.004397048,0.018867761904761905,0.018781,0.002087000000000002,0.020706,0.02097,0.021618,5.389788625546911,4.889267679867307,0.6411037441687508,6.002211973969234,7.528954503424388,13.381221972535045
PI,high,eager_b1,cached_or_maintenance,task_completion,32-50,32-50,0,rp2040_b,21,0.0034991164761904764,0.003543237,0.0005821609999999999,0.004077726,0.004169659,0.00422493,0.017452761904761905,0.017531,0.0016629999999999978,0.018634,0.018762,0.019332,5.2291464225154165,4.949006255375195,1.0827491419939568,5.559598390391343,6.312057347917007,11.973282682078025
PI,high,eager_b1,cached_or_maintenance,task_completion,32-50,32-50,0,rp2040_c,41,0.003453178146341463,0.003549191,0.0003699459999999999,0.004082647,0.004128027,0.004385014,0.01751809756097561,0.017681,0.0016589999999999973,0.01919,0.01964,0.020146,5.504779175505972,4.752195022959498,0.898910768492633,5.898910373514695,11.632215793232655,12.629569695149756
PI,high,eager_b1,cached_or_maintenance,task_completion,8-15,16-31,0,rp2040_a,9,0.0020170124444444442,0.00214835,0.00045141300000000033,0.0026398238,0.0026922034,0.002744583,0.017771111111111113,0.017419,0.0011979999999999977,0.0191298,0.0199174,0.020705,9.952408277543181,7.595741446268238,1.632654977498845,17.385380025067757,17.433709565054485,17.482039105041213
PI,high,eager_b1,cached_or_maintenance,task_completion,8-15,16-31,0,rp2040_b,7,0.002216012857142857,0.002214426,7.094450000000004e-05,0.0023238408,0.0023664459,0.002409051,0.017603142857142855,0.017654,0.001132499999999998,0.0189038,0.019346899999999997,0.01979,7.9519163820591166,7.972269111724664,0.5808174051212696,8.481053058933963,8.67709902344431,8.873144987954657
PI,high,eager_b1,cached_or_maintenance,task_completion,8-15,16-31,0,rp2040_c,18,0.002049934222222222,0.0022350265,0.00022153574999999974,0.002378226,0.0024071698999999997,0.002435446,0.01755988888888889,0.0175295,0.001667749999999999,0.0193689,0.01974115,0.019776,9.347793655542958,7.698571281944682,1.7781751070754002,15.390321060860215,16.732185821273845,18.835015974440893
PI,high,eager_b1,cached_or_maintenance,task_completion,8-15,8-15,0,rp2040_a,3,0.0015541666666666666,0.001747978,0.00047667999999999994,0.0018967484,0.0019153447,0.001933941,0.018471333333333336,0.018429,0.0012575000000000017,0.0194858,0.0196179,0.01975,12.777220243008585,10.543038871198608,3.6820035213970073,16.169659334488188,16.872986892399386,17.576314450310583
PI,high,eager_b1,cached_or_maintenance,task_completion,8-15,8-15,0,rp2040_b,10,0.0019672483,0.002032985,0.00024224174999999985,0.0022746532,0.0023208915999999996,0.00236713,0.017746400000000002,0.017516999999999998,0.0013145000000000032,0.019267,0.019384000000000002,0.019501,9.550560069730981,8.664147505018928,0.7536161058427364,10.747767875726472,14.26610981794118,17.7844517601559
PI,high,eager_b1,cached_or_maintenance,task_completion,8-15,8-15,0,rp2040_c,16,0.00204345825,0.002023278,0.0003112847499999998,0.0023876755,0.00245745575,0.002461442,0.018140125,0.018002499999999998,0.0019507499999999976,0.0204135,0.021164500000000003,0.021628,9.269747305022236,8.93524299359249,1.294693749348916,9.912745535179724,12.345866221549407,19.064660745475948
PI,high,eager_b1,candidate_filter_only,task_completion,0-7,0-7,0,rp2040_a,100,0.0025673939800000003,0.002588482,0.00040668375000000017,0.0030239199000000002,0.0031857822,0.003371515,0.023257729999999997,0.02257,0.004021750000000001,0.0266259,0.0278081,0.050615,9.448899223896952,8.657061789243143,1.353564163670729,10.308021833575367,12.385032150065635,36.068809725715994
PI,high,eager_b1,candidate_filter_only,task_completion,0-7,0-7,0,rp2040_b,135,0.0022522182074074075,0.002369173,0.00021630450000000023,0.0024565168,0.0024676957,0.003193842,0.020610014814814816,0.020496,0.0027965000000000004,0.022548000000000002,0.0229611,0.046691,9.622858780529576,8.77855606854688,0.9774127329222324,9.99331824249251,20.442658401067682,23.297718582096973
PI,high,eager_b1,candidate_filter_only,task_completion,0-7,0-7,0,rp2040_c,404,0.002240919725247525,0.00225708,0.0001780884999999996,0.0024463749999999998,0.0025503781499999992,0.004218072,0.020666722772277227,0.019225,0.002386500000000003,0.0221504,0.02397309999999999,0.102116,9.339265901034379,8.635591638158477,0.9777577246862421,9.834140007672339,16.34574929476773,25.50326713489887
PI,high,eager_b1,candidate_filter_only,task_completion,8-15,8-15,0,rp2040_a,1,0.004185352,0.004185352,0.0,0.004185352,0.004185352,0.004185352,0.112088,0.112088,0.0,0.112088,0.112088,0.112088,26.78102104673633,26.78102104673633,0.0,26.78102104673633,26.78102104673633,26.78102104673633
PI,high,eager_b1,candidate_filter_only,task_completion,8-15,8-15,0,rp2040_b,3,0.0038515896666666666,0.003615185,0.00037098999999999986,0.0041956625999999995,0.004268222299999999,0.004340782,0.07710033333333334,0.063347,0.030009000000000008,0.10385820000000001,0.1089221,0.113986,19.59657122640806,17.6022465253715,5.665590203903935,24.527908329738523,25.3936160552844,26.25932378083028
PI,high,eager_b1,candidate_filter_only,task_completion,8-15,8-15,0,rp2040_c,9,0.0047521118888888885,0.004298679,0.0004974239999999998,0.0057701034000000005,0.006963278199999999,0.008156453,0.12539655555555554,0.113048,0.015688999999999995,0.15586380000000002,0.19415539999999995,0.232447,25.992886741783977,26.426515352421834,1.294925690900655,28.756615571094112,29.272767222969577,29.78891887484504
PI,high,eager_b1,full_allocation_solve,task_arrival_eager,16-31,16-31,1,rp2040_a,48,0.021460227979166666,0.0222310065,0.009104054749999996,0.0278978559,0.02866689905,0.02965265,0.7281107708333333,0.7134965,0.26303575,0.9520796,1.0029705,1.0050759999999999,35.29667385110722,32.45866843025712,4.29818614953118,48.73307660341247,54.51852852863044,78.56214447303044
PI,high,eager_b1,full_allocation_solve,task_arrival_eager,16-31,16-31,1,rp2040_b,39,0.02144717125641026,0.021720209,0.007090933000000001,0.026495842400000004,0.0275364151,0.029382417,0.7276241794871795,0.69066,0.336654,0.9807714000000001,1.0038459000000002,1.005334,33.5968211051702,32.989100307484,3.9948763050109903,37.16953599850941,38.91040433791958,44.93032727595159
PI,high,eager_b1,full_allocation_solve,task_arrival_eager,16-31,16-31,1,rp2040_c,91,0.022040831549450548,0.022213613,0.005138624500000001,0.026710401,0.027081611499999998,0.027713269,0.7430847252747254,0.7394580000000001,0.2040774999999999,0.919054,0.921712,1.008119,34.31077819684696,33.10524815145408,3.3684153184393963,37.47907178694388,39.10240982585954,84.07239953324367
PI,high,eager_b1,full_allocation_solve,task_arrival_eager,32-50,32-50,1,rp2040_a,31,0.037225095354838714,0.038176446,0.005317284999999998,0.041810029,0.042738438000000004,0.043184966,1.3740897741935485,1.403939,0.24782249999999983,1.592657,1.6393309999999999,1.6451930000000001,36.84515075687531,36.69909044118286,1.280542854191225,38.64113315863484,39.25409506652915,40.22835308851835
PI,high,eager_b1,full_allocation_solve,task_arrival_eager,32-50,32-50,1,rp2040_b,31,0.03360335783870968,0.033680846,0.008335171500000002,0.040888781,0.0411599215,0.041650431,1.3620325806451614,1.320119,0.41362999999999994,1.675264,1.677842,1.679499,42.49355473807532,39.250053279540545,3.174083779506894,44.555387137528506,77.1143077021791,78.91805770359873
PI,high,eager_b1,full_allocation_solve,task_arrival_eager,32-50,32-50,1,rp2040_c,70,0.03427467095714286,0.033767145,0.0067320109999999996,0.0395604161,0.0405338649,0.041298224,1.3146214285714286,1.3110605,0.3015939999999997,1.5340998000000001,1.6130914499999998,1.642611,38.44880591913518,38.328489656665944,2.201699373455263,39.784668400891476,40.185899029081874,73.43916339500934
PI,high,eager_b1,full_allocation_solve,task_arrival_eager,8-15,8-15,1,rp2040_a,19,0.012757969842105263,0.013443551,0.002501131,0.014991589999999999,0.015120057799999998,0.015525776,0.35447010526315786,0.391625,0.06441949999999996,0.4165104,0.41701879999999997,0.418124,27.689885149532273,27.71702367172292,1.80656935219125,29.67837239346644,31.00347428011743,33.346189341890394
PI,high,eager_b1,full_allocation_solve,task_arrival_eager,8-15,8-15,1,rp2040_b,16,0.0112054245625,0.01137767,0.0042961430000000005,0.013824864,0.014025107,0.014423954,0.3298585,0.3597975,0.15821049999999995,0.4152125,0.41614125,0.418923,29.33346254989168,29.929222948928604,4.567707915189807,32.07138310306636,33.45275514317941,36.36714874188846
PI,high,eager_b1,full_allocation_solve,task_arrival_eager,8-15,8-15,1,rp2040_c,41,0.011194628585365855,0.011434751,0.0033553309999999996,0.013815635,0.014027447,0.014336995,0.3265599024390244,0.321256,0.13904100000000003,0.415254,0.41964100000000004,0.42588,29.933598332818956,28.165442463829578,3.0611118408128384,32.33325617723028,33.14165913197677,74.02210579894988
PI,high,eager_b1,full_allocation_solve,task_completion,16-31,16-31,0,rp2040_c,2,0.0262216145,0.0262216145,0.002167461500000002,0.027955583699999998,0.02817232985,0.028389076,0.8551344999999999,0.8551344999999999,0.09152949999999993,0.9283581,0.9375110499999999,0.946664,32.54565587569557,32.54565587569557,0.8004100547348401,33.18598391948345,33.26602492495694,33.34606593043042
PI,high,eager_b1,full_allocation_solve,task_completion,32-50,32-50,0,rp2040_a,1,0.040921863,0.040921863,0.0,0.040921863,0.040921863,0.040921863,1.63972,1.63972,0.0,1.63972,1.63972,1.63972,40.0695344686531,40.0695344686531,0.0,40.0695344686531,40.0695344686531,40.0695344686531
PI,high,eager_b1,partial_bundle_refill,initial_allocation,8-15,8-15,5-8,rp2040_a,4,0.00276347575,0.002767652,7.187925000000026e-05,0.0028087764,0.0028112007,0.002813625,0.1861545,0.181204,0.00875449999999997,0.1995558,0.20338889999999998,0.207222,67.36107328711876,66.5881202317758,3.829372873306127,72.00069789485866,73.03783612777809,74.07497436069752
PI,high,eager_b1,partial_bundle_refill,initial_allocation,8-15,8-15,5-8,rp2040_b,4,0.00728445975,0.007470287,0.0016129287499999992,0.0082317029,0.008247657949999999,0.008263613,0.18660425,0.181254,0.009010750000000012,0.20013,0.2040285,0.207927,26.315389759235845,24.461776429076096,6.67356755267334,32.515343372468244,33.778668873126776,35.041994373785315
PI,high,eager_b1,partial_bundle_refill,initial_allocation,8-15,8-15,5-8,rp2040_c,10,0.0072594796,0.0074990065000000005,0.0016432714999999997,0.0082628247,0.00828127335,0.008299722,0.1908568,0.1817515,0.02755125,0.2083282,0.2093236,0.210319,27.02825167993952,25.849507291937883,8.51404380516237,35.727048657056734,36.35049987894902,36.97395110084132
PI,high,eager_b1,partial_bundle_refill,task_arrival_eager,16-31,16-31,1,rp2040_a,5,0.0152663578,0.013457953,0.008216118000000001,0.0199177926,0.0199572078,0.019996623,0.5522182,0.639966,0.368346,0.7592216,0.7844438,0.809666,36.21733352558299,32.32225464552295,6.760301016202703,49.77099358093297,54.96681747868705,60.16264137644113
PI,high,eager_b1,partial_bundle_refill,task_arrival_eager,16-31,16-31,1,rp2040_b,6,0.01603654,0.014201515000000001,0.00897107775,0.0254849705,0.027430287749999997,0.029375605,0.6051076666666667,0.5199305000000001,0.4173535,0.9562645000000001,0.97812275,0.999981,41.21455894251167,32.94209389244205,10.646650607252827,62.13466328785918,72.07265805382227,82.01065281978534
PI,high,eager_b1,partial_bundle_refill,task_arrival_eager,16-31,16-31,1,rp2040_c,13,0.01764353923076923,0.018857256,0.005219063000000001,0.022925659600000002,0.023656107399999998,0.024599029,0.6043856923076922,0.590699,0.22897100000000004,0.8128314,0.8456579999999999,0.894207,33.979036955229255,32.971400423030055,5.026553870109897,38.158608844761076,38.84401236378995,39.34007994002797
PI,high,eager_b1,partial_bundle_refill,task_arrival_eager,32-50,32-50,1,rp2040_b,4,0.02534948425,0.0253916355,0.006268069750000001,0.028829370099999998,0.02893762855,0.029045887,0.92524325,0.925771,0.23439524999999994,1.0429095,1.04297775,1.043046,36.532439795978554,36.359761992850295,1.074484069757382,37.29672505473093,37.4011857632102,37.505646471689474
PI,high,eager_b1,partial_bundle_refill,task_arrival_eager,32-50,32-50,1,rp2040_c,5,0.0301295282,0.030778677,0.006103391999999999,0.034334597599999996,0.0346602448,0.034985892,1.1583098,1.204649,0.26958100000000007,1.3589324,1.3816312000000002,1.40433,38.262391416928835,38.6968436870984,1.6676924113883018,39.73956714440171,39.93973062400105,40.13989410360039
PI,high,eager_b1,partial_bundle_refill,task_arrival_eager,8-15,8-15,1,rp2040_a,5,0.009270429600000001,0.00877198,0.001171188,0.0112709428,0.011915218399999998,0.012559494,0.27348120000000004,0.230113,0.10703900000000002,0.3391678,0.3399174,0.340667,29.782022760546653,28.14767070310893,3.4936640416918756,35.292298012441904,36.850422157778524,38.408546303115145
PI,high,eager_b1,partial_bundle_refill,task_arrival_eager,8-15,8-15,1,rp2040_b,4,0.00793584625,0.008123601,0.0036786997499999993,0.0115490972,0.012109105099999998,0.012669113,0.27400425,0.239756,0.054268750000000004,0.34642680000000003,0.36723089999999997,0.388035,42.70704107282063,31.054607774485326,13.867094063257845,66.01482030654833,73.4149699236371,80.81511954072592
PI,high,eager_b1,partial_bundle_refill,task_arrival_eager,8-15,8-15,1,rp2040_c,14,0.0094778585,0.0089889295,0.0022453809999999994,0.012102545700000002,0.0129374646,0.013661952,0.28447228571428573,0.241374,0.08707500000000001,0.38884710000000006,0.40985509999999997,0.411601,30.126982247393922,29.594323816417457,4.4312147024944615,33.311898725895475,34.981969407290876,37.67912687910858
PI,high,eager_b1,partial_bundle_refill,task_completion,0-7,0-7,0,rp2040_a,7,0.0031220554285714282,0.003042431,0.00100073,0.0040007746000000005,0.004323622299999999,0.00464647,0.04451528571428571,0.030883,0.023943,0.07760920000000002,0.09274059999999995,0.107872,13.224025337660164,11.710121445922047,3.7170838104413395,18.938293757059494,21.07709872154175,23.215903686024014
PI,high,eager_b1,partial_bundle_refill,task_completion,0-7,0-7,0,rp2040_b,6,0.002794646333333333,0.0027125789999999997,0.0005941724999999998,0.0032764344999999997,0.00328158625,0.003286738,0.03252583333333333,0.0275535,0.020220500000000002,0.0500265,0.05110125,0.052176,11.254412541238922,10.155719852698933,4.563969185928713,15.270793417624892,15.622828933668094,15.974864449711296
PI,high,eager_b1,partial_bundle_refill,task_completion,0-7,0-7,0,rp2040_c,14,0.0026063774999999997,0.0025373145,0.0006908884999999999,0.0033469487,0.003369634,0.003394854,0.03121542857142857,0.025521500000000003,0.015631500000000003,0.04942780000000001,0.05126675,0.053103,12.223621965013624,10.71736024796084,4.3957074352783625,15.519151620391131,18.286525355172397,22.86155668389786
PI,high,eager_b1,partial_bundle_refill,task_completion,16-31,16-31,0,rp2040_a,16,0.01250989875,0.01266879,0.00549619925,0.0169753715,0.0175835605,0.017683909,0.4533173125,0.454368,0.17515825000000002,0.593451,0.62237475,0.631572,38.121291615039574,35.67045513919267,2.5159958067499346,39.60273014758708,49.27803219006026,77.10110625210339
PI,high,eager_b1,partial_bundle_refill,task_completion,16-31,16-31,0,rp2040_b,18,0.012846019722222221,0.0135813535,0.005559268000000001,0.0163876684,0.0171095125,0.018129215,0.46903127777777776,0.47008099999999997,0.19573325000000003,0.6165027,0.61962135,0.632974,36.61885124939075,36.20842536260453,2.4352039055207513,40.37655020314022,40.82842229317923,42.03741519280478
PI,high,eager_b1,partial_bundle_refill,task_completion,16-31,16-31,0,rp2040_c,41,0.01311164043902439,0.01331539,0.0065480500000000014,0.017749248,0.018664263,0.020304999,0.4779549512195122,0.471642,0.18281900000000006,0.632784,0.636162,0.681056,38.42288684568809,35.45048123788502,2.7520359400382546,38.68773243619274,71.50348707718022,79.98323423608518
PI,high,eager_b1,partial_bundle_refill,task_completion,32-50,32-50,0,rp2040_a,16,0.0232217540625,0.0244959925,0.004184483999999999,0.027387644500000002,0.02815290275,0.029875949,0.8216201875,0.8334045,0.1567995000000001,0.9521055,0.97640425,1.013494,37.09600845788052,34.18370827091155,1.4653897947228316,35.79317772504345,46.58178691417388,78.85955385928449
PI,high,eager_b1,partial_bundle_refill,task_completion,32-50,32-50,0,rp2040_b,15,0.019969558333333335,0.020494691,0.004307063999999999,0.0258201858,0.026749422399999997,0.027954121,0.8377292,0.813199,0.1683785,0.9922706,1.0175622,1.032545,45.318045343555745,38.5014620999547,2.34122116431935,75.26891788585941,76.2731133836352,76.54831176531437
PI,high,eager_b1,partial_bundle_refill,task_completion,32-50,32-50,0,rp2040_c,25,0.02324550844,0.022013199,0.005152794000000002,0.031979341200000004,0.0327687548,0.037162384,0.87479568,0.810462,0.21093299999999993,1.2382652000000003,1.3185852,1.408521,38.2611779356204,36.16611792683325,2.233126015844441,39.76309025719271,40.23830430250284,76.1530593529695
PI,high,eager_b1,partial_bundle_refill,task_completion,8-15,8-15,0,rp2040_a,9,0.0063929607777777776,0.006629235,0.0023918489999999997,0.008008911,0.008467545,0.008926179,0.18954144444444443,0.220853,0.10739499999999999,0.27519679999999996,0.2789604,0.282724,28.708902320181355,29.325715499858234,4.80069482239092,35.669078485721045,36.131787535947474,36.5944965861739
PI,high,eager_b1,partial_bundle_refill,task_completion,8-15,8-15,0,rp2040_b,8,0.0055665243750000004,0.005815918,0.0022268972499999993,0.0074044557000000006,0.00743905285,0.00747365,0.190580125,0.1937835,0.07497975000000001,0.24605159999999998,0.26065429999999995,0.275257,36.23341244768552,32.68003248016682,4.635136885372102,45.44070234400508,55.48613609041,65.53156983681495
PI,high,eager_b1,partial_bundle_refill,task_completion,8-15,8-15,0,rp2040_c,19,0.006343361473684211,0.006297436,0.0018348684999999997,0.007671554000000001,0.00813403329999999,0.011808547,0.19973015789473683,0.20812,0.07689999999999997,0.2742426,0.2809696999999999,0.33746,32.30894748195381,31.37228151946589,4.3182812833385995,35.87745415677216,38.46275230811442,61.46395005258501
PI,low,bounded_b4_w5,cached_or_maintenance,task_completion,0-7,0-7,0,rp2040_b,1,0.001212644,0.001212644,0.0,0.001212644,0.001212644,0.001212644,0.014901,0.014901,0.0,0.014901,0.014901,0.014901,12.288025174742135,12.288025174742135,0.0,12.288025174742135,12.288025174742135,12.288025174742135
PI,low,bounded_b4_w5,cached_or_maintenance,task_completion,0-7,0-7,1,rp2040_b,1,0.001823221,0.001823221,0.0,0.001823221,0.001823221,0.001823221,0.019723,0.019723,0.0,0.019723,0.019723,0.019723,10.817668291446841,10.817668291446841,0.0,10.817668291446841,10.817668291446841,10.817668291446841
PI,low,bounded_b4_w5,cached_or_maintenance,task_completion,0-7,8-15,0,rp2040_b,2,0.0019358424999999999,0.0019358424999999999,1.4350000000014525e-07,0.0019359573,0.00193597165,0.001935986,0.0188065,0.0188065,0.0009184999999999957,0.0195413,0.01963315,0.019725,9.714926803108273,9.714926803108273,0.4751905653462245,10.09507925538525,10.142598311919874,10.190117368454496
PI,low,bounded_b4_w5,candidate_filter_only,age_timeout,0-7,0-7,1,rp2040_b,57,0.0019362801578947369,0.001965352,6.838099999999974e-05,0.0020705084,0.0021176138000000002,0.002147967,0.020691684210526317,0.020542,0.0015210000000000015,0.022109,0.0225972,0.023015,10.761554378641954,10.49429426074238,1.1817816415546378,11.940616032365138,12.650146538661488,16.056418153462868
PI,low,bounded_b4_w5,candidate_filter_only,age_timeout,0-7,0-7,2-3,rp2040_b,8,0.00200746275,0.002122264,0.0003969042500000001,0.002222002,0.0022224745,0.002222947,0.021416625,0.021297999999999997,0.0008699999999999992,0.022288000000000002,0.022641500000000002,0.022995,10.879528669755711,9.888107913825172,2.635955060726827,13.3971368510095,13.81899480253076,14.24085275405202
PI,low,bounded_b4_w5,candidate_filter_only,final_release_flush,0-7,0-7,1,rp2040_b,12,0.0018942843333333334,0.0019014145,0.00020940474999999988,0.0020566002,0.00207000615,0.00208266,0.019611916666666666,0.019334,0.0014757500000000014,0.0205898,0.021471699999999996,0.022531,10.419332595124857,10.177733689747607,1.0195028393493093,11.394572129863649,12.353075507953129,13.440149845352675
PI,low,bounded_b4_w5,candidate_filter_only,initial_allocation,8-15,8-15,5-8,rp2040_b,8,0.0030019685,0.0030367115,5.71987500000001e-05,0.003070439,0.003070607,0.003070775,0.0287525,0.0289545,0.0016712500000000026,0.030001,0.030133999999999998,0.030267,9.593783338735218,9.52261719688926,0.8322539536452638,10.293935246004311,10.478889236014323,10.663843226024335
PI,low,bounded_b4_w5,candidate_filter_only,robot_idle,0-7,0-7,1,rp2040_b,823,0.0017854554034021873,0.001854262,6.68960000000001e-05,0.001922657,0.0019405471,0.001995008,0.01842873147023086,0.018422,0.0013469999999999975,0.0197244,0.020039599999999998,0.021123,10.859569951099353,9.932459926168388,0.9331657174578272,11.228903189904361,17.84637114818172,31.209025329042166
PI,low,bounded_b4_w5,candidate_filter_only,task_completion,0-7,0-7,0,rp2040_b,748,0.0019288931483957218,0.001907349,0.00023093799999999998,0.0022571175,0.00252240055,0.006938142,0.019859331550802137,0.0190065,0.002179500000000001,0.02208830000000001,0.0248596,0.148766,10.685847345910451,9.85463435534378,0.9209802496626089,11.212962214992972,15.269644491868933,30.835337809262004
PI,low,bounded_b4_w5,candidate_filter_only,task_completion,0-7,0-7,1,rp2040_b,276,0.0018399491123188409,0.0018693315,6.973474999999994e-05,0.001985643,0.002036633,0.002711745,0.018768003623188406,0.018691,0.001470500000000003,0.0202705,0.02099475,0.028041,10.526843176800664,9.962579408779522,0.8692264652465269,10.998993866417106,12.552194419720752,30.31118582404827
PI,low,bounded_b4_w5,candidate_filter_only,task_completion,0-7,0-7,2-3,rp2040_b,32,0.0020026963750000002,0.002019148,9.707750000000027e-05,0.0021568323999999997,0.0027356051,0.002875069,0.0207864375,0.020019000000000002,0.0008555000000000021,0.0238347,0.02727555,0.028126,10.815951447037012,10.02354571519922,0.6260010148968433,11.576873586458863,16.880674738932374,23.34171311256892
PI,low,bounded_b4_w5,full_allocation_solve,age_timeout,0-7,0-7,1,rp2040_b,12,0.0025582547500000003,0.002470739,0.0007915572499999999,0.0031925568000000003,0.00330295545,0.003405003,0.04357041666666667,0.038553,0.008789499999999999,0.0662827,0.0666664,0.06695899999999999,17.050653792155654,16.670914664656845,5.675338838017533,22.469007138010177,24.27535971274973,26.19333993299303
PI,low,bounded_b4_w5,full_allocation_solve,age_timeout,0-7,0-7,2-3,rp2040_b,16,0.003200325125,0.0032417945,0.0009129644999999998,0.004265217,0.0046693005,0.004799427,0.0662699375,0.0653395,0.002545499999999992,0.1092075,0.11011075000000001,0.111841,20.675218253433094,20.12567698987967,10.02420414881645,30.73373343525491,33.42612620135519,33.46172580060293
PI,low,bounded_b4_w5,full_allocation_solve,age_timeout,8-15,8-15,1,rp2040_b,4,0.00677669625,0.0074773275,0.003476261750000001,0.0090438283,0.00910339015,0.009162952,0.2312305,0.233578,0.0040050000000000086,0.23441889999999999,0.23442295,0.234427,41.16240410198206,32.17624125714296,20.43329225371861,63.58390252635907,69.1498804330048,74.71585833965057
PI,low,bounded_b4_w5,full_allocation_solve,final_release_flush,0-7,0-7,1,rp2040_b,4,0.002428129,0.0023992335,0.00045671450000000016,0.0028205238,0.0028800188999999997,0.002939514,0.0360535,0.036641,0.0016665000000000083,0.03810840000000001,0.038417700000000006,0.038727000000000004,15.246321597074084,15.742387156711512,2.6663890903842695,17.85779118848113,18.20120527727986,18.544619366078596
PI,low,bounded_b4_w5,full_allocation_solve,robot_idle,0-7,0-7,1,rp2040_b,56,0.0016778912857142857,0.001611669,0.00042006749999999983,0.0021318025,0.00225029825,0.002471797,0.025569589285714286,0.025674000000000002,0.0015727499999999978,0.0270155,0.02723425,0.027831,15.667811904320788,15.798777704014036,3.3457847558147353,19.27752534415176,19.587363197962468,20.961876056847075
PI,low,bounded_b4_w5,full_allocation_solve,task_completion,0-7,0-7,1,rp2040_b,32,0.003215748,0.002473181,0.0017134572500000001,0.006157884400000001,0.00672938365,0.007604431,0.06180371875,0.037815,0.029417249999999992,0.14505320000000002,0.15548854999999998,0.16759000000000002,17.99043295647992,17.840453795636147,5.7829796962731965,23.694906848189238,25.682125000092196,27.799010494687092
PI,low,bounded_b4_w5,full_allocation_solve,task_completion,0-7,0-7,2-3,rp2040_b,7,0.004245552142857143,0.003378644,0.0034108050000000003,0.007385357800000001,0.0074706229,0.007555888,0.10501271428571428,0.06569,0.100673,0.1677768,0.1685169,0.169257,24.780661926330907,22.659303480589262,6.328550790792207,32.47063440753055,35.156560181612015,37.8424859556935
PI,low,bounded_b4_w5,full_allocation_solve,task_completion,8-15,8-15,1,rp2040_b,8,0.008001155125,0.008128416,0.0006638472500000003,0.0085721048,0.0087124604,0.008852816,0.221646125,0.21455,0.021463750000000004,0.2353366,0.2355123,0.235688,27.86370222462028,26.621840062649227,2.848518326082271,31.952244795882493,32.69641686036883,33.44058892485516
PI,low,bounded_b4_w5,full_allocation_solve,task_completion,8-15,8-15,2-3,rp2040_b,1,0.005933462,0.005933462,0.0,0.005933462,0.005933462,0.005933462,0.213518,0.213518,0.0,0.213518,0.213518,0.213518,35.98539941774297,35.98539941774297,0.0,35.98539941774297,35.98539941774297,35.98539941774297
PI,low,bounded_b4_w5,partial_bundle_refill,age_timeout,0-7,0-7,1,rp2040_b,1,0.002723171,0.002723171,0.0,0.002723171,0.002723171,0.002723171,0.035247,0.035247,0.0,0.035247,0.035247,0.035247,12.943366391607432,12.943366391607432,0.0,12.943366391607432,12.943366391607432,12.943366391607432
PI,low,bounded_b4_w5,partial_bundle_refill,initial_allocation,8-15,8-15,5-8,rp2040_b,6,0.007495836999999999,0.007656969,0.0017395190000000001,0.0085764035,0.00861507425,0.008653745,0.19431666666666667,0.196099,0.027385750000000014,0.2092725,0.20945724999999998,0.209642,26.66106526568379,26.058298338865022,7.513642406206664,33.15313736861633,34.51240406148976,35.8716707543632
PI,low,bounded_b4_w5,partial_bundle_refill,robot_idle,0-7,0-7,1,rp2040_b,9,0.0026559943333333332,0.002629663,9.253700000000017e-05,0.0027209742,0.0027386886,0.002756403,0.022459444444444445,0.02235,0.0015349999999999982,0.023717,0.024647,0.025577,8.460792439334316,8.244545868548256,0.4990239990647378,8.99979218340867,9.422686975581748,9.845581767754824
PI,low,bounded_b4_w5,partial_bundle_refill,task_completion,0-7,0-7,0,rp2040_b,38,0.002269804578947368,0.0019184885,0.0006356922500000001,0.0030861743000000015,0.00416492585,0.00625758,0.02904615789473684,0.0200795,0.006600000000000002,0.035710000000000006,0.10248759999999998,0.133487,11.631897996824849,10.603855290973758,1.1690978193841026,12.362139296338913,21.755320834924984,27.169319474878332
PI,low,bounded_b4_w5,partial_bundle_refill,task_completion,0-7,0-7,1,rp2040_b,11,0.0030013997272727274,0.002677185,0.0003312494999999998,0.004154175,0.004282812,0.004411449,0.03396436363636363,0.023558,0.007127000000000001,0.057213,0.0792065,0.1012,10.571918321496689,8.962365900248312,1.255073823235234,12.969208076529958,18.665121228802207,24.361034381074457
PI,low,bounded_b4_w5,partial_bundle_refill,task_completion,0-7,0-7,2-3,rp2040_b,3,0.006030397666666666,0.006190095,0.001585627,0.0072669598,0.0074015679,0.007536176,0.13134333333333334,0.163463,0.04960750000000003,0.1646054,0.1647482,0.164891,21.111144715489072,21.87992955578532,5.6804353164808425,25.501736000614496,25.95446180621814,26.40718761182179
PI,low,bounded_b4_w5,partial_bundle_refill,task_completion,8-15,8-15,1,rp2040_b,1,0.00302124,0.00302124,0.0,0.00302124,0.00302124,0.00302124,0.212298,0.212298,0.0,0.212298,0.212298,0.212298,70.26849902688961,70.26849902688961,0.0,70.26849902688961,70.26849902688961,70.26849902688961
PI,low,count_b4,cached_or_maintenance,task_completion,0-7,0-7,0,rp2040_a,4,0.0019110997500000001,0.0018621905,0.00014811775000000017,0.002131407,0.002188308,0.002245209,0.01760125,0.0172395,0.001476749999999999,0.0189017,0.01914935,0.019397,9.324269872771286,9.76974451581716,1.0903167885080318,10.274281616670605,10.33498695937806,10.395692302085516
PI,low,count_b4,cached_or_maintenance,task_completion,0-7,0-7,0,rp2040_b,1,0.001595694,0.001595694,0.0,0.001595694,0.001595694,0.001595694,0.018001,0.018001,0.0,0.018001,0.018001,0.018001,11.280984950748703,11.280984950748703,0.0,11.280984950748703,11.280984950748703,11.280984950748703
PI,low,count_b4,cached_or_maintenance,task_completion,0-7,0-7,0,rp2040_c,1,0.001614523,0.001614523,0.0,0.001614523,0.001614523,0.001614523,0.017545,0.017545,0.0,0.017545,0.017545,0.017545,10.866986719916657,10.866986719916657,0.0,10.866986719916657,10.866986719916657,10.866986719916657
PI,low,count_b4,cached_or_maintenance,task_completion,0-7,0-7,2-3,rp2040_c,1,0.001520698,0.001520698,0.0,0.001520698,0.001520698,0.001520698,0.01587,0.01587,0.0,0.01587,0.01587,0.01587,10.43599715393852,10.43599715393852,0.0,10.43599715393852,10.43599715393852,10.43599715393852
PI,low,count_b4,cached_or_maintenance,task_completion,0-7,8-15,0,rp2040_a,1,0.001896266,0.001896266,0.0,0.001896266,0.001896266,0.001896266,0.014794,0.014794,0.0,0.014794,0.014794,0.014794,7.801648081018169,7.801648081018169,0.0,7.801648081018169,7.801648081018169,7.801648081018169
PI,low,count_b4,cached_or_maintenance,task_completion,0-7,8-15,0,rp2040_b,1,0.001895393,0.001895393,0.0,0.001895393,0.001895393,0.001895393,0.016915,0.016915,0.0,0.016915,0.016915,0.016915,8.924270586627681,8.924270586627681,0.0,8.924270586627681,8.924270586627681,8.924270586627681
PI,low,count_b4,cached_or_maintenance,task_completion,0-7,8-15,0,rp2040_c,2,0.001731909,0.001731909,8.840699999999998e-05,0.0018026346,0.0018114753,0.001820316,0.017239499999999998,0.017239499999999998,0.0012864999999999994,0.0182687,0.01839735,0.018526,9.942032732939207,9.942032732939207,0.23532108914443306,10.130289604254752,10.153821713169195,10.177353822083639
PI,low,count_b4,cached_or_maintenance,task_completion,0-7,8-15,1,rp2040_a,1,0.001835469,0.001835469,0.0,0.001835469,0.001835469,0.001835469,0.015269,0.015269,0.0,0.015269,0.015269,0.015269,8.31885474502702,8.31885474502702,0.0,8.31885474502702,8.31885474502702,8.31885474502702
PI,low,count_b4,cached_or_maintenance,task_completion,8-15,8-15,0,rp2040_a,2,0.002259194,0.002259194,0.0001392250000000002,0.0023705740000000003,0.0023844965,0.002398419,0.0168295,0.0168295,0.0014804999999999992,0.0180139,0.01816195,0.01831,7.51827558596155,7.51827558596155,1.1186431614352275,8.413190115109732,8.525054431253254,8.636918747396777
PI,low,count_b4,cached_or_maintenance,task_completion,8-15,8-15,2-3,rp2040_a,1,0.00180898,0.00180898,0.0,0.00180898,0.00180898,0.00180898,0.016633,0.016633,0.0,0.016633,0.016633,0.016633,9.194684297228271,9.194684297228271,0.0,9.194684297228271,9.194684297228271,9.194684297228271
PI,low,count_b4,candidate_filter_only,final_release_flush,0-7,0-7,1,rp2040_a,32,0.0018301885625,0.001758146,0.0002974537500000001,0.0020444846000000003,0.0020606056,0.002455913,0.020915375,0.020844500000000002,0.0015344999999999977,0.0225448,0.02388205,0.025181,11.543688030975066,11.63460575803997,2.072479784732332,13.18034242659432,13.381468907056634,14.14530465510141
PI,low,count_b4,candidate_filter_only,final_release_flush,0-7,0-7,1,rp2040_c,13,0.0019053793846153847,0.001892079,0.00014634200000000004,0.002043343,0.002051785,0.002056042,0.02003846153846154,0.019896,0.0008249999999999993,0.021193,0.021976799999999998,0.022893,10.551227380045042,10.515417168099217,0.8750980728289193,11.485828805137833,11.901988401689682,12.392523884870055
PI,low,count_b4,candidate_filter_only,initial_allocation,8-15,8-15,5-8,rp2040_a,8,0.0028285899999999998,0.0030331865,5.095799999999982e-05,0.0030891571,0.0030978815499999998,0.003106606,0.028671,0.028643500000000002,0.0009405000000000004,0.0295085,0.02967475,0.029841,11.020679691072832,9.547346949431233,0.6374294237609934,13.54694133219032,17.883338812974664,22.219736293759016
PI,low,count_b4,candidate_filter_only,initial_allocation,8-15,8-15,5-8,rp2040_b,1,0.002748583,0.002748583,0.0,0.002748583,0.002748583,0.002748583,0.028782,0.028782,0.0,0.028782,0.028782,0.028782,10.471577536497897,10.471577536497897,0.0,10.471577536497897,10.471577536497897,10.471577536497897
PI,low,count_b4,candidate_filter_only,initial_allocation,8-15,8-15,5-8,rp2040_c,1,0.002443358,0.002443358,0.0,0.002443358,0.002443358,0.002443358,0.028462,0.028462,0.0,0.028462,0.028462,0.028462,11.648722782334803,11.648722782334803,0.0,11.648722782334803,11.648722782334803,11.648722782334803
PI,low,count_b4,candidate_filter_only,invalid_goal,0-7,0-7,0,rp2040_a,4,0.00200058,0.001778847,0.00031651300000000004,0.0024482126,0.0025816268,0.002715041,0.01848,0.0168945,0.0023780000000000016,0.021853900000000002,0.022846449999999997,0.023839,9.306642265559969,9.244460469652278,0.7747409827006937,9.839549881254342,9.898425888686965,9.95730189611959
PI,low,count_b4,candidate_filter_only,invalid_goal,0-7,0-7,0,rp2040_b,2,0.0019072655,0.0019072655,1.9675000000000248e-06,0.0019088395,0.0019090362499999999,0.001909233,0.0184225,0.0184225,0.0006614999999999989,0.018951700000000002,0.01901785,0.019084,9.658769171131983,9.658769171131983,0.336867820267182,9.928263427345728,9.961950209372446,9.995636991399165
PI,low,count_b4,candidate_filter_only,invalid_goal,0-7,0-7,0,rp2040_c,1,0.007612525,0.007612525,0.0,0.007612525,0.007612525,0.007612525,0.165145,0.165145,0.0,0.165145,0.165145,0.165145,21.693853222156903,21.693853222156903,0.0,21.693853222156903,21.693853222156903,21.693853222156903
PI,low,count_b4,candidate_filter_only,invalid_goal,8-15,8-15,0,rp2040_a,1,0.009503031,0.009503031,0.0,0.009503031,0.009503031,0.009503031,0.233713,0.233713,0.0,0.233713,0.233713,0.233713,24.593521793204715,24.593521793204715,0.0,24.593521793204715,24.593521793204715,24.593521793204715
PI,low,count_b4,candidate_filter_only,robot_idle,0-7,0-7,1,rp2040_a,968,0.0018788608677685953,0.0018794985,0.00021773749999999992,0.0022378318000000003,0.00230774765,0.002582521,0.018599018595041324,0.018628,0.001386250000000002,0.0198956,0.02020625,0.021863,10.276629478591426,9.877103297137346,1.5498381962514145,11.488825795086566,12.499559878128848,29.322618426895364
PI,low,count_b4,candidate_filter_only,robot_idle,0-7,0-7,1,rp2040_b,747,0.0018480678393574298,0.001888883,4.7870000000000204e-05,0.0019277234,0.0019366128,0.00198165,0.018316599732262382,0.018366,0.0013280000000000028,0.0195648,0.019897099999999997,0.021949,10.180541242189735,9.769660268900134,0.8042616817406074,10.551676202899932,11.027803532230722,31.99119655441302
PI,low,count_b4,candidate_filter_only,robot_idle,0-7,0-7,1,rp2040_c,348,0.0018119818448275862,0.00185557,4.8734250000000015e-05,0.0018982355,0.00191272935,0.001985788,0.018594905172413793,0.018610500000000002,0.0015025000000000038,0.0199388,0.020263100000000003,0.021991,10.587072571734982,10.03980493629971,0.9164970008311268,10.971171619228425,11.896277986655642,30.29918049097071
PI,low,count_b4,candidate_filter_only,task_completion,0-7,0-7,0,rp2040_a,1648,0.0019981711692961166,0.0019934024999999998,0.0002647394999999999,0.0023061256,0.00246056535,0.004758881,0.019747493932038833,0.0193215,0.0020860000000000045,0.0217998,0.0236659,0.102809,10.177715598467378,9.69693299418905,1.1798144760021447,11.340264697966997,12.302508754774477,33.640359781977985
PI,low,count_b4,candidate_filter_only,task_completion,0-7,0-7,0,rp2040_b,1005,0.0019114240447761193,0.00190405,0.0002004760000000002,0.0021160184,0.0023416712,0.003543109,0.019567567164179105,0.019222,0.0022210000000000008,0.021549,0.022493399999999997,0.060559,10.625568131761227,9.925822155136599,0.9776394207267334,11.294059904049002,14.14949770719714,30.705407460059277
PI,low,count_b4,candidate_filter_only,task_completion,0-7,0-7,0,rp2040_c,703,0.0019489148165007114,0.001921491,0.00018222849999999973,0.0023061730000000003,0.0024803106,0.003748082,0.02032501280227596,0.019641,0.002374000000000001,0.023739600000000003,0.025781699999999998,0.065011,10.782425494114781,10.114244618882312,0.9002811606246759,11.308707911580317,14.008092213588696,30.154185564639963
PI,low,count_b4,candidate_filter_only,task_completion,0-7,0-7,1,rp2040_a,1170,0.001970406711965812,0.0019380270000000002,0.0002178979999999998,0.0022661938000000004,0.0023931025999999996,0.003096937,0.019622382905982907,0.019369,0.0022182500000000015,0.021798800000000004,0.022547599999999998,0.039875,10.241647761947393,9.709731952815668,1.2491567163846078,11.754908865277406,12.391401489809414,29.346077672075452
PI,low,count_b4,candidate_filter_only,task_completion,0-7,0-7,1,rp2040_b,259,0.0018535339613899612,0.001877554,7.006450000000006e-05,0.0020574908,0.0022312502,0.002784574,0.018657262548262547,0.018324,0.0017274999999999964,0.020574000000000002,0.0219787,0.032586,10.441713055600028,9.838387441649878,1.0613547103519565,11.355608094419607,12.04572998230104,28.408875236874454
PI,low,count_b4,candidate_filter_only,task_completion,0-7,0-7,1,rp2040_c,407,0.0018510686707616706,0.001871101,6.551600000000006e-05,0.0020477706,0.0020811403,0.00320302,0.01900516953316953,0.018745,0.0016889999999999995,0.0205786,0.0212521,0.052475,10.56890545560861,10.018526871340468,0.8767555612944857,11.020857258333516,13.42460535213949,29.777400924854867
PI,low,count_b4,candidate_filter_only,task_completion,0-7,0-7,2-3,rp2040_a,558,0.0021829449318996417,0.00221866,0.00024838050000000004,0.0025268242,0.00263318875,0.00346208,0.020863087813620073,0.020854499999999998,0.002085750000000001,0.0226582,0.02305585,0.051128,9.854645653369225,9.451950253007666,1.1048182039633048,10.878086242986425,12.043773241932202,28.755937709773463
PI,low,count_b4,candidate_filter_only,task_completion,0-7,0-7,2-3,rp2040_b,45,0.0020830311333333335,0.002177197,0.000203099,0.0022312156,0.0022677272,0.002418967,0.020924733333333334,0.020669,0.001229000000000001,0.022310800000000002,0.0227922,0.027683,10.170846872738057,9.873465030731385,1.0717378702785414,11.558285969059801,12.362815081842257,16.648332730190763
PI,low,count_b4,candidate_filter_only,task_completion,0-7,0-7,2-3,rp2040_c,343,0.0019882757346938776,0.002026494,0.0001259859999999998,0.002159031,0.0022230099,0.002591314,0.020276737609329444,0.020126,0.0020295000000000035,0.02202,0.0227529,0.041016,10.545644533221225,9.896788385149165,0.979165043540565,11.314449556195438,12.891578233627705,35.87580687560242
PI,low,count_b4,full_allocation_solve,batch_threshold,0-7,0-7,4,rp2040_a,4,0.00315766575,0.0032934385,0.00092626475,0.0039332622,0.0040147881,0.004096314,0.10474325,0.13025599999999998,0.026365749999999966,0.1308544,0.1309117,0.130969,31.42476288106422,34.271033982618306,10.678811777125777,41.099054270961446,42.06963758781387,43.040220904666306
PI,low,count_b4,full_allocation_solve,batch_threshold,0-7,0-7,4,rp2040_b,4,0.0046107135,0.004449209,0.0008317589999999996,0.0053285437000000005,0.00545611135,0.005583679,0.11559849999999999,0.1295095,0.015394499999999992,0.1304605,0.13053025,0.1306,25.250680208931453,25.337217888639017,7.22839333705133,31.276914035055338,32.06650347430348,32.85609291355163
PI,low,count_b4,full_allocation_solve,final_release_flush,0-7,0-7,1,rp2040_a,8,0.00308551075,0.00259285,0.001441444,0.0057211977,0.00574673335,0.005772269,0.052383125,0.0382985,0.02578675,0.1092284,0.1093852,0.109542,17.470334906882822,16.884595577716475,5.7317546709848575,22.551540341022672,26.43807911112401,30.324617881225358
PI,low,count_b4,full_allocation_solve,final_release_flush,0-7,0-7,1,rp2040_b,4,0.004330196,0.0044230225,0.0008293145,0.0049909126,0.0050574613,0.00512401,0.10711975,0.12331400000000001,0.024703749999999997,0.1282343,0.12845615,0.128678,24.258457688230823,25.31492567364858,3.9697111242579446,29.029556133840924,29.78222576409834,30.534895394355758
PI,low,count_b4,full_allocation_solve,final_release_flush,0-7,0-7,1,rp2040_c,4,0.0028311205,0.0024209674999999997,0.0014032449999999998,0.0040703852,0.0043179581,0.004565531,0.03750225,0.031080000000000003,0.021335250000000007,0.05714970000000001,0.06121334999999999,0.065277,12.903443869694371,12.770718313859618,1.124171809719975,13.938340341776064,14.118064790155756,14.29778923853545
PI,low,count_b4,full_allocation_solve,invalid_goal,0-7,0-7,1,rp2040_b,4,0.002507835,0.0024580365,0.0005985044999999994,0.0030634704,0.0031572311999999996,0.003250992,0.03319075,0.036886,0.004497750000000002,0.0380059,0.03824545,0.038485,13.247624397270567,12.94278661246419,2.9337981717267265,15.488126341738,15.79680025874042,16.10547417574284
PI,low,count_b4,full_allocation_solve,robot_idle,0-7,0-7,1,rp2040_a,64,0.001667415484375,0.001661109,0.00046170174999999995,0.002145278,0.00230056865,0.002549493,0.025036328125,0.0251975,0.001550249999999996,0.026586099999999998,0.026803249999999997,0.027164,16.021789989082198,14.982408281407622,4.707569735870715,19.17353595254581,28.042736639922577,30.436024851679843
PI,low,count_b4,full_allocation_solve,robot_idle,0-7,0-7,1,rp2040_b,48,0.0017703430625,0.0017881070000000002,0.00044624275000000016,0.0023154764,0.0024205197,0.00244721,0.024995875,0.025070500000000003,0.001131,0.026056199999999998,0.02626355,0.026976,15.027604426580103,14.328628081978973,3.740326196441325,18.491718663425292,27.147638052744906,28.931496821726356
PI,low,count_b4,full_allocation_solve,robot_idle,0-7,0-7,1,rp2040_c,20,0.0017947533000000002,0.001764493,0.00038077624999999986,0.0021852647000000004,0.0023675236,0.002375952,0.02535125,0.025432000000000003,0.0012664999999999968,0.0263426,0.0270141,0.027016000000000002,14.497128935137221,14.44742922949315,3.1765015584541416,17.52000233023735,17.622766182013486,19.513616174456523
PI,low,count_b4,full_allocation_solve,task_completion,0-7,0-7,1,rp2040_a,89,0.0032143215168539325,0.002799344,0.0014150500000000002,0.0052120136,0.007217889999999999,0.008172218,0.061730359550561796,0.038864,0.03092100000000001,0.1289874,0.1662548,0.168894,18.560195264244562,16.383668414760596,9.148808602083767,28.405107793127463,34.12428206531372,43.99640749315214
PI,low,count_b4,full_allocation_solve,task_completion,0-7,0-7,1,rp2040_b,38,0.0034189962894736843,0.0026981755,0.0021772460000000003,0.006345692700000003,0.0068612557999999995,0.007698595,0.06295868421052632,0.0384225,0.03114625,0.1334971,0.14644115,0.16769499999999998,17.614695927548222,16.851489023724326,6.845264217205454,22.557737440861064,27.35620948525971,31.732781884704792
PI,low,count_b4,full_allocation_solve,task_completion,0-7,0-7,1,rp2040_c,44,0.0028949919772727276,0.0027789905,0.0009560867500000001,0.004442457700000001,0.0051945818000000005,0.005860985,0.05523193181818182,0.038735000000000006,0.030341249999999993,0.12198840000000004,0.13050415,0.14810900000000002,18.77116403971627,16.76331465726917,10.940416398505599,27.17146890655652,32.03893545119895,37.70525141179599
PI,low,count_b4,full_allocation_solve,task_completion,0-7,0-7,2-3,rp2040_a,60,0.0033017552,0.0031608540000000003,0.0011954557500000003,0.004866779,0.005036811999999999,0.006834881,0.08339893333333333,0.06703699999999999,0.045579250000000016,0.1287891,0.13056035,0.148,25.88351754782745,24.387616761132502,12.465052948400476,39.249926388561676,46.145590357851596,50.31305028820319
PI,low,count_b4,full_allocation_solve,task_completion,0-7,0-7,2-3,rp2040_b,19,0.003494557894736842,0.003040943,0.0013964164999999999,0.005192519999999999,0.005687638799999996,0.0074256,0.10872363157894736,0.108936,0.0028839999999999977,0.15887880000000001,0.16619799999999998,0.168106,32.98661672258621,30.595144409023373,13.800592066659725,43.43743531294335,48.075430150885715,62.12415924139255
PI,low,count_b4,full_allocation_solve,task_completion,0-7,0-7,2-3,rp2040_c,36,0.0034253673055555556,0.003262306,0.0011772605,0.0049988005,0.0061986725,0.007502259,0.09538791666666667,0.10842199999999999,0.05073925,0.1315095,0.15122475000000002,0.16717,28.556860493948875,28.20417898558282,10.62005540801604,39.40737467112436,41.26330286019713,49.050850791777314
PI,low,count_b4,full_allocation_solve,task_completion,8-15,8-15,1,rp2040_a,11,0.0077056852727272725,0.008337619,0.0014767775,0.008866312,0.0089432965,0.009020281,0.21752545454545455,0.215356,0.002864499999999992,0.231993,0.232903,0.233813,29.475857430971477,25.831955142109518,7.771125705569403,42.56192107715915,42.5766533514135,42.59138562566784
PI,low,count_b4,full_allocation_solve,task_completion,8-15,8-15,1,rp2040_b,2,0.0061846625,0.0061846625,0.0022082795000000002,0.0079512861,0.00817211405,0.008392942,0.2102485,0.2102485,0.0004024999999999723,0.2105705,0.21061075,0.210651,38.9358371402214,38.9358371402214,13.837248349782968,50.00563582004777,51.38936065502607,52.77308549000436
PI,low,count_b4,full_allocation_solve,task_completion,8-15,8-15,1,rp2040_c,8,0.0070435465,0.007811075000000001,0.00174006475,0.0085886989,0.00885684195,0.009124985,0.21452475,0.2125845,0.002645249999999988,0.2206784,0.2285002,0.23632199999999998,34.468039588440504,27.32979930916174,7.139797536333617,47.803247042631114,61.54538464487244,75.28752224711381
PI,low,count_b4,full_allocation_solve,task_completion,8-15,8-15,2-3,rp2040_a,8,0.008322893625000001,0.009100934000000001,0.0020236160000000007,0.0096236564,0.0096966307,0.009769605,0.23398025,0.23428,0.002351749999999986,0.2409191,0.24615055,0.251382,29.43691744251523,25.65368701654687,8.785444420117415,40.32987642270411,41.116177096216866,41.90247776972962
PI,low,count_b4,full_allocation_solve,task_completion,8-15,8-15,2-3,rp2040_b,1,0.006837814,0.006837814,0.0,0.006837814,0.006837814,0.006837814,0.21273,0.21273,0.0,0.21273,0.21273,0.21273,31.110819919933476,31.110819919933476,0.0,31.110819919933476,31.110819919933476,31.110819919933476
PI,low,count_b4,partial_bundle_refill,batch_threshold,0-7,0-7,4,rp2040_a,1,0.005208001,0.005208001,0.0,0.005208001,0.005208001,0.005208001,0.128505,0.128505,0.0,0.128505,0.128505,0.128505,24.674534432693083,24.674534432693083,0.0,24.674534432693083,24.674534432693083,24.674534432693083
PI,low,count_b4,partial_bundle_refill,batch_threshold,0-7,0-7,4,rp2040_b,2,0.0038351285,0.0038351285,0.00036206150000000006,0.0041247777,0.00416098385,0.00419719,0.0844645,0.0844645,0.0330705,0.11092090000000002,0.11422795,0.117535,21.400565530248823,21.400565530248823,6.602693793250943,26.682720564849582,27.342989944174676,28.00325932349977
PI,low,count_b4,partial_bundle_refill,final_release_flush,0-7,0-7,1,rp2040_a,3,0.0039796960000000004,0.004298648,0.00048453999999999945,0.004303537600000001,0.0043041488,0.00430476,0.06066966666666667,0.069859,0.014329999999999996,0.07029579999999999,0.0703504,0.070405,15.040409836447665,16.251388808760336,1.9202306918108984,16.33439859543385,16.344774818768038,16.35515104210223
PI,low,count_b4,partial_bundle_refill,initial_allocation,8-15,8-15,5-8,rp2040_a,12,0.007911213666666667,0.008116364,0.0015495397500000004,0.0089555026,0.00908650645,0.009228374,0.19384416666666668,0.19444499999999998,0.026483249999999986,0.20941900000000002,0.20966915,0.209783,25.096148219058602,23.54945709400578,7.517273319292407,32.77634913059511,33.777064826978695,34.427310560995245
PI,low,count_b4,partial_bundle_refill,initial_allocation,8-15,8-15,5-8,rp2040_b,7,0.007558769714285715,0.008289783,0.0019066910000000003,0.0085550444,0.0085648067,0.008574569,0.1948892857142857,0.197665,0.027639000000000025,0.210168,0.21082800000000002,0.211488,26.3624133616322,24.75852338578146,6.036685853128738,32.624823385142925,33.60944280970581,34.59406223426871
PI,low,count_b4,partial_bundle_refill,initial_allocation,8-15,8-15,5-8,rp2040_c,8,0.0071528962500000005,0.0075300804999999995,0.0018070489999999998,0.0083000632,0.0083154716,0.00833088,0.18121825,0.19436900000000001,0.027498999999999968,0.210866,0.2115765,0.212287,25.390096859638497,25.427145288304295,5.317937309601735,32.64390902360007,34.607116296058386,36.570323568516706
PI,low,count_b4,partial_bundle_refill,invalid_goal,0-7,0-7,0,rp2040_a,3,0.002983204,0.002634789,0.0013791895,0.004156238600000001,0.0043464198,0.004536601,0.039223,0.030124,0.026479499999999996,0.0622264,0.0662392,0.070252,12.21455287603717,11.433173586196087,2.8803600259711466,14.675116754782302,15.080359650855577,15.485602546928854
PI,low,count_b4,partial_bundle_refill,invalid_goal,0-7,0-7,0,rp2040_b,1,0.001845267,0.001845267,0.0,0.001845267,0.001845267,0.001845267,0.019585,0.019585,0.0,0.019585,0.019585,0.019585,10.613640194074897,10.613640194074897,0.0,10.613640194074897,10.613640194074897,10.613640194074897
PI,low,count_b4,partial_bundle_refill,invalid_goal,0-7,0-7,1,rp2040_b,1,0.002910873,0.002910873,0.0,0.002910873,0.002910873,0.002910873,0.027671,0.027671,0.0,0.027671,0.027671,0.027671,9.506082883038868,9.506082883038868,0.0,9.506082883038868,9.506082883038868,9.506082883038868
PI,low,count_b4,partial_bundle_refill,invalid_goal,8-15,8-15,0,rp2040_a,1,0.005724595,0.005724595,0.0,0.005724595,0.005724595,0.005724595,0.129411,0.129411,0.0,0.129411,0.129411,0.129411,22.60614069641608,22.60614069641608,0.0,22.60614069641608,22.60614069641608,22.60614069641608
PI,low,count_b4,partial_bundle_refill,robot_idle,0-7,0-7,1,rp2040_a,7,0.0025551511428571426,0.002779571,0.0004396945000000002,0.0030554144,0.0030760832,0.003096752,0.022767,0.022937,0.00044199999999999795,0.0236916,0.024051299999999998,0.024411,10.362336207804159,8.267822624426575,1.0863642769687587,15.109432837015774,19.43578722996252,23.762141622909294
PI,low,count_b4,partial_bundle_refill,robot_idle,0-7,0-7,1,rp2040_b,20,0.00260254685,0.0026456635,4.119900000000001e-05,0.0026768581,0.0026987132000000002,0.002707134,0.022491,0.0224375,0.0011307500000000033,0.0237341,0.02429765,0.02507,8.711217464903182,8.54867431982025,0.4896556744412113,9.211678944543406,9.648336693437242,12.645803269948967
PI,low,count_b4,partial_bundle_refill,robot_idle,0-7,0-7,1,rp2040_c,6,0.0026686728333333333,0.0026630244999999997,2.836174999999979e-05,0.0026949115,0.00269596325,0.002697015,0.022855,0.0231305,0.0010889999999999997,0.023471,0.023538,0.023605,8.564433876567223,8.685713066582363,0.34613070561924,8.773272949842802,8.776938191761332,8.780603433679861
PI,low,count_b4,partial_bundle_refill,task_completion,0-7,0-7,0,rp2040_a,64,0.0026253289375,0.002191967,0.0012671359999999999,0.0038808074000000014,0.004767941249999996,0.007709096,0.03612584375,0.0226805,0.018202249999999996,0.0590277,0.10984529999999994,0.152097,12.993552855374373,10.969238689239695,2.402574063590988,17.88420440252795,23.287814193644767,71.69651188751939
PI,low,count_b4,partial_bundle_refill,task_completion,0-7,0-7,0,rp2040_b,36,0.0025955945555555557,0.0021472569999999996,0.0015847694999999997,0.0038473605,0.00464209225,0.005315944,0.037525027777777775,0.021651499999999997,0.024914000000000002,0.089894,0.10915025,0.138937,12.753747153889455,10.465378033282018,3.3024264089310957,20.903623977958265,24.980627304205306,26.530680066921917
PI,low,count_b4,partial_bundle_refill,task_completion,0-7,0-7,0,rp2040_c,27,0.0024726075925925925,0.002064036,0.0008038579999999997,0.003768018400000001,0.004680440499999999,0.005698285,0.035723296296296295,0.021295,0.007316999999999997,0.07802500000000008,0.11575729999999998,0.134939,13.031106101455032,10.88007011109174,3.2372495529214174,23.919931341208873,24.709569720300617,24.94830079969399
PI,low,count_b4,partial_bundle_refill,task_completion,0-7,0-7,1,rp2040_a,28,0.003105944714285714,0.0030352334999999998,0.0012090084999999994,0.0040554787,0.004519616599999999,0.005294124,0.03446939285714286,0.030981,0.010470999999999998,0.0549038,0.05900169999999999,0.065216,11.801234349612121,9.887946181978577,3.960584331513294,18.044175707006264,23.41774435485252,24.45242817353231
PI,low,count_b4,partial_bundle_refill,task_completion,0-7,0-7,1,rp2040_b,7,0.0030750775714285714,0.00297148,0.0005116315,0.0036663185999999998,0.0036730953,0.003679872,0.03023342857142857,0.027075,0.010189,0.040858,0.041017,0.041176,9.716915148175199,9.359385457399892,1.5913254935847707,11.130748158321158,11.194689612030198,11.258631065739237
PI,low,count_b4,partial_bundle_refill,task_completion,0-7,0-7,1,rp2040_c,11,0.0028195835454545453,0.00275612,0.00031719500000000015,0.00314966,0.00360352,0.00405738,0.030265,0.027079,0.006606999999999998,0.051015,0.056457499999999994,0.0619,10.566279943678767,9.57470056227527,3.345581089915335,15.256150520779418,15.726568431081148,16.19698634138288
PI,low,count_b4,partial_bundle_refill,task_completion,0-7,0-7,2-3,rp2040_a,75,0.0034713783733333337,0.003345421,0.0008142975,0.004668402,0.005027381500000001,0.005287953,0.03747912,0.032404,0.012695999999999999,0.0623338,0.0700149,0.071327,10.933964832397754,9.793983690984842,2.90650998402306,13.838791393444362,14.982153768718694,27.769207998819066
PI,low,count_b4,partial_bundle_refill,task_completion,0-7,0-7,2-3,rp2040_b,14,0.0036786849285714287,0.0034510895,0.0009158307499999999,0.004550928500000001,0.004678524,0.004793899,0.048707428571428575,0.040853,0.0239985,0.0613582,0.07894724999999998,0.111587,12.959774831234883,12.450577000022738,2.30254035906243,13.75311720495464,18.276955414012953,26.305292930359702
PI,low,count_b4,partial_bundle_refill,task_completion,0-7,0-7,2-3,rp2040_c,16,0.003495409375,0.003376117,0.0007236314999999999,0.0043072915,0.004491879,0.00469737,0.042537875,0.0395005,0.013868999999999992,0.0615545,0.07054325,0.072575,11.94073933997844,11.85074059372667,2.203426458196523,14.1053823514718,15.25685418206363,16.407129205662095
PI,low,count_b4,partial_bundle_refill,task_completion,8-15,8-15,0,rp2040_a,3,0.0053694756666666675,0.005076245,0.0015772190000000004,0.006689897,0.0068916035,0.00709331,0.13162433333333334,0.124758,0.06344350000000001,0.1837524,0.19112669999999998,0.198501,23.580810296031444,24.57682795058158,4.901454118550532,27.302770059961848,27.64351282363438,27.984255587306915
PI,low,count_b4,partial_bundle_refill,task_completion,8-15,8-15,1,rp2040_a,2,0.006742663,0.006742663,0.001883303000000001,0.0082493054,0.008437635700000001,0.008625966,0.1417315,0.1417315,0.0691785,0.19707429999999998,0.20399214999999998,0.21091,19.690580927476812,19.690580927476812,4.760013939231449,23.498592078861968,23.974593472785113,24.450594866708258
PI,low,count_b4,partial_bundle_refill,task_completion,8-15,8-15,1,rp2040_c,1,0.0049521,0.0049521,0.0,0.0049521,0.0049521,0.0049521,0.124435,0.124435,0.0,0.124435,0.124435,0.124435,25.12772359201147,25.12772359201147,0.0,25.12772359201147,25.12772359201147,25.12772359201147
PI,low,count_b4,partial_bundle_refill,task_completion,8-15,8-15,2-3,rp2040_a,2,0.007117335000000001,0.007117335000000001,0.0020305979999999998,0.0087418134,0.0089448732,0.009147933,0.1706905,0.1706905,0.06229849999999998,0.22052929999999998,0.22675915,0.232989,23.388890399468053,23.388890399468053,2.0801417851795634,25.0530038276117,25.261018006129657,25.469032184647613
PI,low,eager_b1,cached_or_maintenance,invalid_goal,0-7,0-7,0,rp2040_a,1,0.001521757,0.001521757,0.0,0.001521757,0.001521757,0.001521757,0.018216,0.018216,0.0,0.018216,0.018216,0.018216,11.970373719325751,11.970373719325751,0.0,11.970373719325751,11.970373719325751,11.970373719325751
PI,low,eager_b1,cached_or_maintenance,invalid_goal,0-7,0-7,0,rp2040_c,3,0.0013315573333333335,0.001345851,0.00019532250000000011,0.0014849566000000002,0.0015023448000000001,0.001519733,0.015123,0.015871,0.0018270000000000022,0.016435,0.0165055,0.016576,11.401429202293919,11.444634962022445,0.9365445091111333,12.14202365763712,12.229197244588955,12.31637083154079
PI,low,eager_b1,cached_or_maintenance,task_completion,0-7,0-7,0,rp2040_a,4,0.001818525,0.0018151690000000002,3.4889499999999924e-05,0.0018453865,0.00184908475,0.001852783,0.0176915,0.017835,0.0005404999999999993,0.0183494,0.0184547,0.01856,9.732565058254105,9.760947246852878,0.5131426861703936,10.21915934800162,10.291103298789263,10.363047249576907
PI,low,eager_b1,cached_or_maintenance,task_completion,0-7,0-7,0,rp2040_b,6,0.0013202776666666669,0.001481582,0.00038358925,0.001654231,0.0017097955,0.00176536,0.016959666666666665,0.017022,0.0013905000000000028,0.017862,0.0180005,0.018139,14.639913190201275,11.508891808556903,5.035730126512529,22.28717175642904,24.933345880960285,27.57952000549153
PI,low,eager_b1,cached_or_maintenance,task_completion,0-7,8-15,0,rp2040_a,4,0.00196512475,0.0019806165,0.00010202725000000006,0.0020523517000000002,0.00206184085,0.00207133,0.01633225,0.016031,0.002569250000000002,0.0181813,0.01841965,0.018658,8.301335877171512,8.365613808669972,0.9456500535123809,8.927163341246043,8.967451165102414,9.007738988958785
PI,low,eager_b1,cached_or_maintenance,task_completion,0-7,8-15,0,rp2040_c,1,0.001900092,0.001900092,0.0,0.001900092,0.001900092,0.001900092,0.017548,0.017548,0.0,0.017548,0.017548,0.017548,9.23534228868918,9.23534228868918,0.0,9.23534228868918,9.23534228868918,9.23534228868918
PI,low,eager_b1,cached_or_maintenance,task_completion,8-15,8-15,0,rp2040_a,2,0.0019601645,0.0019601645,8.559500000000168e-06,0.0019670121,0.00196786805,0.001968724,0.01709,0.01709,0.0007639999999999973,0.0177012,0.017777599999999998,0.017854,8.717120242466894,8.717120242466894,0.3516979362112753,8.998478591435914,9.033648385057042,9.06881817867817
PI,low,eager_b1,cached_or_maintenance,task_completion,8-15,8-15,0,rp2040_c,2,0.001922976,0.001922976,4.9670000000002525e-06,0.0019269496,0.0019274463,0.001927943,0.017354500000000002,0.017354500000000002,0.0003894999999999975,0.0176661,0.01770505,0.017744,9.024350647219592,9.024350647219592,0.17924095273953533,9.16774340941122,9.185667504685174,9.203591599959127
PI,low,eager_b1,candidate_filter_only,initial_allocation,8-15,8-15,5-8,rp2040_a,2,0.0028964185,0.0028964185,0.0001778725000000001,0.0030387165,0.00305650375,0.003074291,0.027026500000000002,0.027026500000000002,0.00025249999999999925,0.027228500000000003,0.02725375,0.027279,9.371703997635766,9.371703997635766,0.6627041013995285,9.901867278755388,9.96813768889534,10.034408099035293
PI,low,eager_b1,candidate_filter_only,initial_allocation,8-15,8-15,5-8,rp2040_c,1,0.00247588,0.00247588,0.0,0.00247588,0.00247588,0.00247588,0.030094,0.030094,0.0,0.030094,0.030094,0.030094,12.15487018756967,12.15487018756967,0.0,12.15487018756967,12.15487018756967,12.15487018756967
PI,low,eager_b1,candidate_filter_only,invalid_goal,0-7,0-7,0,rp2040_a,7,0.0023020374285714286,0.002206126,0.0005703645,0.0028565205999999998,0.0029404122999999996,0.003024304,0.019238428571428573,0.017645,0.004420999999999998,0.0238656,0.024325799999999998,0.024786,8.489583463610916,8.100044849780778,1.2245164009836325,9.868650787732474,10.497181158737243,11.125711529742016
PI,low,eager_b1,candidate_filter_only,invalid_goal,0-7,0-7,0,rp2040_b,1,0.000982033,0.000982033,0.0,0.000982033,0.000982033,0.000982033,0.022715,0.022715,0.0,0.022715,0.022715,0.022715,23.130587261324212,23.130587261324212,0.0,23.130587261324212,23.130587261324212,23.130587261324212
PI,low,eager_b1,candidate_filter_only,invalid_goal,0-7,0-7,0,rp2040_c,5,0.0018611736,0.001893982,9.024800000000002e-05,0.0025358566,0.0027321387999999997,0.002928421,0.0199038,0.018095,0.002533999999999998,0.0239748,0.0252714,0.026568,13.294864419959106,9.091955467369806,0.6729940924726936,21.628247468667396,25.589176589078406,29.55010570948943
PI,low,eager_b1,candidate_filter_only,task_arrival_eager,0-7,0-7,1,rp2040_a,1305,0.0019783646620689654,0.001942913,0.0003081910000000002,0.0023638888,0.0024574826,0.003089504,0.019563044444444445,0.019218,0.002193999999999998,0.02216760000000001,0.0231678,0.039448,10.168240525256904,9.744108276250993,1.3589662142639494,11.467486123072275,12.13216497370063,30.76329855601748
PI,low,eager_b1,candidate_filter_only,task_arrival_eager,0-7,0-7,1,rp2040_b,891,0.0011101095578002244,0.000709026,0.0011625390000000002,0.002066047,0.0021859139999999997,0.018014026,0.01961896071829405,0.019167,0.002082999999999998,0.022706,0.024455499999999998,0.027496,21.980400453787002,25.903540150487235,15.780452666776661,28.477523268511852,29.01589254762245,30.62152102547842
PI,low,eager_b1,candidate_filter_only,task_arrival_eager,0-7,0-7,1,rp2040_c,615,0.001894524136585366,0.001896404,0.00018841400000000003,0.0021411414,0.0021632494,0.002945043,0.019382770731707317,0.019284,0.0020729999999999985,0.021267,0.0220662,0.038637,10.56912488847303,9.957084766298273,0.787564045340357,11.036623812952968,13.131181509623683,28.23631558964694
PI,low,eager_b1,candidate_filter_only,task_arrival_eager,8-15,8-15,1,rp2040_a,4,0.003114947,0.0031879845,0.00046349050000000017,0.0034317138,0.0034478814,0.003464049,0.03039675,0.0301875,0.0017317499999999972,0.0315504,0.0316812,0.031812,9.898741687164433,9.477317186761866,1.2995468889204815,11.420951588065602,11.78200115694634,12.143050725827077
PI,low,eager_b1,candidate_filter_only,task_arrival_eager,8-15,8-15,1,rp2040_c,17,0.0029241115882352943,0.003024249,1.944999999999985e-05,0.0030642200000000003,0.0030688670000000003,0.003078203,0.02903394117647059,0.029209,0.00046199999999999714,0.029765200000000002,0.029884,0.029932,10.21730899320614,9.630445213129446,0.21350226260014615,10.243035073716534,12.378312982661457,19.52871772776986
PI,low,eager_b1,candidate_filter_only,task_completion,0-7,0-7,0,rp2040_a,1907,0.001974834041950708,0.0019416,0.00027849500000000013,0.0023505436000000003,0.0025393361999999997,0.004124695,0.01988550235972732,0.019281,0.002311500000000001,0.0222568,0.0237964,0.065786,10.416539097322278,9.815093345569803,1.1629413582133896,11.875638092343124,13.187392330384435,31.83728585537998
PI,low,eager_b1,candidate_filter_only,task_completion,0-7,0-7,0,rp2040_b,835,0.001101190731736527,0.00075048,0.0011113364999999998,0.0019352400000000002,0.0020515926,0.003849612,0.019527700598802395,0.019138,0.002159000000000001,0.0214662,0.0223953,0.062317,21.62006014831435,25.84629299416786,16.448192684511,28.367163241508592,28.84120428811272,33.31447628946002
PI,low,eager_b1,candidate_filter_only,task_completion,0-7,0-7,0,rp2040_c,642,0.0019138609236760125,0.0018687745,0.00017180375000000014,0.0021417156,0.0023198105500000002,0.006648968,0.01985664953271028,0.018928,0.0023,0.022387999999999998,0.024333099999999993,0.136544,10.544138102448866,10.068759699123063,0.8342819324739281,11.064517233749173,11.998139520608401,29.32625950221706
PI,low,eager_b1,candidate_filter_only,task_completion,8-15,8-15,0,rp2040_a,1,0.004618764,0.004618764,0.0,0.004618764,0.004618764,0.004618764,0.113192,0.113192,0.0,0.113192,0.113192,0.113192,24.506989315756336,24.506989315756336,0.0,24.506989315756336,24.506989315756336,24.506989315756336
PI,low,eager_b1,candidate_filter_only,task_completion,8-15,8-15,0,rp2040_c,7,0.0030258047142857143,0.003023732,3.211950000000033e-05,0.0030506854,0.0030555112,0.003060337,0.029418857142857142,0.029735,0.0012740000000000008,0.0303476,0.0303803,0.030413,9.724384604626513,9.825164350777396,0.4461127306628345,10.088252476918385,10.092645601556754,10.097038726195125
PI,low,eager_b1,full_allocation_solve,task_arrival_eager,0-7,0-7,1,rp2040_a,317,0.0032370321261829655,0.002955888,0.001974565,0.005643792000000001,0.006542899399999999,0.008318216,0.052187533123028394,0.03784,0.038578,0.119571,0.1464702,0.16798100000000002,15.685174907812895,14.350889525113963,6.955680811707426,22.23392858903869,24.822156391953953,43.49098846971902
PI,low,eager_b1,full_allocation_solve,task_arrival_eager,0-7,0-7,1,rp2040_b,162,0.002103798061728395,0.0014857795,0.00197283975,0.0038637342000000007,0.004870003949999998,0.006653467,0.04952193209876543,0.0368275,0.013867250000000001,0.14530570000000004,0.14787935,0.16745,24.82776437911802,26.680257411317314,12.955115757461325,31.415153625799032,41.072240976666784,63.31352487437454
PI,low,eager_b1,full_allocation_solve,task_arrival_eager,0-7,0-7,1,rp2040_c,158,0.0028789680886075948,0.0027470695,0.0013670264999999997,0.004371020200000001,0.0052995132,0.006851587,0.045613993670886074,0.0374495,0.014878250000000006,0.06897360000000005,0.11421335000000009,0.146824,15.590113893745597,14.037459047361175,5.127604793184005,21.591825510644785,25.602148088445507,45.84007384288443
PI,low,eager_b1,full_allocation_solve,task_arrival_eager,8-15,8-15,1,rp2040_a,17,0.008870052588235295,0.009053801,0.0008955610000000013,0.009861409600000001,0.0101241894,0.010205027,0.2320534705882353,0.23281000000000002,0.021274000000000015,0.2537122,0.2542546,0.254509,26.29439375385028,25.427222888760134,1.3846063761693728,29.379743948179723,30.565672613208353,31.6212424247
PI,low,eager_b1,full_allocation_solve,task_arrival_eager,8-15,8-15,1,rp2040_b,4,0.0058476085,0.00569729,0.0022672399999999994,0.0078178345,0.00812175625,0.008425678,0.23389775,0.2332685,0.0008027500000000187,0.2351608,0.23555289999999998,0.235945,44.111146308827365,41.57403891155474,16.992697513552706,59.71162837168299,62.50252403992151,65.29341970816004
PI,low,eager_b1,full_allocation_solve,task_arrival_eager,8-15,8-15,1,rp2040_c,8,0.007830418875,0.0082126195,0.0009501372500000009,0.008923221700000001,0.00899422935,0.009065237,0.222332,0.2242025,0.019532249999999973,0.2335993,0.23363465,0.23367000000000002,29.320268646469074,27.043959740933914,2.81173256567045,35.04694138673241,40.469227106365146,45.891512825997886
PI,low,eager_b1,partial_bundle_refill,initial_allocation,8-15,8-15,5-8,rp2040_a,12,0.007184542499999999,0.00768,0.0015905092500000002,0.0083945771,0.0086116663,0.008869239,0.19428575,0.194905,0.029039750000000003,0.2104593,0.21129989999999998,0.212181,29.963938562685197,25.20761046106145,7.97785501200347,35.943320380157395,52.677008298226326,73.03463883530846
PI,low,eager_b1,partial_bundle_refill,initial_allocation,8-15,8-15,5-8,rp2040_b,6,0.006839474833333334,0.0073330115,0.0028082554999999997,0.0084696765,0.00849156325,0.00851345,0.19231733333333334,0.189608,0.023775500000000005,0.2092425,0.21018525000000002,0.211128,30.231130575366098,27.81602823064927,14.424449612078263,41.513858980747344,42.68807182851756,43.86228467628777
PI,low,eager_b1,partial_bundle_refill,initial_allocation,8-15,8-15,5-8,rp2040_c,7,0.007473904285714286,0.008138076,0.0015801410000000002,0.008334079400000001,0.0083492927,0.008364506,0.19679000000000002,0.20738,0.026947999999999972,0.2101656,0.2104953,0.210825,26.908234362720783,25.385120544554635,5.18832984180473,33.01638092059031,34.726465347019186,36.43654977344807
PI,low,eager_b1,partial_bundle_refill,invalid_goal,0-7,0-7,0,rp2040_a,7,0.002697363142857143,0.002445491,0.0012596180000000001,0.0041073816,0.004603572299999999,0.005099763,0.02953114285714286,0.018939,0.016369,0.05238400000000001,0.05785449999999999,0.063325,10.53696048353323,10.430888958040168,2.2359733585684722,12.684553490310806,12.885035830579547,13.085518170848287
PI,low,eager_b1,partial_bundle_refill,invalid_goal,0-7,0-7,0,rp2040_b,1,0.00064319,0.00064319,0.0,0.00064319,0.00064319,0.00064319,0.019894,0.019894,0.0,0.019894,0.019894,0.019894,30.93020724824702,30.93020724824702,0.0,30.93020724824702,30.93020724824702,30.93020724824702
PI,low,eager_b1,partial_bundle_refill,invalid_goal,0-7,0-7,0,rp2040_c,1,0.002030251,0.002030251,0.0,0.002030251,0.002030251,0.002030251,0.019701,0.019701,0.0,0.019701,0.019701,0.019701,9.703726288030397,9.703726288030397,0.0,9.703726288030397,9.703726288030397,9.703726288030397
PI,low,eager_b1,partial_bundle_refill,task_arrival_eager,0-7,0-7,1,rp2040_a,95,0.003019080347368421,0.002953922,0.0005595855000000002,0.0034497538000000006,0.004173837699999999,0.005378821,0.029251915789473688,0.023595,0.012087999999999998,0.0369142,0.04953369999999999,0.106591,9.628933339395815,8.824437441163772,2.2624868764016757,12.184184236035092,13.056491518795374,29.597601723864692
PI,low,eager_b1,partial_bundle_refill,task_arrival_eager,0-7,0-7,1,rp2040_b,39,0.001772922487179487,0.001070146,0.0016607255,0.0032362866000000003,0.004111045300000001,0.00568828,0.03750510256410256,0.028109,0.009627,0.057817,0.12686630000000002,0.144361,23.206836887986626,23.884345532427954,4.83782391784208,30.06759549064585,37.794391668208334,59.45833126537673
PI,low,eager_b1,partial_bundle_refill,task_arrival_eager,0-7,0-7,1,rp2040_c,19,0.0030764984736842103,0.002956935,0.0005094564999999999,0.0037168676,0.0037337399,0.003760397,0.030782631578947367,0.030549,0.007315000000000002,0.035912400000000004,0.036071399999999997,0.036372,10.025642747635253,9.583562586609872,1.6366929879470486,11.45158245084419,12.141034163759308,12.293218937907286
PI,low,eager_b1,partial_bundle_refill,task_arrival_eager,8-15,8-15,1,rp2040_a,2,0.007244385,0.007244385,0.0021939889999999986,0.0089995762,0.009218975099999999,0.009438374,0.1503,0.1503,0.07887200000000001,0.21339760000000002,0.2212848,0.229172,19.21196328509394,19.21196328509394,5.068913908371798,23.267094411791376,23.77398580262856,24.280877193465738
PI,low,eager_b1,partial_bundle_refill,task_arrival_eager,8-15,8-15,1,rp2040_b,2,0.006021381,0.006021381,0.0016996049999999999,0.007381065,0.0075510255,0.007720986,0.22504400000000002,0.22504400000000002,0.004762000000000016,0.22885360000000002,0.2293298,0.229806,40.85213342551184,40.85213342551184,12.32183949673123,50.709605022896824,51.94178897256995,53.173972922243074
PI,low,eager_b1,partial_bundle_refill,task_completion,0-7,0-7,0,rp2040_a,111,0.0026781947117117118,0.002278051,0.00101899,0.004487096,0.0047463309999999995,0.006800621,0.03569163063063063,0.021978,0.013147500000000006,0.065781,0.1186025,0.15417,12.328809161036386,9.986375002550437,3.531405572227813,21.97897388903093,24.380796445691843,62.65338354009822
PI,low,eager_b1,partial_bundle_refill,task_completion,0-7,0-7,0,rp2040_b,46,0.0017933614347826088,0.0011754930000000001,0.001404582,0.003968177,0.0045720795,0.007117952,0.03662558695652174,0.020569999999999998,0.007451000000000003,0.111356,0.12921175000000001,0.15484,21.974119689022256,24.88020159422989,16.80226191461199,29.746534432908486,33.6823832312068,42.76858666772228
PI,low,eager_b1,partial_bundle_refill,task_completion,0-7,0-7,0,rp2040_c,54,0.002529768648148148,0.0020627550000000003,0.0010031185,0.0039838895,0.004590639949999998,0.006879288,0.033965055555555554,0.021217,0.00961,0.06548970000000003,0.11046534999999993,0.143957,12.474521687345712,10.491436690922647,2.041445301415182,22.503443316009538,24.062697083874188,26.89932843184061
PI,low,eager_b1,partial_bundle_refill,task_completion,8-15,8-15,0,rp2040_a,4,0.007542252,0.007961847,0.0021954720000000004,0.008987092200000001,0.009032861100000001,0.00907863,0.1904065,0.2028635,0.028137499999999982,0.2113225,0.21152875000000002,0.211735,25.631258667253398,25.650033550099728,3.655010621302182,27.728830208916776,27.81572313877982,27.90261606864286
PI,low,eager_b1,partial_bundle_refill,task_completion,8-15,8-15,0,rp2040_b,1,0.003881036,0.003881036,0.0,0.003881036,0.003881036,0.003881036,0.194055,0.194055,0.0,0.194055,0.194055,0.194055,50.00082452211214,50.00082452211214,0.0,50.00082452211214,50.00082452211214,50.00082452211214
PI,low,eager_b1,partial_bundle_refill,task_completion,8-15,8-15,0,rp2040_c,1,0.004291353,0.004291353,0.0,0.004291353,0.004291353,0.004291353,0.119912,0.119912,0.0,0.119912,0.119912,0.119912,27.94270245304919,27.94270245304919,0.0,27.94270245304919,27.94270245304919,27.94270245304919
PI,medium,bounded_b4_w5,cached_or_maintenance,task_completion,0-7,0-7,0,rp2040_c,10,0.0016778161,0.0017438325,0.00016803325000000003,0.0019399477,0.00196223935,0.001984531,0.0177065,0.0175945,0.002100750000000002,0.0194188,0.019521399999999998,0.019624,11.725221542724661,10.185043431604758,2.3292553670040554,13.186981084934313,20.896845600910957,28.606710116887633
PI,medium,bounded_b4_w5,cached_or_maintenance,task_completion,0-7,8-15,0,rp2040_c,1,0.001704489,0.001704489,0.0,0.001704489,0.001704489,0.001704489,0.018471,0.018471,0.0,0.018471,0.018471,0.018471,10.836678910805526,10.836678910805526,0.0,10.836678910805526,10.836678910805526,10.836678910805526
PI,medium,bounded_b4_w5,cached_or_maintenance,task_completion,8-15,16-31,0,rp2040_c,2,0.0023934645000000003,0.0023934645000000003,0.00012695749999999976,0.0024950305000000002,0.00250772625,0.002520422,0.0176865,0.0176865,0.001458499999999998,0.0188533,0.01899915,0.019145,7.377933159805311,7.377933159805311,0.21801704218467322,7.552346793553049,7.5741484977715166,7.595950201989984
PI,medium,bounded_b4_w5,cached_or_maintenance,task_completion,8-15,8-15,0,rp2040_c,19,0.001987969052631579,0.001952623,0.0003921020000000001,0.0024389129999999996,0.0025094386,0.002562373,0.017205368421052632,0.01701,0.0007790000000000019,0.0184936,0.019032999999999998,0.01933,8.828846838997961,8.834005255639035,0.8182366600052582,10.113179412761777,10.590545114534951,12.167297219794058
PI,medium,bounded_b4_w5,cached_or_maintenance,task_completion,8-15,8-15,1,rp2040_c,1,0.002048999,0.002048999,0.0,0.002048999,0.002048999,0.002048999,0.016944,0.016944,0.0,0.016944,0.016944,0.016944,8.26940374299841,8.26940374299841,0.0,8.26940374299841,8.26940374299841,8.26940374299841
PI,medium,bounded_b4_w5,cached_or_maintenance,task_completion,8-15,8-15,2-3,rp2040_c,1,0.00218948,0.00218948,0.0,0.00218948,0.00218948,0.00218948,0.020368,0.020368,0.0,0.020368,0.020368,0.020368,9.302665473080365,9.302665473080365,0.0,9.302665473080365,9.302665473080365,9.302665473080365
PI,medium,bounded_b4_w5,candidate_filter_only,final_release_flush,0-7,0-7,1,rp2040_c,2,0.001867847,0.001867847,0.0007901470000000002,0.0024999645999999997,0.0025789793,0.002657994,0.028895,0.028895,0.001021000000000001,0.0297118,0.0298139,0.029916,18.559722569473813,18.559722569473813,7.304618156145562,24.403417094390264,25.133878910004817,25.864340725619375
PI,medium,bounded_b4_w5,candidate_filter_only,initial_allocation,8-15,8-15,5-8,rp2040_c,7,0.0029741214285714285,0.003024114,8.094350000000016e-05,0.0030897972,0.0030922836,0.00309477,0.028740142857142856,0.02877,0.0009350000000000018,0.0295598,0.0296054,0.029651,9.691334395345788,9.606730251464288,0.5417639093553284,10.336337580568056,10.682284965747845,11.028232350927638
PI,medium,bounded_b4_w5,candidate_filter_only,task_completion,0-7,0-7,0,rp2040_c,270,0.002233450285185185,0.002130892,0.00043383424999999956,0.0027647693,0.00282026125,0.003921159,0.0231871,0.02112,0.005066249999999998,0.0270279,0.028690849999999997,0.100881,10.663803646844427,9.748818164912528,0.8606930348650028,11.551630220926542,15.851638686453184,28.300445948390436
PI,medium,bounded_b4_w5,candidate_filter_only,task_completion,0-7,0-7,1,rp2040_c,26,0.0026635435769230766,0.0026480895,0.0002363417500000002,0.0028409775,0.00284502325,0.002884313,0.02622076923076923,0.025088,0.003283000000000001,0.0281305,0.0291415,0.047405,9.840810813439314,9.524787658336493,0.5446993891983887,10.579806648997886,11.141176198979384,17.040266864130786
PI,medium,bounded_b4_w5,candidate_filter_only,task_completion,0-7,0-7,2-3,rp2040_c,1,0.002395534,0.002395534,0.0,0.002395534,0.002395534,0.002395534,0.026446,0.026446,0.0,0.026446,0.026446,0.026446,11.039709726516092,11.039709726516092,0.0,11.039709726516092,11.039709726516092,11.039709726516092
PI,medium,bounded_b4_w5,candidate_filter_only,task_completion,8-15,8-15,0,rp2040_c,5,0.0045622752,0.004772598,0.0008943029999999999,0.0052468587999999995,0.0052591014,0.005271344,0.11247199999999999,0.113538,0.026820999999999984,0.13944959999999998,0.13944979999999998,0.13945,24.15619576165699,26.096498748328248,2.6646056081877525,26.640762870929578,26.702962410875966,26.76516195082235
PI,medium,bounded_b4_w5,candidate_filter_only,task_completion,8-15,8-15,1,rp2040_c,10,0.0032136103999999997,0.00308936,7.069449999999979e-05,0.0038206665,0.00391655925,0.004012452,0.0406262,0.029877,0.0015682500000000002,0.06285549999999998,0.08812524999999993,0.113395,12.096351611401667,9.777392462401767,1.3136460702292343,16.385213874867365,22.322994042375985,28.26077420988463
PI,medium,bounded_b4_w5,full_allocation_solve,age_timeout,0-7,0-7,2-3,rp2040_c,4,0.0065740885,0.0067954245,0.0007192394999999997,0.0071713235,0.00721363925,0.007255955,0.1667855,0.1668375,0.0009830000000000116,0.16730840000000002,0.16731020000000002,0.16731200000000002,25.681841732793835,24.484503488673994,2.898906143932905,29.03291980359184,29.86635117722233,30.699782550852824
PI,medium,bounded_b4_w5,full_allocation_solve,age_timeout,16-31,16-31,2-3,rp2040_c,2,0.0131136965,0.0131136965,0.0008405565000000007,0.0137861417,0.01387019735,0.013954253,0.464007,0.464007,0.0010580000000000034,0.4648534,0.4649592,0.465065,35.53455226358737,35.53455226358737,2.358358597039974,37.42123914121936,37.657075000923356,37.89291086062735
PI,medium,bounded_b4_w5,full_allocation_solve,age_timeout,8-15,8-15,2-3,rp2040_c,14,0.009561493571428572,0.00926543,0.0019843002499999995,0.012803228800000002,0.01348840925,0.013645134,0.27143392857142856,0.2520285,0.057651749999999974,0.38129420000000014,0.415804,0.416727,28.388935186351933,27.92009217635595,2.193502352752162,30.893675063837158,33.462166100724595,37.86816480623533
PI,medium,bounded_b4_w5,full_allocation_solve,batch_threshold,8-15,8-15,4,rp2040_c,8,0.010293139125,0.0095533025,0.003738743249999999,0.0130376051,0.01331251855,0.013587432,0.3127425,0.3124695,0.15585825,0.3933084,0.3936157,0.39392299999999997,30.22016453752015,29.401495006648823,3.127566984605746,34.16858777219836,36.55938386520509,38.95017995821183
PI,medium,bounded_b4_w5,full_allocation_solve,final_release_flush,0-7,0-7,1,rp2040_c,4,0.00573671225,0.006718648000000001,0.0011993722500000005,0.0068701617,0.00688442685,0.006898692,0.13365375,0.16756349999999998,0.03436224999999998,0.16790629999999998,0.16794515,0.167984,21.576164123983773,24.501535244050473,3.5755708568400237,25.071695137396055,25.153381812382364,25.23506848736867
PI,medium,bounded_b4_w5,full_allocation_solve,task_completion,0-7,0-7,1,rp2040_c,13,0.0055870215384615386,0.005958772,0.001380681,0.0067596236,0.006778137,0.006785145,0.1342563846153846,0.147783,0.036051,0.16681300000000002,0.16791920000000002,0.16925,23.538608014530993,24.61730736778654,3.277368541497548,28.46676948118023,30.79683559317897,34.23391894240858
PI,medium,bounded_b4_w5,full_allocation_solve,task_completion,0-7,0-7,2-3,rp2040_c,2,0.0061162235,0.0061162235,0.0009669274999999991,0.0068897655000000006,0.00698645825,0.007083151,0.1675415,0.1675415,0.00039550000000002083,0.1678579,0.16789745,0.167937,28.105637122081163,28.105637122081163,4.507947336842928,31.711994991555507,32.162789725239804,32.613584458924095
PI,medium,bounded_b4_w5,full_allocation_solve,task_completion,8-15,8-15,1,rp2040_c,35,0.007767933085714287,0.007775721,0.002882553500000001,0.011524917800000001,0.012400405699999999,0.012636482,0.24866468571428574,0.233092,0.06399399999999997,0.37149660000000007,0.3908513,0.392996,33.20032058302252,30.856451977694427,10.265086246511764,45.407968532795266,50.85095059498312,69.76999023986518
PI,medium,bounded_b4_w5,full_allocation_solve,task_completion,8-15,8-15,2-3,rp2040_c,10,0.0082396209,0.007458946,0.004065688250000001,0.0117440108,0.0121215554,0.0124991,0.2864793,0.24473099999999998,0.12516775000000002,0.3936279,0.40408995,0.414552,35.960441877829524,33.62458427159969,13.103087537545377,45.449986366582664,46.431229069010826,47.41247177143899
PI,medium,bounded_b4_w5,partial_bundle_refill,batch_threshold,8-15,8-15,4,rp2040_c,2,0.0122601775,0.0122601775,0.0006983525000000008,0.0128188595,0.012888694749999999,0.01295853,0.38973800000000003,0.38973800000000003,0.001737000000000044,0.3911276,0.3913013,0.391475,31.88431662536715,31.88431662536715,1.6744857263377035,33.223905206437315,33.39135377907108,33.558802351704855
PI,medium,bounded_b4_w5,partial_bundle_refill,final_release_flush,0-7,0-7,1,rp2040_c,1,0.00478629,0.00478629,0.0,0.00478629,0.00478629,0.00478629,0.063439,0.063439,0.0,0.063439,0.063439,0.063439,13.254315973332162,13.254315973332162,0.0,13.254315973332162,13.254315973332162,13.254315973332162
PI,medium,bounded_b4_w5,partial_bundle_refill,initial_allocation,8-15,8-15,5-8,rp2040_c,6,0.0075726655,0.0076455444999999995,0.0018399934999999996,0.0088979895,0.00899235875,0.009086728,0.1937515,0.19442700000000002,0.028195000000000026,0.209429,0.209702,0.209975,26.548370918417366,25.412592619824274,7.722047939647279,33.99281418093342,35.67234586324075,37.35187754554807
PI,medium,bounded_b4_w5,partial_bundle_refill,task_completion,0-7,0-7,0,rp2040_c,15,0.0031490146666666666,0.003328812,0.0011375555,0.0040499162,0.0040546793,0.004064452,0.06447233333333333,0.056588,0.07705150000000001,0.10975599999999999,0.11881529999999997,0.134825,18.800991499217123,16.42028159448938,16.153646131115206,30.636047687735072,32.37258180470492,33.28608803229041
PI,medium,bounded_b4_w5,partial_bundle_refill,task_completion,0-7,0-7,1,rp2040_c,4,0.00516473825,0.005322757500000001,0.0006698587500000002,0.0057832225,0.00585140425,0.005919586,0.102026,0.11501549999999999,0.019691999999999987,0.1238617,0.12569334999999998,0.127525,19.360823685206636,20.239763007065037,4.358098701207112,23.561621070006208,24.089047194428474,24.616473318850748
PI,medium,bounded_b4_w5,partial_bundle_refill,task_completion,0-7,0-7,2-3,rp2040_c,4,0.00643375625,0.006236939,0.0005613967500000001,0.006977387,0.007097834,0.007218281,0.15846625,0.158248,0.011611250000000017,0.16499750000000002,0.16527575,0.165554,24.737611720187108,24.437726426700987,2.1097596597168327,26.69498128345747,27.04579207684247,27.396602870227472
PI,medium,bounded_b4_w5,partial_bundle_refill,task_completion,8-15,8-15,0,rp2040_c,21,0.007297270238095238,0.007318636,0.001875486,0.009632082,0.010514554,0.011964772,0.21188661904761905,0.207976,0.07455500000000001,0.31708,0.319614,0.343417,28.88949825200288,28.70234384742141,3.928905524249952,32.20023065845598,32.642281332039,34.14351496653864
PI,medium,bounded_b4_w5,partial_bundle_refill,task_completion,8-15,8-15,1,rp2040_c,4,0.006340594,0.0069144815,0.0009000060000000001,0.0071423817,0.00716399535,0.007185609,0.16889175,0.19532349999999998,0.03554275000000001,0.2073796,0.2098798,0.21238,25.723683070604647,27.460161445862298,3.986709889292463,30.20818566186834,30.749155148197882,31.29012463452743
PI,medium,bounded_b4_w5,partial_bundle_refill,task_completion,8-15,8-15,2-3,rp2040_c,1,0.006390617,0.006390617,0.0,0.006390617,0.006390617,0.006390617,0.213509,0.213509,0.0,0.213509,0.213509,0.213509,33.409763094862356,33.409763094862356,0.0,33.409763094862356,33.409763094862356,33.409763094862356
PI,medium,count_b4,cached_or_maintenance,task_completion,0-7,0-7,0,rp2040_a,1,0.00186376,0.00186376,0.0,0.00186376,0.00186376,0.00186376,0.016419,0.016419,0.0,0.016419,0.016419,0.016419,8.80961067948663,8.80961067948663,0.0,8.80961067948663,8.80961067948663,8.80961067948663
PI,medium,count_b4,cached_or_maintenance,task_completion,0-7,0-7,0,rp2040_b,7,0.001765825,0.001696572,0.0002130490000000001,0.0019415198,0.0019538114,0.001966103,0.01766085714285714,0.017481,0.000844499999999998,0.0190606,0.019441299999999998,0.019822,10.065019076819533,10.547445145641296,1.2717970988856155,11.001015987594737,11.09108816903899,11.181160350483243
PI,medium,count_b4,cached_or_maintenance,task_completion,0-7,0-7,0,rp2040_c,1,0.001733308,0.001733308,0.0,0.001733308,0.001733308,0.001733308,0.017433,0.017433,0.0,0.017433,0.017433,0.017433,10.057646996379178,10.057646996379178,0.0,10.057646996379178,10.057646996379178,10.057646996379178
PI,medium,count_b4,cached_or_maintenance,task_completion,0-7,0-7,1,rp2040_b,1,0.001528124,0.001528124,0.0,0.001528124,0.001528124,0.001528124,0.017521,0.017521,0.0,0.017521,0.017521,0.017521,11.465692574686345,11.465692574686345,0.0,11.465692574686345,11.465692574686345,11.465692574686345
PI,medium,count_b4,cached_or_maintenance,task_completion,0-7,0-7,1,rp2040_c,2,0.0017687409999999999,0.0017687409999999999,9.505499999999992e-05,0.001844785,0.0018542905,0.001863796,0.0162205,0.0162205,0.0009205000000000012,0.0169569,0.01704895,0.017141,9.169160814909102,9.169160814909102,0.02766115487729337,9.191289738810935,9.194055854298664,9.196821969786393
PI,medium,count_b4,cached_or_maintenance,task_completion,0-7,0-7,2-3,rp2040_b,1,0.00188479,0.00188479,0.0,0.00188479,0.00188479,0.00188479,0.015052,0.015052,0.0,0.015052,0.015052,0.015052,7.986035579560588,7.986035579560588,0.0,7.986035579560588,7.986035579560588,7.986035579560588
PI,medium,count_b4,cached_or_maintenance,task_completion,0-7,8-15,0,rp2040_a,3,0.0019777519999999997,0.001846053,0.0002668805000000001,0.0022175962,0.0022640391,0.002310482,0.016559333333333332,0.016378,0.0004580000000000001,0.016962,0.017035,0.017108,8.50297887958802,8.871901294274867,1.3104561508823886,9.477559317356562,9.553266570241773,9.628973823126985
PI,medium,count_b4,cached_or_maintenance,task_completion,0-7,8-15,0,rp2040_b,7,0.0018958414285714287,0.001921243,0.00011018849999999995,0.0019939676,0.0020225453,0.002051123,0.016697857142857143,0.016719,0.0007684999999999984,0.0178606,0.0180928,0.018325,8.823841669954627,8.62190331648558,0.9609639940037873,9.627466631007795,9.673029832561685,9.718593034115576
PI,medium,count_b4,cached_or_maintenance,task_completion,0-7,8-15,0,rp2040_c,4,0.00181135125,0.0018568744999999998,0.00012668074999999993,0.0019378817,0.00195135785,0.001964834,0.017573,0.0168155,0.001396500000000002,0.019342400000000003,0.019825699999999998,0.020309,9.725316216908926,9.724671417278074,1.3338521298003396,10.49213980741784,10.525546449225896,10.558953091033953
PI,medium,count_b4,cached_or_maintenance,task_completion,0-7,8-15,1,rp2040_c,1,0.001846543,0.001846543,0.0,0.001846543,0.001846543,0.001846543,0.013983,0.013983,0.0,0.013983,0.013983,0.013983,7.572528774038839,7.572528774038839,0.0,7.572528774038839,7.572528774038839,7.572528774038839
PI,medium,count_b4,cached_or_maintenance,task_completion,8-15,8-15,0,rp2040_a,17,0.0022185839411764706,0.002206945,0.000380259,0.0026243294,0.0027146526,0.002778907,0.01712470588235294,0.016928,0.0016310000000000005,0.018689,0.0193226,0.019457,7.874574230390144,7.931778997664192,1.899258296514427,9.554105138270197,9.813028189985541,10.109648929100482
PI,medium,count_b4,cached_or_maintenance,task_completion,8-15,8-15,0,rp2040_b,37,0.0021412334054054056,0.002166514,0.00029125799999999997,0.0024324274,0.0024633848,0.002550478,0.01744845945945946,0.017555,0.001898999999999998,0.0187678,0.018980799999999996,0.019732,8.35771391469894,8.175004014756,1.0361384171874182,9.308205927312263,9.930102798514088,18.433512241892277
PI,medium,count_b4,cached_or_maintenance,task_completion,8-15,8-15,0,rp2040_c,13,0.0020140004615384617,0.001945306,0.00024953499999999973,0.002307075,0.0023214822,0.002329701,0.017232384615384615,0.017197,0.0014319999999999992,0.0188446,0.0190646,0.019139,8.614379705973858,8.708911581024227,1.47771008251574,9.62384384139176,9.860243517402314,10.149331461754068
PI,medium,count_b4,cached_or_maintenance,task_completion,8-15,8-15,1,rp2040_a,5,0.0019212920000000002,0.001834048,0.00018730599999999993,0.002217177,0.002306879,0.002396581,0.015909200000000002,0.015675,0.000533999999999998,0.0164428,0.0165574,0.016672,8.425901818076412,8.546668353281921,0.5587970942686606,9.529885696631771,9.765557727184747,10.001229757737725
PI,medium,count_b4,cached_or_maintenance,task_completion,8-15,8-15,1,rp2040_b,3,0.0020606486666666667,0.002089014,0.0003152490000000001,0.0023071747999999998,0.0023344449,0.002361715,0.017089,0.01756,0.0017814999999999984,0.01842,0.0185275,0.018635,8.517262223296472,8.405879520194693,2.1911505207108526,10.292459180485508,10.52828163802186,10.764104095558212
PI,medium,count_b4,cached_or_maintenance,task_completion,8-15,8-15,1,rp2040_c,7,0.0019459004285714285,0.002056928,0.00020985700000000036,0.0020814118,0.0020907034,0.002099995,0.017283285714285713,0.017016,0.0015535000000000028,0.0188508,0.019332899999999997,0.019815,8.913849452424335,8.721497888133086,0.6620170996210106,9.763402300685305,10.009151462383654,10.254900624082005
PI,medium,count_b4,cached_or_maintenance,task_completion,8-15,8-15,2-3,rp2040_a,2,0.0023230075,0.0023230075,7.049550000000002e-05,0.0023794039,0.00238645345,0.002393503,0.015786500000000002,0.015786500000000002,0.0005685000000000013,0.0162413,0.01629815,0.016355,6.809413859846709,6.809413859846709,0.4513687686143175,7.170508874738163,7.215645751599594,7.260782628461026
PI,medium,count_b4,cached_or_maintenance,task_completion,8-15,8-15,2-3,rp2040_b,3,0.0019303526666666667,0.002039592,0.00019461000000000023,0.0020641928,0.0020672679,0.002070343,0.017408666666666666,0.01764,0.0007290000000000005,0.0179456,0.0179838,0.018022,9.068854656195517,8.704837797408448,0.6020745043433902,9.623317631427645,9.738127610680044,9.852937589932443
PI,medium,count_b4,cached_or_maintenance,task_completion,8-15,8-15,2-3,rp2040_c,1,0.001755404,0.001755404,0.0,0.001755404,0.001755404,0.001755404,0.016094,0.016094,0.0,0.016094,0.016094,0.016094,9.16825984217878,9.16825984217878,0.0,9.16825984217878,9.16825984217878,9.16825984217878
PI,medium,count_b4,candidate_filter_only,initial_allocation,8-15,8-15,5-8,rp2040_a,1,0.002440287,0.002440287,0.0,0.002440287,0.002440287,0.002440287,0.028952,0.028952,0.0,0.028952,0.028952,0.028952,11.864178270834536,11.864178270834536,0.0,11.864178270834536,11.864178270834536,11.864178270834536
PI,medium,count_b4,candidate_filter_only,initial_allocation,8-15,8-15,5-8,rp2040_b,8,0.00299078725,0.0030613899999999998,3.080100000000044e-05,0.0030709456,0.0030742153,0.003077485,0.028516,0.028522,0.001199249999999999,0.029697,0.0300715,0.030446,9.586829445019061,9.368042706910241,0.45028447510985536,10.30705475491277,11.147912981480415,11.988771208048062
PI,medium,count_b4,candidate_filter_only,initial_allocation,8-15,8-15,5-8,rp2040_c,1,0.002705633,0.002705633,0.0,0.002705633,0.002705633,0.002705633,0.02966,0.02966,0.0,0.02966,0.02966,0.02966,10.96231454894289,10.96231454894289,0.0,10.96231454894289,10.96231454894289,10.96231454894289
PI,medium,count_b4,candidate_filter_only,invalid_goal,0-7,0-7,0,rp2040_a,1,0.002550561,0.002550561,0.0,0.002550561,0.002550561,0.002550561,0.032369,0.032369,0.0,0.032369,0.032369,0.032369,12.690933484829417,12.690933484829417,0.0,12.690933484829417,12.690933484829417,12.690933484829417
PI,medium,count_b4,candidate_filter_only,task_completion,0-7,0-7,0,rp2040_a,36,0.003224479666666667,0.0030802025,0.0007851587499999998,0.0043930205,0.004602404500000001,0.004813471,0.041895444444444443,0.029056,0.025770750000000002,0.1007,0.1016245,0.103746,12.085313683222632,9.375342093526147,5.666300061220527,21.97090553416806,22.914334424630113,24.745124792748317
PI,medium,count_b4,candidate_filter_only,task_completion,0-7,0-7,0,rp2040_b,355,0.0024474819549295773,0.002439453,0.0005094970000000002,0.0029028020000000003,0.0033474508,0.004431773,0.026575211267605637,0.024001,0.005815499999999998,0.03081720000000002,0.049394400000000005,0.101676,10.94787233043821,9.669483136689815,1.2065681985176457,14.549354919831625,23.614636250473254,35.7427571499168
PI,medium,count_b4,candidate_filter_only,task_completion,0-7,0-7,0,rp2040_c,209,0.0023500416028708134,0.002139097,0.000703015,0.002921628,0.0036010079999999993,0.004271008,0.02558218181818182,0.020212,0.008630000000000002,0.029396400000000003,0.0613082,0.102841,10.719382691154468,9.50665974465925,0.8611699921031057,14.384545305732768,23.784340944297554,26.319240202721364
PI,medium,count_b4,candidate_filter_only,task_completion,0-7,0-7,1,rp2040_a,5,0.00290293,0.002905733,0.00014869999999999987,0.003081516,0.003090629,0.003099742,0.0246118,0.023859,0.0022980000000000014,0.026226199999999998,0.0262746,0.026323,8.528073936272524,8.211009063805932,0.5714387648062855,9.534657667367183,9.88221119786102,10.229764728354857
PI,medium,count_b4,candidate_filter_only,task_completion,0-7,0-7,1,rp2040_b,52,0.0027049281153846156,0.002914893,0.0005640265000000002,0.0029925519000000003,0.00299653945,0.003331579,0.02536948076923077,0.0255315,0.0017872500000000006,0.0267278,0.027957849999999996,0.050674,9.57614338501794,8.920669271407661,0.9585730592788302,10.754278479268622,13.626836695038213,20.780256595107534
PI,medium,count_b4,candidate_filter_only,task_completion,0-7,0-7,1,rp2040_c,1,0.003711946,0.003711946,0.0,0.003711946,0.003711946,0.003711946,0.10019,0.10019,0.0,0.10019,0.10019,0.10019,26.991233169879088,26.991233169879088,0.0,26.991233169879088,26.991233169879088,26.991233169879088
PI,medium,count_b4,candidate_filter_only,task_completion,0-7,0-7,2-3,rp2040_b,8,0.00259003375,0.0028873575,0.0005661667499999999,0.0033007631,0.0034644990499999996,0.003628235,0.03066825,0.027721,0.0007680000000000013,0.0356036,0.04337079999999999,0.051138,13.687629070683167,9.701279231030021,6.783823362164821,23.45594255939162,25.06597394305708,26.676005326722546
PI,medium,count_b4,candidate_filter_only,task_completion,8-15,8-15,0,rp2040_a,8,0.004690473,0.004576145,0.0007413787499999996,0.0054204799,0.005422531949999999,0.005424584,0.098618,0.1134185,0.06082625,0.1280635,0.13229325,0.136523,20.667775214856754,22.986127478893103,10.69579797356869,25.640050638425134,25.955380784394087,26.270710930363045
PI,medium,count_b4,candidate_filter_only,task_completion,8-15,8-15,0,rp2040_b,11,0.004166487363636364,0.004222081,0.0007075305000000002,0.004710572,0.0047124260000000005,0.00471428,0.09849418181818183,0.112618,0.03432350000000001,0.125625,0.1256335,0.125642,23.10183192609276,25.686496467986988,7.126500861873215,28.49286653669733,29.199363943742895,29.905861350788456
PI,medium,count_b4,candidate_filter_only,task_completion,8-15,8-15,0,rp2040_c,21,0.0041290713809523805,0.004509409,0.001591945,0.004884573,0.005154869,0.005157047,0.10253566666666668,0.115256,0.014759999999999995,0.138597,0.139873,0.149117,24.746386803360743,25.631417757586618,4.084588257705054,29.441935783326457,29.83285895121205,69.5617734690574
PI,medium,count_b4,candidate_filter_only,task_completion,8-15,8-15,1,rp2040_a,2,0.0030791435,0.0030791435,0.00012844449999999986,0.0031818991,0.00319474355,0.003207588,0.0288775,0.0288775,0.0012195000000000018,0.0298531,0.02997505,0.030097,9.411317242046302,9.411317242046302,0.7886387683769893,10.042228256747894,10.121092133585591,10.199956010423291
PI,medium,count_b4,candidate_filter_only,task_completion,8-15,8-15,1,rp2040_c,2,0.002769987,0.002769987,0.00018133600000000026,0.0029150558,0.0029331894000000002,0.002951323,0.0295515,0.0295515,0.0009415000000000014,0.0303047,0.030398849999999998,0.030493,10.736726003713152,10.736726003713152,1.042768412490501,11.570940733705552,11.675217574954603,11.779494416203653
PI,medium,count_b4,candidate_filter_only,task_completion,8-15,8-15,2-3,rp2040_c,4,0.00303277575,0.0029078565,0.00047419525000000004,0.0034986227,0.0035956923499999996,0.003692762,0.0499615,0.029543,0.021107999999999995,0.08735610000000002,0.09970604999999998,0.112056,15.420306633444625,10.84771835931436,5.904291063669778,24.641323008911492,27.49304466914385,30.344766329376224
PI,medium,count_b4,full_allocation_solve,batch_threshold,0-7,0-7,4,rp2040_b,4,0.005038114,0.0058786394999999995,0.0020093259999999996,0.0066038227,0.00665075035,0.006697678,0.14239125,0.16685250000000001,0.026130249999999994,0.16784359999999998,0.16789579999999998,0.167948,30.576808177251532,28.63827109544264,7.679905146094111,37.38325255636777,38.69517267202565,40.007092787683526
PI,medium,count_b4,full_allocation_solve,batch_threshold,8-15,8-15,4,rp2040_a,12,0.010371986833333334,0.009699415999999999,0.002534014999999999,0.0128053992,0.013371019549999998,0.013997535,0.29991708333333333,0.30085649999999997,0.06792825000000002,0.3411915,0.36665429999999993,0.39525099999999996,29.23082221724465,28.439837390886865,4.488468713766764,33.47439676464358,34.642204457676534,36.04505211923586
PI,medium,count_b4,full_allocation_solve,batch_threshold,8-15,8-15,4,rp2040_b,16,0.0102598195625,0.0103611765,0.0037638299999999993,0.012618594,0.01294314825,0.013672305,0.318333875,0.3341195,0.07078524999999997,0.3918205,0.39216375,0.392748,31.645938033798252,28.786025482593637,4.255202114066769,37.50138390646869,44.29780705172439,53.268302138354564
PI,medium,count_b4,full_allocation_solve,batch_threshold,8-15,8-15,4,rp2040_c,12,0.009240170416666667,0.008810459,0.0021880877500000014,0.0112551602,0.011466987699999999,0.011683141,0.2856126666666667,0.3009155,0.084676,0.3212817,0.3219642,0.32277599999999995,31.267360030306914,29.421125368323285,5.981319756576198,36.035000029000905,37.74538643850332,39.806115844841145
PI,medium,count_b4,full_allocation_solve,final_release_flush,0-7,0-7,1,rp2040_a,4,0.0063366377500000005,0.0065704075,0.0020626182500000003,0.007798974500000001,0.00790368875,0.008008403,0.1281155,0.1425255,0.034307000000000004,0.1619132,0.16505959999999997,0.168206,19.72175952014772,20.571871270707792,3.030856609554494,22.847643508857885,23.242776778408846,23.637910047959807
PI,medium,count_b4,full_allocation_solve,final_release_flush,0-7,0-7,1,rp2040_b,4,0.00632080925,0.006465595,0.00113547725,0.007111648900000001,0.00716188495,0.007212121,0.16234425,0.1628635,0.01069825000000002,0.168376,0.168517,0.168658,26.166276176935764,25.062931136435594,3.4885389523209547,30.52180777281365,31.576119319469477,32.63043086612531
PI,medium,count_b4,full_allocation_solve,final_release_flush,8-15,8-15,2-3,rp2040_b,4,0.00755718625,0.0074318005,0.0005339617499999999,0.008228401900000001,0.00838404445,0.008539687,0.21140325,0.2140695,0.0027902499999999664,0.2141882,0.21420709999999998,0.214226,28.149655199477642,28.074132065579967,2.2775593206061373,30.532063290781693,30.9591932900983,31.386323289414907
PI,medium,count_b4,full_allocation_solve,final_release_flush,8-15,8-15,2-3,rp2040_c,4,0.009777678250000001,0.009831925500000002,0.000423182749999999,0.0100438257,0.010052969850000001,0.010062114,0.3011435,0.301013,0.0004724999999999313,0.3016142,0.30171410000000004,0.301814,30.824012067097645,30.652447217531698,1.4205267268552824,31.83284971908267,31.960968623529453,32.08908752797624
PI,medium,count_b4,full_allocation_solve,task_completion,0-7,0-7,1,rp2040_a,11,0.005763252909090909,0.006332172,0.002993789,0.00751448,0.0078314505,0.008148421,0.11988599999999999,0.146941,0.097352,0.167189,0.168208,0.169227,19.576312582624947,20.517962928032315,7.613514803652333,25.923016620521363,27.42403149649801,28.925046372474657
PI,medium,count_b4,full_allocation_solve,task_completion,0-7,0-7,1,rp2040_b,30,0.0049580753,0.0050561825,0.003396932250000001,0.007091898,0.007436327449999999,0.007740624,0.11800486666666667,0.1370385,0.08523350000000002,0.1676059,0.16844379999999998,0.16890000000000002,24.169007295764807,22.755122193419986,8.304822274518507,34.814892794726404,37.719313456332465,58.09266311040383
PI,medium,count_b4,full_allocation_solve,task_completion,0-7,0-7,1,rp2040_c,23,0.0061115039130434775,0.006643167,0.0019640545000000004,0.0074314874,0.0074761511,0.007507379,0.13610560869565216,0.165579,0.058838999999999975,0.16943339999999998,0.1697188,0.172852,21.326366213979348,22.824987529982142,4.411784672269498,25.611664992888677,25.922656166463863,28.189331644783927
PI,medium,count_b4,full_allocation_solve,task_completion,0-7,0-7,2-3,rp2040_b,15,0.004702814266666667,0.004545819,0.0034803895,0.0072630054,0.0073451103,0.007499818,0.12845273333333332,0.155925,0.07279949999999996,0.168126,0.16885289999999997,0.16975099999999999,30.350378408298262,23.96870345012629,14.985149650932296,63.680228220344596,64.41963234532015,65.76909539585334
PI,medium,count_b4,full_allocation_solve,task_completion,0-7,0-7,2-3,rp2040_c,3,0.0072928893333333335,0.007446333,0.00025412950000000024,0.0074655042,0.0074679006,0.007470297,0.16440166666666667,0.165848,0.006764500000000007,0.16952399999999998,0.16998349999999998,0.17044299999999998,22.5423496096319,22.538515302559393,0.2718274296062475,22.760578414731395,22.788336303752896,22.816094192774397
PI,medium,count_b4,full_allocation_solve,task_completion,16-31,16-31,1,rp2040_b,1,0.011689088,0.011689088,0.0,0.011689088,0.011689088,0.011689088,0.435242,0.435242,0.0,0.435242,0.435242,0.435242,37.23489805192672,37.23489805192672,0.0,37.23489805192672,37.23489805192672,37.23489805192672
PI,medium,count_b4,full_allocation_solve,task_completion,8-15,8-15,1,rp2040_a,39,0.00858928858974359,0.008822778,0.001687034500000001,0.010717100200000001,0.011282722800000002,0.012489682,0.24674379487179487,0.236289,0.08651099999999998,0.323949,0.325035,0.326706,29.05123772910603,27.202662370343567,6.011516809423821,37.48738044971918,42.69882511005778,52.74510921332215
PI,medium,count_b4,full_allocation_solve,task_completion,8-15,8-15,1,rp2040_b,57,0.00900086803508772,0.008659705,0.003025461,0.012269374999999999,0.012924298599999998,0.014655742,0.28954487719298244,0.254278,0.10900400000000002,0.3921782,0.3931168,0.418622,33.91824125653646,30.141778203392764,7.377161172480996,46.929512318072064,55.72461701191992,69.30048309982816
PI,medium,count_b4,full_allocation_solve,task_completion,8-15,8-15,1,rp2040_c,18,0.008039430833333333,0.008106413,0.0008981517500000012,0.009346238100000001,0.009755949449999997,0.011049261,0.23973311111111112,0.214786,0.034220749999999994,0.3079656,0.32362060000000004,0.324542,30.124490018709814,27.702936341288535,6.301224360080802,36.79023019982455,40.74744255488596,43.18437972369623
PI,medium,count_b4,full_allocation_solve,task_completion,8-15,8-15,2-3,rp2040_a,30,0.009032659366666666,0.009378619,0.0021447727499999993,0.011419799500000001,0.011714944250000001,0.013265738,0.2446218666666667,0.2358375,0.03312325000000002,0.32141820000000004,0.33395764999999994,0.343744,28.03795061011465,26.56654475983735,2.81893467174255,30.697389733663144,31.185343854044408,75.77755838527251
PI,medium,count_b4,full_allocation_solve,task_completion,8-15,8-15,2-3,rp2040_b,51,0.008873058980392156,0.008563665,0.0017578795000000001,0.012809581,0.0134601505,0.014478141,0.276443,0.235463,0.06712100000000004,0.415213,0.416137,0.417448,32.05481564467567,28.837764976907312,5.595337176216276,39.731541388417384,43.822687000326226,82.04892975361061
PI,medium,count_b4,full_allocation_solve,task_completion,8-15,8-15,2-3,rp2040_c,25,0.0077491743999999994,0.007713445,0.002218991000000001,0.010603490200000001,0.011535139799999998,0.011727902,0.24864284,0.233453,0.0885,0.32292519999999997,0.3249916,0.340641,32.695248799117536,30.72612469881942,7.348435400948421,42.44136560646618,43.80200644312773,50.32613178383114
PI,medium,count_b4,partial_bundle_refill,batch_threshold,8-15,8-15,4,rp2040_b,2,0.012077671,0.012077671,0.0005558929999999983,0.0125223854,0.0125779747,0.012633564,0.38874549999999997,0.38874549999999997,0.0006805000000000283,0.38928989999999997,0.38935795,0.389426,32.25805451869577,32.25805451869577,1.541069192939709,33.49090987304754,33.64501679234151,33.79912371163548
PI,medium,count_b4,partial_bundle_refill,batch_threshold,8-15,8-15,4,rp2040_c,5,0.0079971006,0.008999569,0.002110486000000001,0.009760624800000001,0.0098154594,0.009870294,0.2933456,0.299853,0.023001999999999967,0.3205714,0.3209822,0.321393,41.38034111986264,32.35354488934169,1.6805968468093582,60.97516638229274,70.32425177160133,79.67333716090994
PI,medium,count_b4,partial_bundle_refill,final_release_flush,8-15,8-15,2-3,rp2040_c,1,0.008374803,0.008374803,0.0,0.008374803,0.008374803,0.008374803,0.297374,0.297374,0.0,0.297374,0.297374,0.297374,35.50817852073655,35.50817852073655,0.0,35.50817852073655,35.50817852073655,35.50817852073655
PI,medium,count_b4,partial_bundle_refill,initial_allocation,8-15,8-15,5-8,rp2040_a,8,0.0066417935,0.0070080485,0.002625076500000001,0.008501439199999999,0.0085180376,0.008534636,0.1807155,0.1957475,0.028091250000000012,0.2095261,0.20966505,0.209804,30.686096047034138,25.921045914674178,9.69496238779653,46.79815639486266,60.04158215115481,73.28500790744701
PI,medium,count_b4,partial_bundle_refill,initial_allocation,8-15,8-15,5-8,rp2040_b,12,0.00734222725,0.0075055,0.0016779205,0.0083700753,0.00844223895,0.008521753,0.1944796666666667,0.19554500000000002,0.027756500000000017,0.2098873,0.2103373,0.210796,27.152361473502495,26.476509570947634,8.28528262998298,35.528189647544664,36.25706525168913,36.51396833805116
PI,medium,count_b4,partial_bundle_refill,initial_allocation,8-15,8-15,5-8,rp2040_c,7,0.0049073182857142855,0.003354357,0.003856064,0.0080298626,0.0081081443,0.008186426,0.1926872857142857,0.196212,0.019625999999999977,0.207815,0.20790799999999998,0.208001,46.793802762171985,52.11967599155368,30.4913801588985,66.17303688705805,69.17713877931591,72.1812406715738
PI,medium,count_b4,partial_bundle_refill,invalid_goal,0-7,0-7,0,rp2040_a,1,0.002521185,0.002521185,0.0,0.002521185,0.002521185,0.002521185,0.022181,0.022181,0.0,0.022181,0.022181,0.022181,8.79784704414789,8.79784704414789,0.0,8.79784704414789,8.79784704414789,8.79784704414789
PI,medium,count_b4,partial_bundle_refill,task_completion,0-7,0-7,0,rp2040_a,20,0.0036598106999999997,0.0037334094999999998,0.0006831932500000002,0.004524838500000001,0.00552449765,0.005783689,0.0628371,0.049817,0.033036499999999996,0.10787990000000003,0.12163450000000002,0.155559,17.27564602723495,13.336234728586128,11.350021615223248,26.98838422111636,28.07604720258169,32.970570749333916
PI,medium,count_b4,partial_bundle_refill,task_completion,0-7,0-7,0,rp2040_b,46,0.0037130759347826087,0.0036867469999999998,0.0016282217500000005,0.005449602,0.00589119225,0.006444364,0.0714834347826087,0.0569845,0.07499549999999999,0.13423600000000002,0.1408385,0.153083,18.855009800537697,16.438283673349503,11.727954572303979,26.63451186117649,31.581377711486986,63.84212063024687
PI,medium,count_b4,partial_bundle_refill,task_completion,0-7,0-7,0,rp2040_c,21,0.00420203319047619,0.004106274,0.0019825800000000003,0.005999127,0.007299313,0.007764689,0.08537266666666667,0.104761,0.069568,0.151352,0.152669,0.163419,19.72423556088743,19.12111545563213,11.622760727325552,26.774903851072356,28.586344161814512,53.72902369323413
PI,medium,count_b4,partial_bundle_refill,task_completion,0-7,0-7,1,rp2040_a,3,0.004007833,0.00379572,0.0006325305000000002,0.00455628,0.00465135,0.00474642,0.12164366666666666,0.112322,0.026306499999999983,0.1445532,0.1485821,0.152611,31.28204166980864,26.344935875143584,10.08602211042642,40.33828051708279,42.08744859732518,43.836616677567584
PI,medium,count_b4,partial_bundle_refill,task_completion,0-7,0-7,1,rp2040_b,9,0.004336768666666667,0.003729032,0.0016679959999999997,0.005749472,0.006223364,0.006697256,0.07069022222222222,0.051949,0.059975,0.1187524,0.1264072,0.134062,15.767911874967265,13.115897087276112,8.565834158223202,21.96070439622639,24.186164725125437,26.41162505402449
PI,medium,count_b4,partial_bundle_refill,task_completion,0-7,0-7,1,rp2040_c,4,0.00622988625,0.0061094015,0.0006036647499999999,0.0067721829,0.00687241845,0.006972654,0.14870650000000002,0.1503525,0.0025330000000000075,0.151012,0.15108400000000002,0.151156,24.03696850987252,24.726196129322478,2.5470205652690794,25.97712382028587,26.084467559637147,26.191811298988423
PI,medium,count_b4,partial_bundle_refill,task_completion,0-7,0-7,2-3,rp2040_c,1,0.006681666,0.006681666,0.0,0.006681666,0.006681666,0.006681666,0.164372,0.164372,0.0,0.164372,0.164372,0.164372,24.600451444295476,24.600451444295476,0.0,24.600451444295476,24.600451444295476,24.600451444295476
PI,medium,count_b4,partial_bundle_refill,task_completion,8-15,8-15,0,rp2040_a,18,0.005980974333333333,0.0057133225,0.0020704894999999997,0.0077953477,0.008213880649999996,0.010519566,0.1587631111111111,0.147476,0.06064324999999998,0.20337190000000002,0.22282719999999986,0.297243,26.328772721241315,26.236185679692664,3.2611199900748673,29.758665263254322,30.089519314964413,31.518726282419628
PI,medium,count_b4,partial_bundle_refill,task_completion,8-15,8-15,0,rp2040_b,32,0.005439423375,0.0051527325,0.00157706825,0.0067363329,0.008792511049999998,0.010754595,0.15575050000000001,0.14034950000000002,0.06865949999999998,0.23114430000000005,0.2741143999999999,0.339252,28.799689116710937,27.691772280529936,6.368082031213071,36.092982081442265,47.52611198359404,62.17200411950506
PI,medium,count_b4,partial_bundle_refill,task_completion,8-15,8-15,0,rp2040_c,19,0.005592970157894737,0.005314124,0.0012785539999999995,0.0076540055999999995,0.0082054278,0.008439426,0.1551127894736842,0.151598,0.0694865,0.2375582,0.2524401,0.253494,26.856292231862277,26.891311763630856,6.010083345735016,32.347485916205024,33.057171989553886,34.139617894720395
PI,medium,count_b4,partial_bundle_refill,task_completion,8-15,8-15,1,rp2040_a,7,0.005086786714285714,0.004741951,0.002936472,0.0079179162,0.0083355216,0.008753127,0.15251514285714288,0.137822,0.08610250000000003,0.2195834,0.2247362,0.229889,35.079375143316405,26.263642695918843,13.043203810262924,59.050478221343454,67.16844235862976,75.28640649591613
PI,medium,count_b4,partial_bundle_refill,task_completion,8-15,8-15,1,rp2040_b,7,0.006311680285714286,0.006297612,0.0024472044999999994,0.008614406000000002,0.009406332499999998,0.010198259,0.203437,0.220368,0.0710655,0.26714040000000006,0.2920016999999999,0.316863,34.930412186412106,30.95744872265729,3.6580026731219064,48.02194792841999,60.64025414560903,73.25856036279814
PI,medium,count_b4,partial_bundle_refill,task_completion,8-15,8-15,1,rp2040_c,1,0.009505079,0.009505079,0.0,0.009505079,0.009505079,0.009505079,0.300951,0.300951,0.0,0.300951,0.300951,0.300951,31.662125059665474,31.662125059665474,0.0,31.662125059665474,31.662125059665474,31.662125059665474
PI,medium,count_b4,partial_bundle_refill,task_completion,8-15,8-15,2-3,rp2040_a,2,0.0103136655,0.0103136655,0.0012264314999999998,0.0112948107,0.011417453849999998,0.011540097,0.2724575,0.2724575,0.04294950000000003,0.3068171,0.31111205,0.315407,26.2937447038697,26.2937447038697,1.0376546769154018,27.12386844540202,27.22763391309356,27.3313993807851
PI,medium,count_b4,partial_bundle_refill,task_completion,8-15,8-15,2-3,rp2040_b,4,0.0068870015,0.0075191935,0.0021008015,0.008272215099999999,0.00827845405,0.008284693,0.20319225000000002,0.226495,0.03440825,0.23394990000000002,0.23458395,0.235218,29.642190947637737,29.00877417444142,1.9074270064043795,31.71341121490782,32.1914829317965,32.669554648685185
PI,medium,count_b4,partial_bundle_refill,task_completion,8-15,8-15,2-3,rp2040_c,1,0.007381639,0.007381639,0.0,0.007381639,0.007381639,0.007381639,0.210545,0.210545,0.0,0.210545,0.210545,0.210545,28.522798256593152,28.522798256593152,0.0,28.522798256593152,28.522798256593152,28.522798256593152
PI,medium,eager_b1,cached_or_maintenance,task_arrival_eager,0-7,0-7,1,rp2040_a,6,0.0018326920000000001,0.0018298325,9.089324999999996e-05,0.0019036815000000001,0.00191626525,0.001928849,0.017492333333333332,0.01782,0.0021524999999999947,0.019057499999999998,0.01909025,0.019123,9.576506796752907,9.643691118698197,1.5599081484591544,10.800145454562541,10.820663887207843,10.841182319853147
PI,medium,eager_b1,cached_or_maintenance,task_arrival_eager,0-7,0-7,1,rp2040_b,4,0.0015433565,0.0018018959999999999,0.0004097160000000001,0.0018792505,0.00187983925,0.001880428,0.0166975,0.0171265,0.0023609999999999985,0.018345399999999998,0.0184297,0.018514,12.842147270276666,10.12969490552891,4.443832915603936,19.67424768996497,21.663051071385034,23.65185445280511
PI,medium,eager_b1,cached_or_maintenance,task_arrival_eager,0-7,0-7,1,rp2040_c,3,0.001710725,0.001824764,0.00018299050000000002,0.0018343096,0.0018355028,0.001836696,0.015743999999999998,0.015967,0.0029214999999999988,0.0180366,0.0182953,0.018554,9.308097162380205,10.10183503421361,1.9453959325339891,10.705666334040716,10.781145246519104,10.856624158997493
PI,medium,eager_b1,cached_or_maintenance,task_arrival_eager,8-15,8-15,1,rp2040_a,19,0.0021766016315789474,0.002201283,0.00030508349999999957,0.002511745,0.0025285743,0.002546514,0.017645684210526317,0.017542,0.0016850000000000025,0.019081,0.019228599999999995,0.020449,8.43045738876718,7.8958349038733475,1.04479165693727,9.57240040478337,10.70525246749942,17.50884755594582
PI,medium,eager_b1,cached_or_maintenance,task_arrival_eager,8-15,8-15,1,rp2040_b,37,0.002087596810810811,0.002205429,0.00044935600000000015,0.0024811478,0.0025411804,0.002599958,0.016841243243243244,0.016918,0.0020799999999999985,0.0191478,0.0198634,0.020396,8.919016767472248,7.751468322515295,1.8321015680687838,10.572958441889483,21.27217274379385,23.372909478853984
PI,medium,eager_b1,cached_or_maintenance,task_arrival_eager,8-15,8-15,1,rp2040_c,13,0.0023173381538461536,0.002357305,0.00015894300000000037,0.0024364518,0.0024513698,0.002468918,0.016575,0.015795,0.0014739999999999996,0.0187076,0.020159199999999995,0.021976,7.177209922403719,6.937401590230252,1.024455700839396,8.122883737211765,8.817785649340163,9.828304317861743
PI,medium,eager_b1,cached_or_maintenance,task_completion,0-7,0-7,0,rp2040_a,4,0.00191399275,0.0018192174999999999,0.00027007425,0.0021879643000000002,0.00225007165,0.002312179,0.016557,0.016434,0.0022425000000000014,0.0179169,0.01801695,0.018117,8.733475398786167,8.535728769830493,1.3056681812249238,9.731161287796226,9.879069658754704,10.026978029713183
PI,medium,eager_b1,cached_or_maintenance,task_completion,0-7,0-7,0,rp2040_b,9,0.0016602835555555556,0.001641558,0.0001428009999999999,0.0017733296000000001,0.0018295628,0.001885796,0.016806222222222222,0.016623,0.0006490000000000003,0.0175394,0.0176182,0.017697,10.17259878075455,10.360176590061748,1.3408248285146733,11.134372331825162,11.357744412235423,11.581116492645686
PI,medium,eager_b1,cached_or_maintenance,task_completion,0-7,0-7,0,rp2040_c,7,0.001827003,0.001896825,9.355050000000014e-05,0.001942354,0.0019527415,0.001963129,0.017657714285714284,0.01764,0.002961499999999999,0.0195068,0.0198659,0.020225,9.786437753923886,9.226438453535938,1.608585415777661,11.700152399425773,12.47835080005872,13.256549200691671
PI,medium,eager_b1,cached_or_maintenance,task_completion,0-7,8-15,0,rp2040_a,4,0.001898515,0.0019183895000000001,3.357350000000002e-05,0.001936579,0.0019403589999999998,0.001944139,0.017638249999999998,0.0178645,0.0014647500000000008,0.0187803,0.018879149999999997,0.018978,9.281446614877648,9.31230683439936,0.6149079685441734,9.698720904233848,9.730184302674934,9.76164770111602
PI,medium,eager_b1,cached_or_maintenance,task_completion,0-7,8-15,0,rp2040_b,3,0.001881522,0.001960877,0.00013778149999999975,0.0019758762,0.0019777511,0.001979626,0.018147,0.01774,0.001177499999999998,0.0191704,0.0193492,0.019528,9.677572934387301,9.864489555097782,0.8262986059952322,10.301228495041391,10.355820862534342,10.410413230027293
PI,medium,eager_b1,cached_or_maintenance,task_completion,0-7,8-15,0,rp2040_c,5,0.0018419786,0.001843961,0.0001593600000000001,0.0019530618000000001,0.0019642554,0.001975449,0.0164846,0.015867,0.00045600000000000154,0.018126200000000002,0.0187286,0.019331,9.004946121622568,8.266296983403326,1.1135400245075093,10.48792295262672,10.893390045570953,11.298857138515187
PI,medium,eager_b1,cached_or_maintenance,task_completion,8-15,8-15,0,rp2040_a,20,0.0022189139,0.0021751920000000003,0.00040276474999999994,0.0025112244,0.00252775925,0.002687611,0.01707635,0.016701,0.0018637499999999974,0.0198295,0.0199474,0.020221,7.787942097869322,7.874945375908831,1.6882105075183373,9.447040039377113,9.672536161081318,9.680870291578943
PI,medium,eager_b1,cached_or_maintenance,task_completion,8-15,8-15,0,rp2040_b,68,0.002064921867647059,0.002065532,0.0002788732499999999,0.002355225,0.00237806825,0.002526646,0.01727230882352941,0.0173075,0.001376249999999999,0.0186803,0.019189849999999998,0.02041,8.60175583473946,8.223760948601155,1.7452988678473087,9.829723108685593,10.014383010917866,24.71552467556141
PI,medium,eager_b1,cached_or_maintenance,task_completion,8-15,8-15,0,rp2040_c,22,0.0020019653636363637,0.0020176565000000002,0.0003254727500000001,0.0023221169,0.0024330111999999997,0.002480952,0.017135818181818183,0.016888,0.0015242500000000048,0.0189684,0.0192857,0.020153,8.924987966275184,8.587001257731792,1.3485198600050463,9.9265831503707,10.48179423908307,19.493611258317138
PI,medium,eager_b1,candidate_filter_only,invalid_goal,0-7,0-7,0,rp2040_c,1,0.00716951,0.00716951,0.0,0.00716951,0.00716951,0.00716951,0.165664,0.165664,0.0,0.165664,0.165664,0.165664,23.106739512184237,23.106739512184237,0.0,23.106739512184237,23.106739512184237,23.106739512184237
PI,medium,eager_b1,candidate_filter_only,task_arrival_eager,0-7,0-7,1,rp2040_a,5,0.003055132,0.002957159,0.0003129560000000001,0.0034157162,0.0034760576,0.003536399,0.028350599999999997,0.028397,0.0008280000000000023,0.0293866,0.0295688,0.029751,9.380567944217884,9.719221722975655,0.5551283958360091,10.30214080508613,10.485319818121694,10.668498831157256
PI,medium,eager_b1,candidate_filter_only,task_arrival_eager,0-7,0-7,1,rp2040_b,20,0.0027067476,0.002649882,0.00047459274999999985,0.0030403138,0.0032012802500000007,0.004374915,0.030338149999999998,0.0260365,0.003835749999999999,0.031404300000000024,0.048077000000000036,0.100612,11.29012974876042,9.537315606563832,1.113647810404034,15.289290492107444,23.062290410418093,24.293775997450396
PI,medium,eager_b1,candidate_filter_only,task_arrival_eager,0-7,0-7,1,rp2040_c,8,0.002883497125,0.00279833,0.00016967399999999987,0.0032234847,0.0032742588499999996,0.003325033,0.0309435,0.027219,0.006895500000000006,0.0442784,0.0447257,0.045173,10.616614088260357,9.91302086146532,2.3583207235684718,13.502612935480972,13.854059832243983,14.205506729006995
PI,medium,eager_b1,candidate_filter_only,task_arrival_eager,8-15,8-15,1,rp2040_b,9,0.0029921276666666666,0.003152349,0.0005411489999999999,0.003692111,0.0038173269999999997,0.003942543,0.04559077777777778,0.030823,0.025778999999999996,0.07018100000000001,0.09193899999999999,0.113697,16.373618403362283,11.388084768478564,6.83915019186515,31.335369259819213,36.329121123890395,41.32287298796158
PI,medium,eager_b1,candidate_filter_only,task_arrival_eager,8-15,8-15,1,rp2040_c,1,0.003108374,0.003108374,0.0,0.003108374,0.003108374,0.003108374,0.029032,0.029032,0.0,0.029032,0.029032,0.029032,9.339931423953487,9.339931423953487,0.0,9.339931423953487,9.339931423953487,9.339931423953487
PI,medium,eager_b1,candidate_filter_only,task_completion,0-7,0-7,0,rp2040_a,153,0.0024441911307189544,0.002306978,0.00036473500000000015,0.0033414924000000007,0.0035277072000000002,0.004377581,0.027156653594771242,0.021634,0.002918999999999998,0.048894600000000024,0.05276520000000001,0.101927,11.150546433917892,9.470276489235403,0.8414327198670755,14.657644431481756,23.449260706990597,63.67214097862957
PI,medium,eager_b1,candidate_filter_only,task_completion,0-7,0-7,0,rp2040_b,480,0.0023554967729166668,0.0023101895,0.00041379549999999996,0.0028437455,0.0030529250999999993,0.006041652,0.024560254166666667,0.022322,0.004327499999999998,0.028073200000000003,0.04277894999999996,0.119329,10.508036051530622,9.594006222532476,0.9789738912387662,12.301806693324046,16.137150877726043,37.25437637889441
PI,medium,eager_b1,candidate_filter_only,task_completion,0-7,0-7,0,rp2040_c,168,0.002420482029761905,0.00241902,0.000619077,0.0029419249999999997,0.0033842193500000003,0.00418085,0.025851738095238098,0.022271,0.005869499999999996,0.04090950000000001,0.0514378,0.100275,10.497167798092272,9.259781591873377,1.0113574868380777,14.627786649050151,17.854496770838924,27.39044872874221
PI,medium,eager_b1,candidate_filter_only,task_completion,8-15,8-15,0,rp2040_a,12,0.004758219333333333,0.0049283205,0.0011035162500000004,0.005449870999999999,0.0056494495499999995,0.005887698,0.09295825,0.1118305,0.053407750000000004,0.1351036,0.13736545,0.137366,18.85999823908553,21.205300146453254,7.653725571760885,24.11180753483795,24.641969279092,25.18388880852739
PI,medium,eager_b1,candidate_filter_only,task_completion,8-15,8-15,0,rp2040_b,32,0.00404844646875,0.0040397175,0.0018507982500000002,0.0052528833,0.00550665595,0.0057608,0.08698065625,0.11142450000000001,0.07579825000000001,0.13741,0.1382337,0.139681,20.96634834205429,23.332272236650685,12.59753354255993,27.0571896901353,28.073740978021867,64.99910013112375
PI,medium,eager_b1,candidate_filter_only,task_completion,8-15,8-15,0,rp2040_c,13,0.004769798076923077,0.004762734,0.0008166060000000001,0.0055000526,0.005903334799999999,0.006415052,0.11184992307692307,0.124744,0.02491800000000001,0.1384172,0.14350639999999998,0.150782,23.018612335424958,24.057828134695523,2.3248539245837314,26.890106814981046,27.782069182438743,28.74105503267661
PI,medium,eager_b1,full_allocation_solve,task_arrival_eager,0-7,0-7,1,rp2040_a,31,0.006445158483870968,0.00731963,0.0023435295,0.008118823,0.008276100500000001,0.008430801,0.1427757741935484,0.16597699999999999,0.02009999999999998,0.169934,0.1733495,0.175161,23.164241947431986,21.241295967298697,2.9681388184377653,26.548979738082014,47.133481303201876,61.81245068299497
PI,medium,eager_b1,full_allocation_solve,task_arrival_eager,0-7,0-7,1,rp2040_b,44,0.005443706272727273,0.0060776975,0.0028794052500000005,0.0073900515,0.00748360085,0.007808789,0.1269960681818182,0.14268550000000002,0.043941999999999995,0.16840170000000002,0.1695636,0.170826,23.784735645098014,22.976445883628237,3.3374605743368804,30.282259067967722,34.436987805338404,62.5857531319436
PI,medium,eager_b1,full_allocation_solve,task_arrival_eager,0-7,0-7,1,rp2040_c,44,0.0063192702954545455,0.0067789665,0.0014273124999999998,0.0076745758,0.0077337553,0.007836899,0.14530236363636362,0.165549,0.020520999999999984,0.1681953,0.1687217,0.169021,23.40143462473794,22.4622560064329,2.5207797933160876,26.26379786195073,37.18215196669459,61.452290309479864
PI,medium,eager_b1,full_allocation_solve,task_arrival_eager,8-15,0-7,1,rp2040_c,1,0.007205669,0.007205669,0.0,0.007205669,0.007205669,0.007205669,0.16653,0.16653,0.0,0.16653,0.16653,0.16653,23.110969987658333,23.110969987658333,0.0,23.110969987658333,23.110969987658333,23.110969987658333
PI,medium,eager_b1,full_allocation_solve,task_arrival_eager,8-15,8-15,1,rp2040_a,110,0.009219169690909091,0.009618976000000001,0.002489439500000001,0.011690587200000001,0.0124795236,0.013695207,0.26145860909090907,0.253491,0.08473424999999998,0.32336380000000003,0.34113755,0.347719,30.99664425623075,26.49551523338869,3.999169728601533,38.19299817356158,71.55356863171569,75.3482506368039
PI,medium,eager_b1,full_allocation_solve,task_arrival_eager,8-15,8-15,1,rp2040_b,235,0.009233218506382979,0.009010803,0.0027855365000000014,0.012406456,0.012941654099999998,0.014069705,0.27147892340425533,0.254038,0.09039,0.3462714,0.3925319,0.42215199999999997,29.772402811993825,28.363246819985132,3.178311925703021,34.90465991151044,39.828427620591896,81.47269610908195
PI,medium,eager_b1,full_allocation_solve,task_arrival_eager,8-15,8-15,1,rp2040_c,102,0.008670163735294117,0.0084481605,0.0018767842499999993,0.011440609800000001,0.0120015433,0.01329868,0.25557620588235297,0.23403000000000002,0.08871699999999999,0.3420459,0.35204005,0.39413000000000004,30.104022003048737,28.116037029172922,4.28490232251243,35.35005785069309,41.311803088931406,71.97660926326334
PI,medium,eager_b1,full_allocation_solve,task_completion,0-7,0-7,0,rp2040_b,1,0.007273165,0.007273165,0.0,0.007273165,0.007273165,0.007273165,0.16909400000000002,0.16909400000000002,0.0,0.16909400000000002,0.16909400000000002,0.16909400000000002,23.24902569926573,23.24902569926573,0.0,23.24902569926573,23.24902569926573,23.24902569926573
PI,medium,eager_b1,full_allocation_solve,task_completion,8-15,8-15,0,rp2040_b,1,0.01287399,0.01287399,0.0,0.01287399,0.01287399,0.01287399,0.392995,0.392995,0.0,0.392995,0.392995,0.392995,30.526278177938618,30.526278177938618,0.0,30.526278177938618,30.526278177938618,30.526278177938618
PI,medium,eager_b1,partial_bundle_refill,initial_allocation,8-15,8-15,5-8,rp2040_a,7,0.007009651714285714,0.007739801,0.0019303030000000013,0.0085502002,0.0086679511,0.008785702,0.19668242857142856,0.20728,0.026851000000000014,0.2102168,0.2107154,0.211214,32.494534417710604,26.496406883471664,8.009997028961322,49.912340640546105,61.419691779324886,72.92704291810374
PI,medium,eager_b1,partial_bundle_refill,initial_allocation,8-15,8-15,5-8,rp2040_b,12,0.007141534000000001,0.0067445660000000004,0.0016626090000000007,0.0084132116,0.00856473245,0.008740095,0.19408899999999998,0.195156,0.027300500000000005,0.2094628,0.20969885,0.209915,27.95511308311271,27.32898418720457,7.33922906310022,37.411895731195074,38.30985770587388,38.55875550722317
PI,medium,eager_b1,partial_bundle_refill,initial_allocation,8-15,8-15,5-8,rp2040_c,4,0.00724551025,0.0074216135,0.0018731867499999994,0.0083317877,0.00835233185,0.008372876,0.186909,0.18208000000000002,0.00921099999999997,0.201016,0.204988,0.20896,26.68421491777204,24.826712429472124,7.854495760927943,33.617335080102755,34.92887625544166,36.24041743078056
PI,medium,eager_b1,partial_bundle_refill,invalid_goal,0-7,0-7,0,rp2040_c,1,0.004365551,0.004365551,0.0,0.004365551,0.004365551,0.004365551,0.105412,0.105412,0.0,0.105412,0.105412,0.105412,24.146321964856217,24.146321964856217,0.0,24.146321964856217,24.146321964856217,24.146321964856217
PI,medium,eager_b1,partial_bundle_refill,task_arrival_eager,0-7,0-7,1,rp2040_a,1,0.006887754,0.006887754,0.0,0.006887754,0.006887754,0.006887754,0.152127,0.152127,0.0,0.152127,0.152127,0.152127,22.0865902005211,22.0865902005211,0.0,22.0865902005211,22.0865902005211,22.0865902005211
PI,medium,eager_b1,partial_bundle_refill,task_arrival_eager,0-7,0-7,1,rp2040_b,7,0.004969060428571428,0.005247884,0.0019252144999999995,0.0065271416,0.0067782052999999995,0.007029269,0.09269571428571428,0.071891,0.066185,0.1458124,0.15484869999999998,0.163885,17.87256053118639,17.19733768933992,7.810018081788016,22.40460524679918,22.859631429567056,23.314657612334937
PI,medium,eager_b1,partial_bundle_refill,task_arrival_eager,0-7,0-7,1,rp2040_c,3,0.0060199373333333335,0.006179376,0.00119438,0.0069435536,0.0070390758,0.007134598,0.13158933333333334,0.163851,0.05080950000000001,0.1657846,0.1660263,0.166268,21.14750078545613,23.304466488511338,6.4467661840795,25.87352059210869,26.19465235505836,26.51578411800803
PI,medium,eager_b1,partial_bundle_refill,task_arrival_eager,8-15,8-15,1,rp2040_a,7,0.009223664285714287,0.009576711,0.001177692499999999,0.0104451304,0.0104493682,0.010453606,0.25058071428571427,0.251999,0.026346499999999995,0.2993576,0.3000833,0.300809,27.0687155702821,27.804658272550604,3.561245993556202,29.71389304337902,30.562181857704136,31.41047067202926
PI,medium,eager_b1,partial_bundle_refill,task_arrival_eager,8-15,8-15,1,rp2040_b,29,0.008671753620689655,0.008086407,0.0033122260000000006,0.0122300942,0.0125036156,0.013067854,0.26400689655172416,0.251835,0.06971900000000003,0.35377559999999997,0.3864196,0.390549,31.698005273522284,30.074558226609234,4.578281223718662,34.43641722485773,46.34422488164224,71.34399695336955
PI,medium,eager_b1,partial_bundle_refill,task_arrival_eager,8-15,8-15,1,rp2040_c,6,0.007979006166666667,0.0073634354999999995,0.0020398905000000005,0.0101704825,0.010705943749999999,0.011241405,0.23993416666666667,0.2297485,0.022353999999999985,0.3103985,0.34979975,0.389201,29.81078449084048,29.266455882626868,7.1816616890802685,34.830846106270684,34.93522129661663,35.03959648696258
PI,medium,eager_b1,partial_bundle_refill,task_completion,0-7,0-7,0,rp2040_a,29,0.004150526,0.004365234,0.0017200920000000003,0.0058184204,0.006326650399999998,0.007753843,0.08843368965517241,0.099485,0.087254,0.151212,0.1534604,0.155966,20.646125489502726,19.86859935131521,10.536720227154268,32.5346144950675,37.69558669567569,55.52181960590664
PI,medium,eager_b1,partial_bundle_refill,task_completion,0-7,0-7,0,rp2040_b,39,0.0034233535128205127,0.003264926,0.001642372,0.0049011608,0.005332643400000001,0.006546994,0.06926658974358975,0.055739,0.08142550000000001,0.12278520000000004,0.1378186,0.155626,18.995627116103297,16.726334783469657,13.53995317860576,28.119853320796263,31.037300343440354,47.15375544038427
PI,medium,eager_b1,partial_bundle_refill,task_completion,0-7,0-7,0,rp2040_c,29,0.003841920620689655,0.004049547,0.0017669049999999996,0.0048735324,0.005382367399999998,0.006559271,0.08296506896551724,0.104979,0.07492099999999999,0.142502,0.1534592,0.15576,20.76364409330134,23.422724872931763,12.310253555404959,27.86154703818395,29.78352148927715,59.81771282780961
PI,medium,eager_b1,partial_bundle_refill,task_completion,8-15,8-15,0,rp2040_a,27,0.006161417037037037,0.005653432,0.0026762539999999994,0.008820074800000003,0.0102016428,0.010934486,0.175821,0.14816,0.09240549999999997,0.26302220000000004,0.2921014,0.297968,29.487117060518862,27.937386540456433,4.225378368887942,30.969314254520466,56.45396074939528,69.02384578415743
PI,medium,eager_b1,partial_bundle_refill,task_completion,8-15,8-15,0,rp2040_b,61,0.00615538306557377,0.005814309,0.0022384989999999997,0.009692438,0.010085553,0.011305748,0.17996188524590162,0.186696,0.08118900000000001,0.29906,0.31923,0.339464,28.66227484010365,29.84646461740479,4.762061727125197,34.00804638568332,35.49043010788239,71.33311790520469
PI,medium,eager_b1,partial_bundle_refill,task_completion,8-15,8-15,0,rp2040_c,24,0.0057522073749999994,0.005746444,0.0015051330000000005,0.0071082289,0.008116993549999998,0.009017279,0.16412145833333333,0.159704,0.05541399999999999,0.2175414,0.2242823,0.231003,29.33473686031755,27.188794137271493,6.2673027051418195,33.981282645367074,35.273303836432696,80.24794983926068
