timing_arm,algorithm,arrival_load,policy_id,metric,n,median,min,max
causal,ACBBA,high,bounded_b4_w10,mission_elapsed_time_s,38,144.9022837267942,119.45392327587294,197.74341027040583
causal,ACBBA,high,bounded_b4_w10,simulated_execution_time_s,50,140.0315872045981,29.994687492248794,197.74341027040583
causal,ACBBA,high,bounded_b4_w10,W_alloc_agx_s,50,2.7423709265,1.583807856,6.467653284
causal,ACBBA,high,bounded_b4_w10,W_alloc_rp2040_s,50,2.7423695,1.583826,6.467662
causal,ACBBA,high,bounded_b4_w10,allocator_call_count,50,863.5,435.0,1376.0
causal,ACBBA,high,bounded_b4_w10,allocation_epoch_count,50,12.0,7.0,13.0
causal,ACBBA,high,bounded_b4_w10,messages_sent_total,50,4635.0,3236.0,8290.0
causal,ACBBA,high,bounded_b4_w10,messages_delivered_total,50,13911.5,9538.0,24876.0
causal,ACBBA,high,bounded_b4_w10,logical_message_payload_bytes_sent_total,50,931793.0,499541.0,2270475.0
causal,ACBBA,high,bounded_b4_w10,movement_time_s,50,445.5238459739925,99.44496368460202,550.06295103682
causal,ACBBA,high,bounded_b4_w10,completed_task_count,0,,,
causal,ACBBA,high,bounded_b4_w10,mean_release_to_completion_latency_s,50,35.87805302336413,10.561758248101238,57.33060417645024
causal,ACBBA,high,bounded_b4_w10,median_release_to_completion_latency_s,50,28.024190378793243,9.28224526995912,43.55520523151813
causal,ACBBA,high,bounded_b4_w10,p95_release_to_completion_latency_s,50,86.82401009388482,23.605399006943948,140.9053193045605
causal,ACBBA,high,bounded_b4_w10,mean_release_to_first_current_goal_latency_s,50,14.028739532531901,5.171492463975434,23.053803278334158
causal,ACBBA,high,bounded_b4_w10,p95_release_to_first_current_goal_latency_s,50,49.9439420055851,20.467301288067965,90.56513246680029
causal,ACBBA,high,count_b2,mission_elapsed_time_s,42,142.51812493456953,116.52048519591001,190.60374706481537
causal,ACBBA,high,count_b2,simulated_execution_time_s,50,137.80543001273492,26.603321128461555,190.60374706481537
causal,ACBBA,high,count_b2,W_alloc_agx_s,50,2.9913177295,1.202641389,7.663210778
causal,ACBBA,high,count_b2,W_alloc_rp2040_s,50,2.991319,1.202658,7.663206
causal,ACBBA,high,count_b2,allocator_call_count,50,897.0,477.0,1335.0
causal,ACBBA,high,count_b2,allocation_epoch_count,50,22.0,14.0,22.0
causal,ACBBA,high,count_b2,messages_sent_total,50,4871.0,2795.0,7879.0
causal,ACBBA,high,count_b2,messages_delivered_total,50,14629.0,8401.0,23653.0
causal,ACBBA,high,count_b2,logical_message_payload_bytes_sent_total,50,962957.5,384388.0,2448025.0
causal,ACBBA,high,count_b2,movement_time_s,50,452.87255943884105,96.27204127457784,530.4018867059832
causal,ACBBA,high,count_b2,completed_task_count,0,,,
causal,ACBBA,high,count_b2,mean_release_to_completion_latency_s,50,35.562851428913014,11.507615774616898,51.503331138810225
causal,ACBBA,high,count_b2,median_release_to_completion_latency_s,50,27.239592776792044,8.947796359634657,45.9375543196205
causal,ACBBA,high,count_b2,p95_release_to_completion_latency_s,50,91.39053198746798,23.663147169672623,135.97318319568308
causal,ACBBA,high,count_b2,mean_release_to_first_current_goal_latency_s,50,12.97130878816979,5.248237740760254,24.194651839664086
causal,ACBBA,high,count_b2,p95_release_to_first_current_goal_latency_s,50,45.72328458745136,16.885626439126014,97.7294504595193
causal,ACBBA,high,count_b4,mission_elapsed_time_s,40,158.31743047188735,113.09140693743761,210.46517843603667
causal,ACBBA,high,count_b4,simulated_execution_time_s,50,152.86958839024447,18.787004793272697,210.46517843603667
causal,ACBBA,high,count_b4,W_alloc_agx_s,50,2.523175293,1.240861715,7.619962608
causal,ACBBA,high,count_b4,W_alloc_rp2040_s,50,2.5231820000000003,1.240875,7.619968
causal,ACBBA,high,count_b4,allocator_call_count,50,938.0,400.0,1376.0
causal,ACBBA,high,count_b4,allocation_epoch_count,50,12.0,4.0,12.0
causal,ACBBA,high,count_b4,messages_sent_total,50,4587.0,2821.0,7047.0
causal,ACBBA,high,count_b4,messages_delivered_total,50,13524.5,8279.0,21147.0
causal,ACBBA,high,count_b4,logical_message_payload_bytes_sent_total,50,881016.0,396692.0,2165670.0
causal,ACBBA,high,count_b4,movement_time_s,50,473.13364097349654,69.19946417447676,573.04656974708
causal,ACBBA,high,count_b4,completed_task_count,0,,,
causal,ACBBA,high,count_b4,mean_release_to_completion_latency_s,50,37.17006751130334,7.351738559142518,58.60487641989781
causal,ACBBA,high,count_b4,median_release_to_completion_latency_s,50,29.602917808743843,6.351979354806599,53.66671870651926
causal,ACBBA,high,count_b4,p95_release_to_completion_latency_s,50,88.8929566977675,12.842217663435981,131.05297191760476
causal,ACBBA,high,count_b4,mean_release_to_first_current_goal_latency_s,50,15.700466148894012,3.902542878204648,28.459218336764867
causal,ACBBA,high,count_b4,p95_release_to_first_current_goal_latency_s,50,55.60162584802504,8.773771222257205,99.99462383295935
causal,ACBBA,high,count_b8,mission_elapsed_time_s,33,169.36588508596392,141.8447214744625,215.32107455284745
causal,ACBBA,high,count_b8,simulated_execution_time_s,50,153.97714995256797,25.325702170414523,215.32107455284745
causal,ACBBA,high,count_b8,W_alloc_agx_s,50,2.5570052954999998,1.401296346,9.513177792
causal,ACBBA,high,count_b8,W_alloc_rp2040_s,50,2.5570120000000003,1.401299,9.513189
causal,ACBBA,high,count_b8,allocator_call_count,50,910.5,309.0,1216.0
causal,ACBBA,high,count_b8,allocation_epoch_count,50,7.0,3.0,7.0
causal,ACBBA,high,count_b8,messages_sent_total,50,4136.5,2505.0,11939.0
causal,ACBBA,high,count_b8,messages_delivered_total,50,12410.5,6963.0,35199.0
causal,ACBBA,high,count_b8,logical_message_payload_bytes_sent_total,50,828437.0,458636.0,3252267.0
causal,ACBBA,high,count_b8,movement_time_s,50,464.58764629445955,80.63232329155205,599.3922635681782
causal,ACBBA,high,count_b8,completed_task_count,0,,,
causal,ACBBA,high,count_b8,mean_release_to_completion_latency_s,50,37.53370528625324,12.922499686740982,62.266386052363835
causal,ACBBA,high,count_b8,median_release_to_completion_latency_s,50,29.904767952169028,8.285371547788683,50.25284234927024
causal,ACBBA,high,count_b8,p95_release_to_completion_latency_s,50,89.98949930479122,20.525567087563672,163.21920314146607
causal,ACBBA,high,count_b8,mean_release_to_first_current_goal_latency_s,50,17.63599771483441,7.475759962464574,33.941053138330325
causal,ACBBA,high,count_b8,p95_release_to_first_current_goal_latency_s,50,60.980362025433664,19.76493927476256,122.63908801793164
causal,ACBBA,high,eager_b1,mission_elapsed_time_s,40,141.6280842634858,106.71067242807365,196.8523726504757
causal,ACBBA,high,eager_b1,simulated_execution_time_s,50,134.9519568764722,35.47628892340936,196.8523726504757
causal,ACBBA,high,eager_b1,W_alloc_agx_s,50,2.9590333415,1.438388933,8.179171401
causal,ACBBA,high,eager_b1,W_alloc_rp2040_s,50,2.9590325,1.438386,8.179176
causal,ACBBA,high,eager_b1,allocator_call_count,50,943.0,401.0,1271.0
causal,ACBBA,high,eager_b1,allocation_epoch_count,50,43.0,21.0,43.0
causal,ACBBA,high,eager_b1,messages_sent_total,50,4839.5,3229.0,8458.0
causal,ACBBA,high,eager_b1,messages_delivered_total,50,14482.0,9356.0,24980.0
causal,ACBBA,high,eager_b1,logical_message_payload_bytes_sent_total,50,959496.5,488201.0,2506660.0
causal,ACBBA,high,eager_b1,movement_time_s,50,443.2505205414223,132.82025505081123,526.7027015071512
causal,ACBBA,high,eager_b1,completed_task_count,0,,,
causal,ACBBA,high,eager_b1,mean_release_to_completion_latency_s,50,34.26472376665723,10.583194194856747,47.86354010944582
causal,ACBBA,high,eager_b1,median_release_to_completion_latency_s,50,26.414540301309778,5.858507153059215,40.664650513832434
causal,ACBBA,high,eager_b1,p95_release_to_completion_latency_s,50,85.29133053566335,23.40016121951446,144.52652083858197
causal,ACBBA,high,eager_b1,mean_release_to_first_current_goal_latency_s,50,12.375071702530995,4.6530699284267145,29.577670833036233
causal,ACBBA,high,eager_b1,p95_release_to_first_current_goal_latency_s,50,49.10504875694847,16.483284790003843,101.33716721973789
causal,ACBBA,low,bounded_b4_w10,mission_elapsed_time_s,50,589.6617793326575,337.00738749648593,730.2544079855883
causal,ACBBA,low,bounded_b4_w10,simulated_execution_time_s,50,589.6617793326575,337.00738749648593,730.2544079855883
causal,ACBBA,low,bounded_b4_w10,W_alloc_agx_s,50,1.1862934465000001,0.953705952,1.436987452
causal,ACBBA,low,bounded_b4_w10,W_alloc_rp2040_s,50,1.1862945,0.953683,1.436994
causal,ACBBA,low,bounded_b4_w10,allocator_call_count,50,1829.5,1571.0,2109.0
causal,ACBBA,low,bounded_b4_w10,allocation_epoch_count,50,25.5,19.0,30.0
causal,ACBBA,low,bounded_b4_w10,messages_sent_total,50,2570.5,2116.0,3418.0
causal,ACBBA,low,bounded_b4_w10,messages_delivered_total,50,7730.0,6366.0,10267.0
causal,ACBBA,low,bounded_b4_w10,logical_message_payload_bytes_sent_total,50,206501.0,163457.0,371773.0
causal,ACBBA,low,bounded_b4_w10,movement_time_s,50,849.5847713522708,705.1646778347707,972.478104394669
causal,ACBBA,low,bounded_b4_w10,completed_task_count,0,,,
causal,ACBBA,low,bounded_b4_w10,mean_release_to_completion_latency_s,50,25.249121319794227,20.455860869998066,30.427057962762216
causal,ACBBA,low,bounded_b4_w10,median_release_to_completion_latency_s,50,21.714788224074503,18.383089328603052,26.645388279756617
causal,ACBBA,low,bounded_b4_w10,p95_release_to_completion_latency_s,50,52.824720374138195,35.42958713275551,79.41065453022817
causal,ACBBA,low,bounded_b4_w10,mean_release_to_first_current_goal_latency_s,50,9.112135041444693,6.902988472177228,12.406707244420295
causal,ACBBA,low,bounded_b4_w10,p95_release_to_first_current_goal_latency_s,50,22.113103827415276,10.040814999999952,47.63132787229922
causal,ACBBA,low,count_b2,mission_elapsed_time_s,50,594.0737132647602,345.8451467051647,740.3039138985229
causal,ACBBA,low,count_b2,simulated_execution_time_s,50,594.0737132647602,345.8451467051647,740.3039138985229
causal,ACBBA,low,count_b2,W_alloc_agx_s,50,1.1658339464999998,1.000430204,1.340181698
causal,ACBBA,low,count_b2,W_alloc_rp2040_s,50,1.1658439999999999,1.000427,1.340182
causal,ACBBA,low,count_b2,allocator_call_count,50,1768.0,1507.0,2165.0
causal,ACBBA,low,count_b2,allocation_epoch_count,50,22.0,22.0,22.0
causal,ACBBA,low,count_b2,messages_sent_total,50,2478.0,2155.0,2914.0
causal,ACBBA,low,count_b2,messages_delivered_total,50,7450.0,6481.0,8758.0
causal,ACBBA,low,count_b2,logical_message_payload_bytes_sent_total,50,202733.0,175553.0,289112.0
causal,ACBBA,low,count_b2,movement_time_s,50,839.1335898180361,695.1908633597899,1012.4025128333554
causal,ACBBA,low,count_b2,completed_task_count,0,,,
causal,ACBBA,low,count_b2,mean_release_to_completion_latency_s,50,24.966756710529236,19.76441812259117,31.425274755245038
causal,ACBBA,low,count_b2,median_release_to_completion_latency_s,50,21.616500152695934,14.674450703372827,26.127334216398367
causal,ACBBA,low,count_b2,p95_release_to_completion_latency_s,50,59.36727980803225,35.15588551965749,85.67276663218104
causal,ACBBA,low,count_b2,mean_release_to_first_current_goal_latency_s,50,8.33779744001049,5.080093442288171,12.131723157903263
causal,ACBBA,low,count_b2,p95_release_to_first_current_goal_latency_s,50,33.95706627536228,19.74205218100002,57.57366501062496
causal,ACBBA,low,count_b4,mission_elapsed_time_s,50,613.9229788565268,371.43407516396394,750.1092834127456
causal,ACBBA,low,count_b4,simulated_execution_time_s,50,613.9229788565268,371.43407516396394,750.1092834127456
causal,ACBBA,low,count_b4,W_alloc_agx_s,50,1.1188664605,0.974704792,1.393705166
causal,ACBBA,low,count_b4,W_alloc_rp2040_s,50,1.118875,0.974721,1.393692
causal,ACBBA,low,count_b4,allocator_call_count,50,1608.0,1355.0,1902.0
causal,ACBBA,low,count_b4,allocation_epoch_count,50,12.0,12.0,12.0
causal,ACBBA,low,count_b4,messages_sent_total,50,2506.5,2133.0,3096.0
causal,ACBBA,low,count_b4,messages_delivered_total,50,7525.5,6405.0,9294.0
causal,ACBBA,low,count_b4,logical_message_payload_bytes_sent_total,50,224530.0,188996.0,312113.0
causal,ACBBA,low,count_b4,movement_time_s,50,775.8573927591317,641.1195412089803,899.754031172303
causal,ACBBA,low,count_b4,completed_task_count,0,,,
causal,ACBBA,low,count_b4,mean_release_to_completion_latency_s,50,36.89050489955525,29.96738143121045,47.21511331341597
causal,ACBBA,low,count_b4,median_release_to_completion_latency_s,50,32.483565153677375,25.62004173442957,41.79597707697045
causal,ACBBA,low,count_b4,p95_release_to_completion_latency_s,50,85.23811960124507,63.392399038935025,126.08367214572722
causal,ACBBA,low,count_b4,mean_release_to_first_current_goal_latency_s,50,20.352582571996255,15.30470121926638,26.86857488264757
causal,ACBBA,low,count_b4,p95_release_to_first_current_goal_latency_s,50,65.95781959018956,43.118958451297914,105.51702108010487
causal,ACBBA,low,count_b8,mission_elapsed_time_s,50,613.8442814862057,377.1981595835441,763.4769191153806
causal,ACBBA,low,count_b8,simulated_execution_time_s,50,613.8442814862057,377.1981595835441,763.4769191153806
causal,ACBBA,low,count_b8,W_alloc_agx_s,50,1.249812664,1.031682465,1.587588696
causal,ACBBA,low,count_b8,W_alloc_rp2040_s,50,1.2498200000000002,1.031682,1.587565
causal,ACBBA,low,count_b8,allocator_call_count,50,1459.5,1164.0,1889.0
causal,ACBBA,low,count_b8,allocation_epoch_count,50,7.0,7.0,7.0
causal,ACBBA,low,count_b8,messages_sent_total,50,2924.0,2428.0,3416.0
causal,ACBBA,low,count_b8,messages_delivered_total,50,8773.0,7285.0,10249.0
causal,ACBBA,low,count_b8,logical_message_payload_bytes_sent_total,50,339708.5,263998.0,408653.0
causal,ACBBA,low,count_b8,movement_time_s,50,710.080804306567,549.45500754185,841.9979168903803
causal,ACBBA,low,count_b8,completed_task_count,0,,,
causal,ACBBA,low,count_b8,mean_release_to_completion_latency_s,50,62.71993322522768,44.57516879265679,80.55449269706186
causal,ACBBA,low,count_b8,median_release_to_completion_latency_s,50,54.03688397646408,33.325158036362225,71.06402209119699
causal,ACBBA,low,count_b8,p95_release_to_completion_latency_s,50,134.40624507813723,92.33119678087832,244.4027061120109
causal,ACBBA,low,count_b8,mean_release_to_first_current_goal_latency_s,50,43.96588508265641,27.04633314271172,59.76723880198196
causal,ACBBA,low,count_b8,p95_release_to_first_current_goal_latency_s,50,122.26014149524968,80.66638612365887,239.37165691983233
causal,ACBBA,low,eager_b1,mission_elapsed_time_s,50,590.9794027627654,353.8122903563774,724.9983174525535
causal,ACBBA,low,eager_b1,simulated_execution_time_s,50,590.9794027627654,353.8122903563774,724.9983174525535
causal,ACBBA,low,eager_b1,W_alloc_agx_s,50,1.226288961,1.048920879,1.432016317
causal,ACBBA,low,eager_b1,W_alloc_rp2040_s,50,1.226312,1.048934,1.432006
causal,ACBBA,low,eager_b1,allocator_call_count,50,1882.5,1676.0,2271.0
causal,ACBBA,low,eager_b1,allocation_epoch_count,50,43.0,43.0,43.0
causal,ACBBA,low,eager_b1,messages_sent_total,50,2594.5,2280.0,3004.0
causal,ACBBA,low,eager_b1,messages_delivered_total,50,7820.5,6877.0,9049.0
causal,ACBBA,low,eager_b1,logical_message_payload_bytes_sent_total,50,203419.0,168087.0,263054.0
causal,ACBBA,low,eager_b1,movement_time_s,50,869.5872829494629,735.918178673545,1017.2912390246498
causal,ACBBA,low,eager_b1,completed_task_count,0,,,
causal,ACBBA,low,eager_b1,mean_release_to_completion_latency_s,50,18.151622353916576,12.37434519876886,26.786801671923566
causal,ACBBA,low,eager_b1,median_release_to_completion_latency_s,50,14.36162391361466,9.834914047277195,18.207259041570506
causal,ACBBA,low,eager_b1,p95_release_to_completion_latency_s,50,46.04804926873317,31.319774154950537,77.28964940349871
causal,ACBBA,low,eager_b1,mean_release_to_first_current_goal_latency_s,50,2.3357604240262804,0.6620941932164246,4.265854456925184
causal,ACBBA,low,eager_b1,p95_release_to_first_current_goal_latency_s,50,15.857949241247141,1.6955217576770107,42.59213970147637
causal,ACBBA,medium,bounded_b4_w10,mission_elapsed_time_s,50,188.41747883701674,135.46104433481602,240.40855018893143
causal,ACBBA,medium,bounded_b4_w10,simulated_execution_time_s,50,188.41747883701674,135.46104433481602,240.40855018893143
causal,ACBBA,medium,bounded_b4_w10,W_alloc_agx_s,50,1.1923444525,0.888839384,2.350946969
causal,ACBBA,medium,bounded_b4_w10,W_alloc_rp2040_s,50,1.1923475,0.888839,2.350937
causal,ACBBA,medium,bounded_b4_w10,allocator_call_count,50,966.5,811.0,1196.0
causal,ACBBA,medium,bounded_b4_w10,allocation_epoch_count,50,14.0,12.0,17.0
causal,ACBBA,medium,bounded_b4_w10,messages_sent_total,50,3056.5,2297.0,4573.0
causal,ACBBA,medium,bounded_b4_w10,messages_delivered_total,50,9177.5,6902.0,13701.0
causal,ACBBA,medium,bounded_b4_w10,logical_message_payload_bytes_sent_total,50,369951.5,231864.0,839045.0
causal,ACBBA,medium,bounded_b4_w10,movement_time_s,50,589.6151801749315,484.9870997721503,704.8102706970446
causal,ACBBA,medium,bounded_b4_w10,completed_task_count,0,,,
causal,ACBBA,medium,bounded_b4_w10,mean_release_to_completion_latency_s,50,30.700012371566096,22.421145112487565,40.40257276758373
causal,ACBBA,medium,bounded_b4_w10,median_release_to_completion_latency_s,50,25.648236356588825,19.25882140991721,37.11554564190135
causal,ACBBA,medium,bounded_b4_w10,p95_release_to_completion_latency_s,50,66.5730781437873,47.11588689595011,110.74342990820222
causal,ACBBA,medium,bounded_b4_w10,mean_release_to_first_current_goal_latency_s,50,11.159913301807798,7.67672434503817,19.351374081163748
causal,ACBBA,medium,bounded_b4_w10,p95_release_to_first_current_goal_latency_s,50,32.09787021109109,17.937290052086517,82.99853232402907
causal,ACBBA,medium,count_b2,mission_elapsed_time_s,50,189.25683364046088,134.45887797074886,251.7865046945932
causal,ACBBA,medium,count_b2,simulated_execution_time_s,50,189.25683364046088,134.45887797074886,251.7865046945932
causal,ACBBA,medium,count_b2,W_alloc_agx_s,50,1.213859909,0.786555675,2.691513048
causal,ACBBA,medium,count_b2,W_alloc_rp2040_s,50,1.2138695,0.786565,2.691506
causal,ACBBA,medium,count_b2,allocator_call_count,50,988.5,700.0,1358.0
causal,ACBBA,medium,count_b2,allocation_epoch_count,50,22.0,22.0,22.0
causal,ACBBA,medium,count_b2,messages_sent_total,50,3037.5,2217.0,5103.0
causal,ACBBA,medium,count_b2,messages_delivered_total,50,9128.5,6667.0,15325.0
causal,ACBBA,medium,count_b2,logical_message_payload_bytes_sent_total,50,389048.5,216510.0,942015.0
causal,ACBBA,medium,count_b2,movement_time_s,50,600.8205149770016,482.2242771470768,723.0584160958183
causal,ACBBA,medium,count_b2,completed_task_count,0,,,
causal,ACBBA,medium,count_b2,mean_release_to_completion_latency_s,50,28.415148434923967,19.66072200897406,43.617393798975456
causal,ACBBA,medium,count_b2,median_release_to_completion_latency_s,50,22.13868519728984,15.426354422110112,34.429938535570344
causal,ACBBA,medium,count_b2,p95_release_to_completion_latency_s,50,74.71247966378357,43.817375882530996,119.1864504937187
causal,ACBBA,medium,count_b2,mean_release_to_first_current_goal_latency_s,50,9.36894476860347,4.992315895627536,13.171856182970012
causal,ACBBA,medium,count_b2,p95_release_to_first_current_goal_latency_s,50,36.679339045462534,16.665265702143287,57.9245944782047
causal,ACBBA,medium,count_b4,mission_elapsed_time_s,50,209.16273418211884,149.18421071475504,280.45099575226254
causal,ACBBA,medium,count_b4,simulated_execution_time_s,50,209.16273418211884,149.18421071475504,280.45099575226254
causal,ACBBA,medium,count_b4,W_alloc_agx_s,50,1.2817092315,0.88648618,2.201179096
causal,ACBBA,medium,count_b4,W_alloc_rp2040_s,50,1.281707,0.886471,2.201175
causal,ACBBA,medium,count_b4,allocator_call_count,50,1069.5,791.0,1454.0
causal,ACBBA,medium,count_b4,allocation_epoch_count,50,12.0,12.0,12.0
causal,ACBBA,medium,count_b4,messages_sent_total,50,3042.5,2255.0,4219.0
causal,ACBBA,medium,count_b4,messages_delivered_total,50,9133.5,6771.0,12663.0
causal,ACBBA,medium,count_b4,logical_message_payload_bytes_sent_total,50,382521.0,231269.0,703386.0
causal,ACBBA,medium,count_b4,movement_time_s,50,604.3036246439068,490.65938663105226,691.0021456627832
causal,ACBBA,medium,count_b4,completed_task_count,0,,,
causal,ACBBA,medium,count_b4,mean_release_to_completion_latency_s,50,33.487678804091956,26.211217884727418,42.44282684682044
causal,ACBBA,medium,count_b4,median_release_to_completion_latency_s,50,26.693553402993842,21.396701134930616,34.88982978254216
causal,ACBBA,medium,count_b4,p95_release_to_completion_latency_s,50,78.00939688061885,55.316941032136505,112.03511064287514
causal,ACBBA,medium,count_b4,mean_release_to_first_current_goal_latency_s,50,13.633255920802224,9.726745248473438,20.664093339445532
causal,ACBBA,medium,count_b4,p95_release_to_first_current_goal_latency_s,50,45.19147727653687,23.287714263327732,79.3919566613258
causal,ACBBA,medium,count_b8,mission_elapsed_time_s,48,214.07468535733705,169.238202223081,277.9659034069232
causal,ACBBA,medium,count_b8,simulated_execution_time_s,50,212.9555321589475,79.8005184663694,277.9659034069232
causal,ACBBA,medium,count_b8,W_alloc_agx_s,50,1.37275875,0.953318099,3.673065312
causal,ACBBA,medium,count_b8,W_alloc_rp2040_s,50,1.3727645,0.95331,3.673053
causal,ACBBA,medium,count_b8,allocator_call_count,50,1081.5,511.0,1536.0
causal,ACBBA,medium,count_b8,allocation_epoch_count,50,7.0,4.0,7.0
causal,ACBBA,medium,count_b8,messages_sent_total,50,3161.5,2211.0,5734.0
causal,ACBBA,medium,count_b8,messages_delivered_total,50,9414.0,6634.0,17203.0
causal,ACBBA,medium,count_b8,logical_message_payload_bytes_sent_total,50,436858.5,266685.0,1170319.0
causal,ACBBA,medium,count_b8,movement_time_s,50,584.7321324703114,192.56011341334215,687.3044148486842
causal,ACBBA,medium,count_b8,completed_task_count,0,,,
causal,ACBBA,medium,count_b8,mean_release_to_completion_latency_s,50,37.69268737557689,23.763712854057268,61.790221956685905
causal,ACBBA,medium,count_b8,median_release_to_completion_latency_s,50,33.38812017797282,19.77859164772294,46.74935426998431
causal,ACBBA,medium,count_b8,p95_release_to_completion_latency_s,50,80.53846220045473,54.49066219071742,155.07563273652408
causal,ACBBA,medium,count_b8,mean_release_to_first_current_goal_latency_s,50,19.19810554274845,14.850713773251673,25.084328810467355
causal,ACBBA,medium,count_b8,p95_release_to_first_current_goal_latency_s,50,51.456673235854396,32.988915820541116,107.8107920140327
causal,ACBBA,medium,eager_b1,mission_elapsed_time_s,50,186.0895414763437,141.76816888456173,262.27743250706004
causal,ACBBA,medium,eager_b1,simulated_execution_time_s,50,186.0895414763437,141.76816888456173,262.27743250706004
causal,ACBBA,medium,eager_b1,W_alloc_agx_s,50,1.322835452,0.870496109,4.123497187
causal,ACBBA,medium,eager_b1,W_alloc_rp2040_s,50,1.3228465,0.870487,4.123509
causal,ACBBA,medium,eager_b1,allocator_call_count,50,993.0,741.0,1318.0
causal,ACBBA,medium,eager_b1,allocation_epoch_count,50,43.0,43.0,43.0
causal,ACBBA,medium,eager_b1,messages_sent_total,50,3249.0,2427.0,6370.0
causal,ACBBA,medium,eager_b1,messages_delivered_total,50,9784.0,7318.0,19145.0
causal,ACBBA,medium,eager_b1,logical_message_payload_bytes_sent_total,50,420599.5,255741.0,1401742.0
causal,ACBBA,medium,eager_b1,movement_time_s,50,601.5472029908585,476.7798076361171,695.5894922311156
causal,ACBBA,medium,eager_b1,completed_task_count,0,,,
causal,ACBBA,medium,eager_b1,mean_release_to_completion_latency_s,50,27.535511468466698,17.958664285825073,40.37115441134647
causal,ACBBA,medium,eager_b1,median_release_to_completion_latency_s,50,21.460940160025057,15.140250365515515,30.10278559441136
causal,ACBBA,medium,eager_b1,p95_release_to_completion_latency_s,50,70.78532227759811,39.53550231316049,131.1063782931434
causal,ACBBA,medium,eager_b1,mean_release_to_first_current_goal_latency_s,50,8.13365686135566,3.476797827941844,15.640010950649064
causal,ACBBA,medium,eager_b1,p95_release_to_first_current_goal_latency_s,50,33.52334040787599,15.480596809649443,94.4433921240782
causal,CBAA,high,bounded_b4_w10,mission_elapsed_time_s,50,124.1722847744197,93.97889143135016,165.6472284295673
causal,CBAA,high,bounded_b4_w10,simulated_execution_time_s,50,124.1722847744197,93.97889143135016,165.6472284295673
causal,CBAA,high,bounded_b4_w10,W_alloc_agx_s,50,0.1347247235,0.103551007,0.20761948
causal,CBAA,high,bounded_b4_w10,W_alloc_rp2040_s,50,0.1347275,0.103543,0.207633
causal,CBAA,high,bounded_b4_w10,allocator_call_count,50,418.0,311.0,590.0
causal,CBAA,high,bounded_b4_w10,allocation_epoch_count,50,12.0,12.0,13.0
causal,CBAA,high,bounded_b4_w10,messages_sent_total,50,1078.5,910.0,1254.0
causal,CBAA,high,bounded_b4_w10,messages_delivered_total,50,3241.5,2736.0,3768.0
causal,CBAA,high,bounded_b4_w10,logical_message_payload_bytes_sent_total,50,57934.5,49790.0,66185.0
causal,CBAA,high,bounded_b4_w10,movement_time_s,50,436.0348640949883,337.13364649301644,526.0538824621851
causal,CBAA,high,bounded_b4_w10,completed_task_count,0,,,
causal,CBAA,high,bounded_b4_w10,mean_release_to_completion_latency_s,50,29.71952616068822,22.100632632613088,36.84145471492596
causal,CBAA,high,bounded_b4_w10,median_release_to_completion_latency_s,50,24.2064427107631,15.839982927474374,32.001532216647064
causal,CBAA,high,bounded_b4_w10,p95_release_to_completion_latency_s,50,70.01337842351366,51.16586632875731,105.25599340615862
causal,CBAA,high,bounded_b4_w10,mean_release_to_first_current_goal_latency_s,50,20.987650978656056,13.597215054850226,27.26763381424493
causal,CBAA,high,bounded_b4_w10,p95_release_to_first_current_goal_latency_s,50,59.87136020778665,38.89558231042942,92.15654799117476
causal,CBAA,high,count_b2,mission_elapsed_time_s,50,121.48142231372495,96.92305298858787,155.59658425906753
causal,CBAA,high,count_b2,simulated_execution_time_s,50,121.48142231372495,96.92305298858787,155.59658425906753
causal,CBAA,high,count_b2,W_alloc_agx_s,50,0.1319023145,0.103418571,0.20280532
causal,CBAA,high,count_b2,W_alloc_rp2040_s,50,0.13190249999999998,0.10342,0.202808
causal,CBAA,high,count_b2,allocator_call_count,50,407.5,321.0,537.0
causal,CBAA,high,count_b2,allocation_epoch_count,50,22.0,22.0,22.0
causal,CBAA,high,count_b2,messages_sent_total,50,1052.5,933.0,1226.0
causal,CBAA,high,count_b2,messages_delivered_total,50,3173.5,2815.0,3694.0
causal,CBAA,high,count_b2,logical_message_payload_bytes_sent_total,50,59026.5,53131.0,66052.0
causal,CBAA,high,count_b2,movement_time_s,50,421.77967743343345,338.7598960502287,496.729782820407
causal,CBAA,high,count_b2,completed_task_count,0,,,
causal,CBAA,high,count_b2,mean_release_to_completion_latency_s,50,27.738942126854997,22.293649759850407,35.40329768005402
causal,CBAA,high,count_b2,median_release_to_completion_latency_s,50,22.433516143211847,17.447152691728835,29.450679639793556
causal,CBAA,high,count_b2,p95_release_to_completion_latency_s,50,65.65357636788349,44.88023395437203,106.0915211912726
causal,CBAA,high,count_b2,mean_release_to_first_current_goal_latency_s,50,19.710642345091763,14.413341850242496,28.234659313328518
causal,CBAA,high,count_b2,p95_release_to_first_current_goal_latency_s,50,55.73429863835331,34.34360619233787,98.32948165718608
causal,CBAA,high,count_b4,mission_elapsed_time_s,50,140.73230867120532,112.36229646715788,173.92293032283
causal,CBAA,high,count_b4,simulated_execution_time_s,50,140.73230867120532,112.36229646715788,173.92293032283
causal,CBAA,high,count_b4,W_alloc_agx_s,50,0.16127208799999998,0.117272599,0.272022161
causal,CBAA,high,count_b4,W_alloc_rp2040_s,50,0.16127350000000001,0.117275,0.272024
causal,CBAA,high,count_b4,allocator_call_count,50,477.5,375.0,761.0
causal,CBAA,high,count_b4,allocation_epoch_count,50,12.0,12.0,12.0
causal,CBAA,high,count_b4,messages_sent_total,50,1103.0,930.0,1424.0
causal,CBAA,high,count_b4,messages_delivered_total,50,3315.0,2796.0,4278.0
causal,CBAA,high,count_b4,logical_message_payload_bytes_sent_total,50,59066.5,51897.0,74736.0
causal,CBAA,high,count_b4,movement_time_s,50,459.26959613421224,360.81616268972925,580.3488254555893
causal,CBAA,high,count_b4,completed_task_count,0,,,
causal,CBAA,high,count_b4,mean_release_to_completion_latency_s,50,31.541094753147206,24.04755874637073,37.739226926510554
causal,CBAA,high,count_b4,median_release_to_completion_latency_s,50,25.232032847008504,20.110172310357882,33.40036963391467
causal,CBAA,high,count_b4,p95_release_to_completion_latency_s,50,72.3831556888884,50.037342842041156,98.3071844221221
causal,CBAA,high,count_b4,mean_release_to_first_current_goal_latency_s,50,22.80748953493007,15.881466280236149,28.818378117298252
causal,CBAA,high,count_b4,p95_release_to_first_current_goal_latency_s,50,60.52384693826499,40.45692846490543,84.61688577210111
causal,CBAA,high,count_b8,mission_elapsed_time_s,50,140.24152742613933,112.63661620908478,198.99151032725266
causal,CBAA,high,count_b8,simulated_execution_time_s,50,140.24152742613933,112.63661620908478,198.99151032725266
causal,CBAA,high,count_b8,W_alloc_agx_s,50,0.168101627,0.128260329,0.275104922
causal,CBAA,high,count_b8,W_alloc_rp2040_s,50,0.16810750000000002,0.128253,0.275101
causal,CBAA,high,count_b8,allocator_call_count,50,483.5,411.0,720.0
causal,CBAA,high,count_b8,allocation_epoch_count,50,7.0,7.0,7.0
causal,CBAA,high,count_b8,messages_sent_total,50,1107.0,991.0,1498.0
causal,CBAA,high,count_b8,messages_delivered_total,50,3322.0,2974.0,4495.0
causal,CBAA,high,count_b8,logical_message_payload_bytes_sent_total,50,57784.0,52980.0,75354.0
causal,CBAA,high,count_b8,movement_time_s,50,455.07793869956595,375.1386806627037,636.4650818531887
causal,CBAA,high,count_b8,completed_task_count,0,,,
causal,CBAA,high,count_b8,mean_release_to_completion_latency_s,50,32.73531522977765,27.670657977982728,45.59870314593173
causal,CBAA,high,count_b8,median_release_to_completion_latency_s,50,27.752813812979632,23.409843635045192,39.58906112383896
causal,CBAA,high,count_b8,p95_release_to_completion_latency_s,50,70.58263116702742,55.36037751537385,102.71849102296108
causal,CBAA,high,count_b8,mean_release_to_first_current_goal_latency_s,50,24.14441330205264,18.925934350686276,35.43182069562501
causal,CBAA,high,count_b8,p95_release_to_first_current_goal_latency_s,50,58.91302034323742,45.11868053855751,90.26295518796108
causal,CBAA,high,eager_b1,mission_elapsed_time_s,50,116.77019025514011,93.3112678432751,148.88710154023707
causal,CBAA,high,eager_b1,simulated_execution_time_s,50,116.77019025514011,93.3112678432751,148.88710154023707
causal,CBAA,high,eager_b1,W_alloc_agx_s,50,0.13867796799999998,0.106993194,0.203791653
causal,CBAA,high,eager_b1,W_alloc_rp2040_s,50,0.138678,0.106991,0.203791
causal,CBAA,high,eager_b1,allocator_call_count,50,459.5,362.0,589.0
causal,CBAA,high,eager_b1,allocation_epoch_count,50,43.0,43.0,43.0
causal,CBAA,high,eager_b1,messages_sent_total,50,1073.5,954.0,1263.0
causal,CBAA,high,eager_b1,messages_delivered_total,50,3257.5,2899.0,3814.0
causal,CBAA,high,eager_b1,logical_message_payload_bytes_sent_total,50,62413.0,56730.0,71572.0
causal,CBAA,high,eager_b1,movement_time_s,50,418.10294181957136,337.55607397485534,496.95377072008296
causal,CBAA,high,eager_b1,completed_task_count,0,,,
causal,CBAA,high,eager_b1,mean_release_to_completion_latency_s,50,27.022974231899475,20.567568354249115,33.18679120093443
causal,CBAA,high,eager_b1,median_release_to_completion_latency_s,50,22.067730995854152,15.087695510570796,28.663286406475727
causal,CBAA,high,eager_b1,p95_release_to_completion_latency_s,50,63.29476385904252,47.86935255210889,96.10912401571936
causal,CBAA,high,eager_b1,mean_release_to_first_current_goal_latency_s,50,18.935154573558258,12.745378929057635,26.600941392716088
causal,CBAA,high,eager_b1,p95_release_to_first_current_goal_latency_s,50,54.04290970144376,34.17520135541304,85.26588171690365
causal,CBAA,low,bounded_b4_w10,mission_elapsed_time_s,50,597.149270683733,331.09670954005287,723.2707158154246
causal,CBAA,low,bounded_b4_w10,simulated_execution_time_s,50,597.149270683733,331.09670954005287,723.2707158154246
causal,CBAA,low,bounded_b4_w10,W_alloc_agx_s,50,0.5443104169999999,0.362640806,0.713856044
causal,CBAA,low,bounded_b4_w10,W_alloc_rp2040_s,50,0.5443065,0.362653,0.713891
causal,CBAA,low,bounded_b4_w10,allocator_call_count,50,1552.0,1071.0,1952.0
causal,CBAA,low,bounded_b4_w10,allocation_epoch_count,50,25.5,19.0,30.0
causal,CBAA,low,bounded_b4_w10,messages_sent_total,50,1801.0,1527.0,2176.0
causal,CBAA,low,bounded_b4_w10,messages_delivered_total,50,5423.0,4594.0,6549.0
causal,CBAA,low,bounded_b4_w10,logical_message_payload_bytes_sent_total,50,87977.5,75088.0,107126.0
causal,CBAA,low,bounded_b4_w10,movement_time_s,50,758.1761501791788,643.151452583926,935.6234883048486
causal,CBAA,low,bounded_b4_w10,completed_task_count,0,,,
causal,CBAA,low,bounded_b4_w10,mean_release_to_completion_latency_s,50,20.780217496984534,18.512808869287035,24.881613344109518
causal,CBAA,low,bounded_b4_w10,median_release_to_completion_latency_s,50,20.178116014350373,16.74657641044422,24.825009926126242
causal,CBAA,low,bounded_b4_w10,p95_release_to_completion_latency_s,50,36.67762543635628,31.311815944162994,49.36293735459009
causal,CBAA,low,bounded_b4_w10,mean_release_to_first_current_goal_latency_s,50,8.130071971700836,6.361374375239295,10.11502964447119
causal,CBAA,low,bounded_b4_w10,p95_release_to_first_current_goal_latency_s,50,15.007635802105586,10.040469999999914,28.525369564917188
causal,CBAA,low,count_b2,mission_elapsed_time_s,50,585.6921736794474,321.84913737017933,732.6192974935833
causal,CBAA,low,count_b2,simulated_execution_time_s,50,585.6921736794474,321.84913737017933,732.6192974935833
causal,CBAA,low,count_b2,W_alloc_agx_s,50,0.5094414469999999,0.421312593,0.636127782
causal,CBAA,low,count_b2,W_alloc_rp2040_s,50,0.509446,0.42132,0.636135
causal,CBAA,low,count_b2,allocator_call_count,50,1459.0,1231.0,1827.0
causal,CBAA,low,count_b2,allocation_epoch_count,50,22.0,22.0,22.0
causal,CBAA,low,count_b2,messages_sent_total,50,1789.5,1519.0,2040.0
causal,CBAA,low,count_b2,messages_delivered_total,50,5384.5,4573.0,6136.0
causal,CBAA,low,count_b2,logical_message_payload_bytes_sent_total,50,86944.5,75292.0,99029.0
causal,CBAA,low,count_b2,movement_time_s,50,748.6966982278593,625.4877698618384,849.8354911377228
causal,CBAA,low,count_b2,completed_task_count,0,,,
causal,CBAA,low,count_b2,mean_release_to_completion_latency_s,50,20.64735893378099,16.652545810187295,23.72378118809099
causal,CBAA,low,count_b2,median_release_to_completion_latency_s,50,17.348257029763737,13.721584281169982,23.14823867848675
causal,CBAA,low,count_b2,p95_release_to_completion_latency_s,50,44.18706021683988,34.053862794403926,62.7714947762957
causal,CBAA,low,count_b2,mean_release_to_first_current_goal_latency_s,50,7.280217281938375,4.936705001473009,9.589466966927628
causal,CBAA,low,count_b2,p95_release_to_first_current_goal_latency_s,50,30.299900596500017,15.599068746314103,52.09188036400002
causal,CBAA,low,count_b4,mission_elapsed_time_s,50,596.6360959894091,350.7165373460411,729.1108268827066
causal,CBAA,low,count_b4,simulated_execution_time_s,50,596.6360959894091,350.7165373460411,729.1108268827066
causal,CBAA,low,count_b4,W_alloc_agx_s,50,0.405391568,0.32595494,0.496144072
causal,CBAA,low,count_b4,W_alloc_rp2040_s,50,0.405396,0.325954,0.496149
causal,CBAA,low,count_b4,allocator_call_count,50,1219.5,992.0,1434.0
causal,CBAA,low,count_b4,allocation_epoch_count,50,12.0,12.0,12.0
causal,CBAA,low,count_b4,messages_sent_total,50,1704.0,1503.0,2029.0
causal,CBAA,low,count_b4,messages_delivered_total,50,5118.0,4515.0,6093.0
causal,CBAA,low,count_b4,logical_message_payload_bytes_sent_total,50,82519.0,73852.0,94327.0
causal,CBAA,low,count_b4,movement_time_s,50,729.1575379719734,630.20355947643,947.6611606060317
causal,CBAA,low,count_b4,completed_task_count,0,,,
causal,CBAA,low,count_b4,mean_release_to_completion_latency_s,50,32.068880273093704,27.10556044377878,39.841364727096234
causal,CBAA,low,count_b4,median_release_to_completion_latency_s,50,27.181338135224586,22.066684199715283,32.82295110242421
causal,CBAA,low,count_b4,p95_release_to_completion_latency_s,50,73.7448689667958,57.93563433519489,114.01345185983588
causal,CBAA,low,count_b4,mean_release_to_first_current_goal_latency_s,50,18.72301111076588,14.109076859113273,25.433123258592783
causal,CBAA,low,count_b4,p95_release_to_first_current_goal_latency_s,50,60.65302401699999,39.27957021299997,98.40240002216113
causal,CBAA,low,count_b8,mission_elapsed_time_s,50,604.1000840042025,336.6075632564378,745.6783689813816
causal,CBAA,low,count_b8,simulated_execution_time_s,50,604.1000840042025,336.6075632564378,745.6783689813816
causal,CBAA,low,count_b8,W_alloc_agx_s,50,0.3101972365,0.255169989,0.441188203
causal,CBAA,low,count_b8,W_alloc_rp2040_s,50,0.3101895,0.255181,0.441197
causal,CBAA,low,count_b8,allocator_call_count,50,933.5,787.0,1240.0
causal,CBAA,low,count_b8,allocation_epoch_count,50,7.0,7.0,7.0
causal,CBAA,low,count_b8,messages_sent_total,50,1558.0,1316.0,1954.0
causal,CBAA,low,count_b8,messages_delivered_total,50,4675.0,3949.0,5851.0
causal,CBAA,low,count_b8,logical_message_payload_bytes_sent_total,50,76459.5,66494.0,96031.0
causal,CBAA,low,count_b8,movement_time_s,50,675.655504444637,548.2662106867449,857.3207522086407
causal,CBAA,low,count_b8,completed_task_count,0,,,
causal,CBAA,low,count_b8,mean_release_to_completion_latency_s,50,56.4102284449626,35.22855134592525,74.37623773052675
causal,CBAA,low,count_b8,median_release_to_completion_latency_s,50,44.465671012898376,28.612841505712325,59.332548408991386
causal,CBAA,low,count_b8,p95_release_to_completion_latency_s,50,133.25169651735138,86.70189845287655,253.30763735664738
causal,CBAA,low,count_b8,mean_release_to_first_current_goal_latency_s,50,43.116423992063204,24.511905022472863,60.161702841107854
causal,CBAA,low,count_b8,p95_release_to_first_current_goal_latency_s,50,119.37470279091005,73.55505482387555,243.10106886631144
causal,CBAA,low,eager_b1,mission_elapsed_time_s,50,578.8126021523854,318.71590002206835,729.4336698605737
causal,CBAA,low,eager_b1,simulated_execution_time_s,50,578.8126021523854,318.71590002206835,729.4336698605737
causal,CBAA,low,eager_b1,W_alloc_agx_s,50,0.5722339135,0.417492794,0.718741131
causal,CBAA,low,eager_b1,W_alloc_rp2040_s,50,0.5722309999999999,0.417477,0.718775
causal,CBAA,low,eager_b1,allocator_call_count,50,1598.0,1223.0,1959.0
causal,CBAA,low,eager_b1,allocation_epoch_count,50,43.0,43.0,43.0
causal,CBAA,low,eager_b1,messages_sent_total,50,1901.0,1670.0,2302.0
causal,CBAA,low,eager_b1,messages_delivered_total,50,5740.0,5047.0,6943.0
causal,CBAA,low,eager_b1,logical_message_payload_bytes_sent_total,50,94851.5,83088.0,110624.0
causal,CBAA,low,eager_b1,movement_time_s,50,788.1984961930104,699.5995395697911,974.0023624574173
causal,CBAA,low,eager_b1,completed_task_count,0,,,
causal,CBAA,low,eager_b1,mean_release_to_completion_latency_s,50,14.67279551162709,12.132477413225148,18.80883000939682
causal,CBAA,low,eager_b1,median_release_to_completion_latency_s,50,12.856001468864974,10.122571674622112,15.696660258340557
causal,CBAA,low,eager_b1,p95_release_to_completion_latency_s,50,31.80659328940574,25.90312956690434,49.12379089376247
causal,CBAA,low,eager_b1,mean_release_to_first_current_goal_latency_s,50,1.811861588767043,0.7990359169187751,4.162002158708216
causal,CBAA,low,eager_b1,p95_release_to_first_current_goal_latency_s,50,13.336869350018,4.883220846953896,30.306161552098803
causal,CBAA,medium,bounded_b4_w10,mission_elapsed_time_s,50,178.5745301108776,131.28186615020817,218.15517445299542
causal,CBAA,medium,bounded_b4_w10,simulated_execution_time_s,50,178.5745301108776,131.28186615020817,218.15517445299542
causal,CBAA,medium,bounded_b4_w10,W_alloc_agx_s,50,0.175100172,0.133273375,0.256557599
causal,CBAA,medium,bounded_b4_w10,W_alloc_rp2040_s,50,0.175098,0.133273,0.256548
causal,CBAA,medium,bounded_b4_w10,allocator_call_count,50,601.0,446.0,776.0
causal,CBAA,medium,bounded_b4_w10,allocation_epoch_count,50,14.0,12.0,17.0
causal,CBAA,medium,bounded_b4_w10,messages_sent_total,50,1346.5,1085.0,1583.0
causal,CBAA,medium,bounded_b4_w10,messages_delivered_total,50,4047.5,3261.0,4756.0
causal,CBAA,medium,bounded_b4_w10,logical_message_payload_bytes_sent_total,50,67863.5,58071.0,79109.0
causal,CBAA,medium,bounded_b4_w10,movement_time_s,50,596.9648392365226,449.32464802576385,733.4098151127351
causal,CBAA,medium,bounded_b4_w10,completed_task_count,0,,,
causal,CBAA,medium,bounded_b4_w10,mean_release_to_completion_latency_s,50,25.523434727433656,18.510058410998425,36.06286546489296
causal,CBAA,medium,bounded_b4_w10,median_release_to_completion_latency_s,50,23.514475870450383,18.30197048435666,31.15274709670608
causal,CBAA,medium,bounded_b4_w10,p95_release_to_completion_latency_s,50,53.14062614797672,34.39593436338212,83.22159848860738
causal,CBAA,medium,bounded_b4_w10,mean_release_to_first_current_goal_latency_s,50,13.16191391881471,7.608136670887411,25.190791815421257
causal,CBAA,medium,bounded_b4_w10,p95_release_to_first_current_goal_latency_s,50,35.25339487458615,17.834135422298147,73.62061595160739
causal,CBAA,medium,count_b2,mission_elapsed_time_s,50,175.3319831671714,113.61202565661945,215.47078425658756
causal,CBAA,medium,count_b2,simulated_execution_time_s,50,175.3319831671714,113.61202565661945,215.47078425658756
causal,CBAA,medium,count_b2,W_alloc_agx_s,50,0.173725552,0.118910609,0.302801207
causal,CBAA,medium,count_b2,W_alloc_rp2040_s,50,0.17372349999999998,0.118912,0.302784
causal,CBAA,medium,count_b2,allocator_call_count,50,597.0,368.0,850.0
causal,CBAA,medium,count_b2,allocation_epoch_count,50,22.0,22.0,22.0
causal,CBAA,medium,count_b2,messages_sent_total,50,1369.5,1023.0,1634.0
causal,CBAA,medium,count_b2,messages_delivered_total,50,4124.5,3085.0,4918.0
causal,CBAA,medium,count_b2,logical_message_payload_bytes_sent_total,50,68932.0,57473.0,78667.0
causal,CBAA,medium,count_b2,movement_time_s,50,614.7852684778088,402.4297081835097,756.9166545649014
causal,CBAA,medium,count_b2,completed_task_count,0,,,
causal,CBAA,medium,count_b2,mean_release_to_completion_latency_s,50,24.742719431183442,18.506593472855272,31.117831238341115
causal,CBAA,medium,count_b2,median_release_to_completion_latency_s,50,21.20938650003633,16.947243036514905,30.744469281232135
causal,CBAA,medium,count_b2,p95_release_to_completion_latency_s,50,52.84019564065764,33.0486456959413,76.43351532850855
causal,CBAA,medium,count_b2,mean_release_to_first_current_goal_latency_s,50,13.00654277730031,6.3003425971110305,20.286192198794915
causal,CBAA,medium,count_b2,p95_release_to_first_current_goal_latency_s,50,37.75005745636564,18.547919197831828,60.902517545527694
causal,CBAA,medium,count_b4,mission_elapsed_time_s,50,188.4050660010244,137.46307671050738,225.00926405575936
causal,CBAA,medium,count_b4,simulated_execution_time_s,50,188.4050660010244,137.46307671050738,225.00926405575936
causal,CBAA,medium,count_b4,W_alloc_agx_s,50,0.2015362955,0.129638683,0.293955933
causal,CBAA,medium,count_b4,W_alloc_rp2040_s,50,0.20153100000000002,0.12964,0.293965
causal,CBAA,medium,count_b4,allocator_call_count,50,648.0,456.0,786.0
causal,CBAA,medium,count_b4,allocation_epoch_count,50,12.0,12.0,12.0
causal,CBAA,medium,count_b4,messages_sent_total,50,1374.0,1100.0,1679.0
causal,CBAA,medium,count_b4,messages_delivered_total,50,4128.0,3306.0,5043.0
causal,CBAA,medium,count_b4,logical_message_payload_bytes_sent_total,50,68410.5,55337.0,84885.0
causal,CBAA,medium,count_b4,movement_time_s,50,610.8577313552895,459.2044795033015,713.3156965605
causal,CBAA,medium,count_b4,completed_task_count,0,,,
causal,CBAA,medium,count_b4,mean_release_to_completion_latency_s,50,27.002185640163162,21.350473066804923,36.57593039861099
causal,CBAA,medium,count_b4,median_release_to_completion_latency_s,50,24.74676104070245,17.830890031983415,30.959292709005958
causal,CBAA,medium,count_b4,p95_release_to_completion_latency_s,50,54.33632749535366,39.279461629333625,82.1244151842061
causal,CBAA,medium,count_b4,mean_release_to_first_current_goal_latency_s,50,15.451051137049388,9.670769763411103,26.553927482630414
causal,CBAA,medium,count_b4,p95_release_to_first_current_goal_latency_s,50,37.59894303635026,25.6381437638357,73.0069540006103
causal,CBAA,medium,count_b8,mission_elapsed_time_s,50,200.60331279486383,143.07655802359852,245.02182051111944
causal,CBAA,medium,count_b8,simulated_execution_time_s,50,200.60331279486383,143.07655802359852,245.02182051111944
causal,CBAA,medium,count_b8,W_alloc_agx_s,50,0.2151777655,0.155181584,0.366423579
causal,CBAA,medium,count_b8,W_alloc_rp2040_s,50,0.21517999999999998,0.15518,0.366418
causal,CBAA,medium,count_b8,allocator_call_count,50,684.0,491.0,992.0
causal,CBAA,medium,count_b8,allocation_epoch_count,50,7.0,7.0,7.0
causal,CBAA,medium,count_b8,messages_sent_total,50,1377.5,1207.0,1613.0
causal,CBAA,medium,count_b8,messages_delivered_total,50,4133.5,3622.0,4840.0
causal,CBAA,medium,count_b8,logical_message_payload_bytes_sent_total,50,67885.5,59797.0,81048.0
causal,CBAA,medium,count_b8,movement_time_s,50,609.6178500467742,510.5636855174074,706.9004055733699
causal,CBAA,medium,count_b8,completed_task_count,0,,,
causal,CBAA,medium,count_b8,mean_release_to_completion_latency_s,50,32.64479559750532,24.83741024909496,43.88063973508829
causal,CBAA,medium,count_b8,median_release_to_completion_latency_s,50,31.044234807039643,22.959276142896012,39.909006405181074
causal,CBAA,medium,count_b8,p95_release_to_completion_latency_s,50,63.0840438260207,48.15526149209814,97.43121244393762
causal,CBAA,medium,count_b8,mean_release_to_first_current_goal_latency_s,50,20.87001440354964,14.83640495638726,31.57490826747485
causal,CBAA,medium,count_b8,p95_release_to_first_current_goal_latency_s,50,46.21234762413388,31.784445245999997,87.07878969476224
causal,CBAA,medium,eager_b1,mission_elapsed_time_s,50,170.16808778293873,121.32833363770337,204.25676377930048
causal,CBAA,medium,eager_b1,simulated_execution_time_s,50,170.16808778293873,121.32833363770337,204.25676377930048
causal,CBAA,medium,eager_b1,W_alloc_agx_s,50,0.17671158250000002,0.132709275,0.274751574
causal,CBAA,medium,eager_b1,W_alloc_rp2040_s,50,0.1767085,0.132708,0.274744
causal,CBAA,medium,eager_b1,allocator_call_count,50,607.5,436.0,819.0
causal,CBAA,medium,eager_b1,allocation_epoch_count,50,43.0,43.0,43.0
causal,CBAA,medium,eager_b1,messages_sent_total,50,1362.0,1076.0,1569.0
causal,CBAA,medium,eager_b1,messages_delivered_total,50,4123.0,3265.0,4744.0
causal,CBAA,medium,eager_b1,logical_message_payload_bytes_sent_total,50,72260.0,62845.0,80696.0
causal,CBAA,medium,eager_b1,movement_time_s,50,599.1134290830081,415.15417261571304,696.8958156959173
causal,CBAA,medium,eager_b1,completed_task_count,0,,,
causal,CBAA,medium,eager_b1,mean_release_to_completion_latency_s,50,21.757976054930477,15.97842587268145,31.10086840621964
causal,CBAA,medium,eager_b1,median_release_to_completion_latency_s,50,18.731068382115158,14.838112425673884,29.44181681917457
causal,CBAA,medium,eager_b1,p95_release_to_completion_latency_s,50,47.217508091175404,33.72792870436252,78.55049986119953
causal,CBAA,medium,eager_b1,mean_release_to_first_current_goal_latency_s,50,9.844940908702366,3.666232457448561,19.676944922427722
causal,CBAA,medium,eager_b1,p95_release_to_first_current_goal_latency_s,50,33.93119141961206,14.904382651019198,69.54533029172642
causal,HIPC,high,bounded_b4_w10,mission_elapsed_time_s,50,133.6398364700023,107.70718418115412,202.61329049064042
causal,HIPC,high,bounded_b4_w10,simulated_execution_time_s,50,133.6398364700023,107.70718418115412,202.61329049064042
causal,HIPC,high,bounded_b4_w10,W_alloc_agx_s,50,1.202495029,0.655085592,4.609729152
causal,HIPC,high,bounded_b4_w10,W_alloc_rp2040_s,50,1.202489,0.655079,4.609714
causal,HIPC,high,bounded_b4_w10,allocator_call_count,50,773.5,525.0,1543.0
causal,HIPC,high,bounded_b4_w10,allocation_epoch_count,50,12.0,12.0,13.0
causal,HIPC,high,bounded_b4_w10,messages_sent_total,50,1013.0,822.0,1747.0
causal,HIPC,high,bounded_b4_w10,messages_delivered_total,50,3045.0,2472.0,5247.0
causal,HIPC,high,bounded_b4_w10,logical_message_payload_bytes_sent_total,50,134036.5,85287.0,429147.0
causal,HIPC,high,bounded_b4_w10,movement_time_s,50,342.844154432219,276.8529112606477,431.49680624426804
causal,HIPC,high,bounded_b4_w10,completed_task_count,0,,,
causal,HIPC,high,bounded_b4_w10,mean_release_to_completion_latency_s,50,31.835826382101008,24.35259989195819,62.729113791287766
causal,HIPC,high,bounded_b4_w10,median_release_to_completion_latency_s,50,24.102402867387255,16.49047207286642,44.016312562031736
causal,HIPC,high,bounded_b4_w10,p95_release_to_completion_latency_s,50,87.25802555020515,47.62338897688912,173.21166040165042
causal,HIPC,high,bounded_b4_w10,mean_release_to_first_current_goal_latency_s,50,21.65076542388546,15.615749200345753,47.116658988711485
causal,HIPC,high,bounded_b4_w10,p95_release_to_first_current_goal_latency_s,50,74.32539183673572,40.288827205201244,152.1799891946504
causal,HIPC,high,count_b2,mission_elapsed_time_s,50,135.32134627539864,109.22654974816031,188.2119876658094
causal,HIPC,high,count_b2,simulated_execution_time_s,50,135.32134627539864,109.22654974816031,188.2119876658094
causal,HIPC,high,count_b2,W_alloc_agx_s,50,1.421307925,0.664118237,6.494159854
causal,HIPC,high,count_b2,W_alloc_rp2040_s,50,1.421308,0.664112,6.494156
causal,HIPC,high,count_b2,allocator_call_count,50,909.0,623.0,2070.0
causal,HIPC,high,count_b2,allocation_epoch_count,50,22.0,22.0,22.0
causal,HIPC,high,count_b2,messages_sent_total,50,1099.0,873.0,2007.0
causal,HIPC,high,count_b2,messages_delivered_total,50,3313.0,2635.0,6037.0
causal,HIPC,high,count_b2,logical_message_payload_bytes_sent_total,50,174402.5,78197.0,495597.0
causal,HIPC,high,count_b2,movement_time_s,50,324.20748874893627,272.2522180495089,460.1147163797867
causal,HIPC,high,count_b2,completed_task_count,0,,,
causal,HIPC,high,count_b2,mean_release_to_completion_latency_s,50,32.64601514266333,24.182501731149667,52.48831479788079
causal,HIPC,high,count_b2,median_release_to_completion_latency_s,50,25.518216712672462,17.196024012313902,38.602741633473585
causal,HIPC,high,count_b2,p95_release_to_completion_latency_s,50,87.21285261560278,64.95541195483506,131.3151060720257
causal,HIPC,high,count_b2,mean_release_to_first_current_goal_latency_s,50,21.80351490084055,14.156494114954569,42.918390967860184
causal,HIPC,high,count_b2,p95_release_to_first_current_goal_latency_s,50,72.66080987086707,48.64872800451471,124.74462610392156
causal,HIPC,high,count_b4,mission_elapsed_time_s,50,155.47371578939328,121.24669848659643,227.02694460642988
causal,HIPC,high,count_b4,simulated_execution_time_s,50,155.47371578939328,121.24669848659643,227.02694460642988
causal,HIPC,high,count_b4,W_alloc_agx_s,50,1.2179116855,0.70708962,4.500489389
causal,HIPC,high,count_b4,W_alloc_rp2040_s,50,1.217914,0.707075,4.500496
causal,HIPC,high,count_b4,allocator_call_count,50,910.5,585.0,1505.0
causal,HIPC,high,count_b4,allocation_epoch_count,50,12.0,12.0,12.0
causal,HIPC,high,count_b4,messages_sent_total,50,1032.5,837.0,1738.0
causal,HIPC,high,count_b4,messages_delivered_total,50,3103.5,2511.0,5220.0
causal,HIPC,high,count_b4,logical_message_payload_bytes_sent_total,50,134116.0,86281.0,367074.0
causal,HIPC,high,count_b4,movement_time_s,50,356.08077402031125,292.9238854727106,479.1092657475207
causal,HIPC,high,count_b4,completed_task_count,0,,,
causal,HIPC,high,count_b4,mean_release_to_completion_latency_s,50,35.63742229632996,26.810608079500593,67.77297836618921
causal,HIPC,high,count_b4,median_release_to_completion_latency_s,50,26.671513095899474,17.023479588816667,44.04259876306204
causal,HIPC,high,count_b4,p95_release_to_completion_latency_s,50,97.630391043148,60.27060096301225,187.95929800751242
causal,HIPC,high,count_b4,mean_release_to_first_current_goal_latency_s,50,25.145888486838587,18.716343694547607,50.20538667018841
causal,HIPC,high,count_b4,p95_release_to_first_current_goal_latency_s,50,84.676869416027,48.46694011423567,166.9275428005124
causal,HIPC,high,count_b8,mission_elapsed_time_s,50,159.3499971761043,118.00368904481697,214.15212589706155
causal,HIPC,high,count_b8,simulated_execution_time_s,50,159.3499971761043,118.00368904481697,214.15212589706155
causal,HIPC,high,count_b8,W_alloc_agx_s,50,1.1189650505,0.589589547,2.707905253
causal,HIPC,high,count_b8,W_alloc_rp2040_s,50,1.118974,0.589587,2.707891
causal,HIPC,high,count_b8,allocator_call_count,50,903.5,584.0,1593.0
causal,HIPC,high,count_b8,allocation_epoch_count,50,7.0,7.0,7.0
causal,HIPC,high,count_b8,messages_sent_total,50,995.5,780.0,1399.0
causal,HIPC,high,count_b8,messages_delivered_total,50,2987.5,2341.0,4198.0
causal,HIPC,high,count_b8,logical_message_payload_bytes_sent_total,50,132607.5,69324.0,256438.0
causal,HIPC,high,count_b8,movement_time_s,50,349.1526723470429,290.5401429233255,549.0783693172076
causal,HIPC,high,count_b8,completed_task_count,0,,,
causal,HIPC,high,count_b8,mean_release_to_completion_latency_s,50,38.016158524986,26.634639855026425,65.46144280263765
causal,HIPC,high,count_b8,median_release_to_completion_latency_s,50,30.54593256621678,21.593937122848885,46.480455342646785
causal,HIPC,high,count_b8,p95_release_to_completion_latency_s,50,99.4918800337665,52.41968997876915,156.1646388203124
causal,HIPC,high,count_b8,mean_release_to_first_current_goal_latency_s,50,28.684718599042196,19.496605999232766,57.06183013512595
causal,HIPC,high,count_b8,p95_release_to_first_current_goal_latency_s,50,86.47003010947313,43.24918189056214,142.0128492226165
causal,HIPC,high,eager_b1,mission_elapsed_time_s,50,134.13863400189322,111.17107235297023,221.85762441856707
causal,HIPC,high,eager_b1,simulated_execution_time_s,50,134.13863400189322,111.17107235297023,221.85762441856707
causal,HIPC,high,eager_b1,W_alloc_agx_s,50,1.5363414885000002,0.668933455,4.247312236
causal,HIPC,high,eager_b1,W_alloc_rp2040_s,50,1.5363385,0.668937,4.247302
causal,HIPC,high,eager_b1,allocator_call_count,50,955.5,550.0,1702.0
causal,HIPC,high,eager_b1,allocation_epoch_count,50,43.0,43.0,43.0
causal,HIPC,high,eager_b1,messages_sent_total,50,1185.0,925.0,1691.0
causal,HIPC,high,eager_b1,messages_delivered_total,50,3592.0,2812.0,5110.0
causal,HIPC,high,eager_b1,logical_message_payload_bytes_sent_total,50,190785.5,86768.0,450141.0
causal,HIPC,high,eager_b1,movement_time_s,50,332.3339025994111,255.2905773776099,442.9956375907368
causal,HIPC,high,eager_b1,completed_task_count,0,,,
causal,HIPC,high,eager_b1,mean_release_to_completion_latency_s,50,30.829593128946414,23.82509917543015,55.084611669904895
causal,HIPC,high,eager_b1,median_release_to_completion_latency_s,50,23.598503364719836,16.12308158121497,44.86097198772745
causal,HIPC,high,eager_b1,p95_release_to_completion_latency_s,50,85.70668343866099,54.3908881186754,147.83243218030415
causal,HIPC,high,eager_b1,mean_release_to_first_current_goal_latency_s,50,21.043897298713105,14.152000820398218,42.97319530267426
causal,HIPC,high,eager_b1,p95_release_to_first_current_goal_latency_s,50,76.24479901436386,43.38341651286568,146.14170468567994
causal,HIPC,low,bounded_b4_w10,mission_elapsed_time_s,50,585.0151057700234,317.139730169846,734.5664214302433
causal,HIPC,low,bounded_b4_w10,simulated_execution_time_s,50,585.0151057700234,317.139730169846,734.5664214302433
causal,HIPC,low,bounded_b4_w10,W_alloc_agx_s,50,0.8003884765,0.67018294,1.152387238
causal,HIPC,low,bounded_b4_w10,W_alloc_rp2040_s,50,0.800392,0.670187,1.152381
causal,HIPC,low,bounded_b4_w10,allocator_call_count,50,1457.5,1227.0,1758.0
causal,HIPC,low,bounded_b4_w10,allocation_epoch_count,50,25.5,19.0,30.0
causal,HIPC,low,bounded_b4_w10,messages_sent_total,50,946.0,824.0,1082.0
causal,HIPC,low,bounded_b4_w10,messages_delivered_total,50,2860.0,2493.0,3267.0
causal,HIPC,low,bounded_b4_w10,logical_message_payload_bytes_sent_total,50,51075.0,40854.0,87542.0
causal,HIPC,low,bounded_b4_w10,movement_time_s,50,512.3476789530987,405.53816302578224,591.7002570588008
causal,HIPC,low,bounded_b4_w10,completed_task_count,0,,,
causal,HIPC,low,bounded_b4_w10,mean_release_to_completion_latency_s,50,22.673686247676017,18.66151116510619,29.663282763085796
causal,HIPC,low,bounded_b4_w10,median_release_to_completion_latency_s,50,20.21740972801593,16.346840839276112,25.941687174968337
causal,HIPC,low,bounded_b4_w10,p95_release_to_completion_latency_s,50,45.87341317563513,32.85640976763705,104.42681926840868
causal,HIPC,low,bounded_b4_w10,mean_release_to_first_current_goal_latency_s,50,11.340570409106643,7.858551929189892,17.12378810358979
causal,HIPC,low,bounded_b4_w10,p95_release_to_first_current_goal_latency_s,50,31.632869682289467,18.991758426303036,72.50235670873356
causal,HIPC,low,count_b2,mission_elapsed_time_s,50,582.8618428111697,339.259032714562,742.6008842682812
causal,HIPC,low,count_b2,simulated_execution_time_s,50,582.8618428111697,339.259032714562,742.6008842682812
causal,HIPC,low,count_b2,W_alloc_agx_s,50,0.8180495745,0.675206523,1.196828629
causal,HIPC,low,count_b2,W_alloc_rp2040_s,50,0.8180485,0.675206,1.196841
causal,HIPC,low,count_b2,allocator_call_count,50,1430.5,1241.0,1608.0
causal,HIPC,low,count_b2,allocation_epoch_count,50,22.0,22.0,22.0
causal,HIPC,low,count_b2,messages_sent_total,50,918.5,777.0,1035.0
causal,HIPC,low,count_b2,messages_delivered_total,50,2771.5,2347.0,3121.0
causal,HIPC,low,count_b2,logical_message_payload_bytes_sent_total,50,50806.5,38975.0,82550.0
causal,HIPC,low,count_b2,movement_time_s,50,501.79341232519556,418.7897632625795,575.8336140909711
causal,HIPC,low,count_b2,completed_task_count,0,,,
causal,HIPC,low,count_b2,mean_release_to_completion_latency_s,50,22.082991152637813,18.43895807842406,27.73471171135891
causal,HIPC,low,count_b2,median_release_to_completion_latency_s,50,17.344974521850215,12.61330747818133,24.443243521376502
causal,HIPC,low,count_b2,p95_release_to_completion_latency_s,50,55.014007443496325,38.63211238078878,89.83784055054714
causal,HIPC,low,count_b2,mean_release_to_first_current_goal_latency_s,50,10.849407019110462,6.805176717097562,16.06505357410229
causal,HIPC,low,count_b2,p95_release_to_first_current_goal_latency_s,50,41.10000485399999,27.142717758000003,66.97815468432334
causal,HIPC,low,count_b4,mission_elapsed_time_s,50,596.7299302680743,347.02633668002244,742.983135515081
causal,HIPC,low,count_b4,simulated_execution_time_s,50,596.7299302680743,347.02633668002244,742.983135515081
causal,HIPC,low,count_b4,W_alloc_agx_s,50,0.7774815559999999,0.632856861,1.056556634
causal,HIPC,low,count_b4,W_alloc_rp2040_s,50,0.77748,0.63285,1.056562
causal,HIPC,low,count_b4,allocator_call_count,50,1300.5,1103.0,1511.0
causal,HIPC,low,count_b4,allocation_epoch_count,50,12.0,12.0,12.0
causal,HIPC,low,count_b4,messages_sent_total,50,881.0,758.0,1050.0
causal,HIPC,low,count_b4,messages_delivered_total,50,2649.0,2280.0,3156.0
causal,HIPC,low,count_b4,logical_message_payload_bytes_sent_total,50,49651.5,38049.0,68625.0
causal,HIPC,low,count_b4,movement_time_s,50,477.14048982710995,401.8645839743748,540.3797976198312
causal,HIPC,low,count_b4,completed_task_count,0,,,
causal,HIPC,low,count_b4,mean_release_to_completion_latency_s,50,33.41785301120983,28.05127137054352,40.64901586690025
causal,HIPC,low,count_b4,median_release_to_completion_latency_s,50,27.469533174142494,21.35357110262858,35.19064765878207
causal,HIPC,low,count_b4,p95_release_to_completion_latency_s,50,79.3191834710237,55.7276185017939,127.42066751284251
causal,HIPC,low,count_b4,mean_release_to_first_current_goal_latency_s,50,22.646657785425752,17.927362167946704,30.04611344489367
causal,HIPC,low,count_b4,p95_release_to_first_current_goal_latency_s,50,67.70191442349999,50.274214906,112.01440453035387
causal,HIPC,low,count_b8,mission_elapsed_time_s,49,603.2203296225085,334.73475409961213,751.177284824497
causal,HIPC,low,count_b8,simulated_execution_time_s,50,604.2478933211121,334.73475409961213,2476013.7186105778
causal,HIPC,low,count_b8,W_alloc_agx_s,50,0.823330559,0.623709606,70.257414914
causal,HIPC,low,count_b8,W_alloc_rp2040_s,50,0.8233284999999999,0.623722,70.257425
causal,HIPC,low,count_b8,allocator_call_count,50,1183.5,922.0,83725.0
causal,HIPC,low,count_b8,allocation_epoch_count,50,7.0,6.0,7.0
causal,HIPC,low,count_b8,messages_sent_total,50,884.5,725.0,1163.0
causal,HIPC,low,count_b8,messages_delivered_total,50,2654.5,2176.0,3490.0
causal,HIPC,low,count_b8,logical_message_payload_bytes_sent_total,50,61188.0,40320.0,105783.0
causal,HIPC,low,count_b8,movement_time_s,50,437.848104553858,353.58068024786473,547.7501106113689
causal,HIPC,low,count_b8,completed_task_count,0,,,
causal,HIPC,low,count_b8,mean_release_to_completion_latency_s,50,58.59992477795633,40.91384784407922,71.26509873016803
causal,HIPC,low,count_b8,median_release_to_completion_latency_s,50,49.66095489575292,35.75584131167559,65.00600871581224
causal,HIPC,low,count_b8,p95_release_to_completion_latency_s,50,134.3131372630582,84.97490253553806,247.79910037256167
causal,HIPC,low,count_b8,mean_release_to_first_current_goal_latency_s,50,48.11424407464742,29.05812971663621,61.27041081165718
causal,HIPC,low,count_b8,p95_release_to_first_current_goal_latency_s,50,126.15578824649185,79.7981572777573,237.70236132999997
causal,HIPC,low,eager_b1,mission_elapsed_time_s,50,576.5412758209975,319.4675483046442,723.7860500944192
causal,HIPC,low,eager_b1,simulated_execution_time_s,50,576.5412758209975,319.4675483046442,723.7860500944192
causal,HIPC,low,eager_b1,W_alloc_agx_s,50,0.8645922825,0.730233221,1.138747929
causal,HIPC,low,eager_b1,W_alloc_rp2040_s,50,0.8645815,0.73021,1.138763
causal,HIPC,low,eager_b1,allocator_call_count,50,1539.5,1379.0,1773.0
causal,HIPC,low,eager_b1,allocation_epoch_count,50,43.0,43.0,43.0
causal,HIPC,low,eager_b1,messages_sent_total,50,961.0,835.0,1131.0
causal,HIPC,low,eager_b1,messages_delivered_total,50,2920.0,2542.0,3430.0
causal,HIPC,low,eager_b1,logical_message_payload_bytes_sent_total,50,55805.5,46141.0,90131.0
causal,HIPC,low,eager_b1,movement_time_s,50,507.5930121708561,408.75063644942634,593.1971634862725
causal,HIPC,low,eager_b1,completed_task_count,0,,,
causal,HIPC,low,eager_b1,mean_release_to_completion_latency_s,50,16.50529799788245,12.83679642138147,22.965367793595608
causal,HIPC,low,eager_b1,median_release_to_completion_latency_s,50,12.743330549932153,10.527383383712959,17.167522891572222
causal,HIPC,low,eager_b1,p95_release_to_completion_latency_s,50,44.916733177065794,27.934146374589126,76.7022687719101
causal,HIPC,low,eager_b1,mean_release_to_first_current_goal_latency_s,50,4.612265911578561,2.0979929372641304,10.35919484357668
causal,HIPC,low,eager_b1,p95_release_to_first_current_goal_latency_s,50,31.56272217923687,13.189131113392989,75.04320700107662
causal,HIPC,medium,bounded_b4_w10,mission_elapsed_time_s,50,181.71010866686976,126.12444568190729,245.2838528071044
causal,HIPC,medium,bounded_b4_w10,simulated_execution_time_s,50,181.71010866686976,126.12444568190729,245.2838528071044
causal,HIPC,medium,bounded_b4_w10,W_alloc_agx_s,50,0.8748188889999999,0.588677715,1.603798919
causal,HIPC,medium,bounded_b4_w10,W_alloc_rp2040_s,50,0.874819,0.588674,1.603808
causal,HIPC,medium,bounded_b4_w10,allocator_call_count,50,1012.5,611.0,1499.0
causal,HIPC,medium,bounded_b4_w10,allocation_epoch_count,50,14.0,12.0,17.0
causal,HIPC,medium,bounded_b4_w10,messages_sent_total,50,971.5,807.0,1183.0
causal,HIPC,medium,bounded_b4_w10,messages_delivered_total,50,2923.5,2429.0,3558.0
causal,HIPC,medium,bounded_b4_w10,logical_message_payload_bytes_sent_total,50,84231.0,55103.0,146469.0
causal,HIPC,medium,bounded_b4_w10,movement_time_s,50,416.6239084591152,340.9311021016672,535.2350059672164
causal,HIPC,medium,bounded_b4_w10,completed_task_count,0,,,
causal,HIPC,medium,bounded_b4_w10,mean_release_to_completion_latency_s,50,27.240781141024172,20.324292467694264,41.56496863796653
causal,HIPC,medium,bounded_b4_w10,median_release_to_completion_latency_s,50,22.02623042883517,16.608618124541604,32.106204621357655
causal,HIPC,medium,bounded_b4_w10,p95_release_to_completion_latency_s,50,68.1009062984773,44.05965886331037,129.83247659049516
causal,HIPC,medium,bounded_b4_w10,mean_release_to_first_current_goal_latency_s,50,15.770808947226863,10.07659472279181,25.82656993134949
causal,HIPC,medium,bounded_b4_w10,p95_release_to_first_current_goal_latency_s,50,55.36463524663003,24.01437874293805,121.02325819828687
causal,HIPC,medium,count_b2,mission_elapsed_time_s,50,185.09306172746568,136.63862011482948,263.84335669032316
causal,HIPC,medium,count_b2,simulated_execution_time_s,50,185.09306172746568,136.63862011482948,263.84335669032316
causal,HIPC,medium,count_b2,W_alloc_agx_s,50,0.907264963,0.625866237,1.955083306
causal,HIPC,medium,count_b2,W_alloc_rp2040_s,50,0.9072659999999999,0.625866,1.955083
causal,HIPC,medium,count_b2,allocator_call_count,50,988.0,745.0,1511.0
causal,HIPC,medium,count_b2,allocation_epoch_count,50,22.0,22.0,22.0
causal,HIPC,medium,count_b2,messages_sent_total,50,985.0,836.0,1167.0
causal,HIPC,medium,count_b2,messages_delivered_total,50,2971.0,2524.0,3517.0
causal,HIPC,medium,count_b2,logical_message_payload_bytes_sent_total,50,85145.5,57796.0,140479.0
causal,HIPC,medium,count_b2,movement_time_s,50,426.7888682148206,328.3956091986532,592.2454883165829
causal,HIPC,medium,count_b2,completed_task_count,0,,,
causal,HIPC,medium,count_b2,mean_release_to_completion_latency_s,50,25.415955391533466,18.093104055982153,37.06446847177065
causal,HIPC,medium,count_b2,median_release_to_completion_latency_s,50,18.988237522789166,13.818181167996329,25.9510023326631
causal,HIPC,medium,count_b2,p95_release_to_completion_latency_s,50,64.86449087155478,42.89877141821021,106.14481971344799
causal,HIPC,medium,count_b2,mean_release_to_first_current_goal_latency_s,50,12.791055127106448,7.829509423689697,25.251809911277707
causal,HIPC,medium,count_b2,p95_release_to_first_current_goal_latency_s,50,47.46114746178646,26.688758884091357,99.11793612161973
causal,HIPC,medium,count_b4,mission_elapsed_time_s,50,193.02259201643443,129.5825240053456,259.85735880456554
causal,HIPC,medium,count_b4,simulated_execution_time_s,50,193.02259201643443,129.5825240053456,259.85735880456554
causal,HIPC,medium,count_b4,W_alloc_agx_s,50,0.895617983,0.585124169,1.65987653
causal,HIPC,medium,count_b4,W_alloc_rp2040_s,50,0.895629,0.585125,1.659889
causal,HIPC,medium,count_b4,allocator_call_count,50,1033.5,674.0,1433.0
causal,HIPC,medium,count_b4,allocation_epoch_count,50,12.0,12.0,12.0
causal,HIPC,medium,count_b4,messages_sent_total,50,954.5,773.0,1460.0
causal,HIPC,medium,count_b4,messages_delivered_total,50,2869.5,2325.0,4386.0
causal,HIPC,medium,count_b4,logical_message_payload_bytes_sent_total,50,81075.5,51406.0,196546.0
causal,HIPC,medium,count_b4,movement_time_s,50,418.018622701002,350.43388157766515,524.1672956367531
causal,HIPC,medium,count_b4,completed_task_count,0,,,
causal,HIPC,medium,count_b4,mean_release_to_completion_latency_s,50,29.274323014602594,20.446800958758953,38.56108612691693
causal,HIPC,medium,count_b4,median_release_to_completion_latency_s,50,23.164312369214876,16.387827510209746,32.33114922137837
causal,HIPC,medium,count_b4,p95_release_to_completion_latency_s,50,68.77791693216325,44.48596433847108,121.1040640094039
causal,HIPC,medium,count_b4,mean_release_to_first_current_goal_latency_s,50,18.21173005825427,10.147684440582497,29.13300317404395
causal,HIPC,medium,count_b4,p95_release_to_first_current_goal_latency_s,50,54.29779906103242,29.762521039570274,109.07492828049124
causal,HIPC,medium,count_b8,mission_elapsed_time_s,50,203.37094599641813,131.65858051576376,260.2789615207417
causal,HIPC,medium,count_b8,simulated_execution_time_s,50,203.37094599641813,131.65858051576376,260.2789615207417
causal,HIPC,medium,count_b8,W_alloc_agx_s,50,0.8713911715,0.594890177,1.834045578
causal,HIPC,medium,count_b8,W_alloc_rp2040_s,50,0.8713895,0.594888,1.834048
causal,HIPC,medium,count_b8,allocator_call_count,50,1019.5,644.0,1234.0
causal,HIPC,medium,count_b8,allocation_epoch_count,50,7.0,7.0,7.0
causal,HIPC,medium,count_b8,messages_sent_total,50,942.0,758.0,1283.0
causal,HIPC,medium,count_b8,messages_delivered_total,50,2827.0,2275.0,3850.0
causal,HIPC,medium,count_b8,logical_message_payload_bytes_sent_total,50,83817.5,47859.0,145128.0
causal,HIPC,medium,count_b8,movement_time_s,50,413.64833098881167,310.8653383376366,594.6866438596135
causal,HIPC,medium,count_b8,completed_task_count,0,,,
causal,HIPC,medium,count_b8,mean_release_to_completion_latency_s,50,35.78979239332162,24.75459023973708,48.57303247264587
causal,HIPC,medium,count_b8,median_release_to_completion_latency_s,50,31.18999003624281,22.503197270544433,43.49069443104092
causal,HIPC,medium,count_b8,p95_release_to_completion_latency_s,50,78.20694146062971,47.57573005917921,118.65105771373858
causal,HIPC,medium,count_b8,mean_release_to_first_current_goal_latency_s,50,25.60410620855823,16.46614640181626,37.69824438376195
causal,HIPC,medium,count_b8,p95_release_to_first_current_goal_latency_s,50,62.636366895042336,40.0225271714292,115.0977359151304
causal,HIPC,medium,eager_b1,mission_elapsed_time_s,50,180.07413200268667,131.86948443712458,231.10431629794218
causal,HIPC,medium,eager_b1,simulated_execution_time_s,50,180.07413200268667,131.86948443712458,231.10431629794218
causal,HIPC,medium,eager_b1,W_alloc_agx_s,50,1.0262258659999999,0.68211214,2.602683986
causal,HIPC,medium,eager_b1,W_alloc_rp2040_s,50,1.0262265,0.682114,2.602682
causal,HIPC,medium,eager_b1,allocator_call_count,50,1111.0,769.0,1635.0
causal,HIPC,medium,eager_b1,allocation_epoch_count,50,43.0,43.0,43.0
causal,HIPC,medium,eager_b1,messages_sent_total,50,1027.0,842.0,1279.0
causal,HIPC,medium,eager_b1,messages_delivered_total,50,3118.0,2563.0,3874.0
causal,HIPC,medium,eager_b1,logical_message_payload_bytes_sent_total,50,100119.5,61475.0,194068.0
causal,HIPC,medium,eager_b1,movement_time_s,50,427.0233473983968,332.30421677198126,571.290973539157
causal,HIPC,medium,eager_b1,completed_task_count,0,,,
causal,HIPC,medium,eager_b1,mean_release_to_completion_latency_s,50,24.11044289729523,18.04753689341997,39.75749290186375
causal,HIPC,medium,eager_b1,median_release_to_completion_latency_s,50,17.479043011483363,12.955753147371247,31.825933118159657
causal,HIPC,medium,eager_b1,p95_release_to_completion_latency_s,50,68.29082185988948,40.797155958176994,131.89004512965195
causal,HIPC,medium,eager_b1,mean_release_to_first_current_goal_latency_s,50,11.990161184496252,6.4103043710170455,28.038174545990632
causal,HIPC,medium,eager_b1,p95_release_to_first_current_goal_latency_s,50,49.88996501003835,27.312273984052627,119.49994875781272
causal,PI,high,bounded_b4_w10,mission_elapsed_time_s,50,146.95276929872892,117.75613459702983,197.03325269393557
causal,PI,high,bounded_b4_w10,simulated_execution_time_s,50,146.95276929872892,117.75613459702983,197.03325269393557
causal,PI,high,bounded_b4_w10,W_alloc_agx_s,50,1.5981770805000002,0.876708399,2.563476802
causal,PI,high,bounded_b4_w10,W_alloc_rp2040_s,50,1.598177,0.87672,2.563469
causal,PI,high,bounded_b4_w10,allocator_call_count,50,945.0,573.0,1580.0
causal,PI,high,bounded_b4_w10,allocation_epoch_count,50,12.0,12.0,13.0
causal,PI,high,bounded_b4_w10,messages_sent_total,50,1689.5,1342.0,2320.0
causal,PI,high,bounded_b4_w10,messages_delivered_total,50,5075.0,4032.0,6966.0
causal,PI,high,bounded_b4_w10,logical_message_payload_bytes_sent_total,50,272404.5,176683.0,481210.0
causal,PI,high,bounded_b4_w10,movement_time_s,50,421.5371209936603,345.1815343521969,511.0897517566101
causal,PI,high,bounded_b4_w10,completed_task_count,0,,,
causal,PI,high,bounded_b4_w10,mean_release_to_completion_latency_s,50,41.94695187092519,28.405194710626404,60.56703678967954
causal,PI,high,bounded_b4_w10,median_release_to_completion_latency_s,50,33.59695952414667,19.853127773977967,47.93907712859911
causal,PI,high,bounded_b4_w10,p95_release_to_completion_latency_s,50,102.90697911765439,65.37242015550997,155.43661290770677
causal,PI,high,bounded_b4_w10,mean_release_to_first_current_goal_latency_s,50,25.368107762719703,16.728273070327823,40.127560624673414
causal,PI,high,bounded_b4_w10,p95_release_to_first_current_goal_latency_s,50,79.09626586233466,51.485998398,133.10995249045706
causal,PI,high,count_b2,mission_elapsed_time_s,50,149.1361796790934,113.27708689235833,223.09316991308373
causal,PI,high,count_b2,simulated_execution_time_s,50,149.1361796790934,113.27708689235833,223.09316991308373
causal,PI,high,count_b2,W_alloc_agx_s,50,1.5433625210000002,0.860216762,2.860066045
causal,PI,high,count_b2,W_alloc_rp2040_s,50,1.543366,0.860207,2.860043
causal,PI,high,count_b2,allocator_call_count,50,962.5,609.0,1729.0
causal,PI,high,count_b2,allocation_epoch_count,50,22.0,22.0,22.0
causal,PI,high,count_b2,messages_sent_total,50,1748.5,1378.0,2467.0
causal,PI,high,count_b2,messages_delivered_total,50,5261.5,4150.0,7417.0
causal,PI,high,count_b2,logical_message_payload_bytes_sent_total,50,286931.0,173470.0,558632.0
causal,PI,high,count_b2,movement_time_s,50,419.60948767929665,340.98979999392714,503.1580558493464
causal,PI,high,count_b2,completed_task_count,0,,,
causal,PI,high,count_b2,mean_release_to_completion_latency_s,50,39.83446683785908,29.01185095571672,60.23097011383097
causal,PI,high,count_b2,median_release_to_completion_latency_s,50,32.76307132963427,18.688489007235525,54.639407945261254
causal,PI,high,count_b2,p95_release_to_completion_latency_s,50,99.84520782160958,70.77318977518964,158.81011775830817
causal,PI,high,count_b2,mean_release_to_first_current_goal_latency_s,50,22.699585979973385,14.009725211923001,38.18697729942333
causal,PI,high,count_b2,p95_release_to_first_current_goal_latency_s,50,76.96662290023627,46.35383753779467,128.94993712358593
causal,PI,high,count_b4,mission_elapsed_time_s,50,171.3166357924535,132.10226048419358,243.19951553157495
causal,PI,high,count_b4,simulated_execution_time_s,50,171.3166357924535,132.10226048419358,243.19951553157495
causal,PI,high,count_b4,W_alloc_agx_s,50,1.676035693,1.063783304,2.919355443
causal,PI,high,count_b4,W_alloc_rp2040_s,50,1.6760380000000001,1.063784,2.919347
causal,PI,high,count_b4,allocator_call_count,50,1084.0,756.0,1478.0
causal,PI,high,count_b4,allocation_epoch_count,50,12.0,12.0,12.0
causal,PI,high,count_b4,messages_sent_total,50,1759.0,1383.0,2293.0
causal,PI,high,count_b4,messages_delivered_total,50,5283.0,4155.0,6885.0
causal,PI,high,count_b4,logical_message_payload_bytes_sent_total,50,287461.5,180694.0,494416.0
causal,PI,high,count_b4,movement_time_s,50,441.75837671186764,370.01568909046887,521.8719491384697
causal,PI,high,count_b4,completed_task_count,0,,,
causal,PI,high,count_b4,mean_release_to_completion_latency_s,50,44.41176507271922,34.979386877801815,68.44109924920882
causal,PI,high,count_b4,median_release_to_completion_latency_s,50,37.10596177166937,23.240737459888088,56.39787386453804
causal,PI,high,count_b4,p95_release_to_completion_latency_s,50,106.61071417045693,75.4238303409955,182.22061667357494
causal,PI,high,count_b4,mean_release_to_first_current_goal_latency_s,50,26.84994503036394,18.774028495260694,47.27714897377626
causal,PI,high,count_b4,p95_release_to_first_current_goal_latency_s,50,87.4847555692937,50.31741981981534,153.46431119338018
causal,PI,high,count_b8,mission_elapsed_time_s,50,175.1800640710867,116.26329103928546,234.12266876854204
causal,PI,high,count_b8,simulated_execution_time_s,50,175.1800640710867,116.26329103928546,234.12266876854204
causal,PI,high,count_b8,W_alloc_agx_s,50,1.8248960095,1.160154298,3.567417089
causal,PI,high,count_b8,W_alloc_rp2040_s,50,1.824904,1.160156,3.567408
causal,PI,high,count_b8,allocator_call_count,50,1093.0,730.0,1976.0
causal,PI,high,count_b8,allocation_epoch_count,50,7.0,7.0,7.0
causal,PI,high,count_b8,messages_sent_total,50,1756.5,1390.0,2644.0
causal,PI,high,count_b8,messages_delivered_total,50,5270.5,4171.0,7933.0
causal,PI,high,count_b8,logical_message_payload_bytes_sent_total,50,299524.5,197592.0,749875.0
causal,PI,high,count_b8,movement_time_s,50,436.38989852007074,323.5119895592598,512.7492416942321
causal,PI,high,count_b8,completed_task_count,0,,,
causal,PI,high,count_b8,mean_release_to_completion_latency_s,50,47.93382981353062,36.56755718702093,87.25831831221329
causal,PI,high,count_b8,median_release_to_completion_latency_s,50,42.133635085670726,28.260266243819064,82.87585002758016
causal,PI,high,count_b8,p95_release_to_completion_latency_s,50,111.17931934438381,76.37116905851161,187.43693558432102
causal,PI,high,count_b8,mean_release_to_first_current_goal_latency_s,50,32.22393563361355,20.27640525174286,58.45014846225869
causal,PI,high,count_b8,p95_release_to_first_current_goal_latency_s,50,91.46284725582773,59.827804760605126,178.5599331134576
causal,PI,high,eager_b1,mission_elapsed_time_s,50,148.03560112181188,106.27185650340152,243.22355729596669
causal,PI,high,eager_b1,simulated_execution_time_s,50,148.03560112181188,106.27185650340152,243.22355729596669
causal,PI,high,eager_b1,W_alloc_agx_s,50,1.6198744755,0.921382315,2.637253777
causal,PI,high,eager_b1,W_alloc_rp2040_s,50,1.6198709999999998,0.921385,2.637266
causal,PI,high,eager_b1,allocator_call_count,50,961.5,655.0,2020.0
causal,PI,high,eager_b1,allocation_epoch_count,50,43.0,43.0,43.0
causal,PI,high,eager_b1,messages_sent_total,50,1826.5,1410.0,2425.0
causal,PI,high,eager_b1,messages_delivered_total,50,5516.5,4267.0,7312.0
causal,PI,high,eager_b1,logical_message_payload_bytes_sent_total,50,307879.5,196621.0,601492.0
causal,PI,high,eager_b1,movement_time_s,50,421.5714282441579,354.56515608953765,481.9890630166034
causal,PI,high,eager_b1,completed_task_count,0,,,
causal,PI,high,eager_b1,mean_release_to_completion_latency_s,50,40.38166969113843,26.28484954637831,65.62790033887329
causal,PI,high,eager_b1,median_release_to_completion_latency_s,50,32.95585955411266,19.705921573717326,53.09398867295379
causal,PI,high,eager_b1,p95_release_to_completion_latency_s,50,101.62820993840847,57.27630879472415,199.49416666849476
causal,PI,high,eager_b1,mean_release_to_first_current_goal_latency_s,50,21.70082519865189,7.981417884149851,35.90584986318477
causal,PI,high,eager_b1,p95_release_to_first_current_goal_latency_s,50,77.34283401667746,29.308711308360532,191.85194522147066
causal,PI,low,bounded_b4_w10,mission_elapsed_time_s,50,595.4002158724986,346.76377280593266,723.2629852354243
causal,PI,low,bounded_b4_w10,simulated_execution_time_s,50,595.4002158724986,346.76377280593266,723.2629852354243
causal,PI,low,bounded_b4_w10,W_alloc_agx_s,50,0.975505667,0.812666762,1.169580306
causal,PI,low,bounded_b4_w10,W_alloc_rp2040_s,50,0.9755155,0.812672,1.169577
causal,PI,low,bounded_b4_w10,allocator_call_count,50,1845.0,1532.0,2115.0
causal,PI,low,bounded_b4_w10,allocation_epoch_count,50,25.5,19.0,30.0
causal,PI,low,bounded_b4_w10,messages_sent_total,50,1777.0,1582.0,1951.0
causal,PI,low,bounded_b4_w10,messages_delivered_total,50,5347.5,4769.0,5875.0
causal,PI,low,bounded_b4_w10,logical_message_payload_bytes_sent_total,50,127922.0,101244.0,163828.0
causal,PI,low,bounded_b4_w10,movement_time_s,50,726.0743822803304,619.4571681300176,827.0839891466509
causal,PI,low,bounded_b4_w10,completed_task_count,0,,,
causal,PI,low,bounded_b4_w10,mean_release_to_completion_latency_s,50,25.346359420121615,19.66198149981199,31.432026012046954
causal,PI,low,bounded_b4_w10,median_release_to_completion_latency_s,50,21.982115642354522,17.554009159725084,29.564165414450116
causal,PI,low,bounded_b4_w10,p95_release_to_completion_latency_s,50,56.19932523387696,32.526715122064275,90.07139941710585
causal,PI,low,bounded_b4_w10,mean_release_to_first_current_goal_latency_s,50,10.263143026760499,6.983739297628711,14.690179708436446
causal,PI,low,bounded_b4_w10,p95_release_to_first_current_goal_latency_s,50,31.978202919244445,10.0720729772409,69.80110842508472
causal,PI,low,count_b2,mission_elapsed_time_s,50,584.3227356281564,318.5601414022119,727.8625290006655
causal,PI,low,count_b2,simulated_execution_time_s,50,584.3227356281564,318.5601414022119,727.8625290006655
causal,PI,low,count_b2,W_alloc_agx_s,50,0.9557755105000001,0.753213319,1.097093627
causal,PI,low,count_b2,W_alloc_rp2040_s,50,0.9557629999999999,0.753216,1.09709
causal,PI,low,count_b2,allocator_call_count,50,1783.0,1311.0,2009.0
causal,PI,low,count_b2,allocation_epoch_count,50,22.0,22.0,22.0
causal,PI,low,count_b2,messages_sent_total,50,1739.0,1443.0,1951.0
causal,PI,low,count_b2,messages_delivered_total,50,5233.0,4345.0,5869.0
causal,PI,low,count_b2,logical_message_payload_bytes_sent_total,50,124962.0,108548.0,144540.0
causal,PI,low,count_b2,movement_time_s,50,705.3246224776369,572.4491098232849,803.6928109087116
causal,PI,low,count_b2,completed_task_count,0,,,
causal,PI,low,count_b2,mean_release_to_completion_latency_s,50,24.59034059003757,17.21831043601601,35.84288512914979
causal,PI,low,count_b2,median_release_to_completion_latency_s,50,20.458773347845113,15.023567849397494,25.63163176367587
causal,PI,low,count_b2,p95_release_to_completion_latency_s,50,59.26697787003863,36.02021104262985,132.6802251727109
causal,PI,low,count_b2,mean_release_to_first_current_goal_latency_s,50,10.05115478585532,5.405828226173205,17.680965258196416
causal,PI,low,count_b2,p95_release_to_first_current_goal_latency_s,50,42.41027651483404,22.714528034233645,87.77376680447101
causal,PI,low,count_b4,mission_elapsed_time_s,50,604.757689331152,394.73453402243103,741.2601576703781
causal,PI,low,count_b4,simulated_execution_time_s,50,604.757689331152,394.73453402243103,741.2601576703781
causal,PI,low,count_b4,W_alloc_agx_s,50,0.977642181,0.837143503,1.170318711
causal,PI,low,count_b4,W_alloc_rp2040_s,50,0.977636,0.837157,1.170318
causal,PI,low,count_b4,allocator_call_count,50,1702.0,1415.0,1944.0
causal,PI,low,count_b4,allocation_epoch_count,50,12.0,12.0,12.0
causal,PI,low,count_b4,messages_sent_total,50,1687.0,1507.0,1953.0
causal,PI,low,count_b4,messages_delivered_total,50,5067.0,4527.0,5865.0
causal,PI,low,count_b4,logical_message_payload_bytes_sent_total,50,142661.0,121110.0,169096.0
causal,PI,low,count_b4,movement_time_s,50,657.4078118719315,582.7509524748058,801.6314205995611
causal,PI,low,count_b4,completed_task_count,0,,,
causal,PI,low,count_b4,mean_release_to_completion_latency_s,50,38.73784668991956,30.475909344176728,50.3530379346264
causal,PI,low,count_b4,median_release_to_completion_latency_s,50,33.80676104981479,23.417285082702108,46.39598768267427
causal,PI,low,count_b4,p95_release_to_completion_latency_s,50,88.61564348132663,62.85222453726374,136.81640583247366
causal,PI,low,count_b4,mean_release_to_first_current_goal_latency_s,50,22.660350122965113,16.61311764916207,30.75017246123237
causal,PI,low,count_b4,p95_release_to_first_current_goal_latency_s,50,67.89315715295976,54.247723683013945,123.93623364000128
causal,PI,low,count_b8,mission_elapsed_time_s,50,621.7830194863573,384.6016566396976,757.4344215590783
causal,PI,low,count_b8,simulated_execution_time_s,50,621.7830194863573,384.6016566396976,757.4344215590783
causal,PI,low,count_b8,W_alloc_agx_s,50,1.1142046195000002,0.95459216,1.349490813
causal,PI,low,count_b8,W_alloc_rp2040_s,50,1.114204,0.954588,1.349489
causal,PI,low,count_b8,allocator_call_count,50,1629.5,1297.0,2004.0
causal,PI,low,count_b8,allocation_epoch_count,50,7.0,7.0,7.0
causal,PI,low,count_b8,messages_sent_total,50,1795.0,1586.0,2106.0
causal,PI,low,count_b8,messages_delivered_total,50,5386.0,4759.0,6319.0
causal,PI,low,count_b8,logical_message_payload_bytes_sent_total,50,204912.0,172987.0,238864.0
causal,PI,low,count_b8,movement_time_s,50,608.010195099185,532.5129454543855,688.8561734867948
causal,PI,low,count_b8,completed_task_count,0,,,
causal,PI,low,count_b8,mean_release_to_completion_latency_s,50,66.03545546657111,44.876401816564794,83.42516199503838
causal,PI,low,count_b8,median_release_to_completion_latency_s,50,55.93361220066119,38.970012028621994,76.85716501471882
causal,PI,low,count_b8,p95_release_to_completion_latency_s,50,147.6962989029591,96.29748326469758,242.67608362056882
causal,PI,low,count_b8,mean_release_to_first_current_goal_latency_s,50,49.78068726379379,27.821036193517735,64.50822521925504
causal,PI,low,count_b8,p95_release_to_first_current_goal_latency_s,50,126.85271579176117,85.07969183785627,237.70426832999993
causal,PI,low,eager_b1,mission_elapsed_time_s,50,588.0286062026516,323.21797517415746,720.7446202248964
causal,PI,low,eager_b1,simulated_execution_time_s,50,588.0286062026516,323.21797517415746,720.7446202248964
causal,PI,low,eager_b1,W_alloc_agx_s,50,0.9805964795,0.846935223,1.162038477
causal,PI,low,eager_b1,W_alloc_rp2040_s,50,0.9806025,0.846927,1.162041
causal,PI,low,eager_b1,allocator_call_count,50,1891.5,1502.0,2186.0
causal,PI,low,eager_b1,allocation_epoch_count,50,43.0,43.0,43.0
causal,PI,low,eager_b1,messages_sent_total,50,1831.5,1642.0,2062.0
causal,PI,low,eager_b1,messages_delivered_total,50,5531.5,4963.0,6223.0
causal,PI,low,eager_b1,logical_message_payload_bytes_sent_total,50,126807.0,104592.0,155224.0
causal,PI,low,eager_b1,movement_time_s,50,760.8316332080569,658.6651333490009,879.2770836150788
causal,PI,low,eager_b1,completed_task_count,0,,,
causal,PI,low,eager_b1,mean_release_to_completion_latency_s,50,18.99434507271075,13.302065279453226,28.647762029644234
causal,PI,low,eager_b1,median_release_to_completion_latency_s,50,14.436299859953905,8.794530923840455,17.902753702891403
causal,PI,low,eager_b1,p95_release_to_completion_latency_s,50,49.85089656787139,27.056118851156306,96.25727177644748
causal,PI,low,eager_b1,mean_release_to_first_current_goal_latency_s,50,3.6735293824730366,0.963390276061259,10.245627343145278
causal,PI,low,eager_b1,p95_release_to_first_current_goal_latency_s,50,28.654487592647385,3.3104004225962056,85.82577075819965
causal,PI,medium,bounded_b4_w10,mission_elapsed_time_s,50,199.59830706746342,150.56319018982938,258.8283995831063
causal,PI,medium,bounded_b4_w10,simulated_execution_time_s,50,199.59830706746342,150.56319018982938,258.8283995831063
causal,PI,medium,bounded_b4_w10,W_alloc_agx_s,50,1.116834918,0.69665666,1.958539294
causal,PI,medium,bounded_b4_w10,W_alloc_rp2040_s,50,1.1168335,0.696658,1.958544
causal,PI,medium,bounded_b4_w10,allocator_call_count,50,1135.0,858.0,1479.0
causal,PI,medium,bounded_b4_w10,allocation_epoch_count,50,14.0,12.0,17.0
causal,PI,medium,bounded_b4_w10,messages_sent_total,50,1626.5,1243.0,2120.0
causal,PI,medium,bounded_b4_w10,messages_delivered_total,50,4887.0,3737.0,6367.0
causal,PI,medium,bounded_b4_w10,logical_message_payload_bytes_sent_total,50,187979.5,110943.0,361559.0
causal,PI,medium,bounded_b4_w10,movement_time_s,50,519.2473873220339,426.32405506009286,617.8664741442561
causal,PI,medium,bounded_b4_w10,completed_task_count,0,,,
causal,PI,medium,bounded_b4_w10,mean_release_to_completion_latency_s,50,38.17948389913887,24.180838681723,51.82672851458466
causal,PI,medium,bounded_b4_w10,median_release_to_completion_latency_s,50,30.05586531463337,20.481470695440684,43.231870659065365
causal,PI,medium,bounded_b4_w10,p95_release_to_completion_latency_s,50,89.51820383294567,54.453435475443555,140.80248594498232
causal,PI,medium,bounded_b4_w10,mean_release_to_first_current_goal_latency_s,50,20.117552384337895,10.612141741919777,30.06808890860843
causal,PI,medium,bounded_b4_w10,p95_release_to_first_current_goal_latency_s,50,69.31583677700363,35.846340383553525,121.01954122465351
causal,PI,medium,count_b2,mission_elapsed_time_s,50,195.98871959293615,146.98384803937992,244.94454941872388
causal,PI,medium,count_b2,simulated_execution_time_s,50,195.98871959293615,146.98384803937992,244.94454941872388
causal,PI,medium,count_b2,W_alloc_agx_s,50,1.0210781194999998,0.799863147,2.122704599
causal,PI,medium,count_b2,W_alloc_rp2040_s,50,1.0210780000000002,0.799862,2.122701
causal,PI,medium,count_b2,allocator_call_count,50,1067.5,761.0,1785.0
causal,PI,medium,count_b2,allocation_epoch_count,50,22.0,22.0,22.0
causal,PI,medium,count_b2,messages_sent_total,50,1585.5,1346.0,2416.0
causal,PI,medium,count_b2,messages_delivered_total,50,4772.5,4054.0,7264.0
causal,PI,medium,count_b2,logical_message_payload_bytes_sent_total,50,179019.5,137473.0,490171.0
causal,PI,medium,count_b2,movement_time_s,50,532.1440108707909,436.86701523802185,613.7506427164247
causal,PI,medium,count_b2,completed_task_count,0,,,
causal,PI,medium,count_b2,mean_release_to_completion_latency_s,50,32.977988701708796,24.90701170941862,53.798789408530766
causal,PI,medium,count_b2,median_release_to_completion_latency_s,50,24.67124192037748,18.741550688451007,43.84199445588523
causal,PI,medium,count_b2,p95_release_to_completion_latency_s,50,81.20509681280913,59.1611089242019,132.8074317493076
causal,PI,medium,count_b2,mean_release_to_first_current_goal_latency_s,50,13.94678976690648,7.391541448408005,24.03980279884723
causal,PI,medium,count_b2,p95_release_to_first_current_goal_latency_s,50,55.17195112639999,33.23629165488703,114.62760676684539
causal,PI,medium,count_b4,mission_elapsed_time_s,50,212.2709198224972,170.2888638164283,251.96717050666854
causal,PI,medium,count_b4,simulated_execution_time_s,50,212.2709198224972,170.2888638164283,251.96717050666854
causal,PI,medium,count_b4,W_alloc_agx_s,50,1.099182392,0.901550631,1.637588195
causal,PI,medium,count_b4,W_alloc_rp2040_s,50,1.0991925,0.901545,1.63757
causal,PI,medium,count_b4,allocator_call_count,50,1165.0,855.0,1508.0
causal,PI,medium,count_b4,allocation_epoch_count,50,12.0,12.0,12.0
causal,PI,medium,count_b4,messages_sent_total,50,1612.5,1340.0,1881.0
causal,PI,medium,count_b4,messages_delivered_total,50,4843.5,4026.0,5649.0
causal,PI,medium,count_b4,logical_message_payload_bytes_sent_total,50,183448.0,142894.0,280257.0
causal,PI,medium,count_b4,movement_time_s,50,525.7552613858225,465.0717780433265,599.8415096003441
causal,PI,medium,count_b4,completed_task_count,0,,,
causal,PI,medium,count_b4,mean_release_to_completion_latency_s,50,38.845955860453074,28.96955129237729,56.97608586155527
causal,PI,medium,count_b4,median_release_to_completion_latency_s,50,31.149415393189237,23.36726176047552,42.46512536067344
causal,PI,medium,count_b4,p95_release_to_completion_latency_s,50,93.68403433897768,59.29644215872901,148.3877459520633
causal,PI,medium,count_b4,mean_release_to_first_current_goal_latency_s,50,21.171097823428205,13.636007579924263,33.73111876489965
causal,PI,medium,count_b4,p95_release_to_first_current_goal_latency_s,50,70.3747897604658,36.499471910466426,122.27584974876032
causal,PI,medium,count_b8,mission_elapsed_time_s,50,220.89057368479274,159.30226343369893,278.476297569587
causal,PI,medium,count_b8,simulated_execution_time_s,50,220.89057368479274,159.30226343369893,278.476297569587
causal,PI,medium,count_b8,W_alloc_agx_s,50,1.3027848905,0.927202173,2.211206891
causal,PI,medium,count_b8,W_alloc_rp2040_s,50,1.302776,0.927196,2.211205
causal,PI,medium,count_b8,allocator_call_count,50,1264.5,907.0,1616.0
causal,PI,medium,count_b8,allocation_epoch_count,50,7.0,7.0,7.0
causal,PI,medium,count_b8,messages_sent_total,50,1702.5,1396.0,2161.0
causal,PI,medium,count_b8,messages_delivered_total,50,5108.5,4189.0,6484.0
causal,PI,medium,count_b8,logical_message_payload_bytes_sent_total,50,224896.0,169884.0,356645.0
causal,PI,medium,count_b8,movement_time_s,50,498.8000558662251,409.84817183713415,592.0803555471479
causal,PI,medium,count_b8,completed_task_count,0,,,
causal,PI,medium,count_b8,mean_release_to_completion_latency_s,50,46.89017253802811,30.912413022836276,67.5251721312863
causal,PI,medium,count_b8,median_release_to_completion_latency_s,50,39.450985895461635,27.076486293706008,57.48720814477421
causal,PI,medium,count_b8,p95_release_to_completion_latency_s,50,109.91367289941044,61.87518855822204,171.3027314956443
causal,PI,medium,count_b8,mean_release_to_first_current_goal_latency_s,50,29.62048999353082,15.028975287740373,45.243829988506185
causal,PI,medium,count_b8,p95_release_to_first_current_goal_latency_s,50,83.21194077214531,38.70567707166782,149.60474178326402
causal,PI,medium,eager_b1,mission_elapsed_time_s,50,188.6236513242211,134.59073885110848,220.61872245662474
causal,PI,medium,eager_b1,simulated_execution_time_s,50,188.6236513242211,134.59073885110848,220.61872245662474
causal,PI,medium,eager_b1,W_alloc_agx_s,50,0.9960311675,0.742934742,1.662158663
causal,PI,medium,eager_b1,W_alloc_rp2040_s,50,0.9960264999999999,0.742933,1.662175
causal,PI,medium,eager_b1,allocator_call_count,50,1068.0,775.0,1193.0
causal,PI,medium,eager_b1,allocation_epoch_count,50,43.0,43.0,43.0
causal,PI,medium,eager_b1,messages_sent_total,50,1651.0,1364.0,2128.0
causal,PI,medium,eager_b1,messages_delivered_total,50,4990.0,4129.0,6421.0
causal,PI,medium,eager_b1,logical_message_payload_bytes_sent_total,50,181720.5,127925.0,317906.0
causal,PI,medium,eager_b1,movement_time_s,50,539.1099153063283,440.6093047151285,604.100313494139
causal,PI,medium,eager_b1,completed_task_count,0,,,
causal,PI,medium,eager_b1,mean_release_to_completion_latency_s,50,30.98491028377095,20.54598070896232,43.49485345104178
causal,PI,medium,eager_b1,median_release_to_completion_latency_s,50,24.261348925882835,13.574477693200867,35.04939773365028
causal,PI,medium,eager_b1,p95_release_to_completion_latency_s,50,78.47696802613197,48.230730432603565,141.4808466428479
causal,PI,medium,eager_b1,mean_release_to_first_current_goal_latency_s,50,11.571966522723404,5.582535858075157,28.108441487623
causal,PI,medium,eager_b1,p95_release_to_first_current_goal_latency_s,50,50.142789859318526,23.422924361400938,91.00857080149402
zero_compute,ACBBA,high,bounded_b4_w10,mission_elapsed_time_s,50,138.53370169365002,100.92901546508278,169.3191320984209
zero_compute,ACBBA,high,bounded_b4_w10,simulated_execution_time_s,50,138.53370169365002,100.92901546508278,169.3191320984209
zero_compute,ACBBA,high,bounded_b4_w10,W_alloc_agx_s,50,1.8359491884999999,1.187616642,3.085250391
zero_compute,ACBBA,high,bounded_b4_w10,W_alloc_rp2040_s,50,0.0,0.0,0.0
zero_compute,ACBBA,high,bounded_b4_w10,allocator_call_count,50,629.5,452.0,874.0
zero_compute,ACBBA,high,bounded_b4_w10,allocation_epoch_count,50,12.0,12.0,13.0
zero_compute,ACBBA,high,bounded_b4_w10,messages_sent_total,50,3694.5,2810.0,5101.0
zero_compute,ACBBA,high,bounded_b4_w10,messages_delivered_total,50,11089.5,8436.0,15309.0
zero_compute,ACBBA,high,bounded_b4_w10,logical_message_payload_bytes_sent_total,50,644406.5,414822.0,1056508.0
zero_compute,ACBBA,high,bounded_b4_w10,movement_time_s,50,455.42891880992266,357.06970531136324,554.206289681659
zero_compute,ACBBA,high,bounded_b4_w10,completed_task_count,0,,,
zero_compute,ACBBA,high,bounded_b4_w10,mean_release_to_completion_latency_s,50,37.116473495846705,26.488162783104286,49.32280301850176
zero_compute,ACBBA,high,bounded_b4_w10,median_release_to_completion_latency_s,50,30.30285730861808,20.54655173747404,45.15968826844247
zero_compute,ACBBA,high,bounded_b4_w10,p95_release_to_completion_latency_s,50,90.14748735190608,62.63113471150167,137.11771607021296
zero_compute,ACBBA,high,bounded_b4_w10,mean_release_to_first_current_goal_latency_s,50,15.841146645385816,10.129863014748166,28.214243097685085
zero_compute,ACBBA,high,bounded_b4_w10,p95_release_to_first_current_goal_latency_s,50,50.02411807985571,29.587753281164296,99.74084340835651
zero_compute,ACBBA,high,count_b2,mission_elapsed_time_s,50,140.72996397625326,99.10074692177302,191.54282391085326
zero_compute,ACBBA,high,count_b2,simulated_execution_time_s,50,140.72996397625326,99.10074692177302,191.54282391085326
zero_compute,ACBBA,high,count_b2,W_alloc_agx_s,50,1.8648960865,1.040031156,3.917133605
zero_compute,ACBBA,high,count_b2,W_alloc_rp2040_s,50,0.0,0.0,0.0
zero_compute,ACBBA,high,count_b2,allocator_call_count,50,660.0,484.0,913.0
zero_compute,ACBBA,high,count_b2,allocation_epoch_count,50,22.0,22.0,22.0
zero_compute,ACBBA,high,count_b2,messages_sent_total,50,3774.0,2675.0,5639.0
zero_compute,ACBBA,high,count_b2,messages_delivered_total,50,11338.0,8041.0,16933.0
zero_compute,ACBBA,high,count_b2,logical_message_payload_bytes_sent_total,50,647739.5,386259.0,1197847.0
zero_compute,ACBBA,high,count_b2,movement_time_s,50,460.73087934883074,351.69118295477995,565.28019324347
zero_compute,ACBBA,high,count_b2,completed_task_count,0,,,
zero_compute,ACBBA,high,count_b2,mean_release_to_completion_latency_s,50,36.65123084858283,25.291802080296957,58.981676461095475
zero_compute,ACBBA,high,count_b2,median_release_to_completion_latency_s,50,29.355173064577265,19.174943518746304,48.33667375840872
zero_compute,ACBBA,high,count_b2,p95_release_to_completion_latency_s,50,96.44458108612244,56.79001641276281,160.14188317443413
zero_compute,ACBBA,high,count_b2,mean_release_to_first_current_goal_latency_s,50,15.542008494992054,10.087755651769339,31.69412432610331
zero_compute,ACBBA,high,count_b2,p95_release_to_first_current_goal_latency_s,50,57.340031779255526,34.26864408359401,119.5350554556518
zero_compute,ACBBA,high,count_b4,mission_elapsed_time_s,50,157.38189062636377,120.86895690554067,228.12996942243547
zero_compute,ACBBA,high,count_b4,simulated_execution_time_s,50,157.38189062636377,120.86895690554067,228.12996942243547
zero_compute,ACBBA,high,count_b4,W_alloc_agx_s,50,1.7646663729999998,1.175572654,3.001391359
zero_compute,ACBBA,high,count_b4,W_alloc_rp2040_s,50,0.0,0.0,0.0
zero_compute,ACBBA,high,count_b4,allocator_call_count,50,707.0,550.0,995.0
zero_compute,ACBBA,high,count_b4,allocation_epoch_count,50,12.0,12.0,12.0
zero_compute,ACBBA,high,count_b4,messages_sent_total,50,3618.5,2845.0,5223.0
zero_compute,ACBBA,high,count_b4,messages_delivered_total,50,10861.5,8541.0,15675.0
zero_compute,ACBBA,high,count_b4,logical_message_payload_bytes_sent_total,50,603445.5,409668.0,1068173.0
zero_compute,ACBBA,high,count_b4,movement_time_s,50,480.341302356819,407.2035196169301,606.2714848842916
zero_compute,ACBBA,high,count_b4,completed_task_count,0,,,
zero_compute,ACBBA,high,count_b4,mean_release_to_completion_latency_s,50,38.76706049338401,27.873934254196737,53.489983974579715
zero_compute,ACBBA,high,count_b4,median_release_to_completion_latency_s,50,31.510531063447885,22.215560222749737,55.01159674264784
zero_compute,ACBBA,high,count_b4,p95_release_to_completion_latency_s,50,92.15926412845253,65.91196323343067,138.4044900301443
zero_compute,ACBBA,high,count_b4,mean_release_to_first_current_goal_latency_s,50,17.9301333404467,12.707711727282112,31.016778130642972
zero_compute,ACBBA,high,count_b4,p95_release_to_first_current_goal_latency_s,50,66.09195958418218,43.91206167784505,112.75227473564098
zero_compute,ACBBA,high,count_b8,mission_elapsed_time_s,50,166.0352627542508,122.07087700530252,227.68494411196357
zero_compute,ACBBA,high,count_b8,simulated_execution_time_s,50,166.0352627542508,122.07087700530252,227.68494411196357
zero_compute,ACBBA,high,count_b8,W_alloc_agx_s,50,1.643255076,1.024250945,3.202302409
zero_compute,ACBBA,high,count_b8,W_alloc_rp2040_s,50,0.0,0.0,0.0
zero_compute,ACBBA,high,count_b8,allocator_call_count,50,745.0,582.0,987.0
zero_compute,ACBBA,high,count_b8,allocation_epoch_count,50,7.0,7.0,7.0
zero_compute,ACBBA,high,count_b8,messages_sent_total,50,3439.5,2685.0,4717.0
zero_compute,ACBBA,high,count_b8,messages_delivered_total,50,10319.5,8056.0,14152.0
zero_compute,ACBBA,high,count_b8,logical_message_payload_bytes_sent_total,50,559123.0,353569.0,996374.0
zero_compute,ACBBA,high,count_b8,movement_time_s,50,498.02847233645684,426.92086013628375,596.7186881250511
zero_compute,ACBBA,high,count_b8,completed_task_count,0,,,
zero_compute,ACBBA,high,count_b8,mean_release_to_completion_latency_s,50,42.912057879644166,31.5263188582627,56.390485315448984
zero_compute,ACBBA,high,count_b8,median_release_to_completion_latency_s,50,33.4862998418648,24.53963738363856,48.267798558911224
zero_compute,ACBBA,high,count_b8,p95_release_to_completion_latency_s,50,96.685547915422,70.97390466078674,145.8622030729851
zero_compute,ACBBA,high,count_b8,mean_release_to_first_current_goal_latency_s,50,22.033017510322956,15.170739961561651,32.824433534479255
zero_compute,ACBBA,high,count_b8,p95_release_to_first_current_goal_latency_s,50,71.79786624335144,45.4153394162591,133.3411980325338
zero_compute,ACBBA,high,eager_b1,mission_elapsed_time_s,50,137.80018774282388,106.17277199960908,177.95502795643412
zero_compute,ACBBA,high,eager_b1,simulated_execution_time_s,50,137.80018774282388,106.17277199960908,177.95502795643412
zero_compute,ACBBA,high,eager_b1,W_alloc_agx_s,50,2.0130430329999998,1.260850052,3.517806924
zero_compute,ACBBA,high,eager_b1,W_alloc_rp2040_s,50,0.0,0.0,0.0
zero_compute,ACBBA,high,eager_b1,allocator_call_count,50,650.5,524.0,864.0
zero_compute,ACBBA,high,eager_b1,allocation_epoch_count,50,43.0,43.0,43.0
zero_compute,ACBBA,high,eager_b1,messages_sent_total,50,3923.5,2848.0,5169.0
zero_compute,ACBBA,high,eager_b1,messages_delivered_total,50,11807.5,8581.0,15544.0
zero_compute,ACBBA,high,eager_b1,logical_message_payload_bytes_sent_total,50,693801.5,426284.0,1142483.0
zero_compute,ACBBA,high,eager_b1,movement_time_s,50,448.06488636077484,365.5891978301844,543.4521662508193
zero_compute,ACBBA,high,eager_b1,completed_task_count,0,,,
zero_compute,ACBBA,high,eager_b1,mean_release_to_completion_latency_s,50,36.357282306852966,27.205661187421686,48.229082176688685
zero_compute,ACBBA,high,eager_b1,median_release_to_completion_latency_s,50,30.168494337654906,16.368393930593122,42.527279096097786
zero_compute,ACBBA,high,eager_b1,p95_release_to_completion_latency_s,50,91.06829022698497,59.98140582698118,126.97976199930628
zero_compute,ACBBA,high,eager_b1,mean_release_to_first_current_goal_latency_s,50,15.232669694475863,9.217990956351873,26.569468566034395
zero_compute,ACBBA,high,eager_b1,p95_release_to_first_current_goal_latency_s,50,58.10016500590973,25.537994821255992,115.62541714628168
zero_compute,ACBBA,low,bounded_b4_w10,mission_elapsed_time_s,50,586.7218106859902,320.8664104879254,740.3068764660966
zero_compute,ACBBA,low,bounded_b4_w10,simulated_execution_time_s,50,586.7218106859902,320.8664104879254,740.3068764660966
zero_compute,ACBBA,low,bounded_b4_w10,W_alloc_agx_s,50,1.1412769105,0.91542685,1.344519103
zero_compute,ACBBA,low,bounded_b4_w10,W_alloc_rp2040_s,50,0.0,0.0,0.0
zero_compute,ACBBA,low,bounded_b4_w10,allocator_call_count,50,1771.0,1315.0,1976.0
zero_compute,ACBBA,low,bounded_b4_w10,allocation_epoch_count,50,25.5,19.0,30.0
zero_compute,ACBBA,low,bounded_b4_w10,messages_sent_total,50,2522.0,2160.0,2903.0
zero_compute,ACBBA,low,bounded_b4_w10,messages_delivered_total,50,7587.5,6493.0,8733.0
zero_compute,ACBBA,low,bounded_b4_w10,logical_message_payload_bytes_sent_total,50,204667.5,179412.0,252179.0
zero_compute,ACBBA,low,bounded_b4_w10,movement_time_s,50,835.2565326918225,673.4666084955338,992.3151423452741
zero_compute,ACBBA,low,bounded_b4_w10,completed_task_count,0,,,
zero_compute,ACBBA,low,bounded_b4_w10,mean_release_to_completion_latency_s,50,24.245309810824416,20.491722419488028,28.503964178801144
zero_compute,ACBBA,low,bounded_b4_w10,median_release_to_completion_latency_s,50,21.78631836947622,17.022249862831163,26.245835468860506
zero_compute,ACBBA,low,bounded_b4_w10,p95_release_to_completion_latency_s,50,50.983903911202766,35.90105609559623,71.61339451724746
zero_compute,ACBBA,low,bounded_b4_w10,mean_release_to_first_current_goal_latency_s,50,9.011397735127545,6.755657617156675,11.375599139277465
zero_compute,ACBBA,low,bounded_b4_w10,p95_release_to_first_current_goal_latency_s,50,18.79888836110841,10.26533757673685,38.81232728871613
zero_compute,ACBBA,low,count_b2,mission_elapsed_time_s,50,586.0516518474784,361.43792334114795,731.7460263073312
zero_compute,ACBBA,low,count_b2,simulated_execution_time_s,50,586.0516518474784,361.43792334114795,731.7460263073312
zero_compute,ACBBA,low,count_b2,W_alloc_agx_s,50,1.1044879325,1.000822694,1.302175592
zero_compute,ACBBA,low,count_b2,W_alloc_rp2040_s,50,0.0,0.0,0.0
zero_compute,ACBBA,low,count_b2,allocator_call_count,50,1698.0,1446.0,2030.0
zero_compute,ACBBA,low,count_b2,allocation_epoch_count,50,22.0,22.0,22.0
zero_compute,ACBBA,low,count_b2,messages_sent_total,50,2439.5,2209.0,2842.0
zero_compute,ACBBA,low,count_b2,messages_delivered_total,50,7334.5,6643.0,8542.0
zero_compute,ACBBA,low,count_b2,logical_message_payload_bytes_sent_total,50,200151.5,170571.0,241991.0
zero_compute,ACBBA,low,count_b2,movement_time_s,50,825.5911522696067,693.6871552253617,971.0316833972208
zero_compute,ACBBA,low,count_b2,completed_task_count,0,,,
zero_compute,ACBBA,low,count_b2,mean_release_to_completion_latency_s,50,24.67989876832889,20.421768672624715,30.309432336533764
zero_compute,ACBBA,low,count_b2,median_release_to_completion_latency_s,50,20.923565320461286,15.951918853244749,30.822408728493514
zero_compute,ACBBA,low,count_b2,p95_release_to_completion_latency_s,50,58.54044754475014,44.400869948825914,93.35768571689384
zero_compute,ACBBA,low,count_b2,mean_release_to_first_current_goal_latency_s,50,8.726703720932711,4.4509988971085725,14.070315613245624
zero_compute,ACBBA,low,count_b2,p95_release_to_first_current_goal_latency_s,50,34.692790756179676,15.563025229000004,56.08665057110555
zero_compute,ACBBA,low,count_b4,mission_elapsed_time_s,50,603.2374894135462,345.85754909878864,774.3284873044978
zero_compute,ACBBA,low,count_b4,simulated_execution_time_s,50,603.2374894135462,345.85754909878864,774.3284873044978
zero_compute,ACBBA,low,count_b4,W_alloc_agx_s,50,1.0584923124999999,0.931535038,1.229244565
zero_compute,ACBBA,low,count_b4,W_alloc_rp2040_s,50,0.0,0.0,0.0
zero_compute,ACBBA,low,count_b4,allocator_call_count,50,1504.0,1322.0,1794.0
zero_compute,ACBBA,low,count_b4,allocation_epoch_count,50,12.0,12.0,12.0
zero_compute,ACBBA,low,count_b4,messages_sent_total,50,2456.0,2249.0,2772.0
zero_compute,ACBBA,low,count_b4,messages_delivered_total,50,7374.0,6753.0,8322.0
zero_compute,ACBBA,low,count_b4,logical_message_payload_bytes_sent_total,50,219406.0,186092.0,263929.0
zero_compute,ACBBA,low,count_b4,movement_time_s,50,769.4546771257722,680.8712514569166,884.541876640788
zero_compute,ACBBA,low,count_b4,completed_task_count,0,,,
zero_compute,ACBBA,low,count_b4,mean_release_to_completion_latency_s,50,36.66270238657067,29.20133933759673,47.621868849149514
zero_compute,ACBBA,low,count_b4,median_release_to_completion_latency_s,50,32.03520247268443,24.519110908012365,43.47312028252447
zero_compute,ACBBA,low,count_b4,p95_release_to_completion_latency_s,50,83.58939433860792,63.916802213144365,121.69767351269542
zero_compute,ACBBA,low,count_b4,mean_release_to_first_current_goal_latency_s,50,20.879735935273054,13.77061662655003,27.45358217851758
zero_compute,ACBBA,low,count_b4,p95_release_to_first_current_goal_latency_s,50,64.99420269109383,39.234238134401025,99.92585058500003
zero_compute,ACBBA,low,count_b8,mission_elapsed_time_s,50,623.3076183453056,361.3091872975871,778.1772411423882
zero_compute,ACBBA,low,count_b8,simulated_execution_time_s,50,623.3076183453056,361.3091872975871,778.1772411423882
zero_compute,ACBBA,low,count_b8,W_alloc_agx_s,50,1.1065557825,0.862776108,1.354044121
zero_compute,ACBBA,low,count_b8,W_alloc_rp2040_s,50,0.0,0.0,0.0
zero_compute,ACBBA,low,count_b8,allocator_call_count,50,1320.0,1048.0,1589.0
zero_compute,ACBBA,low,count_b8,allocation_epoch_count,50,7.0,7.0,7.0
zero_compute,ACBBA,low,count_b8,messages_sent_total,50,2626.0,2104.0,3261.0
zero_compute,ACBBA,low,count_b8,messages_delivered_total,50,7879.0,6313.0,9784.0
zero_compute,ACBBA,low,count_b8,logical_message_payload_bytes_sent_total,50,281901.5,224779.0,350957.0
zero_compute,ACBBA,low,count_b8,movement_time_s,50,703.5886475638611,567.1601943413467,839.7001737536441
zero_compute,ACBBA,low,count_b8,completed_task_count,0,,,
zero_compute,ACBBA,low,count_b8,mean_release_to_completion_latency_s,50,61.02834524813413,42.35262928034733,79.72325064338052
zero_compute,ACBBA,low,count_b8,median_release_to_completion_latency_s,50,53.30481784968026,35.026327241607376,73.7143331934304
zero_compute,ACBBA,low,count_b8,p95_release_to_completion_latency_s,50,144.0391204596728,90.05308965925883,241.05259471382482
zero_compute,ACBBA,low,count_b8,mean_release_to_first_current_goal_latency_s,50,43.53884564519683,27.653547083569794,60.52585012158529
zero_compute,ACBBA,low,count_b8,p95_release_to_first_current_goal_latency_s,50,118.91553878989743,73.4304489070111,237.70138332999994
zero_compute,ACBBA,low,eager_b1,mission_elapsed_time_s,50,583.6235054371765,328.95278476573196,724.1534809582937
zero_compute,ACBBA,low,eager_b1,simulated_execution_time_s,50,583.6235054371765,328.95278476573196,724.1534809582937
zero_compute,ACBBA,low,eager_b1,W_alloc_agx_s,50,1.2071135145,1.00248977,1.343136152
zero_compute,ACBBA,low,eager_b1,W_alloc_rp2040_s,50,0.0,0.0,0.0
zero_compute,ACBBA,low,eager_b1,allocator_call_count,50,1885.0,1470.0,2101.0
zero_compute,ACBBA,low,eager_b1,allocation_epoch_count,50,43.0,43.0,43.0
zero_compute,ACBBA,low,eager_b1,messages_sent_total,50,2663.5,2343.0,3083.0
zero_compute,ACBBA,low,eager_b1,messages_delivered_total,50,8027.5,7066.0,9286.0
zero_compute,ACBBA,low,eager_b1,logical_message_payload_bytes_sent_total,50,205320.0,170729.0,278954.0
zero_compute,ACBBA,low,eager_b1,movement_time_s,50,904.3514583311724,793.4826266745076,1003.046265166013
zero_compute,ACBBA,low,eager_b1,completed_task_count,0,,,
zero_compute,ACBBA,low,eager_b1,mean_release_to_completion_latency_s,50,18.97152192836741,13.56158382000513,24.368737450387922
zero_compute,ACBBA,low,eager_b1,median_release_to_completion_latency_s,50,15.283073681625439,10.784434125052208,18.941497254947123
zero_compute,ACBBA,low,eager_b1,p95_release_to_completion_latency_s,50,43.99730375381819,26.992762329979058,66.24750679436039
zero_compute,ACBBA,low,eager_b1,mean_release_to_first_current_goal_latency_s,50,2.4309469195214457,0.7219786784702525,4.806476487761942
zero_compute,ACBBA,low,eager_b1,p95_release_to_first_current_goal_latency_s,50,16.955587007880588,4.999643384111298,42.40880007989637
zero_compute,ACBBA,medium,bounded_b4_w10,mission_elapsed_time_s,50,192.79628822086067,152.5049740480935,234.15943014274578
zero_compute,ACBBA,medium,bounded_b4_w10,simulated_execution_time_s,50,192.79628822086067,152.5049740480935,234.15943014274578
zero_compute,ACBBA,medium,bounded_b4_w10,W_alloc_agx_s,50,1.0707880324999999,0.816431938,1.585913367
zero_compute,ACBBA,medium,bounded_b4_w10,W_alloc_rp2040_s,50,0.0,0.0,0.0
zero_compute,ACBBA,medium,bounded_b4_w10,allocator_call_count,50,881.5,632.0,1051.0
zero_compute,ACBBA,medium,bounded_b4_w10,allocation_epoch_count,50,14.0,12.0,17.0
zero_compute,ACBBA,medium,bounded_b4_w10,messages_sent_total,50,2818.0,2319.0,4007.0
zero_compute,ACBBA,medium,bounded_b4_w10,messages_delivered_total,50,8456.0,6966.0,12028.0
zero_compute,ACBBA,medium,bounded_b4_w10,logical_message_payload_bytes_sent_total,50,339328.0,230993.0,591411.0
zero_compute,ACBBA,medium,bounded_b4_w10,movement_time_s,50,596.5685873238026,460.44648544820654,683.1709306470618
zero_compute,ACBBA,medium,bounded_b4_w10,completed_task_count,0,,,
zero_compute,ACBBA,medium,bounded_b4_w10,mean_release_to_completion_latency_s,50,30.244922266406668,21.915789857621697,39.859516937138416
zero_compute,ACBBA,medium,bounded_b4_w10,median_release_to_completion_latency_s,50,25.215777886966194,17.771648227533987,39.6205931025594
zero_compute,ACBBA,medium,bounded_b4_w10,p95_release_to_completion_latency_s,50,72.14243234092427,40.606762225064756,114.8209696800338
zero_compute,ACBBA,medium,bounded_b4_w10,mean_release_to_first_current_goal_latency_s,50,11.454322741171016,7.356077723137176,19.750912834239788
zero_compute,ACBBA,medium,bounded_b4_w10,p95_release_to_first_current_goal_latency_s,50,34.983433862442595,16.911545834297137,56.99234416162673
zero_compute,ACBBA,medium,count_b2,mission_elapsed_time_s,50,193.23615925288604,124.00105338090879,245.78898913880508
zero_compute,ACBBA,medium,count_b2,simulated_execution_time_s,50,193.23615925288604,124.00105338090879,245.78898913880508
zero_compute,ACBBA,medium,count_b2,W_alloc_agx_s,50,1.0535893895,0.85146201,1.71994492
zero_compute,ACBBA,medium,count_b2,W_alloc_rp2040_s,50,0.0,0.0,0.0
zero_compute,ACBBA,medium,count_b2,allocator_call_count,50,855.5,564.0,1038.0
zero_compute,ACBBA,medium,count_b2,allocation_epoch_count,50,22.0,22.0,22.0
zero_compute,ACBBA,medium,count_b2,messages_sent_total,50,2885.5,2345.0,4104.0
zero_compute,ACBBA,medium,count_b2,messages_delivered_total,50,8672.5,7051.0,12328.0
zero_compute,ACBBA,medium,count_b2,logical_message_payload_bytes_sent_total,50,339974.5,244913.0,634093.0
zero_compute,ACBBA,medium,count_b2,movement_time_s,50,601.8645111322635,437.539640666069,697.927378173517
zero_compute,ACBBA,medium,count_b2,completed_task_count,0,,,
zero_compute,ACBBA,medium,count_b2,mean_release_to_completion_latency_s,50,28.457949640625138,22.762167002042176,42.68846389116087
zero_compute,ACBBA,medium,count_b2,median_release_to_completion_latency_s,50,23.114099726746208,16.841447623017114,34.11555086307866
zero_compute,ACBBA,medium,count_b2,p95_release_to_completion_latency_s,50,70.33996602221792,43.6198617423689,120.66637408353046
zero_compute,ACBBA,medium,count_b2,mean_release_to_first_current_goal_latency_s,50,10.056985441377538,5.208303235577521,14.39663148034122
zero_compute,ACBBA,medium,count_b2,p95_release_to_first_current_goal_latency_s,50,38.82436264622079,17.067821714944635,73.04032520527194
zero_compute,ACBBA,medium,count_b4,mission_elapsed_time_s,50,208.68535304164726,165.32508788342372,264.5161757303524
zero_compute,ACBBA,medium,count_b4,simulated_execution_time_s,50,208.68535304164726,165.32508788342372,264.5161757303524
zero_compute,ACBBA,medium,count_b4,W_alloc_agx_s,50,1.1206486925,0.835585006,1.716052684
zero_compute,ACBBA,medium,count_b4,W_alloc_rp2040_s,50,0.0,0.0,0.0
zero_compute,ACBBA,medium,count_b4,allocator_call_count,50,925.0,687.0,1135.0
zero_compute,ACBBA,medium,count_b4,allocation_epoch_count,50,12.0,12.0,12.0
zero_compute,ACBBA,medium,count_b4,messages_sent_total,50,2979.5,2274.0,3855.0
zero_compute,ACBBA,medium,count_b4,messages_delivered_total,50,8944.5,6828.0,11571.0
zero_compute,ACBBA,medium,count_b4,logical_message_payload_bytes_sent_total,50,360576.5,220337.0,575555.0
zero_compute,ACBBA,medium,count_b4,movement_time_s,50,616.0714835066924,513.9378554404857,677.834646561699
zero_compute,ACBBA,medium,count_b4,completed_task_count,0,,,
zero_compute,ACBBA,medium,count_b4,mean_release_to_completion_latency_s,50,32.62538426494886,24.091919414217507,46.12493565437038
zero_compute,ACBBA,medium,count_b4,median_release_to_completion_latency_s,50,27.438862624469834,20.548029520153655,41.9034890216563
zero_compute,ACBBA,medium,count_b4,p95_release_to_completion_latency_s,50,76.6857077189296,55.295170841469016,149.3636942333846
zero_compute,ACBBA,medium,count_b4,mean_release_to_first_current_goal_latency_s,50,13.939744414767183,10.389708618312179,23.85918107238334
zero_compute,ACBBA,medium,count_b4,p95_release_to_first_current_goal_latency_s,50,47.088491441543525,30.419954721452903,101.75519914820748
zero_compute,ACBBA,medium,count_b8,mission_elapsed_time_s,50,217.070310281304,153.1173336801442,302.95871720073995
zero_compute,ACBBA,medium,count_b8,simulated_execution_time_s,50,217.070310281304,153.1173336801442,302.95871720073995
zero_compute,ACBBA,medium,count_b8,W_alloc_agx_s,50,1.192541688,0.803763096,1.879354119
zero_compute,ACBBA,medium,count_b8,W_alloc_rp2040_s,50,0.0,0.0,0.0
zero_compute,ACBBA,medium,count_b8,allocator_call_count,50,938.5,687.0,1247.0
zero_compute,ACBBA,medium,count_b8,allocation_epoch_count,50,7.0,7.0,7.0
zero_compute,ACBBA,medium,count_b8,messages_sent_total,50,2956.0,2108.0,4123.0
zero_compute,ACBBA,medium,count_b8,messages_delivered_total,50,8869.0,6325.0,12370.0
zero_compute,ACBBA,medium,count_b8,logical_message_payload_bytes_sent_total,50,374217.0,228265.0,643376.0
zero_compute,ACBBA,medium,count_b8,movement_time_s,50,596.2647126439035,477.13538224660795,719.1070595701822
zero_compute,ACBBA,medium,count_b8,completed_task_count,0,,,
zero_compute,ACBBA,medium,count_b8,mean_release_to_completion_latency_s,50,39.06297048799067,29.75707111452722,56.552356763496704
zero_compute,ACBBA,medium,count_b8,median_release_to_completion_latency_s,50,35.033553572692526,25.805190555166853,47.37417957348114
zero_compute,ACBBA,medium,count_b8,p95_release_to_completion_latency_s,50,83.77374688983458,51.099965237023994,146.60567102469338
zero_compute,ACBBA,medium,count_b8,mean_release_to_first_current_goal_latency_s,50,20.452646186459702,15.40517985023993,34.64855520608032
zero_compute,ACBBA,medium,count_b8,p95_release_to_first_current_goal_latency_s,50,54.75542281785368,35.02614204750474,110.4447576400859
zero_compute,ACBBA,medium,eager_b1,mission_elapsed_time_s,50,183.6420950204273,143.4824640540041,231.772238794703
zero_compute,ACBBA,medium,eager_b1,simulated_execution_time_s,50,183.6420950204273,143.4824640540041,231.772238794703
zero_compute,ACBBA,medium,eager_b1,W_alloc_agx_s,50,1.108531301,0.786547183,2.232894955
zero_compute,ACBBA,medium,eager_b1,W_alloc_rp2040_s,50,0.0,0.0,0.0
zero_compute,ACBBA,medium,eager_b1,allocator_call_count,50,850.5,644.0,1105.0
zero_compute,ACBBA,medium,eager_b1,allocation_epoch_count,50,43.0,43.0,43.0
zero_compute,ACBBA,medium,eager_b1,messages_sent_total,50,3087.0,2231.0,4688.0
zero_compute,ACBBA,medium,eager_b1,messages_delivered_total,50,9298.0,6730.0,14101.0
zero_compute,ACBBA,medium,eager_b1,logical_message_payload_bytes_sent_total,50,373229.0,230195.0,807872.0
zero_compute,ACBBA,medium,eager_b1,movement_time_s,50,594.5339269299052,481.9635222140116,721.1532589630216
zero_compute,ACBBA,medium,eager_b1,completed_task_count,0,,,
zero_compute,ACBBA,medium,eager_b1,mean_release_to_completion_latency_s,50,26.57583156388764,19.23310535532292,43.319565188948474
zero_compute,ACBBA,medium,eager_b1,median_release_to_completion_latency_s,50,20.9039889739651,13.81743095527802,27.099141890992385
zero_compute,ACBBA,medium,eager_b1,p95_release_to_completion_latency_s,50,70.39476218480387,44.171868976944246,140.85553839525977
zero_compute,ACBBA,medium,eager_b1,mean_release_to_first_current_goal_latency_s,50,7.84659508533273,3.7273795762940636,17.192355587633198
zero_compute,ACBBA,medium,eager_b1,p95_release_to_first_current_goal_latency_s,50,32.813536229275435,14.02875553135351,104.5455542111246
zero_compute,CBAA,high,bounded_b4_w10,mission_elapsed_time_s,50,122.30177012874421,94.14432904552442,158.61734858852128
zero_compute,CBAA,high,bounded_b4_w10,simulated_execution_time_s,50,122.30177012874421,94.14432904552442,158.61734858852128
zero_compute,CBAA,high,bounded_b4_w10,W_alloc_agx_s,50,0.1317264265,0.097420629,0.180018815
zero_compute,CBAA,high,bounded_b4_w10,W_alloc_rp2040_s,50,0.0,0.0,0.0
zero_compute,CBAA,high,bounded_b4_w10,allocator_call_count,50,410.0,310.0,524.0
zero_compute,CBAA,high,bounded_b4_w10,allocation_epoch_count,50,12.0,12.0,13.0
zero_compute,CBAA,high,bounded_b4_w10,messages_sent_total,50,1077.0,924.0,1254.0
zero_compute,CBAA,high,bounded_b4_w10,messages_delivered_total,50,3237.0,2778.0,3759.0
zero_compute,CBAA,high,bounded_b4_w10,logical_message_payload_bytes_sent_total,50,57586.5,51000.0,68040.0
zero_compute,CBAA,high,bounded_b4_w10,movement_time_s,50,434.7120157981139,337.1336464930162,518.4567852339557
zero_compute,CBAA,high,bounded_b4_w10,completed_task_count,0,,,
zero_compute,CBAA,high,bounded_b4_w10,mean_release_to_completion_latency_s,50,29.9783061147445,22.299775534815563,37.77478143311737
zero_compute,CBAA,high,bounded_b4_w10,median_release_to_completion_latency_s,50,24.695329102054203,15.887571468490906,34.43883647746206
zero_compute,CBAA,high,bounded_b4_w10,p95_release_to_completion_latency_s,50,69.66030886148368,48.900379541369496,102.2405119510858
zero_compute,CBAA,high,bounded_b4_w10,mean_release_to_first_current_goal_latency_s,50,21.61880310582771,13.379090752257977,29.711479212316757
zero_compute,CBAA,high,bounded_b4_w10,p95_release_to_first_current_goal_latency_s,50,59.688489454933475,38.89646226782462,86.19403254542136
zero_compute,CBAA,high,count_b2,mission_elapsed_time_s,50,119.28856278753673,96.99278510160211,145.8174014786434
zero_compute,CBAA,high,count_b2,simulated_execution_time_s,50,119.28856278753673,96.99278510160211,145.8174014786434
zero_compute,CBAA,high,count_b2,W_alloc_agx_s,50,0.1314116115,0.104653414,0.169098314
zero_compute,CBAA,high,count_b2,W_alloc_rp2040_s,50,0.0,0.0,0.0
zero_compute,CBAA,high,count_b2,allocator_call_count,50,406.5,323.0,500.0
zero_compute,CBAA,high,count_b2,allocation_epoch_count,50,22.0,22.0,22.0
zero_compute,CBAA,high,count_b2,messages_sent_total,50,1064.0,929.0,1200.0
zero_compute,CBAA,high,count_b2,messages_delivered_total,50,3208.0,2803.0,3596.0
zero_compute,CBAA,high,count_b2,logical_message_payload_bytes_sent_total,50,59320.0,52756.0,65463.0
zero_compute,CBAA,high,count_b2,movement_time_s,50,422.6154865167201,337.4491992061839,479.6125001919389
zero_compute,CBAA,high,count_b2,completed_task_count,0,,,
zero_compute,CBAA,high,count_b2,mean_release_to_completion_latency_s,50,27.693863796723097,22.28053597309076,35.39767623741051
zero_compute,CBAA,high,count_b2,median_release_to_completion_latency_s,50,22.497871043170846,17.37616880047508,29.41149681923318
zero_compute,CBAA,high,count_b2,p95_release_to_completion_latency_s,50,66.14835861753869,44.87963167054218,95.02602167552594
zero_compute,CBAA,high,count_b2,mean_release_to_first_current_goal_latency_s,50,19.57410701492939,14.349107366964027,28.115314524443036
zero_compute,CBAA,high,count_b2,p95_release_to_first_current_goal_latency_s,50,55.828635475891446,34.33863919233787,88.07342338156971
zero_compute,CBAA,high,count_b4,mission_elapsed_time_s,50,139.19993228870777,109.13480528872314,187.2934164909823
zero_compute,CBAA,high,count_b4,simulated_execution_time_s,50,139.19993228870777,109.13480528872314,187.2934164909823
zero_compute,CBAA,high,count_b4,W_alloc_agx_s,50,0.16495578900000002,0.1186577,0.256312884
zero_compute,CBAA,high,count_b4,W_alloc_rp2040_s,50,0.0,0.0,0.0
zero_compute,CBAA,high,count_b4,allocator_call_count,50,480.5,372.0,624.0
zero_compute,CBAA,high,count_b4,allocation_epoch_count,50,12.0,12.0,12.0
zero_compute,CBAA,high,count_b4,messages_sent_total,50,1107.0,900.0,1328.0
zero_compute,CBAA,high,count_b4,messages_delivered_total,50,3327.0,2706.0,3990.0
zero_compute,CBAA,high,count_b4,logical_message_payload_bytes_sent_total,50,58953.0,49746.0,65822.0
zero_compute,CBAA,high,count_b4,movement_time_s,50,455.8719973389958,353.2982250754677,592.9167130991749
zero_compute,CBAA,high,count_b4,completed_task_count,0,,,
zero_compute,CBAA,high,count_b4,mean_release_to_completion_latency_s,50,31.85649271439473,24.026722684370153,39.00525974719469
zero_compute,CBAA,high,count_b4,median_release_to_completion_latency_s,50,25.345365203844572,20.739464701947334,34.701707436989516
zero_compute,CBAA,high,count_b4,p95_release_to_completion_latency_s,50,73.09511789009562,50.89816710719683,99.28250159210776
zero_compute,CBAA,high,count_b4,mean_release_to_first_current_goal_latency_s,50,22.845945809122128,15.924593971039215,30.68557983293271
zero_compute,CBAA,high,count_b4,p95_release_to_first_current_goal_latency_s,50,61.35033376840432,40.40599157086169,86.07325192504538
zero_compute,CBAA,high,count_b8,mission_elapsed_time_s,50,141.0717475313344,117.66687043941707,192.98030341853
zero_compute,CBAA,high,count_b8,simulated_execution_time_s,50,141.0717475313344,117.66687043941707,192.98030341853
zero_compute,CBAA,high,count_b8,W_alloc_agx_s,50,0.1646666635,0.126639777,0.273927766
zero_compute,CBAA,high,count_b8,W_alloc_rp2040_s,50,0.0,0.0,0.0
zero_compute,CBAA,high,count_b8,allocator_call_count,50,474.0,394.0,703.0
zero_compute,CBAA,high,count_b8,allocation_epoch_count,50,7.0,7.0,7.0
zero_compute,CBAA,high,count_b8,messages_sent_total,50,1113.5,951.0,1502.0
zero_compute,CBAA,high,count_b8,messages_delivered_total,50,3341.5,2854.0,4507.0
zero_compute,CBAA,high,count_b8,logical_message_payload_bytes_sent_total,50,58210.5,50678.0,75693.0
zero_compute,CBAA,high,count_b8,movement_time_s,50,459.6654102631164,386.45852769572934,634.8336355810189
zero_compute,CBAA,high,count_b8,completed_task_count,0,,,
zero_compute,CBAA,high,count_b8,mean_release_to_completion_latency_s,50,33.36240453949502,27.539348758827995,45.45996228770902
zero_compute,CBAA,high,count_b8,median_release_to_completion_latency_s,50,28.952273435533257,23.113851221102742,36.919821871185235
zero_compute,CBAA,high,count_b8,p95_release_to_completion_latency_s,50,70.42817646741528,49.62289235642886,102.81708020815094
zero_compute,CBAA,high,count_b8,mean_release_to_first_current_goal_latency_s,50,24.70130604738385,19.3617817573951,34.35110873693656
zero_compute,CBAA,high,count_b8,p95_release_to_first_current_goal_latency_s,50,59.00773328291568,41.36287134098773,90.36112137315094
zero_compute,CBAA,high,eager_b1,mission_elapsed_time_s,50,117.79866061124338,92.54725958468863,143.59816160308444
zero_compute,CBAA,high,eager_b1,simulated_execution_time_s,50,117.79866061124338,92.54725958468863,143.59816160308444
zero_compute,CBAA,high,eager_b1,W_alloc_agx_s,50,0.13868617049999998,0.109303279,0.250368271
zero_compute,CBAA,high,eager_b1,W_alloc_rp2040_s,50,0.0,0.0,0.0
zero_compute,CBAA,high,eager_b1,allocator_call_count,50,447.5,361.0,658.0
zero_compute,CBAA,high,eager_b1,allocation_epoch_count,50,43.0,43.0,43.0
zero_compute,CBAA,high,eager_b1,messages_sent_total,50,1079.0,938.0,1266.0
zero_compute,CBAA,high,eager_b1,messages_delivered_total,50,3274.0,2851.0,3835.0
zero_compute,CBAA,high,eager_b1,logical_message_payload_bytes_sent_total,50,62693.0,56589.0,72368.0
zero_compute,CBAA,high,eager_b1,movement_time_s,50,418.1310670939313,335.89992228984664,504.03329217417604
zero_compute,CBAA,high,eager_b1,completed_task_count,0,,,
zero_compute,CBAA,high,eager_b1,mean_release_to_completion_latency_s,50,27.195238979725854,20.577975514590722,32.715479429990744
zero_compute,CBAA,high,eager_b1,median_release_to_completion_latency_s,50,22.681438305546408,15.156803231965146,29.554986046986656
zero_compute,CBAA,high,eager_b1,p95_release_to_completion_latency_s,50,64.87592214204035,47.86278155210887,98.4448288322543
zero_compute,CBAA,high,eager_b1,mean_release_to_first_current_goal_latency_s,50,19.24112647186937,12.743386119827804,26.176975316959926
zero_compute,CBAA,high,eager_b1,p95_release_to_first_current_goal_latency_s,50,54.69104098653624,34.17462735541304,91.67492005387234
zero_compute,CBAA,low,bounded_b4_w10,mission_elapsed_time_s,50,589.1041829338426,318.39924216962663,726.1647157794398
zero_compute,CBAA,low,bounded_b4_w10,simulated_execution_time_s,50,589.1041829338426,318.39924216962663,726.1647157794398
zero_compute,CBAA,low,bounded_b4_w10,W_alloc_agx_s,50,0.5467302270000001,0.357808366,0.701015307
zero_compute,CBAA,low,bounded_b4_w10,W_alloc_rp2040_s,50,0.0,0.0,0.0
zero_compute,CBAA,low,bounded_b4_w10,allocator_call_count,50,1544.5,1025.0,1895.0
zero_compute,CBAA,low,bounded_b4_w10,allocation_epoch_count,50,25.5,19.0,30.0
zero_compute,CBAA,low,bounded_b4_w10,messages_sent_total,50,1834.0,1500.0,2138.0
zero_compute,CBAA,low,bounded_b4_w10,messages_delivered_total,50,5520.5,4513.0,6435.0
zero_compute,CBAA,low,bounded_b4_w10,logical_message_payload_bytes_sent_total,50,88409.5,74235.0,107559.0
zero_compute,CBAA,low,bounded_b4_w10,movement_time_s,50,757.0261139484703,643.966357567017,893.0641351649795
zero_compute,CBAA,low,bounded_b4_w10,completed_task_count,0,,,
zero_compute,CBAA,low,bounded_b4_w10,mean_release_to_completion_latency_s,50,20.956275854070853,18.698253373008953,24.46127864902094
zero_compute,CBAA,low,bounded_b4_w10,median_release_to_completion_latency_s,50,20.040671969905254,17.88308896985938,23.825997705731734
zero_compute,CBAA,low,bounded_b4_w10,p95_release_to_completion_latency_s,50,36.783873775036994,31.309577396287086,51.669105087842425
zero_compute,CBAA,low,bounded_b4_w10,mean_release_to_first_current_goal_latency_s,50,8.09810382239433,6.360188852652796,9.744477758826008
zero_compute,CBAA,low,bounded_b4_w10,p95_release_to_first_current_goal_latency_s,50,15.346872072996252,10.04000000000002,28.16138417082701
zero_compute,CBAA,low,count_b2,mission_elapsed_time_s,50,586.2113362586541,332.3267281156902,724.7503392673851
zero_compute,CBAA,low,count_b2,simulated_execution_time_s,50,586.2113362586541,332.3267281156902,724.7503392673851
zero_compute,CBAA,low,count_b2,W_alloc_agx_s,50,0.5082880855,0.437034701,0.654303847
zero_compute,CBAA,low,count_b2,W_alloc_rp2040_s,50,0.0,0.0,0.0
zero_compute,CBAA,low,count_b2,allocator_call_count,50,1445.0,1242.0,1728.0
zero_compute,CBAA,low,count_b2,allocation_epoch_count,50,22.0,22.0,22.0
zero_compute,CBAA,low,count_b2,messages_sent_total,50,1781.5,1555.0,2093.0
zero_compute,CBAA,low,count_b2,messages_delivered_total,50,5360.5,4681.0,6295.0
zero_compute,CBAA,low,count_b2,logical_message_payload_bytes_sent_total,50,86953.5,76479.0,104783.0
zero_compute,CBAA,low,count_b2,movement_time_s,50,749.7929681367123,646.1837473940253,921.1816413797369
zero_compute,CBAA,low,count_b2,completed_task_count,0,,,
zero_compute,CBAA,low,count_b2,mean_release_to_completion_latency_s,50,20.631721433431,17.11341681452971,25.0111614419837
zero_compute,CBAA,low,count_b2,median_release_to_completion_latency_s,50,17.873365252991515,13.217690197599282,24.756254420247174
zero_compute,CBAA,low,count_b2,p95_release_to_completion_latency_s,50,44.88180979023811,31.867426418550963,62.230027746653604
zero_compute,CBAA,low,count_b2,mean_release_to_first_current_goal_latency_s,50,7.371742050867567,4.815701062507561,9.914226310532383
zero_compute,CBAA,low,count_b2,p95_release_to_first_current_goal_latency_s,50,30.29952109650003,17.100482000867643,52.091509364000046
zero_compute,CBAA,low,count_b4,mission_elapsed_time_s,50,605.6436353934116,334.00488532280855,739.8846153659781
zero_compute,CBAA,low,count_b4,simulated_execution_time_s,50,605.6436353934116,334.00488532280855,739.8846153659781
zero_compute,CBAA,low,count_b4,W_alloc_agx_s,50,0.3901666375,0.321836396,0.515726301
zero_compute,CBAA,low,count_b4,W_alloc_rp2040_s,50,0.0,0.0,0.0
zero_compute,CBAA,low,count_b4,allocator_call_count,50,1164.0,970.0,1486.0
zero_compute,CBAA,low,count_b4,allocation_epoch_count,50,12.0,12.0,12.0
zero_compute,CBAA,low,count_b4,messages_sent_total,50,1715.5,1452.0,1941.0
zero_compute,CBAA,low,count_b4,messages_delivered_total,50,5152.5,4362.0,5829.0
zero_compute,CBAA,low,count_b4,logical_message_payload_bytes_sent_total,50,83014.5,71913.0,95851.0
zero_compute,CBAA,low,count_b4,movement_time_s,50,738.8173028829665,591.7785637211512,821.5147733013648
zero_compute,CBAA,low,count_b4,completed_task_count,0,,,
zero_compute,CBAA,low,count_b4,mean_release_to_completion_latency_s,50,32.097104394735794,25.998722480531136,38.24473224443255
zero_compute,CBAA,low,count_b4,median_release_to_completion_latency_s,50,26.82562811613218,19.058062947461664,33.014372995531915
zero_compute,CBAA,low,count_b4,p95_release_to_completion_latency_s,50,75.96229703344548,54.15130575401935,113.5101260466749
zero_compute,CBAA,low,count_b4,mean_release_to_first_current_goal_latency_s,50,18.79035765672837,12.95802091886637,25.11128516311438
zero_compute,CBAA,low,count_b4,p95_release_to_first_current_goal_latency_s,50,60.81828831899998,34.19512414699999,98.85521684536803
zero_compute,CBAA,low,count_b8,mission_elapsed_time_s,50,605.7015209865033,338.0233166837872,743.9966392920417
zero_compute,CBAA,low,count_b8,simulated_execution_time_s,50,605.7015209865033,338.0233166837872,743.9966392920417
zero_compute,CBAA,low,count_b8,W_alloc_agx_s,50,0.314857571,0.228509651,0.399888061
zero_compute,CBAA,low,count_b8,W_alloc_rp2040_s,50,0.0,0.0,0.0
zero_compute,CBAA,low,count_b8,allocator_call_count,50,926.0,732.0,1124.0
zero_compute,CBAA,low,count_b8,allocation_epoch_count,50,7.0,7.0,7.0
zero_compute,CBAA,low,count_b8,messages_sent_total,50,1576.5,1311.0,1893.0
zero_compute,CBAA,low,count_b8,messages_delivered_total,50,4730.5,3934.0,5680.0
zero_compute,CBAA,low,count_b8,logical_message_payload_bytes_sent_total,50,77144.5,65224.0,91972.0
zero_compute,CBAA,low,count_b8,movement_time_s,50,672.2404437046241,542.8626409132131,812.3103827556595
zero_compute,CBAA,low,count_b8,completed_task_count,0,,,
zero_compute,CBAA,low,count_b8,mean_release_to_completion_latency_s,50,56.05967780375231,37.70574544076673,72.65296752309177
zero_compute,CBAA,low,count_b8,median_release_to_completion_latency_s,50,45.18729374091525,31.93176743750836,62.91409573471009
zero_compute,CBAA,low,count_b8,p95_release_to_completion_latency_s,50,134.12077791608715,82.87255937990456,249.4198358754524
zero_compute,CBAA,low,count_b8,mean_release_to_first_current_goal_latency_s,50,43.33142731267291,25.766791367087688,58.960162077423625
zero_compute,CBAA,low,count_b8,p95_release_to_first_current_goal_latency_s,50,120.31194741624341,71.91811341635254,244.21067350864308
zero_compute,CBAA,low,eager_b1,mission_elapsed_time_s,50,580.0705599485434,332.40715861765466,718.4608153798808
zero_compute,CBAA,low,eager_b1,simulated_execution_time_s,50,580.0705599485434,332.40715861765466,718.4608153798808
zero_compute,CBAA,low,eager_b1,W_alloc_agx_s,50,0.5760566295,0.415467713,0.769861924
zero_compute,CBAA,low,eager_b1,W_alloc_rp2040_s,50,0.0,0.0,0.0
zero_compute,CBAA,low,eager_b1,allocator_call_count,50,1606.0,1203.0,2066.0
zero_compute,CBAA,low,eager_b1,allocation_epoch_count,50,43.0,43.0,43.0
zero_compute,CBAA,low,eager_b1,messages_sent_total,50,1924.0,1698.0,2285.0
zero_compute,CBAA,low,eager_b1,messages_delivered_total,50,5809.0,5131.0,6892.0
zero_compute,CBAA,low,eager_b1,logical_message_payload_bytes_sent_total,50,94581.5,85373.0,113894.0
zero_compute,CBAA,low,eager_b1,movement_time_s,50,797.0702059418174,695.9860631399488,952.0278099886655
zero_compute,CBAA,low,eager_b1,completed_task_count,0,,,
zero_compute,CBAA,low,eager_b1,mean_release_to_completion_latency_s,50,14.950714674076707,11.435352483168526,17.226188025974157
zero_compute,CBAA,low,eager_b1,median_release_to_completion_latency_s,50,12.871300278896118,10.211812590175256,16.188246873037485
zero_compute,CBAA,low,eager_b1,p95_release_to_completion_latency_s,50,32.416778035056616,25.129346936475088,42.0197383188029
zero_compute,CBAA,low,eager_b1,mean_release_to_first_current_goal_latency_s,50,1.7910195593584795,0.7942782897016881,3.691682886738949
zero_compute,CBAA,low,eager_b1,p95_release_to_first_current_goal_latency_s,50,13.335334439976213,4.881738405524715,30.120501255815554
zero_compute,CBAA,medium,bounded_b4_w10,mission_elapsed_time_s,50,180.03528993574645,131.35545276731054,210.09787453636616
zero_compute,CBAA,medium,bounded_b4_w10,simulated_execution_time_s,50,180.03528993574645,131.35545276731054,210.09787453636616
zero_compute,CBAA,medium,bounded_b4_w10,W_alloc_agx_s,50,0.179920405,0.135692398,0.261385091
zero_compute,CBAA,medium,bounded_b4_w10,W_alloc_rp2040_s,50,0.0,0.0,0.0
zero_compute,CBAA,medium,bounded_b4_w10,allocator_call_count,50,595.0,442.0,802.0
zero_compute,CBAA,medium,bounded_b4_w10,allocation_epoch_count,50,14.0,12.0,17.0
zero_compute,CBAA,medium,bounded_b4_w10,messages_sent_total,50,1354.5,1085.0,1607.0
zero_compute,CBAA,medium,bounded_b4_w10,messages_delivered_total,50,4071.5,3261.0,4830.0
zero_compute,CBAA,medium,bounded_b4_w10,logical_message_payload_bytes_sent_total,50,67651.5,58071.0,77835.0
zero_compute,CBAA,medium,bounded_b4_w10,movement_time_s,50,606.6266307923322,449.32464802576385,742.924696435614
zero_compute,CBAA,medium,bounded_b4_w10,completed_task_count,0,,,
zero_compute,CBAA,medium,bounded_b4_w10,mean_release_to_completion_latency_s,50,26.216129556249136,17.901743801748598,33.33397951304606
zero_compute,CBAA,medium,bounded_b4_w10,median_release_to_completion_latency_s,50,23.844602657630613,18.006296299024108,31.947874472739336
zero_compute,CBAA,medium,bounded_b4_w10,p95_release_to_completion_latency_s,50,52.73029932757391,33.094726241827104,84.69456812626427
zero_compute,CBAA,medium,bounded_b4_w10,mean_release_to_first_current_goal_latency_s,50,13.519135946020693,7.452360587578994,23.181263375603066
zero_compute,CBAA,medium,bounded_b4_w10,p95_release_to_first_current_goal_latency_s,50,33.936977610995044,15.924083538382703,79.68566743940877
zero_compute,CBAA,medium,count_b2,mission_elapsed_time_s,50,181.55865352756138,113.58979765661941,210.23369593864695
zero_compute,CBAA,medium,count_b2,simulated_execution_time_s,50,181.55865352756138,113.58979765661941,210.23369593864695
zero_compute,CBAA,medium,count_b2,W_alloc_agx_s,50,0.177677463,0.115649807,0.263171112
zero_compute,CBAA,medium,count_b2,W_alloc_rp2040_s,50,0.0,0.0,0.0
zero_compute,CBAA,medium,count_b2,allocator_call_count,50,600.0,366.0,750.0
zero_compute,CBAA,medium,count_b2,allocation_epoch_count,50,22.0,22.0,22.0
zero_compute,CBAA,medium,count_b2,messages_sent_total,50,1375.0,1023.0,1547.0
zero_compute,CBAA,medium,count_b2,messages_delivered_total,50,4141.0,3085.0,4657.0
zero_compute,CBAA,medium,count_b2,logical_message_payload_bytes_sent_total,50,69261.0,56012.0,77094.0
zero_compute,CBAA,medium,count_b2,movement_time_s,50,610.3707743301993,402.4297081835097,747.5868106078939
zero_compute,CBAA,medium,count_b2,completed_task_count,0,,,
zero_compute,CBAA,medium,count_b2,mean_release_to_completion_latency_s,50,24.45255447925121,17.4393369105618,31.1722742899046
zero_compute,CBAA,medium,count_b2,median_release_to_completion_latency_s,50,21.695920535889368,16.156379141882255,30.70588596077361
zero_compute,CBAA,medium,count_b2,p95_release_to_completion_latency_s,50,51.22617233113229,32.591545145497946,75.21510444864367
zero_compute,CBAA,medium,count_b2,mean_release_to_first_current_goal_latency_s,50,12.89969163865478,6.230999618002523,20.145071985806513
zero_compute,CBAA,medium,count_b2,p95_release_to_first_current_goal_latency_s,50,37.20795103879965,18.54513119783183,58.436801704079386
zero_compute,CBAA,medium,count_b4,mission_elapsed_time_s,50,192.96112546931528,137.53451932760973,227.81150859400222
zero_compute,CBAA,medium,count_b4,simulated_execution_time_s,50,192.96112546931528,137.53451932760973,227.81150859400222
zero_compute,CBAA,medium,count_b4,W_alloc_agx_s,50,0.20341495850000002,0.152564429,0.269956328
zero_compute,CBAA,medium,count_b4,W_alloc_rp2040_s,50,0.0,0.0,0.0
zero_compute,CBAA,medium,count_b4,allocator_call_count,50,632.5,477.0,786.0
zero_compute,CBAA,medium,count_b4,allocation_epoch_count,50,12.0,12.0,12.0
zero_compute,CBAA,medium,count_b4,messages_sent_total,50,1399.0,1100.0,1627.0
zero_compute,CBAA,medium,count_b4,messages_delivered_total,50,4203.0,3306.0,4887.0
zero_compute,CBAA,medium,count_b4,logical_message_payload_bytes_sent_total,50,68812.5,58417.0,82235.0
zero_compute,CBAA,medium,count_b4,movement_time_s,50,625.4353462481799,459.2044795033015,729.5745607486531
zero_compute,CBAA,medium,count_b4,completed_task_count,0,,,
zero_compute,CBAA,medium,count_b4,mean_release_to_completion_latency_s,50,26.999761157661432,21.78863234320262,36.69309374277385
zero_compute,CBAA,medium,count_b4,median_release_to_completion_latency_s,50,25.261886797983763,20.53176370933915,33.54111652530333
zero_compute,CBAA,medium,count_b4,p95_release_to_completion_latency_s,50,54.27382788209876,39.38555068769718,82.45015364630211
zero_compute,CBAA,medium,count_b4,mean_release_to_first_current_goal_latency_s,50,15.22107868951732,9.848193811710821,26.921218832028988
zero_compute,CBAA,medium,count_b4,p95_release_to_first_current_goal_latency_s,50,38.964802633801895,25.610616473965365,76.98240840964263
zero_compute,CBAA,medium,count_b8,mission_elapsed_time_s,50,197.56906112004606,143.95021579720805,237.82656603200599
zero_compute,CBAA,medium,count_b8,simulated_execution_time_s,50,197.56906112004606,143.95021579720805,237.82656603200599
zero_compute,CBAA,medium,count_b8,W_alloc_agx_s,50,0.210342772,0.153647702,0.290916477
zero_compute,CBAA,medium,count_b8,W_alloc_rp2040_s,50,0.0,0.0,0.0
zero_compute,CBAA,medium,count_b8,allocator_call_count,50,673.5,483.0,830.0
zero_compute,CBAA,medium,count_b8,allocation_epoch_count,50,7.0,7.0,7.0
zero_compute,CBAA,medium,count_b8,messages_sent_total,50,1394.0,1204.0,1557.0
zero_compute,CBAA,medium,count_b8,messages_delivered_total,50,4183.0,3613.0,4672.0
zero_compute,CBAA,medium,count_b8,logical_message_payload_bytes_sent_total,50,68000.0,59797.0,75160.0
zero_compute,CBAA,medium,count_b8,movement_time_s,50,607.1315636159275,507.0289803807152,723.87515107328
zero_compute,CBAA,medium,count_b8,completed_task_count,0,,,
zero_compute,CBAA,medium,count_b8,mean_release_to_completion_latency_s,50,32.05876568154199,24.507093317154315,43.85775460085962
zero_compute,CBAA,medium,count_b8,median_release_to_completion_latency_s,50,31.358894671821254,22.69353971315468,41.17800329194006
zero_compute,CBAA,medium,count_b8,p95_release_to_completion_latency_s,50,62.05047486797153,46.540327837783266,97.39896511233127
zero_compute,CBAA,medium,count_b8,mean_release_to_first_current_goal_latency_s,50,20.68824177553972,13.929690224929598,31.590269914684782
zero_compute,CBAA,medium,count_b8,p95_release_to_first_current_goal_latency_s,50,43.93776952700785,31.179261849812413,87.04865636315589
zero_compute,CBAA,medium,eager_b1,mission_elapsed_time_s,50,174.16246420168866,113.56607015454574,214.4755644844292
zero_compute,CBAA,medium,eager_b1,simulated_execution_time_s,50,174.16246420168866,113.56607015454574,214.4755644844292
zero_compute,CBAA,medium,eager_b1,W_alloc_agx_s,50,0.1831875185,0.123177239,0.248174158
zero_compute,CBAA,medium,eager_b1,W_alloc_rp2040_s,50,0.0,0.0,0.0
zero_compute,CBAA,medium,eager_b1,allocator_call_count,50,613.5,418.0,800.0
zero_compute,CBAA,medium,eager_b1,allocation_epoch_count,50,43.0,43.0,43.0
zero_compute,CBAA,medium,eager_b1,messages_sent_total,50,1396.5,1044.0,1563.0
zero_compute,CBAA,medium,eager_b1,messages_delivered_total,50,4226.5,3169.0,4726.0
zero_compute,CBAA,medium,eager_b1,logical_message_payload_bytes_sent_total,50,73917.0,61389.0,82740.0
zero_compute,CBAA,medium,eager_b1,movement_time_s,50,604.1522717979656,402.42970818350983,736.5308480292421
zero_compute,CBAA,medium,eager_b1,completed_task_count,0,,,
zero_compute,CBAA,medium,eager_b1,mean_release_to_completion_latency_s,50,21.71112910248779,15.281599773239643,34.79715329574145
zero_compute,CBAA,medium,eager_b1,median_release_to_completion_latency_s,50,18.55645311638144,14.356205665622248,33.14592102459372
zero_compute,CBAA,medium,eager_b1,p95_release_to_completion_latency_s,50,47.484987672957544,29.6623124629267,74.84064724693803
zero_compute,CBAA,medium,eager_b1,mean_release_to_first_current_goal_latency_s,50,9.991205407735047,3.259095733478554,19.77941156281926
zero_compute,CBAA,medium,eager_b1,p95_release_to_first_current_goal_latency_s,50,34.542272855993716,14.899334651019203,55.262432014887665
zero_compute,HIPC,high,bounded_b4_w10,mission_elapsed_time_s,50,135.9376893961878,103.26216165768909,208.79079286127973
zero_compute,HIPC,high,bounded_b4_w10,simulated_execution_time_s,50,135.9376893961878,103.26216165768909,208.79079286127973
zero_compute,HIPC,high,bounded_b4_w10,W_alloc_agx_s,50,1.189433439,0.63814152,4.08096352
zero_compute,HIPC,high,bounded_b4_w10,W_alloc_rp2040_s,50,0.0,0.0,0.0
zero_compute,HIPC,high,bounded_b4_w10,allocator_call_count,50,801.0,515.0,2277.0
zero_compute,HIPC,high,bounded_b4_w10,allocation_epoch_count,50,12.0,12.0,13.0
zero_compute,HIPC,high,bounded_b4_w10,messages_sent_total,50,1027.0,796.0,1437.0
zero_compute,HIPC,high,bounded_b4_w10,messages_delivered_total,50,3087.0,2394.0,4313.0
zero_compute,HIPC,high,bounded_b4_w10,logical_message_payload_bytes_sent_total,50,139526.0,79530.0,393547.0
zero_compute,HIPC,high,bounded_b4_w10,movement_time_s,50,345.200015441285,281.4858498518759,455.36633541337545
zero_compute,HIPC,high,bounded_b4_w10,completed_task_count,0,,,
zero_compute,HIPC,high,bounded_b4_w10,mean_release_to_completion_latency_s,50,32.66917624464721,25.130488949828447,66.28361326815516
zero_compute,HIPC,high,bounded_b4_w10,median_release_to_completion_latency_s,50,24.29381168042439,18.987742162499114,43.2212975128038
zero_compute,HIPC,high,bounded_b4_w10,p95_release_to_completion_latency_s,50,87.43989936337269,48.35761830210477,179.3593467502797
zero_compute,HIPC,high,bounded_b4_w10,mean_release_to_first_current_goal_latency_s,50,22.68244191622872,15.868413337187594,52.01574850655316
zero_compute,HIPC,high,bounded_b4_w10,p95_release_to_first_current_goal_latency_s,50,71.16333426322586,35.04174635069853,175.54446639794367
zero_compute,HIPC,high,count_b2,mission_elapsed_time_s,50,129.67512561886275,104.9881672160275,187.40657374936606
zero_compute,HIPC,high,count_b2,simulated_execution_time_s,50,129.67512561886275,104.9881672160275,187.40657374936606
zero_compute,HIPC,high,count_b2,W_alloc_agx_s,50,1.3085051895,0.636417491,5.17755992
zero_compute,HIPC,high,count_b2,W_alloc_rp2040_s,50,0.0,0.0,0.0
zero_compute,HIPC,high,count_b2,allocator_call_count,50,847.0,555.0,1859.0
zero_compute,HIPC,high,count_b2,allocation_epoch_count,50,22.0,22.0,22.0
zero_compute,HIPC,high,count_b2,messages_sent_total,50,1106.0,880.0,1398.0
zero_compute,HIPC,high,count_b2,messages_delivered_total,50,3334.0,2656.0,4210.0
zero_compute,HIPC,high,count_b2,logical_message_payload_bytes_sent_total,50,162309.5,94657.0,315976.0
zero_compute,HIPC,high,count_b2,movement_time_s,50,331.8508814654073,287.0478871412139,459.47816614442786
zero_compute,HIPC,high,count_b2,completed_task_count,0,,,
zero_compute,HIPC,high,count_b2,mean_release_to_completion_latency_s,50,31.867531621089096,23.384939836282395,51.35415229026139
zero_compute,HIPC,high,count_b2,median_release_to_completion_latency_s,50,24.467594751391683,17.079940958290294,38.650153143288335
zero_compute,HIPC,high,count_b2,p95_release_to_completion_latency_s,50,84.32943245809916,54.16080805419213,150.8707183779006
zero_compute,HIPC,high,count_b2,mean_release_to_first_current_goal_latency_s,50,22.49304043774318,13.59599578351137,42.16341894186756
zero_compute,HIPC,high,count_b2,p95_release_to_first_current_goal_latency_s,50,75.83075947034557,42.72729171336281,133.80816559184518
zero_compute,HIPC,high,count_b4,mission_elapsed_time_s,50,151.1499115518734,116.52725983132673,217.20959492702147
zero_compute,HIPC,high,count_b4,simulated_execution_time_s,50,151.1499115518734,116.52725983132673,217.20959492702147
zero_compute,HIPC,high,count_b4,W_alloc_agx_s,50,1.174771502,0.639830525,3.527179139
zero_compute,HIPC,high,count_b4,W_alloc_rp2040_s,50,0.0,0.0,0.0
zero_compute,HIPC,high,count_b4,allocator_call_count,50,876.0,547.0,1750.0
zero_compute,HIPC,high,count_b4,allocation_epoch_count,50,12.0,12.0,12.0
zero_compute,HIPC,high,count_b4,messages_sent_total,50,1026.5,895.0,1380.0
zero_compute,HIPC,high,count_b4,messages_delivered_total,50,3085.5,2691.0,4146.0
zero_compute,HIPC,high,count_b4,logical_message_payload_bytes_sent_total,50,135603.0,79245.0,316772.0
zero_compute,HIPC,high,count_b4,movement_time_s,50,352.2368481130894,292.1126910238369,420.6288815527871
zero_compute,HIPC,high,count_b4,completed_task_count,0,,,
zero_compute,HIPC,high,count_b4,mean_release_to_completion_latency_s,50,34.6845890750527,27.20645387919842,64.93666713282138
zero_compute,HIPC,high,count_b4,median_release_to_completion_latency_s,50,25.813827593832738,18.53145621377711,46.5569067029046
zero_compute,HIPC,high,count_b4,p95_release_to_completion_latency_s,50,92.10522905852864,56.05389148998184,166.0955539691451
zero_compute,HIPC,high,count_b4,mean_release_to_first_current_goal_latency_s,50,25.161240082932043,17.35143592918089,52.72597240323096
zero_compute,HIPC,high,count_b4,p95_release_to_first_current_goal_latency_s,50,82.29527139230174,46.63887523512184,162.18652896261085
zero_compute,HIPC,high,count_b8,mission_elapsed_time_s,50,159.54637178177336,126.15920446798613,240.94318168337307
zero_compute,HIPC,high,count_b8,simulated_execution_time_s,50,159.54637178177336,126.15920446798613,240.94318168337307
zero_compute,HIPC,high,count_b8,W_alloc_agx_s,50,1.0243037735,0.566782688,3.110519965
zero_compute,HIPC,high,count_b8,W_alloc_rp2040_s,50,0.0,0.0,0.0
zero_compute,HIPC,high,count_b8,allocator_call_count,50,828.5,577.0,1997.0
zero_compute,HIPC,high,count_b8,allocation_epoch_count,50,7.0,7.0,7.0
zero_compute,HIPC,high,count_b8,messages_sent_total,50,988.0,806.0,1415.0
zero_compute,HIPC,high,count_b8,messages_delivered_total,50,2965.0,2419.0,4246.0
zero_compute,HIPC,high,count_b8,logical_message_payload_bytes_sent_total,50,120260.0,73846.0,356422.0
zero_compute,HIPC,high,count_b8,movement_time_s,50,352.4742885030827,295.88557242968585,478.3958307927503
zero_compute,HIPC,high,count_b8,completed_task_count,0,,,
zero_compute,HIPC,high,count_b8,mean_release_to_completion_latency_s,50,37.63547767021599,27.366448241330886,74.46208818842314
zero_compute,HIPC,high,count_b8,median_release_to_completion_latency_s,50,30.21580801592613,20.31491904426062,62.49423157664298
zero_compute,HIPC,high,count_b8,p95_release_to_completion_latency_s,50,92.61287756695319,55.535547426580784,182.69535827625563
zero_compute,HIPC,high,count_b8,mean_release_to_first_current_goal_latency_s,50,28.013924357583114,19.184050481380357,66.65496509883235
zero_compute,HIPC,high,count_b8,p95_release_to_first_current_goal_latency_s,50,79.20511939188444,45.53122466718959,180.92622492523248
zero_compute,HIPC,high,eager_b1,mission_elapsed_time_s,50,138.3936122193571,109.33799071213281,190.81062217264252
zero_compute,HIPC,high,eager_b1,simulated_execution_time_s,50,138.3936122193571,109.33799071213281,190.81062217264252
zero_compute,HIPC,high,eager_b1,W_alloc_agx_s,50,1.364575366,0.739680824,5.460336831
zero_compute,HIPC,high,eager_b1,W_alloc_rp2040_s,50,0.0,0.0,0.0
zero_compute,HIPC,high,eager_b1,allocator_call_count,50,911.5,625.0,1720.0
zero_compute,HIPC,high,eager_b1,allocation_epoch_count,50,43.0,43.0,43.0
zero_compute,HIPC,high,eager_b1,messages_sent_total,50,1168.5,941.0,1602.0
zero_compute,HIPC,high,eager_b1,messages_delivered_total,50,3542.5,2860.0,4843.0
zero_compute,HIPC,high,eager_b1,logical_message_payload_bytes_sent_total,50,170675.0,107179.0,423102.0
zero_compute,HIPC,high,eager_b1,movement_time_s,50,342.97882324815555,295.6978047370947,495.8931121054817
zero_compute,HIPC,high,eager_b1,completed_task_count,0,,,
zero_compute,HIPC,high,eager_b1,mean_release_to_completion_latency_s,50,31.726599075657635,24.996539723775374,48.76798842226077
zero_compute,HIPC,high,eager_b1,median_release_to_completion_latency_s,50,23.776768499767986,15.8356289479834,35.500268808629485
zero_compute,HIPC,high,eager_b1,p95_release_to_completion_latency_s,50,84.15362341612965,59.81745114807555,149.9787863546931
zero_compute,HIPC,high,eager_b1,mean_release_to_first_current_goal_latency_s,50,21.72919209130595,13.5161116136341,36.72291304115169
zero_compute,HIPC,high,eager_b1,p95_release_to_first_current_goal_latency_s,50,70.66636465537444,48.3690847376795,146.5605410409257
zero_compute,HIPC,low,bounded_b4_w10,mission_elapsed_time_s,50,585.2739092781206,326.0211379094606,734.5650740202012
zero_compute,HIPC,low,bounded_b4_w10,simulated_execution_time_s,50,585.2739092781206,326.0211379094606,734.5650740202012
zero_compute,HIPC,low,bounded_b4_w10,W_alloc_agx_s,50,0.7951406045,0.68790742,1.050361758
zero_compute,HIPC,low,bounded_b4_w10,W_alloc_rp2040_s,50,0.0,0.0,0.0
zero_compute,HIPC,low,bounded_b4_w10,allocator_call_count,50,1469.0,1234.0,1771.0
zero_compute,HIPC,low,bounded_b4_w10,allocation_epoch_count,50,25.5,19.0,30.0
zero_compute,HIPC,low,bounded_b4_w10,messages_sent_total,50,937.0,798.0,1151.0
zero_compute,HIPC,low,bounded_b4_w10,messages_delivered_total,50,2831.0,2415.0,3475.0
zero_compute,HIPC,low,bounded_b4_w10,logical_message_payload_bytes_sent_total,50,50974.0,40551.0,74599.0
zero_compute,HIPC,low,bounded_b4_w10,movement_time_s,50,513.0600548430341,402.80803017677886,573.7348951650766
zero_compute,HIPC,low,bounded_b4_w10,completed_task_count,0,,,
zero_compute,HIPC,low,bounded_b4_w10,mean_release_to_completion_latency_s,50,22.712128111538203,18.60001222823876,29.694259621392398
zero_compute,HIPC,low,bounded_b4_w10,median_release_to_completion_latency_s,50,20.29802730206187,17.43783270129788,25.757443915852896
zero_compute,HIPC,low,bounded_b4_w10,p95_release_to_completion_latency_s,50,46.02332805725939,33.2279942022392,104.36839834110144
zero_compute,HIPC,low,bounded_b4_w10,mean_release_to_first_current_goal_latency_s,50,11.488545187719554,7.974371813802362,18.552004098040843
zero_compute,HIPC,low,bounded_b4_w10,p95_release_to_first_current_goal_latency_s,50,35.21007536112286,18.973191188160474,69.41974668796094
zero_compute,HIPC,low,count_b2,mission_elapsed_time_s,50,582.9513775010291,339.88739475344374,742.5996922682813
zero_compute,HIPC,low,count_b2,simulated_execution_time_s,50,582.9513775010291,339.88739475344374,742.5996922682813
zero_compute,HIPC,low,count_b2,W_alloc_agx_s,50,0.816943466,0.670519173,1.146060851
zero_compute,HIPC,low,count_b2,W_alloc_rp2040_s,50,0.0,0.0,0.0
zero_compute,HIPC,low,count_b2,allocator_call_count,50,1452.5,1275.0,1623.0
zero_compute,HIPC,low,count_b2,allocation_epoch_count,50,22.0,22.0,22.0
zero_compute,HIPC,low,count_b2,messages_sent_total,50,923.5,794.0,1047.0
zero_compute,HIPC,low,count_b2,messages_delivered_total,50,2786.5,2398.0,3157.0
zero_compute,HIPC,low,count_b2,logical_message_payload_bytes_sent_total,50,51034.5,39875.0,76337.0
zero_compute,HIPC,low,count_b2,movement_time_s,50,508.59444994840123,411.0362629219855,580.5256443946278
zero_compute,HIPC,low,count_b2,completed_task_count,0,,,
zero_compute,HIPC,low,count_b2,mean_release_to_completion_latency_s,50,22.03330012345662,18.412673955067447,27.926347535458653
zero_compute,HIPC,low,count_b2,median_release_to_completion_latency_s,50,18.20223104266801,12.93202051070713,24.054824860756966
zero_compute,HIPC,low,count_b2,p95_release_to_completion_latency_s,50,54.759236693555295,38.63220022362293,89.80786811491701
zero_compute,HIPC,low,count_b2,mean_release_to_first_current_goal_latency_s,50,10.973916316411028,6.94016990295843,17.38969779074628
zero_compute,HIPC,low,count_b2,p95_release_to_first_current_goal_latency_s,50,41.90417217222172,26.585803038199117,66.665041497
zero_compute,HIPC,low,count_b4,mission_elapsed_time_s,50,600.6775232841409,323.54014507854214,728.5181878906444
zero_compute,HIPC,low,count_b4,simulated_execution_time_s,50,600.6775232841409,323.54014507854214,728.5181878906444
zero_compute,HIPC,low,count_b4,W_alloc_agx_s,50,0.7716837409999999,0.623144183,0.969342101
zero_compute,HIPC,low,count_b4,W_alloc_rp2040_s,50,0.0,0.0,0.0
zero_compute,HIPC,low,count_b4,allocator_call_count,50,1284.0,1103.0,1578.0
zero_compute,HIPC,low,count_b4,allocation_epoch_count,50,12.0,12.0,12.0
zero_compute,HIPC,low,count_b4,messages_sent_total,50,888.5,758.0,1063.0
zero_compute,HIPC,low,count_b4,messages_delivered_total,50,2670.0,2280.0,3195.0
zero_compute,HIPC,low,count_b4,logical_message_payload_bytes_sent_total,50,49511.5,38276.0,70414.0
zero_compute,HIPC,low,count_b4,movement_time_s,50,481.2674923737437,397.3937679157915,565.3621647047735
zero_compute,HIPC,low,count_b4,completed_task_count,0,,,
zero_compute,HIPC,low,count_b4,mean_release_to_completion_latency_s,50,33.29320759388384,27.967949013118094,40.38846550671201
zero_compute,HIPC,low,count_b4,median_release_to_completion_latency_s,50,27.383782185899648,21.190507591942463,37.602652994738975
zero_compute,HIPC,low,count_b4,p95_release_to_completion_latency_s,50,78.66999116414257,55.37773542168257,127.39272389703198
zero_compute,HIPC,low,count_b4,mean_release_to_first_current_goal_latency_s,50,22.845315222095756,18.05316430217585,29.305420145292025
zero_compute,HIPC,low,count_b4,p95_release_to_first_current_goal_latency_s,50,67.86934724350002,46.675005662642995,106.3454278214213
zero_compute,HIPC,low,count_b8,mission_elapsed_time_s,50,617.4324955476533,335.57833927680366,753.5604869640363
zero_compute,HIPC,low,count_b8,simulated_execution_time_s,50,617.4324955476533,335.57833927680366,753.5604869640363
zero_compute,HIPC,low,count_b8,W_alloc_agx_s,50,0.8000413515,0.654012466,0.981133315
zero_compute,HIPC,low,count_b8,W_alloc_rp2040_s,50,0.0,0.0,0.0
zero_compute,HIPC,low,count_b8,allocator_call_count,50,1167.5,948.0,1401.0
zero_compute,HIPC,low,count_b8,allocation_epoch_count,50,7.0,7.0,7.0
zero_compute,HIPC,low,count_b8,messages_sent_total,50,916.5,756.0,1215.0
zero_compute,HIPC,low,count_b8,messages_delivered_total,50,2750.5,2269.0,3646.0
zero_compute,HIPC,low,count_b8,logical_message_payload_bytes_sent_total,50,64156.0,41826.0,99164.0
zero_compute,HIPC,low,count_b8,movement_time_s,50,443.50757290100853,358.47692863560974,575.6831250167128
zero_compute,HIPC,low,count_b8,completed_task_count,0,,,
zero_compute,HIPC,low,count_b8,mean_release_to_completion_latency_s,50,58.074588517778025,42.23502531547844,73.4416408448056
zero_compute,HIPC,low,count_b8,median_release_to_completion_latency_s,50,49.24247560501133,35.95335837337376,65.00351568493488
zero_compute,HIPC,low,count_b8,p95_release_to_completion_latency_s,50,136.09555307227419,90.37605128407029,244.55858442367247
zero_compute,HIPC,low,count_b8,mean_release_to_first_current_goal_latency_s,50,48.19469113324184,32.28349925897429,62.15799491465441
zero_compute,HIPC,low,count_b8,p95_release_to_first_current_goal_latency_s,50,125.58174190481648,81.50620709880911,237.70138332999994
zero_compute,HIPC,low,eager_b1,mission_elapsed_time_s,50,577.7975883385409,318.5373707434477,723.7883479004503
zero_compute,HIPC,low,eager_b1,simulated_execution_time_s,50,577.7975883385409,318.5373707434477,723.7883479004503
zero_compute,HIPC,low,eager_b1,W_alloc_agx_s,50,0.8649762555,0.707420652,1.184106171
zero_compute,HIPC,low,eager_b1,W_alloc_rp2040_s,50,0.0,0.0,0.0
zero_compute,HIPC,low,eager_b1,allocator_call_count,50,1546.5,1368.0,1864.0
zero_compute,HIPC,low,eager_b1,allocation_epoch_count,50,43.0,43.0,43.0
zero_compute,HIPC,low,eager_b1,messages_sent_total,50,970.5,826.0,1144.0
zero_compute,HIPC,low,eager_b1,messages_delivered_total,50,2948.5,2515.0,3469.0
zero_compute,HIPC,low,eager_b1,logical_message_payload_bytes_sent_total,50,55488.0,43811.0,76149.0
zero_compute,HIPC,low,eager_b1,movement_time_s,50,505.45987293993846,419.1453238956829,633.9780054481831
zero_compute,HIPC,low,eager_b1,completed_task_count,0,,,
zero_compute,HIPC,low,eager_b1,mean_release_to_completion_latency_s,50,16.302937490978017,12.83125635899154,23.220837764923132
zero_compute,HIPC,low,eager_b1,median_release_to_completion_latency_s,50,12.570849871844018,10.438193553875777,17.664103306177907
zero_compute,HIPC,low,eager_b1,p95_release_to_completion_latency_s,50,44.55644958705077,27.9175109992135,87.72043858301852
zero_compute,HIPC,low,eager_b1,mean_release_to_first_current_goal_latency_s,50,4.635026828548073,2.2964453781351253,10.61415314878704
zero_compute,HIPC,low,eager_b1,p95_release_to_first_current_goal_latency_s,50,34.15617330747099,13.184142113392937,85.06881836059466
zero_compute,HIPC,medium,bounded_b4_w10,mission_elapsed_time_s,50,188.47623272304605,143.16625330190953,225.12795930927328
zero_compute,HIPC,medium,bounded_b4_w10,simulated_execution_time_s,50,188.47623272304605,143.16625330190953,225.12795930927328
zero_compute,HIPC,medium,bounded_b4_w10,W_alloc_agx_s,50,0.8577668905,0.619138937,1.582425942
zero_compute,HIPC,medium,bounded_b4_w10,W_alloc_rp2040_s,50,0.0,0.0,0.0
zero_compute,HIPC,medium,bounded_b4_w10,allocator_call_count,50,999.5,712.0,1455.0
zero_compute,HIPC,medium,bounded_b4_w10,allocation_epoch_count,50,14.0,12.0,17.0
zero_compute,HIPC,medium,bounded_b4_w10,messages_sent_total,50,977.0,825.0,1155.0
zero_compute,HIPC,medium,bounded_b4_w10,messages_delivered_total,50,2939.5,2482.0,3473.0
zero_compute,HIPC,medium,bounded_b4_w10,logical_message_payload_bytes_sent_total,50,83463.5,56732.0,147495.0
zero_compute,HIPC,medium,bounded_b4_w10,movement_time_s,50,426.5772855460471,332.90124373785113,583.4479930920054
zero_compute,HIPC,medium,bounded_b4_w10,completed_task_count,0,,,
zero_compute,HIPC,medium,bounded_b4_w10,mean_release_to_completion_latency_s,50,27.215391125044263,21.440663114691464,37.81759726249686
zero_compute,HIPC,medium,bounded_b4_w10,median_release_to_completion_latency_s,50,22.15702107649765,17.01235150655026,30.83864941342511
zero_compute,HIPC,medium,bounded_b4_w10,p95_release_to_completion_latency_s,50,69.80335478061576,44.23575054661498,133.04331605914052
zero_compute,HIPC,medium,bounded_b4_w10,mean_release_to_first_current_goal_latency_s,50,15.436139487310939,10.460304098667093,27.355901721027
zero_compute,HIPC,medium,bounded_b4_w10,p95_release_to_first_current_goal_latency_s,50,53.479268617480464,25.167277399795438,131.38951101870836
zero_compute,HIPC,medium,count_b2,mission_elapsed_time_s,50,178.5782976077208,134.97468565230037,228.65684723917988
zero_compute,HIPC,medium,count_b2,simulated_execution_time_s,50,178.5782976077208,134.97468565230037,228.65684723917988
zero_compute,HIPC,medium,count_b2,W_alloc_agx_s,50,0.9283724419999999,0.599360892,2.195992914
zero_compute,HIPC,medium,count_b2,W_alloc_rp2040_s,50,0.0,0.0,0.0
zero_compute,HIPC,medium,count_b2,allocator_call_count,50,999.5,749.0,1507.0
zero_compute,HIPC,medium,count_b2,allocation_epoch_count,50,22.0,22.0,22.0
zero_compute,HIPC,medium,count_b2,messages_sent_total,50,974.0,847.0,1174.0
zero_compute,HIPC,medium,count_b2,messages_delivered_total,50,2938.0,2557.0,3538.0
zero_compute,HIPC,medium,count_b2,logical_message_payload_bytes_sent_total,50,87121.0,57151.0,165623.0
zero_compute,HIPC,medium,count_b2,movement_time_s,50,417.53832050961887,318.60916065586343,541.9651196435096
zero_compute,HIPC,medium,count_b2,completed_task_count,0,,,
zero_compute,HIPC,medium,count_b2,mean_release_to_completion_latency_s,50,25.7241346241466,17.794973571203805,37.7771202606142
zero_compute,HIPC,medium,count_b2,median_release_to_completion_latency_s,50,19.909987113026617,14.401717111629445,30.41999721886651
zero_compute,HIPC,medium,count_b2,p95_release_to_completion_latency_s,50,65.48418500658393,35.31011908792175,118.51205999206636
zero_compute,HIPC,medium,count_b2,mean_release_to_first_current_goal_latency_s,50,14.297585356730629,7.285325035765527,25.99751391478015
zero_compute,HIPC,medium,count_b2,p95_release_to_first_current_goal_latency_s,50,49.229246361818525,24.292699999715623,101.36642348466283
zero_compute,HIPC,medium,count_b4,mission_elapsed_time_s,50,191.18085380971326,141.8077830106363,276.20134340699275
zero_compute,HIPC,medium,count_b4,simulated_execution_time_s,50,191.18085380971326,141.8077830106363,276.20134340699275
zero_compute,HIPC,medium,count_b4,W_alloc_agx_s,50,0.8749684855,0.590815069,1.857579679
zero_compute,HIPC,medium,count_b4,W_alloc_rp2040_s,50,0.0,0.0,0.0
zero_compute,HIPC,medium,count_b4,allocator_call_count,50,1007.0,803.0,1518.0
zero_compute,HIPC,medium,count_b4,allocation_epoch_count,50,12.0,12.0,12.0
zero_compute,HIPC,medium,count_b4,messages_sent_total,50,950.0,803.0,1298.0
zero_compute,HIPC,medium,count_b4,messages_delivered_total,50,2856.0,2415.0,3900.0
zero_compute,HIPC,medium,count_b4,logical_message_payload_bytes_sent_total,50,77139.0,51672.0,143981.0
zero_compute,HIPC,medium,count_b4,movement_time_s,50,423.9135372533642,329.931100899794,561.0963502453468
zero_compute,HIPC,medium,count_b4,completed_task_count,0,,,
zero_compute,HIPC,medium,count_b4,mean_release_to_completion_latency_s,50,29.045078606908053,21.721069687181824,40.39283217538698
zero_compute,HIPC,medium,count_b4,median_release_to_completion_latency_s,50,23.443399045572605,16.382123010209746,39.10619535051793
zero_compute,HIPC,medium,count_b4,p95_release_to_completion_latency_s,50,70.69184627386859,45.501422152526246,117.555726600252
zero_compute,HIPC,medium,count_b4,mean_release_to_first_current_goal_latency_s,50,17.25041818929971,10.986855136108087,27.616551800230734
zero_compute,HIPC,medium,count_b4,p95_release_to_first_current_goal_latency_s,50,54.83196210617706,31.390506617526242,92.33850813792392
zero_compute,HIPC,medium,count_b8,mission_elapsed_time_s,50,211.06318097536047,154.27855472594842,277.16973504067664
zero_compute,HIPC,medium,count_b8,simulated_execution_time_s,50,211.06318097536047,154.27855472594842,277.16973504067664
zero_compute,HIPC,medium,count_b8,W_alloc_agx_s,50,0.865319196,0.557929778,1.586809587
zero_compute,HIPC,medium,count_b8,W_alloc_rp2040_s,50,0.0,0.0,0.0
zero_compute,HIPC,medium,count_b8,allocator_call_count,50,966.5,752.0,1476.0
zero_compute,HIPC,medium,count_b8,allocation_epoch_count,50,7.0,7.0,7.0
zero_compute,HIPC,medium,count_b8,messages_sent_total,50,942.0,758.0,1133.0
zero_compute,HIPC,medium,count_b8,messages_delivered_total,50,2827.0,2275.0,3400.0
zero_compute,HIPC,medium,count_b8,logical_message_payload_bytes_sent_total,50,85263.0,48156.0,132058.0
zero_compute,HIPC,medium,count_b8,movement_time_s,50,417.8109486868444,313.2742075131345,506.4754774456884
zero_compute,HIPC,medium,count_b8,completed_task_count,0,,,
zero_compute,HIPC,medium,count_b8,mean_release_to_completion_latency_s,50,36.044910950208916,24.743934687912947,47.76619372788524
zero_compute,HIPC,medium,count_b8,median_release_to_completion_latency_s,50,30.41503535698287,22.492884753591603,46.403289394771775
zero_compute,HIPC,medium,count_b8,p95_release_to_completion_latency_s,50,79.00149384317776,47.56820754762337,115.65505370006181
zero_compute,HIPC,medium,count_b8,mean_release_to_first_current_goal_latency_s,50,24.89636983043109,16.492334006702176,39.79074540286682
zero_compute,HIPC,medium,count_b8,p95_release_to_first_current_goal_latency_s,50,63.93402880515527,40.01184079887639,98.06559876532523
zero_compute,HIPC,medium,eager_b1,mission_elapsed_time_s,50,188.4380452870776,131.4209020487989,253.70910858844303
zero_compute,HIPC,medium,eager_b1,simulated_execution_time_s,50,188.4380452870776,131.4209020487989,253.70910858844303
zero_compute,HIPC,medium,eager_b1,W_alloc_agx_s,50,1.0601275195,0.628276606,2.829419837
zero_compute,HIPC,medium,eager_b1,W_alloc_rp2040_s,50,0.0,0.0,0.0
zero_compute,HIPC,medium,eager_b1,allocator_call_count,50,1121.5,754.0,1983.0
zero_compute,HIPC,medium,eager_b1,allocation_epoch_count,50,43.0,43.0,43.0
zero_compute,HIPC,medium,eager_b1,messages_sent_total,50,1068.5,867.0,1396.0
zero_compute,HIPC,medium,eager_b1,messages_delivered_total,50,3242.5,2638.0,4225.0
zero_compute,HIPC,medium,eager_b1,logical_message_payload_bytes_sent_total,50,102384.0,60514.0,218372.0
zero_compute,HIPC,medium,eager_b1,movement_time_s,50,436.3596382625718,324.00417579649246,545.1721397687321
zero_compute,HIPC,medium,eager_b1,completed_task_count,0,,,
zero_compute,HIPC,medium,eager_b1,mean_release_to_completion_latency_s,50,25.655183545058208,18.235703355166955,42.80988950978698
zero_compute,HIPC,medium,eager_b1,median_release_to_completion_latency_s,50,18.606184453708572,13.096123713877867,41.692576364754416
zero_compute,HIPC,medium,eager_b1,p95_release_to_completion_latency_s,50,69.78993616243369,39.834148883087025,148.02848276960358
zero_compute,HIPC,medium,eager_b1,mean_release_to_first_current_goal_latency_s,50,12.658036204172369,6.690172054314234,26.524567322161236
zero_compute,HIPC,medium,eager_b1,p95_release_to_first_current_goal_latency_s,50,53.963015325855814,26.201513020785356,104.92335481320599
zero_compute,PI,high,bounded_b4_w10,mission_elapsed_time_s,50,152.8522391150389,112.25795695598323,228.80604800111038
zero_compute,PI,high,bounded_b4_w10,simulated_execution_time_s,50,152.8522391150389,112.25795695598323,228.80604800111038
zero_compute,PI,high,bounded_b4_w10,W_alloc_agx_s,50,1.4394729275,0.774416195,2.077753627
zero_compute,PI,high,bounded_b4_w10,W_alloc_rp2040_s,50,0.0,0.0,0.0
zero_compute,PI,high,bounded_b4_w10,allocator_call_count,50,898.0,622.0,1261.0
zero_compute,PI,high,bounded_b4_w10,allocation_epoch_count,50,12.0,12.0,13.0
zero_compute,PI,high,bounded_b4_w10,messages_sent_total,50,1661.0,1268.0,2129.0
zero_compute,PI,high,bounded_b4_w10,messages_delivered_total,50,4989.0,3804.0,6393.0
zero_compute,PI,high,bounded_b4_w10,logical_message_payload_bytes_sent_total,50,271433.5,150748.0,459503.0
zero_compute,PI,high,bounded_b4_w10,movement_time_s,50,430.0717386308236,333.8383645694935,538.9604579543061
zero_compute,PI,high,bounded_b4_w10,completed_task_count,0,,,
zero_compute,PI,high,bounded_b4_w10,mean_release_to_completion_latency_s,50,42.32308518012752,28.29615513747946,63.222841917792614
zero_compute,PI,high,bounded_b4_w10,median_release_to_completion_latency_s,50,34.228952532018,24.676905536467775,46.38997032751922
zero_compute,PI,high,bounded_b4_w10,p95_release_to_completion_latency_s,50,103.86957545503967,63.87209808995027,170.00547919009503
zero_compute,PI,high,bounded_b4_w10,mean_release_to_first_current_goal_latency_s,50,25.683723317611346,17.020133198564224,33.2402079577103
zero_compute,PI,high,bounded_b4_w10,p95_release_to_first_current_goal_latency_s,50,85.92738339570533,50.462727319001516,131.21956701315332
zero_compute,PI,high,count_b2,mission_elapsed_time_s,50,152.54531302946222,101.38467635228511,207.3595823673021
zero_compute,PI,high,count_b2,simulated_execution_time_s,50,152.54531302946222,101.38467635228511,207.3595823673021
zero_compute,PI,high,count_b2,W_alloc_agx_s,50,1.400430317,0.991798938,1.974902659
zero_compute,PI,high,count_b2,W_alloc_rp2040_s,50,0.0,0.0,0.0
zero_compute,PI,high,count_b2,allocator_call_count,50,825.0,512.0,1447.0
zero_compute,PI,high,count_b2,allocation_epoch_count,50,22.0,22.0,22.0
zero_compute,PI,high,count_b2,messages_sent_total,50,1705.5,1430.0,2099.0
zero_compute,PI,high,count_b2,messages_delivered_total,50,5132.5,4306.0,6313.0
zero_compute,PI,high,count_b2,logical_message_payload_bytes_sent_total,50,268872.0,192240.0,415802.0
zero_compute,PI,high,count_b2,movement_time_s,50,422.35974303310843,338.0919922355197,498.8990452313795
zero_compute,PI,high,count_b2,completed_task_count,0,,,
zero_compute,PI,high,count_b2,mean_release_to_completion_latency_s,50,41.03923386311739,30.3154425493384,50.54261573982222
zero_compute,PI,high,count_b2,median_release_to_completion_latency_s,50,32.202119724388524,22.47408685614161,46.10012752270241
zero_compute,PI,high,count_b2,p95_release_to_completion_latency_s,50,100.49731006941039,67.43906937386382,151.0573354877029
zero_compute,PI,high,count_b2,mean_release_to_first_current_goal_latency_s,50,22.84873765284256,15.739475376304854,32.73209295176708
zero_compute,PI,high,count_b2,p95_release_to_first_current_goal_latency_s,50,82.19975685866936,48.17092057318261,130.78336871814756
zero_compute,PI,high,count_b4,mission_elapsed_time_s,50,168.07769608729723,115.99850415165297,230.97200864199039
zero_compute,PI,high,count_b4,simulated_execution_time_s,50,168.07769608729723,115.99850415165297,230.97200864199039
zero_compute,PI,high,count_b4,W_alloc_agx_s,50,1.3749673370000002,0.92369485,2.015781817
zero_compute,PI,high,count_b4,W_alloc_rp2040_s,50,0.0,0.0,0.0
zero_compute,PI,high,count_b4,allocator_call_count,50,928.0,640.0,1288.0
zero_compute,PI,high,count_b4,allocation_epoch_count,50,12.0,12.0,12.0
zero_compute,PI,high,count_b4,messages_sent_total,50,1625.5,1286.0,2219.0
zero_compute,PI,high,count_b4,messages_delivered_total,50,4882.5,3864.0,6663.0
zero_compute,PI,high,count_b4,logical_message_payload_bytes_sent_total,50,256425.0,152829.0,431183.0
zero_compute,PI,high,count_b4,movement_time_s,50,444.534598340113,350.3789422548011,532.4369242059773
zero_compute,PI,high,count_b4,completed_task_count,0,,,
zero_compute,PI,high,count_b4,mean_release_to_completion_latency_s,50,44.02189011649445,34.4073729993587,61.06243599364036
zero_compute,PI,high,count_b4,median_release_to_completion_latency_s,50,36.05081843652961,22.536926110266705,52.381060584670514
zero_compute,PI,high,count_b4,p95_release_to_completion_latency_s,50,106.51319009425904,85.92060485810745,157.68208840309302
zero_compute,PI,high,count_b4,mean_release_to_first_current_goal_latency_s,50,28.366872257592988,20.310241410112017,42.70901588276856
zero_compute,PI,high,count_b4,p95_release_to_first_current_goal_latency_s,50,87.92161259355177,62.28298660880777,135.37954690318844
zero_compute,PI,high,count_b8,mission_elapsed_time_s,50,172.03662941798456,137.9673439321754,246.84633389260597
zero_compute,PI,high,count_b8,simulated_execution_time_s,50,172.03662941798456,137.9673439321754,246.84633389260597
zero_compute,PI,high,count_b8,W_alloc_agx_s,50,1.4496290725,0.90133414,2.503473432
zero_compute,PI,high,count_b8,W_alloc_rp2040_s,50,0.0,0.0,0.0
zero_compute,PI,high,count_b8,allocator_call_count,50,932.5,687.0,1314.0
zero_compute,PI,high,count_b8,allocation_epoch_count,50,7.0,7.0,7.0
zero_compute,PI,high,count_b8,messages_sent_total,50,1648.0,1283.0,2143.0
zero_compute,PI,high,count_b8,messages_delivered_total,50,4945.0,3850.0,6430.0
zero_compute,PI,high,count_b8,logical_message_payload_bytes_sent_total,50,268068.0,170753.0,442031.0
zero_compute,PI,high,count_b8,movement_time_s,50,442.7898507512775,385.22982022701126,520.23875859739
zero_compute,PI,high,count_b8,completed_task_count,0,,,
zero_compute,PI,high,count_b8,mean_release_to_completion_latency_s,50,47.75467876732975,37.869699952599255,63.743600625597395
zero_compute,PI,high,count_b8,median_release_to_completion_latency_s,50,39.94959638918383,28.420012349187697,60.283244162861806
zero_compute,PI,high,count_b8,p95_release_to_completion_latency_s,50,109.96521594994962,78.89327916369456,162.4978496358331
zero_compute,PI,high,count_b8,mean_release_to_first_current_goal_latency_s,50,33.30014122284692,24.529287062470036,47.19239786294187
zero_compute,PI,high,count_b8,p95_release_to_first_current_goal_latency_s,50,94.79723388701117,62.53935527956233,142.11397172425927
zero_compute,PI,high,eager_b1,mission_elapsed_time_s,50,150.13599457485168,119.01859433021818,220.15452589248687
zero_compute,PI,high,eager_b1,simulated_execution_time_s,50,150.13599457485168,119.01859433021818,220.15452589248687
zero_compute,PI,high,eager_b1,W_alloc_agx_s,50,1.4859233445,1.028825972,2.544803297
zero_compute,PI,high,eager_b1,W_alloc_rp2040_s,50,0.0,0.0,0.0
zero_compute,PI,high,eager_b1,allocator_call_count,50,860.0,615.0,1317.0
zero_compute,PI,high,eager_b1,allocation_epoch_count,50,43.0,43.0,43.0
zero_compute,PI,high,eager_b1,messages_sent_total,50,1774.0,1494.0,2267.0
zero_compute,PI,high,eager_b1,messages_delivered_total,50,5359.0,4519.0,6838.0
zero_compute,PI,high,eager_b1,logical_message_payload_bytes_sent_total,50,297666.0,202358.0,502935.0
zero_compute,PI,high,eager_b1,movement_time_s,50,431.77560976553156,374.3189684079597,498.70264390042894
zero_compute,PI,high,eager_b1,completed_task_count,0,,,
zero_compute,PI,high,eager_b1,mean_release_to_completion_latency_s,50,39.54906402090238,28.561859369272067,66.20293908422445
zero_compute,PI,high,eager_b1,median_release_to_completion_latency_s,50,31.304318183939642,20.02881918287811,67.56495518795262
zero_compute,PI,high,eager_b1,p95_release_to_completion_latency_s,50,97.01843703844926,65.83442132512165,149.00248516884182
zero_compute,PI,high,eager_b1,mean_release_to_first_current_goal_latency_s,50,21.49555755682765,13.637023939737238,40.4732674270651
zero_compute,PI,high,eager_b1,p95_release_to_first_current_goal_latency_s,50,75.97034150760885,43.99747459289283,125.78559671180449
zero_compute,PI,low,bounded_b4_w10,mission_elapsed_time_s,50,597.1126637658226,333.6949691786299,743.7009285658061
zero_compute,PI,low,bounded_b4_w10,simulated_execution_time_s,50,597.1126637658226,333.6949691786299,743.7009285658061
zero_compute,PI,low,bounded_b4_w10,W_alloc_agx_s,50,0.9703948769999999,0.828213542,1.1108916
zero_compute,PI,low,bounded_b4_w10,W_alloc_rp2040_s,50,0.0,0.0,0.0
zero_compute,PI,low,bounded_b4_w10,allocator_call_count,50,1834.5,1452.0,2051.0
zero_compute,PI,low,bounded_b4_w10,allocation_epoch_count,50,25.5,19.0,30.0
zero_compute,PI,low,bounded_b4_w10,messages_sent_total,50,1783.0,1529.0,1999.0
zero_compute,PI,low,bounded_b4_w10,messages_delivered_total,50,5367.0,4604.0,6019.0
zero_compute,PI,low,bounded_b4_w10,logical_message_payload_bytes_sent_total,50,126128.5,108978.0,156237.0
zero_compute,PI,low,bounded_b4_w10,movement_time_s,50,725.9212210956996,623.8841214326852,824.4031801638348
zero_compute,PI,low,bounded_b4_w10,completed_task_count,0,,,
zero_compute,PI,low,bounded_b4_w10,mean_release_to_completion_latency_s,50,24.79463395987851,19.06396460428864,33.92265478346502
zero_compute,PI,low,bounded_b4_w10,median_release_to_completion_latency_s,50,21.472121672272916,17.01782979059847,27.126536274550006
zero_compute,PI,low,bounded_b4_w10,p95_release_to_completion_latency_s,50,52.18635643439675,33.408583744360044,102.8770181578595
zero_compute,PI,low,bounded_b4_w10,mean_release_to_first_current_goal_latency_s,50,10.364491769541353,6.724504405163823,16.882207065344932
zero_compute,PI,low,bounded_b4_w10,p95_release_to_first_current_goal_latency_s,50,31.444566156198213,10.071090375515922,66.5530187470596
zero_compute,PI,low,count_b2,mission_elapsed_time_s,50,587.2903517544821,350.5949531054182,748.4563691928574
zero_compute,PI,low,count_b2,simulated_execution_time_s,50,587.2903517544821,350.5949531054182,748.4563691928574
zero_compute,PI,low,count_b2,W_alloc_agx_s,50,0.94281574,0.796450199,1.10744719
zero_compute,PI,low,count_b2,W_alloc_rp2040_s,50,0.0,0.0,0.0
zero_compute,PI,low,count_b2,allocator_call_count,50,1783.0,1476.0,2023.0
zero_compute,PI,low,count_b2,allocation_epoch_count,50,22.0,22.0,22.0
zero_compute,PI,low,count_b2,messages_sent_total,50,1719.5,1531.0,1993.0
zero_compute,PI,low,count_b2,messages_delivered_total,50,5171.5,4609.0,5983.0
zero_compute,PI,low,count_b2,logical_message_payload_bytes_sent_total,50,123902.5,107093.0,152258.0
zero_compute,PI,low,count_b2,movement_time_s,50,717.0095577027842,612.1525083163133,811.0147035395797
zero_compute,PI,low,count_b2,completed_task_count,0,,,
zero_compute,PI,low,count_b2,mean_release_to_completion_latency_s,50,24.985519767793733,18.141016895558387,36.11498729312295
zero_compute,PI,low,count_b2,median_release_to_completion_latency_s,50,19.770062489324594,14.16400869831746,32.47089451068081
zero_compute,PI,low,count_b2,p95_release_to_completion_latency_s,50,64.29120187943951,41.455956235211836,97.82724467279637
zero_compute,PI,low,count_b2,mean_release_to_first_current_goal_latency_s,50,10.260139488207878,5.099802122196737,18.605655689017524
zero_compute,PI,low,count_b2,p95_release_to_first_current_goal_latency_s,50,42.96890778149999,23.76649921260241,76.89669862864058
zero_compute,PI,low,count_b4,mission_elapsed_time_s,50,596.177665038641,391.2552105716504,737.4808046099581
zero_compute,PI,low,count_b4,simulated_execution_time_s,50,596.177665038641,391.2552105716504,737.4808046099581
zero_compute,PI,low,count_b4,W_alloc_agx_s,50,0.930149395,0.770811848,1.080047758
zero_compute,PI,low,count_b4,W_alloc_rp2040_s,50,0.0,0.0,0.0
zero_compute,PI,low,count_b4,allocator_call_count,50,1610.0,1370.0,1867.0
zero_compute,PI,low,count_b4,allocation_epoch_count,50,12.0,12.0,12.0
zero_compute,PI,low,count_b4,messages_sent_total,50,1666.0,1503.0,1859.0
zero_compute,PI,low,count_b4,messages_delivered_total,50,5004.0,4515.0,5583.0
zero_compute,PI,low,count_b4,logical_message_payload_bytes_sent_total,50,137795.5,119313.0,156721.0
zero_compute,PI,low,count_b4,movement_time_s,50,659.1666018727219,584.4592861386408,771.0863465456467
zero_compute,PI,low,count_b4,completed_task_count,0,,,
zero_compute,PI,low,count_b4,mean_release_to_completion_latency_s,50,37.729353623583975,31.15828162068122,48.398087023624456
zero_compute,PI,low,count_b4,median_release_to_completion_latency_s,50,32.57504343657122,24.60151828463421,44.374379219062575
zero_compute,PI,low,count_b4,p95_release_to_completion_latency_s,50,85.74081875136059,66.62702364012958,111.78098479369015
zero_compute,PI,low,count_b4,mean_release_to_first_current_goal_latency_s,50,22.965499292413426,18.250757883788793,29.388098689799442
zero_compute,PI,low,count_b4,p95_release_to_first_current_goal_latency_s,50,69.14375097951935,47.70995620661745,104.97332189418616
zero_compute,PI,low,count_b8,mission_elapsed_time_s,50,608.5467380762339,368.0126678771703,763.7009226870545
zero_compute,PI,low,count_b8,simulated_execution_time_s,50,608.5467380762339,368.0126678771703,763.7009226870545
zero_compute,PI,low,count_b8,W_alloc_agx_s,50,1.0347531189999999,0.855810996,1.356254913
zero_compute,PI,low,count_b8,W_alloc_rp2040_s,50,0.0,0.0,0.0
zero_compute,PI,low,count_b8,allocator_call_count,50,1549.0,1242.0,1952.0
zero_compute,PI,low,count_b8,allocation_epoch_count,50,7.0,7.0,7.0
zero_compute,PI,low,count_b8,messages_sent_total,50,1722.0,1542.0,2038.0
zero_compute,PI,low,count_b8,messages_delivered_total,50,5167.0,4627.0,6115.0
zero_compute,PI,low,count_b8,logical_message_payload_bytes_sent_total,50,178089.5,151607.0,216485.0
zero_compute,PI,low,count_b8,movement_time_s,50,615.830933771008,547.0822931449771,737.6124062714028
zero_compute,PI,low,count_b8,completed_task_count,0,,,
zero_compute,PI,low,count_b8,mean_release_to_completion_latency_s,50,64.74236694513102,43.26474119514796,90.19168145819356
zero_compute,PI,low,count_b8,median_release_to_completion_latency_s,50,57.66973574903801,38.86185387501902,77.68377187138461
zero_compute,PI,low,count_b8,p95_release_to_completion_latency_s,50,141.60847594540076,86.91218322338278,282.1936829956563
zero_compute,PI,low,count_b8,mean_release_to_first_current_goal_latency_s,50,48.033514579885235,30.064757318652923,74.37757311054654
zero_compute,PI,low,count_b8,p95_release_to_first_current_goal_latency_s,50,125.08819949343336,78.41569304799492,242.69844404436031
zero_compute,PI,low,eager_b1,mission_elapsed_time_s,50,586.5058163595504,349.8642642061092,724.1108943831462
zero_compute,PI,low,eager_b1,simulated_execution_time_s,50,586.5058163595504,349.8642642061092,724.1108943831462
zero_compute,PI,low,eager_b1,W_alloc_agx_s,50,0.993608475,0.864574023,1.27396095
zero_compute,PI,low,eager_b1,W_alloc_rp2040_s,50,0.0,0.0,0.0
zero_compute,PI,low,eager_b1,allocator_call_count,50,1878.5,1528.0,2222.0
zero_compute,PI,low,eager_b1,allocation_epoch_count,50,43.0,43.0,43.0
zero_compute,PI,low,eager_b1,messages_sent_total,50,1831.5,1672.0,2279.0
zero_compute,PI,low,eager_b1,messages_delivered_total,50,5531.5,5053.0,6874.0
zero_compute,PI,low,eager_b1,logical_message_payload_bytes_sent_total,50,127475.0,103724.0,158408.0
zero_compute,PI,low,eager_b1,movement_time_s,50,763.7744686311718,696.4248548047292,1021.3572162127593
zero_compute,PI,low,eager_b1,completed_task_count,0,,,
zero_compute,PI,low,eager_b1,mean_release_to_completion_latency_s,50,19.509874702165725,12.058070186177522,31.27909098548721
zero_compute,PI,low,eager_b1,median_release_to_completion_latency_s,50,14.895254314663323,10.440978605969548,19.627019190638933
zero_compute,PI,low,eager_b1,p95_release_to_completion_latency_s,50,52.22651692164975,28.06042355120553,101.30458635519696
zero_compute,PI,low,eager_b1,mean_release_to_first_current_goal_latency_s,50,3.5310499974789655,0.9809770034050336,10.189107784885191
zero_compute,PI,low,eager_b1,p95_release_to_first_current_goal_latency_s,50,26.44349264807364,6.563551623733826,84.91865092570823
zero_compute,PI,medium,bounded_b4_w10,mission_elapsed_time_s,50,192.1686126403476,129.36547550027115,243.17977296200348
zero_compute,PI,medium,bounded_b4_w10,simulated_execution_time_s,50,192.1686126403476,129.36547550027115,243.17977296200348
zero_compute,PI,medium,bounded_b4_w10,W_alloc_agx_s,50,0.987602647,0.772408475,1.928956079
zero_compute,PI,medium,bounded_b4_w10,W_alloc_rp2040_s,50,0.0,0.0,0.0
zero_compute,PI,medium,bounded_b4_w10,allocator_call_count,50,1039.0,593.0,1600.0
zero_compute,PI,medium,bounded_b4_w10,allocation_epoch_count,50,14.0,12.0,17.0
zero_compute,PI,medium,bounded_b4_w10,messages_sent_total,50,1552.0,1382.0,2248.0
zero_compute,PI,medium,bounded_b4_w10,messages_delivered_total,50,4664.5,4152.0,6751.0
zero_compute,PI,medium,bounded_b4_w10,logical_message_payload_bytes_sent_total,50,175903.0,133443.0,437946.0
zero_compute,PI,medium,bounded_b4_w10,movement_time_s,50,534.999149023663,420.82346195751273,612.8702904457282
zero_compute,PI,medium,bounded_b4_w10,completed_task_count,0,,,
zero_compute,PI,medium,bounded_b4_w10,mean_release_to_completion_latency_s,50,35.637980623674125,27.53278416659007,61.97050863521346
zero_compute,PI,medium,bounded_b4_w10,median_release_to_completion_latency_s,50,27.69550332203294,20.59591377290313,44.09384522940506
zero_compute,PI,medium,bounded_b4_w10,p95_release_to_completion_latency_s,50,89.92171984648962,57.1017628178116,163.34364222802245
zero_compute,PI,medium,bounded_b4_w10,mean_release_to_first_current_goal_latency_s,50,18.268736925245854,12.194022275113099,35.48217166007626
zero_compute,PI,medium,bounded_b4_w10,p95_release_to_first_current_goal_latency_s,50,61.03294439728296,34.36505677675131,131.24522265538457
zero_compute,PI,medium,count_b2,mission_elapsed_time_s,50,190.89934749504476,156.84101347468805,266.252190888292
zero_compute,PI,medium,count_b2,simulated_execution_time_s,50,190.89934749504476,156.84101347468805,266.252190888292
zero_compute,PI,medium,count_b2,W_alloc_agx_s,50,0.946891963,0.724581777,1.29737824
zero_compute,PI,medium,count_b2,W_alloc_rp2040_s,50,0.0,0.0,0.0
zero_compute,PI,medium,count_b2,allocator_call_count,50,977.5,667.0,1312.0
zero_compute,PI,medium,count_b2,allocation_epoch_count,50,22.0,22.0,22.0
zero_compute,PI,medium,count_b2,messages_sent_total,50,1568.5,1274.0,1861.0
zero_compute,PI,medium,count_b2,messages_delivered_total,50,4721.5,3838.0,5599.0
zero_compute,PI,medium,count_b2,logical_message_payload_bytes_sent_total,50,170676.5,115552.0,292492.0
zero_compute,PI,medium,count_b2,movement_time_s,50,530.3636909183783,464.3222916389242,614.7726862332153
zero_compute,PI,medium,count_b2,completed_task_count,0,,,
zero_compute,PI,medium,count_b2,mean_release_to_completion_latency_s,50,32.75470841328468,22.073955906281988,42.11640821124891
zero_compute,PI,medium,count_b2,median_release_to_completion_latency_s,50,25.27702292607533,18.419886642569114,37.31520077329429
zero_compute,PI,medium,count_b2,p95_release_to_completion_latency_s,50,79.17682119660111,47.03623888826449,121.66548998940294
zero_compute,PI,medium,count_b2,mean_release_to_first_current_goal_latency_s,50,14.71532216872633,8.19012547681025,25.11383234326145
zero_compute,PI,medium,count_b2,p95_release_to_first_current_goal_latency_s,50,56.38877758783651,29.01069363699999,100.49353947457256
zero_compute,PI,medium,count_b4,mission_elapsed_time_s,50,208.713862894549,158.38680404960047,279.9567715129224
zero_compute,PI,medium,count_b4,simulated_execution_time_s,50,208.713862894549,158.38680404960047,279.9567715129224
zero_compute,PI,medium,count_b4,W_alloc_agx_s,50,1.012419775,0.730223746,1.681673583
zero_compute,PI,medium,count_b4,W_alloc_rp2040_s,50,0.0,0.0,0.0
zero_compute,PI,medium,count_b4,allocator_call_count,50,1064.5,718.0,1608.0
zero_compute,PI,medium,count_b4,allocation_epoch_count,50,12.0,12.0,12.0
zero_compute,PI,medium,count_b4,messages_sent_total,50,1524.0,1280.0,2101.0
zero_compute,PI,medium,count_b4,messages_delivered_total,50,4578.0,3846.0,6309.0
zero_compute,PI,medium,count_b4,logical_message_payload_bytes_sent_total,50,169936.5,122202.0,331980.0
zero_compute,PI,medium,count_b4,movement_time_s,50,536.2433448752942,426.99474406820036,591.1831499456471
zero_compute,PI,medium,count_b4,completed_task_count,0,,,
zero_compute,PI,medium,count_b4,mean_release_to_completion_latency_s,50,36.495579384604426,24.37933807280605,55.57597264416169
zero_compute,PI,medium,count_b4,median_release_to_completion_latency_s,50,29.827163422236598,21.365185387024756,46.15093137993522
zero_compute,PI,medium,count_b4,p95_release_to_completion_latency_s,50,87.45202699736991,53.60998852511107,165.7882018276444
zero_compute,PI,medium,count_b4,mean_release_to_first_current_goal_latency_s,50,19.443891192640155,12.421677976903787,35.24601977527396
zero_compute,PI,medium,count_b4,p95_release_to_first_current_goal_latency_s,50,61.033349519682616,37.69348992125976,150.5969861001406
zero_compute,PI,medium,count_b8,mission_elapsed_time_s,50,217.29158949778886,154.9521874361838,314.5814691500714
zero_compute,PI,medium,count_b8,simulated_execution_time_s,50,217.29158949778886,154.9521874361838,314.5814691500714
zero_compute,PI,medium,count_b8,W_alloc_agx_s,50,1.1786982620000002,0.858838967,1.560178698
zero_compute,PI,medium,count_b8,W_alloc_rp2040_s,50,0.0,0.0,0.0
zero_compute,PI,medium,count_b8,allocator_call_count,50,1213.5,727.0,1658.0
zero_compute,PI,medium,count_b8,allocation_epoch_count,50,7.0,7.0,7.0
zero_compute,PI,medium,count_b8,messages_sent_total,50,1635.5,1269.0,1928.0
zero_compute,PI,medium,count_b8,messages_delivered_total,50,4907.5,3808.0,5785.0
zero_compute,PI,medium,count_b8,logical_message_payload_bytes_sent_total,50,205693.5,148239.0,302231.0
zero_compute,PI,medium,count_b8,movement_time_s,50,516.6670951498097,435.5665324881892,649.8157231507291
zero_compute,PI,medium,count_b8,completed_task_count,0,,,
zero_compute,PI,medium,count_b8,mean_release_to_completion_latency_s,50,47.08378079593942,34.51601705506946,59.14733154744105
zero_compute,PI,medium,count_b8,median_release_to_completion_latency_s,50,39.24478603612477,23.876037928637654,51.51771662878718
zero_compute,PI,medium,count_b8,p95_release_to_completion_latency_s,50,102.91335557874464,72.18286004443605,168.3303911243326
zero_compute,PI,medium,count_b8,mean_release_to_first_current_goal_latency_s,50,30.018653480687473,20.598306255881315,40.49513597549213
zero_compute,PI,medium,count_b8,p95_release_to_first_current_goal_latency_s,50,85.2877320711101,54.893465512377816,136.25101105446225
zero_compute,PI,medium,eager_b1,mission_elapsed_time_s,50,186.18911211231926,139.7780325449198,244.96776994582603
zero_compute,PI,medium,eager_b1,simulated_execution_time_s,50,186.18911211231926,139.7780325449198,244.96776994582603
zero_compute,PI,medium,eager_b1,W_alloc_agx_s,50,0.9410806555,0.69278649,1.57472482
zero_compute,PI,medium,eager_b1,W_alloc_rp2040_s,50,0.0,0.0,0.0
zero_compute,PI,medium,eager_b1,allocator_call_count,50,956.5,643.0,1322.0
zero_compute,PI,medium,eager_b1,allocation_epoch_count,50,43.0,43.0,43.0
zero_compute,PI,medium,eager_b1,messages_sent_total,50,1653.5,1419.0,2199.0
zero_compute,PI,medium,eager_b1,messages_delivered_total,50,4997.5,4294.0,6634.0
zero_compute,PI,medium,eager_b1,logical_message_payload_bytes_sent_total,50,188657.5,116937.0,407980.0
zero_compute,PI,medium,eager_b1,movement_time_s,50,547.8023241333334,418.3001648953607,635.6262488061096
zero_compute,PI,medium,eager_b1,completed_task_count,0,,,
zero_compute,PI,medium,eager_b1,mean_release_to_completion_latency_s,50,30.714120336657857,19.571755433197712,49.69072726126533
zero_compute,PI,medium,eager_b1,median_release_to_completion_latency_s,50,24.193602821099677,15.85011837262319,42.60358459312121
zero_compute,PI,medium,eager_b1,p95_release_to_completion_latency_s,50,76.15431406304747,48.591788374248694,163.11633215498227
zero_compute,PI,medium,eager_b1,mean_release_to_first_current_goal_latency_s,50,11.700012471279237,4.674484714177384,27.19700302339447
zero_compute,PI,medium,eager_b1,p95_release_to_first_current_goal_latency_s,50,48.69806834815498,21.881518663609388,106.07586561378702
